solid OpenSCAD_Model
  facet normal 0 1 0
    outer loop
      vertex 1.200000000000017 2.7999999970197678 5
      vertex 1.200000000000017 2.7999999970197678 33.85505413738765
      vertex 1.266261472404011 2.7999999970197678 33.681004986166954
    endloop
  endfacet
  facet normal 0 1 0
    outer loop
      vertex 1.200000000000017 2.7999999970197678 5
      vertex 1.4316240242123683 2.7999999970197678 33.32034716010094
      vertex 1.6204611203074535 2.7999999970197678 32.971406772732735
    endloop
  endfacet
  facet normal 0 1 0
    outer loop
      vertex 1.200000000000017 2.7999999970197678 5
      vertex 1.266261472404011 2.7999999970197678 33.681004986166954
      vertex 1.4316240242123683 2.7999999970197678 33.32034716010094
    endloop
  endfacet
  facet normal 1 0 0
    outer loop
      vertex 1.200000000000017 2.7999999970197678 5
      vertex 1.200000000000017 3.8 33.85505413738765
      vertex 1.200000000000017 2.7999999970197678 33.85505413738765
    endloop
  endfacet
  facet normal 0 1 0
    outer loop
      vertex 1.200000000000017 2.7999999970197678 5
      vertex 1.83194702029229 2.7999999970197678 32.635709658265114
      vertex 2.0651569506526073 2.7999999970197678 32.3147237226367
    endloop
  endfacet
  facet normal 0 1 0
    outer loop
      vertex 1.200000000000017 2.7999999970197678 5
      vertex 2.0651569506526073 2.7999999970197678 32.3147237226367
      vertex 2.3190711429715236 2.7999999970197678 32.009852565824986
    endloop
  endfacet
  facet normal 0 1 0
    outer loop
      vertex 1.200000000000017 2.7999999970197678 5
      vertex 2.3190711429715236 2.7999999970197678 32.009852565824986
      vertex 2.5925792968273242 2.7999999970197678 31.7224293127656
    endloop
  endfacet
  facet normal 0 1 0
    outer loop
      vertex 1.200000000000017 2.7999999970197678 5
      vertex 1.6204611203074535 2.7999999970197678 32.971406772732735
      vertex 1.83194702029229 2.7999999970197678 32.635709658265114
    endloop
  endfacet
  facet normal 0 1 0
    outer loop
      vertex 1.200000000000017 2.7999999970197678 5
      vertex 2.8844854375720104 2.7999999970197678 31.45371077954769
      vertex 3.193513116836556 2.7999999970197678 31.204872019588947
    endloop
  endfacet
  facet normal 0 1 0
    outer loop
      vertex 1.200000000000017 2.7999999970197678 5
      vertex 2.5925792968273242 2.7999999970197678 31.7224293127656
      vertex 2.8844854375720104 2.7999999970197678 31.45371077954769
    endloop
  endfacet
  facet normal 0 1 0
    outer loop
      vertex 1.200000000000017 2.7999999970197678 5
      vertex 3.193513116836556 2.7999999970197678 31.204872019588947
      vertex 3.518311052620419 2.7999999970197678 30.977001130580902
    endloop
  endfacet
  facet normal 0 1 0
    outer loop
      vertex 1.200000000000017 2.7999999970197678 5
      vertex 3.518311052620419 2.7999999970197678 30.977001130580902
      vertex 3.857458977997311 2.7999999970197678 30.771094538271427
    endloop
  endfacet
  facet normal 0 1 0
    outer loop
      vertex 1.200000000000017 2.7999999970197678 5
      vertex 4.9458980402350505 2.7999999970197678 30.293660901486874
      vertex 5.327087081074723 2.7999999970197678 30.183598406612873
    endloop
  endfacet
  facet normal 0 1 0
    outer loop
      vertex 1.200000000000017 2.7999999970197678 5
      vertex 5.327087081074723 2.7999999970197678 30.183598406612873
      vertex 5.714716798663147 2.7999999970197678 30.09896954894066
    endloop
  endfacet
  facet normal 0 1 0
    outer loop
      vertex 1.200000000000017 2.7999999970197678 5
      vertex 5.714716798663147 2.7999999970197678 30.09896954894066
      vertex 6.107092178463944 2.7999999970197678 30.04014439880848
    endloop
  endfacet
  facet normal 0 1 0
    outer loop
      vertex 1.200000000000017 2.7999999970197678 5
      vertex 3.857458977997311 2.7999999970197678 30.771094538271427
      vertex 4.209473892152317 2.7999999970197678 30.58805261552334
    endloop
  endfacet
  facet normal 0 1 0
    outer loop
      vertex 1.200000000000017 2.7999999970197678 5
      vertex 4.209473892152317 2.7999999970197678 30.58805261552334
      vertex 4.572816512584694 2.7999999970197678 30.428675770759583
    endloop
  endfacet
  facet normal 0 1 0
    outer loop
      vertex 1.200000000000017 2.7999999970197678 5
      vertex 4.572816512584694 2.7999999970197678 30.428675770759583
      vertex 4.9458980402350505 2.7999999970197678 30.293660901486874
    endloop
  endfacet
  facet normal 0 1 0
    outer loop
      vertex 1.200000000000017 2.7999999970197678 5
      vertex 6.107092178463944 2.7999999970197678 30.04014439880848
      vertex 6.502497478425511 2.7999999970197678 30.007380187511444
    endloop
  endfacet
  facet normal 0 1 0
    outer loop
      vertex 1.200000000000017 2.7999999970197678 5
      vertex 6.502497478425511 2.7999999970197678 30.007380187511444
      vertex 6.800000003576287 2.7999999970197678 30
    endloop
  endfacet
  facet normal 1 0 0
    outer loop
      vertex 1.200000000000017 3.6888595297932625 3.337060771882534
      vertex 1.200000000000017 4.034633129835129 3.1522409319877625
      vertex 1.200000000000017 30.5 40
    endloop
  endfacet
  facet normal 1 0 0
    outer loop
      vertex 1.200000000000017 4.034633129835129 3.1522409319877625
      vertex 1.200000000000017 4.409819349646568 3.0384294390678406
      vertex 1.200000000000017 30.5 40
    endloop
  endfacet
  facet normal 1 0 0
    outer loop
      vertex 1.200000000000017 2.95224092900753 4.234633132815361
      vertex 1.200000000000017 30.5 40
      vertex 1.200000000000017 2.8384294360876083 4.6098193526268005
    endloop
  endfacet
  facet normal 1 0 0
    outer loop
      vertex 1.200000000000017 2.95224092900753 4.234633132815361
      vertex 1.200000000000017 3.137060768902302 3.8888595327734947
      vertex 1.200000000000017 30.5 40
    endloop
  endfacet
  facet normal 1 0 0
    outer loop
      vertex 1.200000000000017 3.137060768902302 3.8888595327734947
      vertex 1.200000000000017 3.385786436498165 3.5857864394783974
      vertex 1.200000000000017 30.5 40
    endloop
  endfacet
  facet normal 1 0 0
    outer loop
      vertex 1.200000000000017 3.385786436498165 3.5857864394783974
      vertex 1.200000000000017 3.6888595297932625 3.337060771882534
      vertex 1.200000000000017 30.5 40
    endloop
  endfacet
  facet normal 1 0 0
    outer loop
      vertex 1.200000000000017 2.8384294360876083 4.6098193526268005
      vertex 1.200000000000017 30.5 40
      vertex 1.200000000000017 2.7999999970197678 5
    endloop
  endfacet
  facet normal 1 0 0
    outer loop
      vertex 1.200000000000017 4.409819349646568 3.0384294390678406
      vertex 1.200000000000017 4.799999997019768 3
      vertex 1.200000000000017 30.5 40
    endloop
  endfacet
  facet normal 1 0 0
    outer loop
      vertex 1.200000000000017 2.7999999970197678 5
      vertex 1.200000000000017 30.799999997019768 68.75511741974816
      vertex 1.200000000000017 3.8 33.85505413738765
    endloop
  endfacet
  facet normal 1 0 0
    outer loop
      vertex 1.200000000000017 3.8 33.85505413738765
      vertex 1.200000000000017 30.799999997019768 68.75511741974816
      vertex 1.200000000000017 3.8 46.17757941649635
    endloop
  endfacet
  facet normal 1 0 0
    outer loop
      vertex 1.200000000000017 4.799999997019768 3
      vertex 1.200000000000017 30.356610670685768 3
      vertex 1.200000000000017 30.5 30.999999997913847
    endloop
  endfacet
  facet normal 1 0 0
    outer loop
      vertex 1.200000000000017 4.799999997019768 3
      vertex 1.200000000000017 30.5 30.999999997913847
      vertex 1.200000000000017 30.5 40
    endloop
  endfacet
  facet normal 1 0 0
    outer loop
      vertex 1.200000000000017 30.356610670685768 3
      vertex 1.200000000000017 33.5 30.999999997913847
      vertex 1.200000000000017 30.5 30.999999997913847
    endloop
  endfacet
  facet normal 1 0 0
    outer loop
      vertex 1.200000000000017 2.7999999970197678 5
      vertex 1.200000000000017 30.5 40
      vertex 1.200000000000017 30.799999997019768 68.75511741974816
    endloop
  endfacet
  facet normal 1 0 0
    outer loop
      vertex 1.200000000000017 33.20000000298023 40
      vertex 1.200000000000017 33.5 40
      vertex 1.200000000000017 33.20000000298023 51.17575281113386
    endloop
  endfacet
  facet normal 1 0 0
    outer loop
      vertex 1.200000000000017 30.5 40
      vertex 1.200000000000017 30.799999997019768 40
      vertex 1.200000000000017 30.799999997019768 68.75511741974816
    endloop
  endfacet
  facet normal 0 -1 0
    outer loop
      vertex 1.200000000000017 30.799999997019768 40
      vertex 10.20000000208617 30.799999997019768 40
      vertex 4.680000000000007 30.799999997019768 47.577558713102036
    endloop
  endfacet
  facet normal 0 -1 0
    outer loop
      vertex 1.200000000000017 30.799999997019768 40
      vertex 4.680000000000007 30.799999997019768 47.577558713102036
      vertex 4.680000000000007 30.799999997019768 60.17755871310204
    endloop
  endfacet
  facet normal 0 0.29028467119332607 0.9569403375708344
    outer loop
      vertex 1.200000000000017 4.034633129835129 3.1522409319877625
      vertex 44.160000000000025 4.034633129835129 3.1522409319877625
      vertex 1.200000000000017 4.409819349646568 3.0384294390678406
    endloop
  endfacet
  facet normal 0 0.7730104435344091 0.6343932961394977
    outer loop
      vertex 1.200000000000017 3.137060768902302 3.8888595327734947
      vertex 44.160000000000025 3.137060768902302 3.8888595327734947
      vertex 1.200000000000017 3.385786436498165 3.5857864394783974
    endloop
  endfacet
  facet normal 0 0.9569403375708344 0.29028467119332607
    outer loop
      vertex 1.200000000000017 2.95224092900753 4.234633132815361
      vertex 1.200000000000017 2.8384294360876083 4.6098193526268005
      vertex 44.160000000000025 2.8384294360876083 4.6098193526268005
    endloop
  endfacet
  facet normal 0 0.8819212641844241 0.47139673713269076
    outer loop
      vertex 1.200000000000017 2.95224092900753 4.234633132815361
      vertex 44.160000000000025 2.95224092900753 4.234633132815361
      vertex 1.200000000000017 3.137060768902302 3.8888595327734947
    endloop
  endfacet
  facet normal 0 0.9951847267853376 0.09801713918082348
    outer loop
      vertex 1.200000000000017 2.8384294360876083 4.6098193526268005
      vertex 1.200000000000017 2.7999999970197678 5
      vertex 44.160000000000025 2.7999999970197678 5
    endloop
  endfacet
  facet normal 0 0.6343932961394977 0.7730104435344091
    outer loop
      vertex 1.200000000000017 3.385786436498165 3.5857864394783974
      vertex 44.160000000000025 3.385786436498165 3.5857864394783974
      vertex 1.200000000000017 3.6888595297932625 3.337060771882534
    endloop
  endfacet
  facet normal 0 0.47139673713269076 0.8819212641844241
    outer loop
      vertex 1.200000000000017 3.6888595297932625 3.337060771882534
      vertex 44.160000000000025 3.6888595297932625 3.337060771882534
      vertex 1.200000000000017 4.034633129835129 3.1522409319877625
    endloop
  endfacet
  facet normal 0 0.09801713918082348 0.9951847267853376
    outer loop
      vertex 1.200000000000017 4.409819349646568 3.0384294390678406
      vertex 44.160000000000025 4.409819349646568 3.0384294390678406
      vertex 1.200000000000017 4.799999997019768 3
    endloop
  endfacet
  facet normal 0 1 0
    outer loop
      vertex 1.200000000000017 2.7999999970197678 5
      vertex 6.800000003576287 2.7999999970197678 30
      vertex 38.560000001490124 2.7999999970197678 30
    endloop
  endfacet
  facet normal 0 0 1
    outer loop
      vertex 1.200000000000017 4.799999997019768 3
      vertex 39.16 26.3 3
      vertex 1.200000000000017 30.356610670685768 3
    endloop
  endfacet
  facet normal 0 -0.09801713918082348 0.9951847267853376
    outer loop
      vertex 1.200000000000017 30.356610670685768 3
      vertex 44.160000000000025 30.356610670685768 3
      vertex 1.200000000000017 30.746791318058968 3.0384294390678406
    endloop
  endfacet
  facet normal 0 -0.29028467119332607 0.9569403375708344
    outer loop
      vertex 1.200000000000017 30.746791318058968 3.0384294390678406
      vertex 44.160000000000025 30.746791318058968 3.0384294390678406
      vertex 1.200000000000017 31.121977537870407 3.1522409319877625
    endloop
  endfacet
  facet normal 0 -0.4027467291769035 0.9153114618190389
    outer loop
      vertex 1.200000000000017 31.121977537870407 3.1522409319877625
      vertex 44.160000000000025 31.121977537870407 3.1522409319877625
      vertex 1.200000000000017 31.201847195625305 3.1873844265937805
    endloop
  endfacet
  facet normal 0 -1 0
    outer loop
      vertex 10.20000000208617 30.799999997019768 40
      vertex 35.16000000298024 30.799999997019768 40
      vertex 4.680000000000007 30.799999997019768 47.577558713102036
    endloop
  endfacet
  facet normal 0 1 0
    outer loop
      vertex 1.200000000000017 33.20000000298023 40
      vertex 1.200000000000017 33.20000000298023 51.17575281113386
      vertex 44.160000000000025 33.20000000298023 51.17575281113386
    endloop
  endfacet
  facet normal 0 -0.09801712400692965 -0.9951847282798355
    outer loop
      vertex 9.208809486627587 30.808809481561184 39.008809484541416
      vertex 9.20000000208617 30.898253694176674 39
      vertex 36.151190518438824 30.808809481561184 39.008809484541416
    endloop
  endfacet
  facet normal 0 0 -1
    outer loop
      vertex 9.20000000208617 30.898253694176674 39
      vertex 9.20000000208617 33.101746305823326 39
      vertex 36.16000000298024 30.898253694176674 39
    endloop
  endfacet
  facet normal 0 -0.9951847282798355 -0.09801712400692965
    outer loop
      vertex 9.208809486627587 30.808809481561184 39.008809484541416
      vertex 36.061746305823334 30.799999997019768 39.098253697156906
      vertex 9.298253699243077 30.799999997019768 39.098253697156906
    endloop
  endfacet
  facet normal 0 -1 0
    outer loop
      vertex 9.298253699243077 30.799999997019768 39.098253697156906
      vertex 36.061746305823334 30.799999997019768 39.098253697156906
      vertex 10.20000000208617 30.799999997019768 40
    endloop
  endfacet
  facet normal 0 0.09801713209318161 -0.9951847274834094
    outer loop
      vertex 9.20000000208617 33.101746305823326 39
      vertex 9.208809486627587 33.191190510988235 39.008809484541416
      vertex 36.16000000298024 33.101746305823326 39
    endloop
  endfacet
  facet normal 0 0.995184720193581 -0.09801720610802951
    outer loop
      vertex 9.208809486627587 33.191190510988235 39.008809484541416
      vertex 9.298253699243077 33.20000000298023 39.098253697156906
      vertex 36.151190518438824 33.191190510988235 39.008809484541416
    endloop
  endfacet
  facet normal 0 1 0
    outer loop
      vertex 9.298253699243077 33.20000000298023 39.098253697156906
      vertex 10.20000000208617 33.20000000298023 40
      vertex 35.16000000298024 33.20000000298023 40
    endloop
  endfacet
  facet normal 0 1 0
    outer loop
      vertex 1.200000000000017 33.20000000298023 40
      vertex 44.160000000000025 33.20000000298023 51.17575281113386
      vertex 10.20000000208617 33.20000000298023 40
    endloop
  endfacet
  facet normal 1 0 0
    outer loop
      vertex 1.200000000000017 33.20000000298023 51.17575281113386
      vertex 1.200000000000017 35.20000000298023 53.17575281113386
      vertex 1.200000000000017 33.23842944204807 51.56593345850706
    endloop
  endfacet
  facet normal 1 0 0
    outer loop
      vertex 1.200000000000017 33.23842944204807 51.56593345850706
      vertex 1.200000000000017 35.20000000298023 53.17575281113386
      vertex 1.200000000000017 33.352240934967995 51.9411196783185
    endloop
  endfacet
  facet normal 1 0 0
    outer loop
      vertex 1.200000000000017 33.352240934967995 51.9411196783185
      vertex 1.200000000000017 35.20000000298023 53.17575281113386
      vertex 1.200000000000017 33.537060774862766 52.28689327836037
    endloop
  endfacet
  facet normal 1 0 0
    outer loop
      vertex 1.200000000000017 33.537060774862766 52.28689327836037
      vertex 1.200000000000017 35.20000000298023 53.17575281113386
      vertex 1.200000000000017 33.78578644245863 52.589966371655464
    endloop
  endfacet
  facet normal 1 0 0
    outer loop
      vertex 1.200000000000017 33.78578644245863 52.589966371655464
      vertex 1.200000000000017 34.43463313579559 53.0235118791461
      vertex 1.200000000000017 34.08885953575373 52.83869203925133
    endloop
  endfacet
  facet normal 1 0 0
    outer loop
      vertex 1.200000000000017 33.78578644245863 52.589966371655464
      vertex 1.200000000000017 34.80981935560703 53.13732337206602
      vertex 1.200000000000017 34.43463313579559 53.0235118791461
    endloop
  endfacet
  facet normal 1 0 0
    outer loop
      vertex 1.200000000000017 33.78578644245863 52.589966371655464
      vertex 1.200000000000017 35.20000000298023 53.17575281113386
      vertex 1.200000000000017 34.80981935560703 53.13732337206602
    endloop
  endfacet
  facet normal 0 -1 0
    outer loop
      vertex 1.200000000000017 30.799999997019768 40
      vertex 4.680000000000007 30.799999997019768 60.17755871310204
      vertex 1.200000000000017 30.799999997019768 68.75511741974816
    endloop
  endfacet
  facet normal 0 0.9951847267853376 -0.09801713918082348
    outer loop
      vertex 1.200000000000017 33.20000000298023 51.17575281113386
      vertex 1.200000000000017 33.23842944204807 51.56593345850706
      vertex 44.160000000000025 33.23842944204807 51.56593345850706
    endloop
  endfacet
  facet normal 0 0.9569403375708344 -0.29028467119332607
    outer loop
      vertex 1.200000000000017 33.23842944204807 51.56593345850706
      vertex 1.200000000000017 33.352240934967995 51.9411196783185
      vertex 44.160000000000025 33.352240934967995 51.9411196783185
    endloop
  endfacet
  facet normal 0 0.8819212641844241 -0.47139673713269076
    outer loop
      vertex 1.200000000000017 33.352240934967995 51.9411196783185
      vertex 1.200000000000017 33.537060774862766 52.28689327836037
      vertex 44.160000000000025 33.537060774862766 52.28689327836037
    endloop
  endfacet
  facet normal 0 0.7730104435344091 -0.6343932961394977
    outer loop
      vertex 1.200000000000017 33.537060774862766 52.28689327836037
      vertex 1.200000000000017 33.78578644245863 52.589966371655464
      vertex 44.160000000000025 33.78578644245863 52.589966371655464
    endloop
  endfacet
  facet normal 0 0.6343932961394977 -0.7730104435344091
    outer loop
      vertex 1.200000000000017 33.78578644245863 52.589966371655464
      vertex 1.200000000000017 34.08885953575373 52.83869203925133
      vertex 44.160000000000025 34.08885953575373 52.83869203925133
    endloop
  endfacet
  facet normal 0 0.47139673713269076 -0.8819212641844241
    outer loop
      vertex 1.200000000000017 34.08885953575373 52.83869203925133
      vertex 1.200000000000017 34.43463313579559 53.0235118791461
      vertex 44.160000000000025 34.43463313579559 53.0235118791461
    endloop
  endfacet
  facet normal 0 0.29028467119332607 -0.9569403375708344
    outer loop
      vertex 1.200000000000017 34.43463313579559 53.0235118791461
      vertex 1.200000000000017 34.80981935560703 53.13732337206602
      vertex 44.160000000000025 34.80981935560703 53.13732337206602
    endloop
  endfacet
  facet normal 0 -1 0
    outer loop
      vertex 1.200000000000017 30.799999997019768 68.75511741974816
      vertex 4.680000000000007 30.799999997019768 60.17755871310204
      vertex 40.68000000000001 30.799999997019768 60.17755871310204
    endloop
  endfacet
  facet normal 1 0 0
    outer loop
      vertex 1.200000000000017 30.356610670685768 3
      vertex 1.200000000000017 30.746791318058968 3.0384294390678406
      vertex 1.200000000000017 62.2 48.01485243765909
    endloop
  endfacet
  facet normal 1 0 0
    outer loop
      vertex 1.200000000000017 30.746791318058968 3.0384294390678406
      vertex 1.200000000000017 31.121977537870407 3.1522409319877625
      vertex 1.200000000000017 62.2 48.01485243765909
    endloop
  endfacet
  facet normal 1 0 0
    outer loop
      vertex 1.200000000000017 31.121977537870407 3.1522409319877625
      vertex 1.200000000000017 31.201847195625305 3.1873844265937805
      vertex 1.200000000000017 62.2 48.01485243765909
    endloop
  endfacet
  facet normal 1 0 0
    outer loop
      vertex 1.200000000000017 31.201847195625305 3.1873844265937805
      vertex 1.200000000000017 60.96136464178562 17.064475312829018
      vertex 1.200000000000017 62.2 48.01485243765909
    endloop
  endfacet
  facet normal 1 0 0
    outer loop
      vertex 1.200000000000017 30.356610670685768 3
      vertex 1.200000000000017 61.14544486999512 53.17575281113386
      vertex 1.200000000000017 33.5 30.999999997913847
    endloop
  endfacet
  facet normal 1 0 0
    outer loop
      vertex 1.200000000000017 33.5 30.999999997913847
      vertex 1.200000000000017 61.14544486999512 53.17575281113386
      vertex 1.200000000000017 33.5 40
    endloop
  endfacet
  facet normal 1 0 0
    outer loop
      vertex 1.200000000000017 33.5 40
      vertex 1.200000000000017 61.14544486999512 53.17575281113386
      vertex 1.200000000000017 33.20000000298023 51.17575281113386
    endloop
  endfacet
  facet normal 1 0 0
    outer loop
      vertex 1.200000000000017 30.356610670685768 3
      vertex 1.200000000000017 61.15591847151518 53.176324620842934
      vertex 1.200000000000017 61.14544486999512 53.17575281113386
    endloop
  endfacet
  facet normal 1 0 0
    outer loop
      vertex 1.200000000000017 30.356610670685768 3
      vertex 1.200000000000017 61.196143604815006 53.184783056378365
      vertex 1.200000000000017 61.15591847151518 53.176324620842934
    endloop
  endfacet
  facet normal 1 0 0
    outer loop
      vertex 1.200000000000017 30.356610670685768 3
      vertex 1.200000000000017 61.275266751646996 53.2389091104269
      vertex 1.200000000000017 61.196143604815006 53.184783056378365
    endloop
  endfacet
  facet normal 1 0 0
    outer loop
      vertex 1.200000000000017 30.356610670685768 3
      vertex 1.200000000000017 62.2 54.01485243746362
      vertex 1.200000000000017 61.275266751646996 53.2389091104269
    endloop
  endfacet
  facet normal 1 0 0
    outer loop
      vertex 1.200000000000017 30.356610670685768 3
      vertex 1.200000000000017 62.2 48.01485243765909
      vertex 1.200000000000017 62.2 54.01485243746362
    endloop
  endfacet
  facet normal 1 0 0
    outer loop
      vertex 1.200000000000017 60.96136464178562 17.064475312829018
      vertex 1.200000000000017 61.29874741286039 17.264201678335667
      vertex 1.200000000000017 70 54.55982956084187
    endloop
  endfacet
  facet normal 1 0 0
    outer loop
      vertex 1.200000000000017 61.29874741286039 17.264201678335667
      vertex 1.200000000000017 61.40170333534479 17.345002003014088
      vertex 1.200000000000017 70 54.55982956084187
    endloop
  endfacet
  facet normal 1 0 0
    outer loop
      vertex 1.200000000000017 61.40170333534479 17.345002003014088
      vertex 1.200000000000017 70 24.559829562792206
      vertex 1.200000000000017 70 54.55982956084187
    endloop
  endfacet
  facet normal 1 0 0
    outer loop
      vertex 1.200000000000017 60.96136464178562 17.064475312829018
      vertex 1.200000000000017 70 54.55982956084187
      vertex 1.200000000000017 62.2 48.01485243765909
    endloop
  endfacet
  facet normal 0 -0.4226182616930057 0.9063077870588899
    outer loop
      vertex 1.200000000000017 31.201847195625305 3.1873844265937805
      vertex 44.160000000000025 31.201847195625305 3.1873844265937805
      vertex 1.200000000000017 60.96136464178562 17.064475312829018
    endloop
  endfacet
  facet normal 0 -0.5094169392083387 0.8605198324545507
    outer loop
      vertex 1.200000000000017 60.96136464178562 17.064475312829018
      vertex 44.160000000000025 60.96136464178562 17.064475312829018
      vertex 1.200000000000017 61.29874741286039 17.264201678335667
    endloop
  endfacet
  facet normal 0 -0.6173791934304782 0.7866657050610076
    outer loop
      vertex 1.200000000000017 61.29874741286039 17.264201678335667
      vertex 44.160000000000025 61.29874741286039 17.264201678335667
      vertex 1.200000000000017 61.40170333534479 17.345002003014088
    endloop
  endfacet
  facet normal 0 -0.6427876096715395 0.7660444431315644
    outer loop
      vertex 1.200000000000017 61.40170333534479 17.345002003014088
      vertex 44.160000000000025 61.40170333534479 17.345002003014088
      vertex 1.200000000000017 70 24.559829562792206
    endloop
  endfacet
  facet normal 1 0 0
    outer loop
      vertex 1.200000000000017 33.20000000298023 51.17575281113386
      vertex 1.200000000000017 61.14544486999512 53.17575281113386
      vertex 1.200000000000017 35.20000000298023 53.17575281113386
    endloop
  endfacet
  facet normal 0 0.6427876093979469 -0.766044443361136
    outer loop
      vertex 1.200000000000017 61.275266751646996 53.2389091104269
      vertex 1.200000000000017 62.2 54.01485243746362
      vertex 11.939999997537171 62.2 54.01485243746362
    endloop
  endfacet
  facet normal 0 0.09801713918082348 -0.9951847267853376
    outer loop
      vertex 1.200000000000017 34.80981935560703 53.13732337206602
      vertex 1.200000000000017 35.20000000298023 53.17575281113386
      vertex 44.160000000000025 35.20000000298023 53.17575281113386
    endloop
  endfacet
  facet normal 0 0 -1
    outer loop
      vertex 1.200000000000017 35.20000000298023 53.17575281113386
      vertex 1.200000000000017 61.14544486999512 53.17575281113386
      vertex 44.160000000000025 61.14544486999512 53.17575281113386
    endloop
  endfacet
  facet normal 0 0.054514144542022934 -0.9985129984355994
    outer loop
      vertex 1.200000000000017 61.15591847151518 53.176324620842934
      vertex 44.160000000000025 61.15591847151518 53.176324620842934
      vertex 1.200000000000017 61.14544486999512 53.17575281113386
    endloop
  endfacet
  facet normal 0 0.20577720328155522 -0.9785988670592366
    outer loop
      vertex 1.200000000000017 61.196143604815006 53.184783056378365
      vertex 44.160000000000025 61.196143604815006 53.184783056378365
      vertex 1.200000000000017 61.15591847151518 53.176324620842934
    endloop
  endfacet
  facet normal 0 0.5646069228871247 -0.8253599351967192
    outer loop
      vertex 1.200000000000017 61.196143604815006 53.184783056378365
      vertex 1.200000000000017 61.275266751646996 53.2389091104269
      vertex 44.160000000000025 61.275266751646996 53.2389091104269
    endloop
  endfacet
  facet normal 0 0.6427876093979469 -0.766044443361136
    outer loop
      vertex 1.200000000000017 61.275266751646996 53.2389091104269
      vertex 11.939999997537171 62.2 54.01485243746362
      vertex 33.42000000246284 62.2 54.01485243746362
    endloop
  endfacet
  facet normal 0 0.6427876093979439 -0.7660444433611383
    outer loop
      vertex 11.939999997537171 62.2 54.01485243746362
      vertex 11.939999996433983 63.15998796373606 54.820377983152866
      vertex 33.42000000246284 62.2 54.01485243746362
    endloop
  endfacet
  facet normal 0 0.7730105173183575 -0.6343932062334884
    outer loop
      vertex 11.939999996433983 63.15998796373606 54.820377983152866
      vertex 11.960859040444348 63.19070217013359 54.857803359627724
      vertex 33.42000000356603 63.15998796373606 54.820377983152866
    endloop
  endfacet
  facet normal 0 0.9951847194775011 -0.09801721337850469
    outer loop
      vertex 11.960859040444348 63.19070217013359 54.857803359627724
      vertex 12.11587411795378 63.20000000298023 54.95220576971769
      vertex 33.399140959555666 63.19070217013359 54.857803359627724
    endloop
  endfacet
  facet normal 0 1 0
    outer loop
      vertex 12.11587411795378 63.20000000298023 54.95220576971769
      vertex 22.680000000000007 63.20000000298023 60.853952073697904
      vertex 33.244125882046234 63.20000000298023 54.95220576971769
    endloop
  endfacet
  facet normal 0 0 1
    outer loop
      vertex 1.200000000000017 4.799999997019768 3
      vertex 44.160000000000025 4.799999997019768 3
      vertex 39.16 7.300000000000001 3
    endloop
  endfacet
  facet normal 0 1 0
    outer loop
      vertex 1.200000000000017 2.7999999970197678 5
      vertex 38.560000001490124 2.7999999970197678 30
      vertex 44.160000000000025 2.7999999970197678 5
    endloop
  endfacet
  facet normal 0 0 1
    outer loop
      vertex 1.200000000000017 4.799999997019768 3
      vertex 39.16 7.300000000000001 3
      vertex 39.16 26.3 3
    endloop
  endfacet
  facet normal 0 0.29028467119332607 0.9569403375708344
    outer loop
      vertex 1.200000000000017 4.409819349646568 3.0384294390678406
      vertex 44.160000000000025 4.034633129835129 3.1522409319877625
      vertex 44.160000000000025 4.409819349646568 3.0384294390678406
    endloop
  endfacet
  facet normal 0 0.9569403375708344 0.29028467119332607
    outer loop
      vertex 1.200000000000017 2.95224092900753 4.234633132815361
      vertex 44.160000000000025 2.8384294360876083 4.6098193526268005
      vertex 44.160000000000025 2.95224092900753 4.234633132815361
    endloop
  endfacet
  facet normal 0 0.8819212641844241 0.47139673713269076
    outer loop
      vertex 1.200000000000017 3.137060768902302 3.8888595327734947
      vertex 44.160000000000025 2.95224092900753 4.234633132815361
      vertex 44.160000000000025 3.137060768902302 3.8888595327734947
    endloop
  endfacet
  facet normal 0 0.9951847267853376 0.09801713918082348
    outer loop
      vertex 1.200000000000017 2.8384294360876083 4.6098193526268005
      vertex 44.160000000000025 2.7999999970197678 5
      vertex 44.160000000000025 2.8384294360876083 4.6098193526268005
    endloop
  endfacet
  facet normal 0 0.7730104435344091 0.6343932961394977
    outer loop
      vertex 1.200000000000017 3.385786436498165 3.5857864394783974
      vertex 44.160000000000025 3.137060768902302 3.8888595327734947
      vertex 44.160000000000025 3.385786436498165 3.5857864394783974
    endloop
  endfacet
  facet normal 0 0.6343932961394977 0.7730104435344091
    outer loop
      vertex 1.200000000000017 3.6888595297932625 3.337060771882534
      vertex 44.160000000000025 3.385786436498165 3.5857864394783974
      vertex 44.160000000000025 3.6888595297932625 3.337060771882534
    endloop
  endfacet
  facet normal 0 0.47139673713269076 0.8819212641844241
    outer loop
      vertex 1.200000000000017 4.034633129835129 3.1522409319877625
      vertex 44.160000000000025 3.6888595297932625 3.337060771882534
      vertex 44.160000000000025 4.034633129835129 3.1522409319877625
    endloop
  endfacet
  facet normal 0 0.09801713918082348 0.9951847267853376
    outer loop
      vertex 1.200000000000017 4.799999997019768 3
      vertex 44.160000000000025 4.409819349646568 3.0384294390678406
      vertex 44.160000000000025 4.799999997019768 3
    endloop
  endfacet
  facet normal 0 0 1
    outer loop
      vertex 1.200000000000017 30.356610670685768 3
      vertex 39.16 26.3 3
      vertex 44.160000000000025 26.3 3
    endloop
  endfacet
  facet normal 0 0 1
    outer loop
      vertex 1.200000000000017 30.356610670685768 3
      vertex 44.160000000000025 26.3 3
      vertex 44.160000000000025 30.356610670685768 3
    endloop
  endfacet
  facet normal 0 -0.09801713918082348 0.9951847267853376
    outer loop
      vertex 1.200000000000017 30.746791318058968 3.0384294390678406
      vertex 44.160000000000025 30.356610670685768 3
      vertex 44.160000000000025 30.746791318058968 3.0384294390678406
    endloop
  endfacet
  facet normal 0 -0.29028467119332607 0.9569403375708344
    outer loop
      vertex 1.200000000000017 31.121977537870407 3.1522409319877625
      vertex 44.160000000000025 30.746791318058968 3.0384294390678406
      vertex 44.160000000000025 31.121977537870407 3.1522409319877625
    endloop
  endfacet
  facet normal 0 -0.4027467291769035 0.9153114618190389
    outer loop
      vertex 1.200000000000017 31.201847195625305 3.1873844265937805
      vertex 44.160000000000025 31.121977537870407 3.1522409319877625
      vertex 44.160000000000025 31.201847195625305 3.1873844265937805
    endloop
  endfacet
  facet normal 0 -0.9951847282798355 -0.09801712400692965
    outer loop
      vertex 9.208809486627587 30.808809481561184 39.008809484541416
      vertex 36.151190518438824 30.808809481561184 39.008809484541416
      vertex 36.061746305823334 30.799999997019768 39.098253697156906
    endloop
  endfacet
  facet normal 0 -1 0
    outer loop
      vertex 10.20000000208617 30.799999997019768 40
      vertex 36.061746305823334 30.799999997019768 39.098253697156906
      vertex 35.16000000298024 30.799999997019768 40
    endloop
  endfacet
  facet normal 0 -0.09801712400692965 -0.9951847282798356
    outer loop
      vertex 9.20000000208617 30.898253694176674 39
      vertex 36.16000000298024 30.898253694176674 39
      vertex 36.151190518438824 30.808809481561184 39.008809484541416
    endloop
  endfacet
  facet normal 0 0 -1
    outer loop
      vertex 9.20000000208617 33.101746305823326 39
      vertex 36.16000000298024 33.101746305823326 39
      vertex 36.16000000298024 30.898253694176674 39
    endloop
  endfacet
  facet normal 0 1 0
    outer loop
      vertex 9.298253699243077 33.20000000298023 39.098253697156906
      vertex 35.16000000298024 33.20000000298023 40
      vertex 36.061746305823334 33.20000000298023 39.098253697156906
    endloop
  endfacet
  facet normal 0 0.09801713209318158 -0.9951847274834092
    outer loop
      vertex 9.208809486627587 33.191190510988235 39.008809484541416
      vertex 36.151190518438824 33.191190510988235 39.008809484541416
      vertex 36.16000000298024 33.101746305823326 39
    endloop
  endfacet
  facet normal 0 0.995184720193581 -0.09801720610802951
    outer loop
      vertex 9.298253699243077 33.20000000298023 39.098253697156906
      vertex 36.061746305823334 33.20000000298023 39.098253697156906
      vertex 36.151190518438824 33.191190510988235 39.008809484541416
    endloop
  endfacet
  facet normal 0 -1 0
    outer loop
      vertex 4.680000000000007 30.799999997019768 47.577558713102036
      vertex 35.16000000298024 30.799999997019768 40
      vertex 40.68000000000001 30.799999997019768 47.577558713102036
    endloop
  endfacet
  facet normal 0 1 0
    outer loop
      vertex 10.20000000208617 33.20000000298023 40
      vertex 44.160000000000025 33.20000000298023 51.17575281113386
      vertex 35.16000000298024 33.20000000298023 40
    endloop
  endfacet
  facet normal 0 1 0
    outer loop
      vertex 44.160000000000025 2.7999999970197678 5
      vertex 38.560000001490124 2.7999999970197678 30
      vertex 38.95654350429774 2.7999999970197678 30.013118237257004
    endloop
  endfacet
  facet normal 0 1 0
    outer loop
      vertex 44.160000000000025 2.7999999970197678 5
      vertex 38.95654350429774 2.7999999970197678 30.013118237257004
      vertex 39.351353026032456 2.7999999970197678 30.052415587008
    endloop
  endfacet
  facet normal 0 1 0
    outer loop
      vertex 44.160000000000025 2.7999999970197678 5
      vertex 39.351353026032456 2.7999999970197678 30.052415587008
      vertex 39.74270216286183 2.7999999970197678 30.11772020161152
    endloop
  endfacet
  facet normal 0 0 1
    outer loop
      vertex 39.16 7.300000000000001 3
      vertex 44.160000000000025 4.799999997019768 3
      vertex 44.160000000000025 7.300000000000001 3
    endloop
  endfacet
  facet normal -1 0 0
    outer loop
      vertex 44.160000000000025 2.95224092900753 4.234633132815361
      vertex 44.160000000000025 2.8384294360876083 4.6098193526268005
      vertex 44.160000000000025 7.300000000000001 3
    endloop
  endfacet
  facet normal -1 0 0
    outer loop
      vertex 44.160000000000025 2.8384294360876083 4.6098193526268005
      vertex 44.160000000000025 2.7999999970197678 5
      vertex 44.160000000000025 7.300000000000001 3
    endloop
  endfacet
  facet normal -1 0 0
    outer loop
      vertex 44.160000000000025 4.034633129835129 3.1522409319877625
      vertex 44.160000000000025 7.300000000000001 3
      vertex 44.160000000000025 4.409819349646568 3.0384294390678406
    endloop
  endfacet
  facet normal -1 0 0
    outer loop
      vertex 44.160000000000025 4.409819349646568 3.0384294390678406
      vertex 44.160000000000025 7.300000000000001 3
      vertex 44.160000000000025 4.799999997019768 3
    endloop
  endfacet
  facet normal -1 0 0
    outer loop
      vertex 44.160000000000025 3.137060768902302 3.8888595327734947
      vertex 44.160000000000025 7.300000000000001 3
      vertex 44.160000000000025 3.385786436498165 3.5857864394783974
    endloop
  endfacet
  facet normal -1 0 0
    outer loop
      vertex 44.160000000000025 2.95224092900753 4.234633132815361
      vertex 44.160000000000025 7.300000000000001 3
      vertex 44.160000000000025 3.137060768902302 3.8888595327734947
    endloop
  endfacet
  facet normal -1 0 0
    outer loop
      vertex 44.160000000000025 3.385786436498165 3.5857864394783974
      vertex 44.160000000000025 7.300000000000001 3
      vertex 44.160000000000025 3.6888595297932625 3.337060771882534
    endloop
  endfacet
  facet normal -1 0 0
    outer loop
      vertex 44.160000000000025 3.6888595297932625 3.337060771882534
      vertex 44.160000000000025 7.300000000000001 3
      vertex 44.160000000000025 4.034633129835129 3.1522409319877625
    endloop
  endfacet
  facet normal 0 1 0
    outer loop
      vertex 44.160000000000025 2.7999999970197678 5
      vertex 39.74270216286183 2.7999999970197678 30.11772020161152
      vertex 40.12887965053321 2.7999999970197678 30.208746537566185
    endloop
  endfacet
  facet normal 0 1 0
    outer loop
      vertex 44.160000000000025 2.7999999970197678 5
      vertex 40.12887965053321 2.7999999970197678 30.208746537566185
      vertex 40.50819681495429 2.7999999970197678 30.325096547603607
    endloop
  endfacet
  facet normal 0 1 0
    outer loop
      vertex 44.160000000000025 2.7999999970197678 5
      vertex 40.50819681495429 2.7999999970197678 30.325096547603607
      vertex 40.87899501532317 2.7999999970197678 30.466261468827724
    endloop
  endfacet
  facet normal 0 1 0
    outer loop
      vertex 44.160000000000025 2.7999999970197678 5
      vertex 40.87899501532317 2.7999999970197678 30.466261468827724
      vertex 41.23965284138919 2.7999999970197678 30.63162402063608
    endloop
  endfacet
  facet normal 0 1 0
    outer loop
      vertex 44.160000000000025 2.7999999970197678 5
      vertex 41.23965284138919 2.7999999970197678 30.63162402063608
      vertex 41.58859322875739 2.7999999970197678 30.820461116731167
    endloop
  endfacet
  facet normal 0 1 0
    outer loop
      vertex 44.160000000000025 2.7999999970197678 5
      vertex 41.58859322875739 2.7999999970197678 30.820461116731167
      vertex 41.92429034322501 2.7999999970197678 31.031947016716003
    endloop
  endfacet
  facet normal 0 1 0
    outer loop
      vertex 44.160000000000025 2.7999999970197678 5
      vertex 41.92429034322501 2.7999999970197678 31.031947016716003
      vertex 42.245276278853424 2.7999999970197678 31.26515694707632
    endloop
  endfacet
  facet normal 0 1 0
    outer loop
      vertex 44.160000000000025 2.7999999970197678 5
      vertex 42.245276278853424 2.7999999970197678 31.26515694707632
      vertex 42.55014743566514 2.7999999970197678 31.519071139395237
    endloop
  endfacet
  facet normal 0 1 0
    outer loop
      vertex 44.160000000000025 2.7999999970197678 5
      vertex 42.55014743566514 2.7999999970197678 31.519071139395237
      vertex 42.837570688724526 2.7999999970197678 31.792579293251038
    endloop
  endfacet
  facet normal 0 1 0
    outer loop
      vertex 44.160000000000025 2.7999999970197678 5
      vertex 42.837570688724526 2.7999999970197678 31.792579293251038
      vertex 43.10628922194243 2.7999999970197678 32.084485433995724
    endloop
  endfacet
  facet normal 0 1 0
    outer loop
      vertex 44.160000000000025 2.7999999970197678 5
      vertex 43.10628922194243 2.7999999970197678 32.084485433995724
      vertex 43.35512798190118 2.7999999970197678 32.39351311326027
    endloop
  endfacet
  facet normal 0 1 0
    outer loop
      vertex 44.160000000000025 2.7999999970197678 5
      vertex 43.35512798190118 2.7999999970197678 32.39351311326027
      vertex 43.58299887090922 2.7999999970197678 32.71831104904413
    endloop
  endfacet
  facet normal 0 1 0
    outer loop
      vertex 44.160000000000025 2.7999999970197678 5
      vertex 43.58299887090922 2.7999999970197678 32.71831104904413
      vertex 43.7889054632187 2.7999999970197678 33.057458974421024
    endloop
  endfacet
  facet normal 0 1 0
    outer loop
      vertex 44.160000000000025 2.7999999970197678 5
      vertex 43.7889054632187 2.7999999970197678 33.057458974421024
      vertex 43.971947385966786 2.7999999970197678 33.40947388857603
    endloop
  endfacet
  facet normal 0 1 0
    outer loop
      vertex 44.160000000000025 2.7999999970197678 5
      vertex 43.971947385966786 2.7999999970197678 33.40947388857603
      vertex 44.13132423073054 2.7999999970197678 33.77281650900841
    endloop
  endfacet
  facet normal 0 1 0
    outer loop
      vertex 44.160000000000025 2.7999999970197678 5
      vertex 44.13132423073054 2.7999999970197678 33.77281650900841
      vertex 44.160000000000025 2.7999999970197678 33.85205518740907
    endloop
  endfacet
  facet normal -1 0 0
    outer loop
      vertex 44.160000000000025 2.7999999970197678 5
      vertex 44.160000000000025 2.7999999970197678 33.85205518740907
      vertex 44.160000000000025 3.8 33.85205518740907
    endloop
  endfacet
  facet normal -1 0 0
    outer loop
      vertex 44.160000000000025 2.7999999970197678 5
      vertex 44.160000000000025 3.8 33.85205518740907
      vertex 44.160000000000025 7.300000000000001 3
    endloop
  endfacet
  facet normal -1 0 0
    outer loop
      vertex 44.160000000000025 7.300000000000001 3
      vertex 44.160000000000025 3.8 33.85205518740907
      vertex 44.160000000000025 3.8 46.17757941649635
    endloop
  endfacet
  facet normal -1 0 0
    outer loop
      vertex 44.160000000000025 7.300000000000001 3
      vertex 44.160000000000025 3.8 46.17757941649635
      vertex 44.160000000000025 7.300000000000001 48.90429730916168
    endloop
  endfacet
  facet normal -1 0 0
    outer loop
      vertex 44.160000000000025 3.8 46.17757941649635
      vertex 44.160000000000025 11.762962962676802 52.83624974716918
      vertex 44.160000000000025 7.300000000000001 48.90429730916168
    endloop
  endfacet
  facet normal -1 0 0
    outer loop
      vertex 44.160000000000025 26.3 3
      vertex 44.160000000000025 26.3 64.7921944229557
      vertex 44.160000000000025 30.356610670685768 3
    endloop
  endfacet
  facet normal -1 0 0
    outer loop
      vertex 44.160000000000025 30.356610670685768 3
      vertex 44.160000000000025 30.5 31.000000002980215
      vertex 44.160000000000025 33.5 31.000000002980215
    endloop
  endfacet
  facet normal 0 -1 0
    outer loop
      vertex 35.16000000298024 30.799999997019768 40
      vertex 44.160000000000025 30.799999997019768 40
      vertex 40.68000000000001 30.799999997019768 47.577558713102036
    endloop
  endfacet
  facet normal -1 0 0
    outer loop
      vertex 44.160000000000025 30.356610670685768 3
      vertex 44.160000000000025 26.3 64.7921944229557
      vertex 44.160000000000025 30.5 31.000000002980215
    endloop
  endfacet
  facet normal 0 1 0
    outer loop
      vertex 35.16000000298024 33.20000000298023 40
      vertex 44.160000000000025 33.20000000298023 51.17575281113386
      vertex 44.160000000000025 33.20000000298023 40
    endloop
  endfacet
  facet normal -1 0 0
    outer loop
      vertex 44.160000000000025 30.5 31.000000002980215
      vertex 44.160000000000025 26.3 64.7921944229557
      vertex 44.160000000000025 30.5 40
    endloop
  endfacet
  facet normal -1 0 0
    outer loop
      vertex 44.160000000000025 33.20000000298023 40
      vertex 44.160000000000025 33.20000000298023 51.17575281113386
      vertex 44.160000000000025 33.5 40
    endloop
  endfacet
  facet normal -1 0 0
    outer loop
      vertex 44.160000000000025 30.5 40
      vertex 44.160000000000025 30.799999997019768 68.75511741974815
      vertex 44.160000000000025 30.799999997019768 40
    endloop
  endfacet
  facet normal 0 -1 0
    outer loop
      vertex 1.200000000000017 30.799999997019768 68.75511741974816
      vertex 40.68000000000001 30.799999997019768 60.17755871310204
      vertex 44.160000000000025 30.799999997019768 68.75511741974815
    endloop
  endfacet
  facet normal 0 0.9951847267853376 -0.09801713918082348
    outer loop
      vertex 1.200000000000017 33.20000000298023 51.17575281113386
      vertex 44.160000000000025 33.23842944204807 51.56593345850706
      vertex 44.160000000000025 33.20000000298023 51.17575281113386
    endloop
  endfacet
  facet normal 0 0.9569403375708344 -0.29028467119332607
    outer loop
      vertex 1.200000000000017 33.23842944204807 51.56593345850706
      vertex 44.160000000000025 33.352240934967995 51.9411196783185
      vertex 44.160000000000025 33.23842944204807 51.56593345850706
    endloop
  endfacet
  facet normal 0 0.8819212641844241 -0.47139673713269076
    outer loop
      vertex 1.200000000000017 33.352240934967995 51.9411196783185
      vertex 44.160000000000025 33.537060774862766 52.28689327836037
      vertex 44.160000000000025 33.352240934967995 51.9411196783185
    endloop
  endfacet
  facet normal 0 0.7730104435344091 -0.6343932961394977
    outer loop
      vertex 1.200000000000017 33.537060774862766 52.28689327836037
      vertex 44.160000000000025 33.78578644245863 52.589966371655464
      vertex 44.160000000000025 33.537060774862766 52.28689327836037
    endloop
  endfacet
  facet normal 0 0.6343932961394977 -0.7730104435344091
    outer loop
      vertex 1.200000000000017 33.78578644245863 52.589966371655464
      vertex 44.160000000000025 34.08885953575373 52.83869203925133
      vertex 44.160000000000025 33.78578644245863 52.589966371655464
    endloop
  endfacet
  facet normal 0 0.47139673713269076 -0.8819212641844241
    outer loop
      vertex 1.200000000000017 34.08885953575373 52.83869203925133
      vertex 44.160000000000025 34.43463313579559 53.0235118791461
      vertex 44.160000000000025 34.08885953575373 52.83869203925133
    endloop
  endfacet
  facet normal 0 0.29028467119332607 -0.9569403375708344
    outer loop
      vertex 1.200000000000017 34.43463313579559 53.0235118791461
      vertex 44.160000000000025 34.80981935560703 53.13732337206602
      vertex 44.160000000000025 34.43463313579559 53.0235118791461
    endloop
  endfacet
  facet normal 0 0.09801713918082348 -0.9951847267853376
    outer loop
      vertex 1.200000000000017 34.80981935560703 53.13732337206602
      vertex 44.160000000000025 35.20000000298023 53.17575281113386
      vertex 44.160000000000025 34.80981935560703 53.13732337206602
    endloop
  endfacet
  facet normal -1 0 0
    outer loop
      vertex 44.160000000000025 7.300000000000001 48.90429730916168
      vertex 44.160000000000025 11.762962962676802 52.83624974716918
      vertex 44.160000000000025 11.762962962676802 52.636249749881806
    endloop
  endfacet
  facet normal -1 0 0
    outer loop
      vertex 44.160000000000025 21.8370370373232 61.060241982235574
      vertex 44.160000000000025 21.8370370373232 61.260241980243556
      vertex 44.160000000000025 26.3 64.7921944229557
    endloop
  endfacet
  facet normal 0 -1 0
    outer loop
      vertex 44.160000000000025 30.799999997019768 40
      vertex 44.160000000000025 30.799999997019768 68.75511741974815
      vertex 40.68000000000001 30.799999997019768 47.577558713102036
    endloop
  endfacet
  facet normal 0 -1 0
    outer loop
      vertex 40.68000000000001 30.799999997019768 47.577558713102036
      vertex 44.160000000000025 30.799999997019768 68.75511741974815
      vertex 40.68000000000001 30.799999997019768 60.17755871310204
    endloop
  endfacet
  facet normal -1 0 0
    outer loop
      vertex 44.160000000000025 30.5 40
      vertex 44.160000000000025 26.3 64.7921944229557
      vertex 44.160000000000025 30.799999997019768 68.75511741974815
    endloop
  endfacet
  facet normal -1 0 0
    outer loop
      vertex 44.160000000000025 33.20000000298023 51.17575281113386
      vertex 44.160000000000025 33.23842944204807 51.56593345850706
      vertex 44.160000000000025 35.20000000298023 53.17575281113386
    endloop
  endfacet
  facet normal -1 0 0
    outer loop
      vertex 44.160000000000025 33.23842944204807 51.56593345850706
      vertex 44.160000000000025 33.352240934967995 51.9411196783185
      vertex 44.160000000000025 35.20000000298023 53.17575281113386
    endloop
  endfacet
  facet normal -1 0 0
    outer loop
      vertex 44.160000000000025 33.352240934967995 51.9411196783185
      vertex 44.160000000000025 33.537060774862766 52.28689327836037
      vertex 44.160000000000025 35.20000000298023 53.17575281113386
    endloop
  endfacet
  facet normal -1 0 0
    outer loop
      vertex 44.160000000000025 33.537060774862766 52.28689327836037
      vertex 44.160000000000025 33.78578644245863 52.589966371655464
      vertex 44.160000000000025 35.20000000298023 53.17575281113386
    endloop
  endfacet
  facet normal -1 0 0
    outer loop
      vertex 44.160000000000025 33.78578644245863 52.589966371655464
      vertex 44.160000000000025 34.08885953575373 52.83869203925133
      vertex 44.160000000000025 34.43463313579559 53.0235118791461
    endloop
  endfacet
  facet normal -1 0 0
    outer loop
      vertex 44.160000000000025 33.78578644245863 52.589966371655464
      vertex 44.160000000000025 34.43463313579559 53.0235118791461
      vertex 44.160000000000025 34.80981935560703 53.13732337206602
    endloop
  endfacet
  facet normal -1 0 0
    outer loop
      vertex 44.160000000000025 33.78578644245863 52.589966371655464
      vertex 44.160000000000025 34.80981935560703 53.13732337206602
      vertex 44.160000000000025 35.20000000298023 53.17575281113386
    endloop
  endfacet
  facet normal -1 0 0
    outer loop
      vertex 44.160000000000025 21.8370370373232 61.260241980243556
      vertex 44.160000000000025 30.799999997019768 68.75511741974815
      vertex 44.160000000000025 26.3 64.7921944229557
    endloop
  endfacet
  facet normal 0 -0.4226182616930057 0.9063077870588899
    outer loop
      vertex 44.160000000000025 31.201847195625305 3.1873844265937805
      vertex 44.160000000000025 60.96136464178562 17.064475312829018
      vertex 1.200000000000017 60.96136464178562 17.064475312829018
    endloop
  endfacet
  facet normal 0 -0.5094169392083387 0.8605198324545507
    outer loop
      vertex 1.200000000000017 61.29874741286039 17.264201678335667
      vertex 44.160000000000025 60.96136464178562 17.064475312829018
      vertex 44.160000000000025 61.29874741286039 17.264201678335667
    endloop
  endfacet
  facet normal 0 -0.6173791934304782 0.7866657050610076
    outer loop
      vertex 1.200000000000017 61.40170333534479 17.345002003014088
      vertex 44.160000000000025 61.29874741286039 17.264201678335667
      vertex 44.160000000000025 61.40170333534479 17.345002003014088
    endloop
  endfacet
  facet normal -5.894235226107974e-17 -0.6427876096715397 0.7660444431315642
    outer loop
      vertex 44.160000000000025 61.40170333534479 17.345002003014088
      vertex 44.160000000000025 70 24.55982956279221
      vertex 1.200000000000017 70 24.559829562792206
    endloop
  endfacet
  facet normal -1 0 0
    outer loop
      vertex 44.160000000000025 30.356610670685768 3
      vertex 44.160000000000025 70 24.55982956279221
      vertex 44.160000000000025 30.746791318058968 3.0384294390678406
    endloop
  endfacet
  facet normal -1 0 0
    outer loop
      vertex 44.160000000000025 30.746791318058968 3.0384294390678406
      vertex 44.160000000000025 70 24.55982956279221
      vertex 44.160000000000025 31.121977537870407 3.1522409319877625
    endloop
  endfacet
  facet normal -1 0 0
    outer loop
      vertex 44.160000000000025 31.121977537870407 3.1522409319877625
      vertex 44.160000000000025 70 24.55982956279221
      vertex 44.160000000000025 31.201847195625305 3.1873844265937805
    endloop
  endfacet
  facet normal -1 0 0
    outer loop
      vertex 44.160000000000025 30.356610670685768 3
      vertex 44.160000000000025 33.5 31.000000002980215
      vertex 44.160000000000025 61.14544486999512 53.17575281113386
    endloop
  endfacet
  facet normal -1 0 0
    outer loop
      vertex 44.160000000000025 33.5 31.000000002980215
      vertex 44.160000000000025 33.5 40
      vertex 44.160000000000025 61.14544486999512 53.17575281113386
    endloop
  endfacet
  facet normal -1 0 0
    outer loop
      vertex 44.160000000000025 33.5 40
      vertex 44.160000000000025 33.20000000298023 51.17575281113386
      vertex 44.160000000000025 61.14544486999512 53.17575281113386
    endloop
  endfacet
  facet normal -1 0 0
    outer loop
      vertex 44.160000000000025 30.356610670685768 3
      vertex 44.160000000000025 61.275266751646996 53.2389091104269
      vertex 44.160000000000025 62.2 48.01485243765907
    endloop
  endfacet
  facet normal -1 0 0
    outer loop
      vertex 44.160000000000025 30.356610670685768 3
      vertex 44.160000000000025 61.14544486999512 53.17575281113386
      vertex 44.160000000000025 61.15591847151518 53.176324620842934
    endloop
  endfacet
  facet normal -1 0 0
    outer loop
      vertex 44.160000000000025 30.356610670685768 3
      vertex 44.160000000000025 61.15591847151518 53.176324620842934
      vertex 44.160000000000025 61.196143604815006 53.184783056378365
    endloop
  endfacet
  facet normal -1 0 0
    outer loop
      vertex 44.160000000000025 30.356610670685768 3
      vertex 44.160000000000025 61.196143604815006 53.184783056378365
      vertex 44.160000000000025 61.275266751646996 53.2389091104269
    endloop
  endfacet
  facet normal -1 0 0
    outer loop
      vertex 44.160000000000025 31.201847195625305 3.1873844265937805
      vertex 44.160000000000025 70 24.55982956279221
      vertex 44.160000000000025 60.96136464178562 17.064475312829018
    endloop
  endfacet
  facet normal -1 0 0
    outer loop
      vertex 44.160000000000025 60.96136464178562 17.064475312829018
      vertex 44.160000000000025 70 24.55982956279221
      vertex 44.160000000000025 61.29874741286039 17.264201678335667
    endloop
  endfacet
  facet normal -1 0 0
    outer loop
      vertex 44.160000000000025 61.29874741286039 17.264201678335667
      vertex 44.160000000000025 70 24.55982956279221
      vertex 44.160000000000025 61.40170333534479 17.345002003014088
    endloop
  endfacet
  facet normal -1 0 0
    outer loop
      vertex 44.160000000000025 30.356610670685768 3
      vertex 44.160000000000025 62.2 48.01485243765907
      vertex 44.160000000000025 70 24.55982956279221
    endloop
  endfacet
  facet normal -1 0 0
    outer loop
      vertex 44.160000000000025 62.2 48.01485243765907
      vertex 44.160000000000025 70 54.559829560841855
      vertex 44.160000000000025 70 24.55982956279221
    endloop
  endfacet
  facet normal 0 0 -1
    outer loop
      vertex 1.200000000000017 35.20000000298023 53.17575281113386
      vertex 44.160000000000025 61.14544486999512 53.17575281113386
      vertex 44.160000000000025 35.20000000298023 53.17575281113386
    endloop
  endfacet
  facet normal 0 0.6427876093979469 -0.7660444433611359
    outer loop
      vertex 1.200000000000017 61.275266751646996 53.2389091104269
      vertex 33.42000000246284 62.2 54.01485243746362
      vertex 44.160000000000025 62.2 54.01485243746362
    endloop
  endfacet
  facet normal 0 0.6427876093979439 -0.7660444433611383
    outer loop
      vertex 11.939999996433983 63.15998796373606 54.820377983152866
      vertex 33.42000000356603 63.15998796373606 54.820377983152866
      vertex 33.42000000246284 62.2 54.01485243746362
    endloop
  endfacet
  facet normal 0 0.7730105173183576 -0.6343932062334885
    outer loop
      vertex 11.960859040444348 63.19070217013359 54.857803359627724
      vertex 33.399140959555666 63.19070217013359 54.857803359627724
      vertex 33.42000000356603 63.15998796373606 54.820377983152866
    endloop
  endfacet
  facet normal 0 0.9951847194775011 -0.09801721337850469
    outer loop
      vertex 12.11587411795378 63.20000000298023 54.95220576971769
      vertex 33.244125882046234 63.20000000298023 54.95220576971769
      vertex 33.399140959555666 63.19070217013359 54.857803359627724
    endloop
  endfacet
  facet normal 0 0.20577720328155522 -0.9785988670592366
    outer loop
      vertex 1.200000000000017 61.15591847151518 53.176324620842934
      vertex 44.160000000000025 61.196143604815006 53.184783056378365
      vertex 44.160000000000025 61.15591847151518 53.176324620842934
    endloop
  endfacet
  facet normal 0 0.054514144542022934 -0.9985129984355994
    outer loop
      vertex 1.200000000000017 61.14544486999512 53.17575281113386
      vertex 44.160000000000025 61.15591847151518 53.176324620842934
      vertex 44.160000000000025 61.14544486999512 53.17575281113386
    endloop
  endfacet
  facet normal 0 0.5646069228871247 -0.8253599351967192
    outer loop
      vertex 1.200000000000017 61.196143604815006 53.184783056378365
      vertex 44.160000000000025 61.275266751646996 53.2389091104269
      vertex 44.160000000000025 61.196143604815006 53.184783056378365
    endloop
  endfacet
  facet normal 0 0.6427876093979468 -0.7660444433611359
    outer loop
      vertex 1.200000000000017 61.275266751646996 53.2389091104269
      vertex 44.160000000000025 62.2 54.01485243746362
      vertex 44.160000000000025 61.275266751646996 53.2389091104269
    endloop
  endfacet
  facet normal -1 0 0
    outer loop
      vertex 44.160000000000025 33.20000000298023 51.17575281113386
      vertex 44.160000000000025 35.20000000298023 53.17575281113386
      vertex 44.160000000000025 61.14544486999512 53.17575281113386
    endloop
  endfacet
  facet normal -1 0 0
    outer loop
      vertex 44.160000000000025 62.2 48.01485243765907
      vertex 44.160000000000025 61.275266751646996 53.2389091104269
      vertex 44.160000000000025 62.2 54.01485243746362
    endloop
  endfacet
  facet normal 0 0.09801713918082348 0.9951847267853376
    outer loop
      vertex 1.200000000000017 35.20000000298023 56.17575281113386
      vertex 1.200000000000017 34.80981935560703 56.2141822502017
      vertex 44.160000000000025 34.80981935560703 56.2141822502017
    endloop
  endfacet
  facet normal 0 0.9569403375708344 0.29028467119332607
    outer loop
      vertex 1.200000000000017 33.352240934967995 57.41038594394922
      vertex 1.200000000000017 33.23842944204807 57.78557216376066
      vertex 44.160000000000025 33.23842944204807 57.78557216376066
    endloop
  endfacet
  facet normal 0 0.7730104435344091 0.6343932961394977
    outer loop
      vertex 1.200000000000017 33.537060774862766 57.064612343907356
      vertex 44.160000000000025 33.537060774862766 57.064612343907356
      vertex 1.200000000000017 33.78578644245863 56.76153925061226
    endloop
  endfacet
  facet normal 0 0.6343932961394977 0.7730104435344091
    outer loop
      vertex 1.200000000000017 33.78578644245863 56.76153925061226
      vertex 44.160000000000025 33.78578644245863 56.76153925061226
      vertex 1.200000000000017 34.08885953575373 56.512813583016396
    endloop
  endfacet
  facet normal 0 0.8819212641844241 0.47139673713269076
    outer loop
      vertex 1.200000000000017 33.537060774862766 57.064612343907356
      vertex 1.200000000000017 33.352240934967995 57.41038594394922
      vertex 44.160000000000025 33.352240934967995 57.41038594394922
    endloop
  endfacet
  facet normal 0 0.9951847267853376 0.09801713918082348
    outer loop
      vertex 1.200000000000017 33.23842944204807 57.78557216376066
      vertex 1.200000000000017 33.20000000298023 58.17575281113386
      vertex 44.160000000000025 33.20000000298023 58.17575281113386
    endloop
  endfacet
  facet normal 0 0.47139673713269076 0.8819212641844241
    outer loop
      vertex 1.200000000000017 34.08885953575373 56.512813583016396
      vertex 44.160000000000025 34.08885953575373 56.512813583016396
      vertex 1.200000000000017 34.43463313579559 56.327993743121624
    endloop
  endfacet
  facet normal 0 0.29028467119332607 0.9569403375708344
    outer loop
      vertex 1.200000000000017 34.43463313579559 56.327993743121624
      vertex 44.160000000000025 34.43463313579559 56.327993743121624
      vertex 1.200000000000017 34.80981935560703 56.2141822502017
    endloop
  endfacet
  facet normal 0 1 0
    outer loop
      vertex 1.200000000000017 33.20000000298023 58.17575281113386
      vertex 1.200000000000017 33.20000000298023 70.76200969190955
      vertex 44.160000000000025 33.20000000298023 58.17575281113386
    endloop
  endfacet
  facet normal 1 0 0
    outer loop
      vertex 1.200000000000017 33.352240934967995 57.41038594394922
      vertex 1.200000000000017 61.15486270934343 94.13800877332687
      vertex 1.200000000000017 33.23842944204807 57.78557216376066
    endloop
  endfacet
  facet normal 1 0 0
    outer loop
      vertex 1.200000000000017 33.23842944204807 57.78557216376066
      vertex 1.200000000000017 61.15486270934343 94.13800877332687
      vertex 1.200000000000017 33.20000000298023 58.17575281113386
    endloop
  endfacet
  facet normal 1 0 0
    outer loop
      vertex 1.200000000000017 33.537060774862766 57.064612343907356
      vertex 1.200000000000017 33.78578644245863 56.76153925061226
      vertex 1.200000000000017 61.15486270934343 94.13800877332687
    endloop
  endfacet
  facet normal 1 0 0
    outer loop
      vertex 1.200000000000017 33.78578644245863 56.76153925061226
      vertex 1.200000000000017 34.08885953575373 56.512813583016396
      vertex 1.200000000000017 61.15486270934343 94.13800877332687
    endloop
  endfacet
  facet normal 1 0 0
    outer loop
      vertex 1.200000000000017 33.537060774862766 57.064612343907356
      vertex 1.200000000000017 61.15486270934343 94.13800877332687
      vertex 1.200000000000017 33.352240934967995 57.41038594394922
    endloop
  endfacet
  facet normal 1 0 0
    outer loop
      vertex 1.200000000000017 34.08885953575373 56.512813583016396
      vertex 1.200000000000017 34.43463313579559 56.327993743121624
      vertex 1.200000000000017 61.15486270934343 94.13800877332687
    endloop
  endfacet
  facet normal 1 0 0
    outer loop
      vertex 1.200000000000017 34.43463313579559 56.327993743121624
      vertex 1.200000000000017 34.80981935560703 56.2141822502017
      vertex 1.200000000000017 61.15486270934343 94.13800877332687
    endloop
  endfacet
  facet normal 1 0 0
    outer loop
      vertex 1.200000000000017 35.20000000298023 56.17575281113386
      vertex 1.200000000000017 61.15486270934343 94.13800877332687
      vertex 1.200000000000017 34.80981935560703 56.2141822502017
    endloop
  endfacet
  facet normal 1 0 0
    outer loop
      vertex 1.200000000000017 33.20000000298023 58.17575281113386
      vertex 1.200000000000017 61.15486270934343 94.13800877332687
      vertex 1.200000000000017 33.20000000298023 70.76200969190955
    endloop
  endfacet
  facet normal 1 0 0
    outer loop
      vertex 1.200000000000017 35.20000000298023 56.17575281113386
      vertex 1.200000000000017 59.20000000298023 56.17575281113386
      vertex 1.200000000000017 60.900000000000006 93.57575280964375
    endloop
  endfacet
  facet normal 1 0 0
    outer loop
      vertex 1.200000000000017 35.20000000298023 56.17575281113386
      vertex 1.200000000000017 60.900000000000006 93.57575280964375
      vertex 1.200000000000017 61.15486270934343 94.13800877332687
    endloop
  endfacet
  facet normal 1 0 0
    outer loop
      vertex 1.200000000000017 60.31114047020674 56.512813583016396
      vertex 1.200000000000017 60.614213563501835 56.76153925061226
      vertex 1.200000000000017 60.900000000000006 82.17575280904771
    endloop
  endfacet
  facet normal 1 0 0
    outer loop
      vertex 1.200000000000017 60.614213563501835 56.76153925061226
      vertex 1.200000000000017 60.8629392310977 57.064612343907356
      vertex 1.200000000000017 60.900000000000006 82.17575280904771
    endloop
  endfacet
  facet normal 1 0 0
    outer loop
      vertex 1.200000000000017 60.8629392310977 57.064612343907356
      vertex 1.200000000000017 61.04775907099247 57.41038594394922
      vertex 1.200000000000017 60.900000000000006 82.17575280904771
    endloop
  endfacet
  facet normal 1 0 0
    outer loop
      vertex 1.200000000000017 59.20000000298023 56.17575281113386
      vertex 1.200000000000017 59.59018065035343 56.2141822502017
      vertex 1.200000000000017 60.900000000000006 93.57575280964375
    endloop
  endfacet
  facet normal 1 0 0
    outer loop
      vertex 1.200000000000017 59.59018065035343 56.2141822502017
      vertex 1.200000000000017 59.96536687016487 56.327993743121624
      vertex 1.200000000000017 60.900000000000006 93.57575280964375
    endloop
  endfacet
  facet normal 1 0 0
    outer loop
      vertex 1.200000000000017 61.04775907099247 57.41038594394922
      vertex 1.200000000000017 61.16157056391239 57.78557216376066
      vertex 1.200000000000017 60.900000000000006 82.17575280904771
    endloop
  endfacet
  facet normal 1 0 0
    outer loop
      vertex 1.200000000000017 61.16157056391239 57.78557216376066
      vertex 1.200000000000017 61.20000000298023 58.17575281113386
      vertex 1.200000000000017 60.900000000000006 82.17575280904771
    endloop
  endfacet
  facet normal 1 0 0
    outer loop
      vertex 1.200000000000017 61.20000000298023 58.17575281113386
      vertex 1.200000000000017 61.20000000298023 62.077499106526375
      vertex 1.200000000000017 60.900000000000006 82.17575280904771
    endloop
  endfacet
  facet normal 1 0 0
    outer loop
      vertex 1.200000000000017 59.96536687016487 56.327993743121624
      vertex 1.200000000000017 60.31114047020674 56.512813583016396
      vertex 1.200000000000017 60.900000000000006 93.57575280964375
    endloop
  endfacet
  facet normal 1 0 0
    outer loop
      vertex 1.200000000000017 61.20000000298023 62.077499106526375
      vertex 1.200000000000017 61.20929782837629 62.171901516616344
      vertex 1.200000000000017 60.900000000000006 82.17575280904771
    endloop
  endfacet
  facet normal 1 0 0
    outer loop
      vertex 1.200000000000017 61.20929782837629 62.171901516616344
      vertex 1.200000000000017 61.24001203477383 62.2093268930912
      vertex 1.200000000000017 70 100
    endloop
  endfacet
  facet normal 1 0 0
    outer loop
      vertex 1.200000000000017 60.31114047020674 56.512813583016396
      vertex 1.200000000000017 60.900000000000006 82.17575280904771
      vertex 1.200000000000017 60.900000000000006 93.57575280964375
    endloop
  endfacet
  facet normal 1 0 0
    outer loop
      vertex 1.200000000000017 60.900000000000006 93.57575280964375
      vertex 1.200000000000017 61.20000000298023 93.57575280964375
      vertex 1.200000000000017 61.15486270934343 94.13800877332687
    endloop
  endfacet
  facet normal 1 0 0
    outer loop
      vertex 1.200000000000017 61.20000000298023 93.57575280964375
      vertex 1.200000000000017 61.18772589415312 94.18083691596985
      vertex 1.200000000000017 61.15486270934343 94.13800877332687
    endloop
  endfacet
  facet normal 1 0 0
    outer loop
      vertex 1.200000000000017 61.20000000298023 93.57575280964375
      vertex 1.200000000000017 61.20000000298023 94.27406799048185
      vertex 1.200000000000017 61.18772589415312 94.18083691596985
    endloop
  endfacet
  facet normal 0 -1 0
    outer loop
      vertex 1.200000000000017 61.20000000298023 93.57575280964375
      vertex 12.600000000596054 61.20000000298023 93.57575280964375
      vertex 1.200000000000017 61.20000000298023 94.27406799048185
    endloop
  endfacet
  facet normal 1 0 0
    outer loop
      vertex 1.200000000000017 61.20929782837629 62.171901516616344
      vertex 1.200000000000017 63.9 82.17575280904771
      vertex 1.200000000000017 60.900000000000006 82.17575280904771
    endloop
  endfacet
  facet normal 1 0 0
    outer loop
      vertex 1.200000000000017 61.20929782837629 62.171901516616344
      vertex 1.200000000000017 70 100
      vertex 1.200000000000017 63.9 82.17575280904771
    endloop
  endfacet
  facet normal 1 0 0
    outer loop
      vertex 1.200000000000017 61.24001203477383 62.2093268930912
      vertex 1.200000000000017 70 69.55982956297603
      vertex 1.200000000000017 70 100
    endloop
  endfacet
  facet normal 1 0 0
    outer loop
      vertex 1.200000000000017 63.600000001490116 93.57575280964375
      vertex 1.200000000000017 63.9 93.57575280964375
      vertex 1.200000000000017 63.600000001490116 100
    endloop
  endfacet
  facet normal 1 0 0
    outer loop
      vertex 1.200000000000017 63.9 82.17575280904771
      vertex 1.200000000000017 70 100
      vertex 1.200000000000017 63.9 93.57575280964375
    endloop
  endfacet
  facet normal 1 0 0
    outer loop
      vertex 1.200000000000017 63.9 93.57575280964375
      vertex 1.200000000000017 70 100
      vertex 1.200000000000017 63.600000001490116 100
    endloop
  endfacet
  facet normal 0 0 1
    outer loop
      vertex 1.200000000000017 35.20000000298023 56.17575281113386
      vertex 44.160000000000025 35.20000000298023 56.17575281113386
      vertex 1.200000000000017 59.20000000298023 56.17575281113386
    endloop
  endfacet
  facet normal 0 -0.09801713918082348 0.9951847267853376
    outer loop
      vertex 1.200000000000017 59.20000000298023 56.17575281113386
      vertex 44.160000000000025 59.20000000298023 56.17575281113386
      vertex 1.200000000000017 59.59018065035343 56.2141822502017
    endloop
  endfacet
  facet normal 0 -0.29028467119332607 0.9569403375708344
    outer loop
      vertex 1.200000000000017 59.59018065035343 56.2141822502017
      vertex 44.160000000000025 59.59018065035343 56.2141822502017
      vertex 1.200000000000017 59.96536687016487 56.327993743121624
    endloop
  endfacet
  facet normal 0 -0.47139673713269076 0.8819212641844241
    outer loop
      vertex 1.200000000000017 59.96536687016487 56.327993743121624
      vertex 44.160000000000025 59.96536687016487 56.327993743121624
      vertex 1.200000000000017 60.31114047020674 56.512813583016396
    endloop
  endfacet
  facet normal 0 -0.6343932961394977 0.7730104435344091
    outer loop
      vertex 1.200000000000017 60.31114047020674 56.512813583016396
      vertex 44.160000000000025 60.31114047020674 56.512813583016396
      vertex 1.200000000000017 60.614213563501835 56.76153925061226
    endloop
  endfacet
  facet normal 0 -0.7730104435344091 0.6343932961394977
    outer loop
      vertex 1.200000000000017 60.614213563501835 56.76153925061226
      vertex 44.160000000000025 60.614213563501835 56.76153925061226
      vertex 1.200000000000017 60.8629392310977 57.064612343907356
    endloop
  endfacet
  facet normal 0 -0.8819212641844241 0.47139673713269076
    outer loop
      vertex 1.200000000000017 60.8629392310977 57.064612343907356
      vertex 44.160000000000025 60.8629392310977 57.064612343907356
      vertex 1.200000000000017 61.04775907099247 57.41038594394922
    endloop
  endfacet
  facet normal 0 -0.9569403375708344 0.29028467119332607
    outer loop
      vertex 1.200000000000017 61.04775907099247 57.41038594394922
      vertex 44.160000000000025 61.04775907099247 57.41038594394922
      vertex 1.200000000000017 61.16157056391239 57.78557216376066
    endloop
  endfacet
  facet normal 0 -0.9951847267853376 0.09801713918082348
    outer loop
      vertex 1.200000000000017 61.16157056391239 57.78557216376066
      vertex 44.160000000000025 61.16157056391239 57.78557216376066
      vertex 1.200000000000017 61.20000000298023 58.17575281113386
    endloop
  endfacet
  facet normal 0 -1 0
    outer loop
      vertex 1.200000000000017 61.20000000298023 58.17575281113386
      vertex 44.160000000000025 61.20000000298023 58.17575281113386
      vertex 1.200000000000017 61.20000000298023 62.077499106526375
    endloop
  endfacet
  facet normal 0 -0.9951847271390507 0.09801713558951387
    outer loop
      vertex 1.200000000000017 61.20000000298023 62.077499106526375
      vertex 44.160000000000025 61.20000000298023 62.077499106526375
      vertex 1.200000000000017 61.20929782837629 62.171901516616344
    endloop
  endfacet
  facet normal 0 -0.7730105173183575 0.6343932062334884
    outer loop
      vertex 1.200000000000017 61.20929782837629 62.171901516616344
      vertex 44.160000000000025 61.20929782837629 62.171901516616344
      vertex 1.200000000000017 61.24001203477383 62.2093268930912
    endloop
  endfacet
  facet normal 0 -0.642787609642722 0.766044443155745
    outer loop
      vertex 1.200000000000017 61.24001203477383 62.2093268930912
      vertex 44.160000000000025 61.24001203477383 62.2093268930912
      vertex 1.200000000000017 70 69.55982956297603
    endloop
  endfacet
  facet normal 0 1 0
    outer loop
      vertex 1.200000000000017 63.600000001490116 93.57575280964375
      vertex 1.200000000000017 63.600000001490116 100
      vertex 44.160000000000025 63.600000001490116 100
    endloop
  endfacet
  facet normal 0 -0.7730104706049635 -0.634393263153931
    outer loop
      vertex 11.530524118840702 61.269475877285004 92.5062769278884
      vertex 33.75614871055137 61.20929782837629 92.57960409671068
      vertex 11.603851287662991 61.20929782837629 92.57960409671068
    endloop
  endfacet
  facet normal 0 -0.9951847271390507 -0.09801713558951386
    outer loop
      vertex 11.603851287662991 61.20929782837629 92.57960409671068
      vertex 33.6617463004047 61.20000000298023 92.67400650680065
      vertex 11.69825369775296 61.20000000298023 92.67400650680065
    endloop
  endfacet
  facet normal 0 -1 0
    outer loop
      vertex 1.200000000000017 61.20000000298023 94.27406799048185
      vertex 12.600000000596054 61.20000000298023 93.57575280964375
      vertex 44.160000000000025 61.20000000298023 94.27406799048185
    endloop
  endfacet
  facet normal 0 -1 0
    outer loop
      vertex 11.69825369775296 61.20000000298023 92.67400650680065
      vertex 44.160000000000025 61.20000000298023 94.27406799048185
      vertex 12.600000000596054 61.20000000298023 93.57575280964375
    endloop
  endfacet
  facet normal 0 -0.7071067811865475 -0.7071067811865475
    outer loop
      vertex 9.269475876390942 63.530524119734764 90.24522868543863
      vertex 33.829475879417714 61.269475877285004 92.5062769278884
      vertex 11.530524118840702 61.269475877285004 92.5062769278884
    endloop
  endfacet
  facet normal 0 -0.6343933079284214 -0.773010433859489
    outer loop
      vertex 9.269475876390942 63.530524119734764 90.24522868543863
      vertex 9.218874684572228 63.59218184649944 90.19462749361992
      vertex 36.09052412322606 63.530524119734764 90.24522868543863
    endloop
  endfacet
  facet normal 0 0.9951847212440322 -0.09801719544262531
    outer loop
      vertex 9.218874684572228 63.59218184649944 90.19462749361992
      vertex 9.298253699243077 63.600000001490116 90.27400650829077
      vertex 36.14112531507516 63.59218184649944 90.19462749361992
    endloop
  endfacet
  facet normal 0 1 0
    outer loop
      vertex 9.298253699243077 63.600000001490116 90.27400650829077
      vertex 12.600000000596054 63.600000001490116 93.57575280964375
      vertex 36.06174630035662 63.600000001490116 90.27400650829077
    endloop
  endfacet
  facet normal 0 1 0
    outer loop
      vertex 1.200000000000017 63.600000001490116 93.57575280964375
      vertex 44.160000000000025 63.600000001490116 100
      vertex 12.600000000596054 63.600000001490116 93.57575280964375
    endloop
  endfacet
  facet normal 0 0.9569403375708344 0.29028467119332607
    outer loop
      vertex 1.200000000000017 33.352240934967995 57.41038594394922
      vertex 44.160000000000025 33.23842944204807 57.78557216376066
      vertex 44.160000000000025 33.352240934967995 57.41038594394922
    endloop
  endfacet
  facet normal 0 0.7730104435344091 0.6343932961394977
    outer loop
      vertex 1.200000000000017 33.78578644245863 56.76153925061226
      vertex 44.160000000000025 33.537060774862766 57.064612343907356
      vertex 44.160000000000025 33.78578644245863 56.76153925061226
    endloop
  endfacet
  facet normal 0 0.8819212641844241 0.47139673713269076
    outer loop
      vertex 1.200000000000017 33.537060774862766 57.064612343907356
      vertex 44.160000000000025 33.352240934967995 57.41038594394922
      vertex 44.160000000000025 33.537060774862766 57.064612343907356
    endloop
  endfacet
  facet normal 0 0.9951847267853376 0.09801713918082348
    outer loop
      vertex 1.200000000000017 33.23842944204807 57.78557216376066
      vertex 44.160000000000025 33.20000000298023 58.17575281113386
      vertex 44.160000000000025 33.23842944204807 57.78557216376066
    endloop
  endfacet
  facet normal 0 0.6343932961394977 0.7730104435344091
    outer loop
      vertex 1.200000000000017 34.08885953575373 56.512813583016396
      vertex 44.160000000000025 33.78578644245863 56.76153925061226
      vertex 44.160000000000025 34.08885953575373 56.512813583016396
    endloop
  endfacet
  facet normal 0 0.47139673713269076 0.8819212641844241
    outer loop
      vertex 1.200000000000017 34.43463313579559 56.327993743121624
      vertex 44.160000000000025 34.08885953575373 56.512813583016396
      vertex 44.160000000000025 34.43463313579559 56.327993743121624
    endloop
  endfacet
  facet normal 0 0.29028467119332607 0.9569403375708344
    outer loop
      vertex 1.200000000000017 34.80981935560703 56.2141822502017
      vertex 44.160000000000025 34.43463313579559 56.327993743121624
      vertex 44.160000000000025 34.80981935560703 56.2141822502017
    endloop
  endfacet
  facet normal 0 1 0
    outer loop
      vertex 44.160000000000025 33.20000000298023 58.17575281113386
      vertex 1.200000000000017 33.20000000298023 70.76200969190955
      vertex 44.160000000000025 33.20000000298023 70.76200969190955
    endloop
  endfacet
  facet normal -1 0 0
    outer loop
      vertex 44.160000000000025 33.352240934967995 57.41038594394922
      vertex 44.160000000000025 33.23842944204807 57.78557216376066
      vertex 44.160000000000025 33.20000000298023 70.76200969190955
    endloop
  endfacet
  facet normal -1 0 0
    outer loop
      vertex 44.160000000000025 33.23842944204807 57.78557216376066
      vertex 44.160000000000025 33.20000000298023 58.17575281113386
      vertex 44.160000000000025 33.20000000298023 70.76200969190955
    endloop
  endfacet
  facet normal -1 0 0
    outer loop
      vertex 44.160000000000025 33.537060774862766 57.064612343907356
      vertex 44.160000000000025 33.20000000298023 70.76200969190955
      vertex 44.160000000000025 33.78578644245863 56.76153925061226
    endloop
  endfacet
  facet normal -1 0 0
    outer loop
      vertex 44.160000000000025 33.78578644245863 56.76153925061226
      vertex 44.160000000000025 33.20000000298023 70.76200969190955
      vertex 44.160000000000025 34.08885953575373 56.512813583016396
    endloop
  endfacet
  facet normal -1 0 0
    outer loop
      vertex 44.160000000000025 33.537060774862766 57.064612343907356
      vertex 44.160000000000025 33.352240934967995 57.41038594394922
      vertex 44.160000000000025 33.20000000298023 70.76200969190955
    endloop
  endfacet
  facet normal -1 0 0
    outer loop
      vertex 44.160000000000025 34.08885953575373 56.512813583016396
      vertex 44.160000000000025 33.20000000298023 70.76200969190955
      vertex 44.160000000000025 34.43463313579559 56.327993743121624
    endloop
  endfacet
  facet normal -1 0 0
    outer loop
      vertex 44.160000000000025 34.43463313579559 56.327993743121624
      vertex 44.160000000000025 33.20000000298023 70.76200969190955
      vertex 44.160000000000025 34.80981935560703 56.2141822502017
    endloop
  endfacet
  facet normal -1 0 0
    outer loop
      vertex 44.160000000000025 35.20000000298023 56.17575281113386
      vertex 44.160000000000025 34.80981935560703 56.2141822502017
      vertex 44.160000000000025 33.20000000298023 70.76200969190955
    endloop
  endfacet
  facet normal 0 0.09801713918082348 0.9951847267853376
    outer loop
      vertex 1.200000000000017 35.20000000298023 56.17575281113386
      vertex 44.160000000000025 34.80981935560703 56.2141822502017
      vertex 44.160000000000025 35.20000000298023 56.17575281113386
    endloop
  endfacet
  facet normal 0 0 1
    outer loop
      vertex 44.160000000000025 35.20000000298023 56.17575281113386
      vertex 44.160000000000025 59.20000000298023 56.17575281113386
      vertex 1.200000000000017 59.20000000298023 56.17575281113386
    endloop
  endfacet
  facet normal 0 -0.09801713918082348 0.9951847267853376
    outer loop
      vertex 1.200000000000017 59.59018065035343 56.2141822502017
      vertex 44.160000000000025 59.20000000298023 56.17575281113386
      vertex 44.160000000000025 59.59018065035343 56.2141822502017
    endloop
  endfacet
  facet normal 0 -0.29028467119332607 0.9569403375708344
    outer loop
      vertex 1.200000000000017 59.96536687016487 56.327993743121624
      vertex 44.160000000000025 59.59018065035343 56.2141822502017
      vertex 44.160000000000025 59.96536687016487 56.327993743121624
    endloop
  endfacet
  facet normal 0 -0.47139673713269076 0.8819212641844241
    outer loop
      vertex 1.200000000000017 60.31114047020674 56.512813583016396
      vertex 44.160000000000025 59.96536687016487 56.327993743121624
      vertex 44.160000000000025 60.31114047020674 56.512813583016396
    endloop
  endfacet
  facet normal 0 -0.6343932961394977 0.7730104435344091
    outer loop
      vertex 1.200000000000017 60.614213563501835 56.76153925061226
      vertex 44.160000000000025 60.31114047020674 56.512813583016396
      vertex 44.160000000000025 60.614213563501835 56.76153925061226
    endloop
  endfacet
  facet normal 0 -0.7730104435344091 0.6343932961394977
    outer loop
      vertex 1.200000000000017 60.8629392310977 57.064612343907356
      vertex 44.160000000000025 60.614213563501835 56.76153925061226
      vertex 44.160000000000025 60.8629392310977 57.064612343907356
    endloop
  endfacet
  facet normal 0 -0.8819212641844241 0.47139673713269076
    outer loop
      vertex 1.200000000000017 61.04775907099247 57.41038594394922
      vertex 44.160000000000025 60.8629392310977 57.064612343907356
      vertex 44.160000000000025 61.04775907099247 57.41038594394922
    endloop
  endfacet
  facet normal 0 -0.9569403375708344 0.29028467119332607
    outer loop
      vertex 1.200000000000017 61.16157056391239 57.78557216376066
      vertex 44.160000000000025 61.04775907099247 57.41038594394922
      vertex 44.160000000000025 61.16157056391239 57.78557216376066
    endloop
  endfacet
  facet normal 0 -0.9951847267853376 0.09801713918082348
    outer loop
      vertex 1.200000000000017 61.20000000298023 58.17575281113386
      vertex 44.160000000000025 61.16157056391239 57.78557216376066
      vertex 44.160000000000025 61.20000000298023 58.17575281113386
    endloop
  endfacet
  facet normal 0 -1 0
    outer loop
      vertex 1.200000000000017 61.20000000298023 62.077499106526375
      vertex 44.160000000000025 61.20000000298023 58.17575281113386
      vertex 44.160000000000025 61.20000000298023 62.077499106526375
    endloop
  endfacet
  facet normal 0 -0.9951847271390507 0.09801713558951387
    outer loop
      vertex 1.200000000000017 61.20929782837629 62.171901516616344
      vertex 44.160000000000025 61.20000000298023 62.077499106526375
      vertex 44.160000000000025 61.20929782837629 62.171901516616344
    endloop
  endfacet
  facet normal 0 -0.7730105173183575 0.6343932062334884
    outer loop
      vertex 1.200000000000017 61.24001203477383 62.2093268930912
      vertex 44.160000000000025 61.20929782837629 62.171901516616344
      vertex 44.160000000000025 61.24001203477383 62.2093268930912
    endloop
  endfacet
  facet normal 0 -0.642787609642722 0.766044443155745
    outer loop
      vertex 44.160000000000025 61.24001203477383 62.2093268930912
      vertex 44.160000000000025 70 69.55982956297603
      vertex 1.200000000000017 70 69.55982956297603
    endloop
  endfacet
  facet normal 0 -1 0
    outer loop
      vertex 11.69825369775296 61.20000000298023 92.67400650680065
      vertex 33.6617463004047 61.20000000298023 92.67400650680065
      vertex 32.759999997019776 61.20000000298023 93.57575280964375
    endloop
  endfacet
  facet normal 0 -0.7730104706049636 -0.6343932631539311
    outer loop
      vertex 11.530524118840702 61.269475877285004 92.5062769278884
      vertex 33.829475879417714 61.269475877285004 92.5062769278884
      vertex 33.75614871055137 61.20929782837629 92.57960409671068
    endloop
  endfacet
  facet normal 0 -0.9951847271390508 -0.09801713558951387
    outer loop
      vertex 11.603851287662991 61.20929782837629 92.57960409671068
      vertex 33.75614871055137 61.20929782837629 92.57960409671068
      vertex 33.6617463004047 61.20000000298023 92.67400650680065
    endloop
  endfacet
  facet normal 0 -0.7071067811865475 -0.7071067811865475
    outer loop
      vertex 9.269475876390942 63.530524119734764 90.24522868543863
      vertex 36.09052412322606 63.530524119734764 90.24522868543863
      vertex 33.829475879417714 61.269475877285004 92.5062769278884
    endloop
  endfacet
  facet normal 0 -0.6343933079284213 -0.773010433859489
    outer loop
      vertex 9.218874684572228 63.59218184649944 90.19462749361992
      vertex 36.14112531507516 63.59218184649944 90.19462749361992
      vertex 36.09052412322606 63.530524119734764 90.24522868543863
    endloop
  endfacet
  facet normal 0 0.9951847212440321 -0.0980171954426253
    outer loop
      vertex 9.298253699243077 63.600000001490116 90.27400650829077
      vertex 36.06174630035662 63.600000001490116 90.27400650829077
      vertex 36.14112531507516 63.59218184649944 90.19462749361992
    endloop
  endfacet
  facet normal 0 1 0
    outer loop
      vertex 12.600000000596054 63.600000001490116 93.57575280964375
      vertex 32.759999997019776 63.600000001490116 93.57575280964375
      vertex 36.06174630035662 63.600000001490116 90.27400650829077
    endloop
  endfacet
  facet normal 0 -1 0
    outer loop
      vertex 11.69825369775296 61.20000000298023 92.67400650680065
      vertex 32.759999997019776 61.20000000298023 93.57575280964375
      vertex 44.160000000000025 61.20000000298023 94.27406799048185
    endloop
  endfacet
  facet normal 0 1 0
    outer loop
      vertex 12.600000000596054 63.600000001490116 93.57575280964375
      vertex 44.160000000000025 63.600000001490116 100
      vertex 32.759999997019776 63.600000001490116 93.57575280964375
    endloop
  endfacet
  facet normal -1 0 0
    outer loop
      vertex 44.160000000000025 35.20000000298023 56.17575281113386
      vertex 44.160000000000025 33.20000000298023 70.76200969190955
      vertex 44.160000000000025 59.20000000298023 56.17575281113386
    endloop
  endfacet
  facet normal -1 0 0
    outer loop
      vertex 44.160000000000025 59.20000000298023 56.17575281113386
      vertex 44.160000000000025 33.20000000298023 70.76200969190955
      vertex 44.160000000000025 59.59018065035343 56.2141822502017
    endloop
  endfacet
  facet normal -1 0 0
    outer loop
      vertex 44.160000000000025 59.59018065035343 56.2141822502017
      vertex 44.160000000000025 33.20000000298023 70.76200969190955
      vertex 44.160000000000025 59.96536687016487 56.327993743121624
    endloop
  endfacet
  facet normal -1 0 0
    outer loop
      vertex 44.160000000000025 59.96536687016487 56.327993743121624
      vertex 44.160000000000025 33.20000000298023 70.76200969190955
      vertex 44.160000000000025 60.31114047020674 56.512813583016396
    endloop
  endfacet
  facet normal -1 0 0
    outer loop
      vertex 44.160000000000025 60.31114047020674 56.512813583016396
      vertex 44.160000000000025 33.20000000298023 70.76200969190955
      vertex 44.160000000000025 60.614213563501835 56.76153925061226
    endloop
  endfacet
  facet normal -1 0 0
    outer loop
      vertex 44.160000000000025 60.614213563501835 56.76153925061226
      vertex 44.160000000000025 33.20000000298023 70.76200969190955
      vertex 44.160000000000025 60.8629392310977 57.064612343907356
    endloop
  endfacet
  facet normal -1 0 0
    outer loop
      vertex 44.160000000000025 60.8629392310977 57.064612343907356
      vertex 44.160000000000025 33.20000000298023 70.76200969190955
      vertex 44.160000000000025 61.04775907099247 57.41038594394922
    endloop
  endfacet
  facet normal -1 0 0
    outer loop
      vertex 44.160000000000025 61.04775907099247 57.41038594394922
      vertex 44.160000000000025 33.20000000298023 70.76200969190955
      vertex 44.160000000000025 61.16157056391239 57.78557216376066
    endloop
  endfacet
  facet normal -1 0 0
    outer loop
      vertex 44.160000000000025 61.16157056391239 57.78557216376066
      vertex 44.160000000000025 33.20000000298023 70.76200969190955
      vertex 44.160000000000025 61.20000000298023 58.17575281113386
    endloop
  endfacet
  facet normal -1 0 0
    outer loop
      vertex 44.160000000000025 61.20000000298023 58.17575281113386
      vertex 44.160000000000025 33.20000000298023 70.76200969190955
      vertex 44.160000000000025 60.900000000000006 82.17575281351323
    endloop
  endfacet
  facet normal -1 0 0
    outer loop
      vertex 44.160000000000025 33.20000000298023 70.76200969190955
      vertex 44.160000000000025 60.900000000000006 93.57575280964375
      vertex 44.160000000000025 60.900000000000006 82.17575281351323
    endloop
  endfacet
  facet normal -1 0 0
    outer loop
      vertex 44.160000000000025 33.20000000298023 70.76200969190955
      vertex 44.160000000000025 61.15486270934343 94.13800877332687
      vertex 44.160000000000025 60.900000000000006 93.57575280964375
    endloop
  endfacet
  facet normal -1 0 0
    outer loop
      vertex 44.160000000000025 61.20000000298023 58.17575281113386
      vertex 44.160000000000025 60.900000000000006 82.17575281351323
      vertex 44.160000000000025 61.20000000298023 62.077499106526375
    endloop
  endfacet
  facet normal -1 0 0
    outer loop
      vertex 44.160000000000025 61.20000000298023 62.077499106526375
      vertex 44.160000000000025 60.900000000000006 82.17575281351323
      vertex 44.160000000000025 61.20929782837629 62.171901516616344
    endloop
  endfacet
  facet normal -1 0 0
    outer loop
      vertex 44.160000000000025 61.20929782837629 62.171901516616344
      vertex 44.160000000000025 70 100
      vertex 44.160000000000025 61.24001203477383 62.2093268930912
    endloop
  endfacet
  facet normal 0 -1 0
    outer loop
      vertex 32.759999997019776 61.20000000298023 93.57575280964375
      vertex 44.160000000000025 61.20000000298023 93.57575280964375
      vertex 44.160000000000025 61.20000000298023 94.27406799048185
    endloop
  endfacet
  facet normal 0 1 0
    outer loop
      vertex 32.759999997019776 63.600000001490116 93.57575280964375
      vertex 44.160000000000025 63.600000001490116 100
      vertex 44.160000000000025 63.600000001490116 93.57575280964375
    endloop
  endfacet
  facet normal -1 0 0
    outer loop
      vertex 44.160000000000025 60.900000000000006 93.57575280964375
      vertex 44.160000000000025 61.18772589415312 94.18083691596985
      vertex 44.160000000000025 61.20000000298023 93.57575280964375
    endloop
  endfacet
  facet normal -1 0 0
    outer loop
      vertex 44.160000000000025 60.900000000000006 93.57575280964375
      vertex 44.160000000000025 61.15486270934343 94.13800877332687
      vertex 44.160000000000025 61.18772589415312 94.18083691596985
    endloop
  endfacet
  facet normal -1 0 0
    outer loop
      vertex 44.160000000000025 61.20000000298023 93.57575280964375
      vertex 44.160000000000025 61.18772589415312 94.18083691596985
      vertex 44.160000000000025 61.20000000298023 94.27406799048185
    endloop
  endfacet
  facet normal -1 0 0
    outer loop
      vertex 44.160000000000025 61.20929782837629 62.171901516616344
      vertex 44.160000000000025 60.900000000000006 82.17575281351323
      vertex 44.160000000000025 63.9 82.17575281351323
    endloop
  endfacet
  facet normal -1 0 0
    outer loop
      vertex 44.160000000000025 61.20929782837629 62.171901516616344
      vertex 44.160000000000025 63.9 82.17575281351323
      vertex 44.160000000000025 70 100
    endloop
  endfacet
  facet normal -1 0 0
    outer loop
      vertex 44.160000000000025 61.24001203477383 62.2093268930912
      vertex 44.160000000000025 70 100
      vertex 44.160000000000025 70 69.55982956297603
    endloop
  endfacet
  facet normal -1 0 0
    outer loop
      vertex 44.160000000000025 63.9 82.17575281351323
      vertex 44.160000000000025 63.9 93.57575280964375
      vertex 44.160000000000025 70 100
    endloop
  endfacet
  facet normal -1 0 0
    outer loop
      vertex 44.160000000000025 63.600000001490116 93.57575280964375
      vertex 44.160000000000025 70 100
      vertex 44.160000000000025 63.9 93.57575280964375
    endloop
  endfacet
  facet normal -1 0 0
    outer loop
      vertex 44.160000000000025 63.600000001490116 93.57575280964375
      vertex 44.160000000000025 63.600000001490116 100
      vertex 44.160000000000025 70 100
    endloop
  endfacet
  facet normal 0 -1 0
    outer loop
      vertex 4.680000000000007 0 6.7
      vertex 4.680000000000007 0 19.3
      vertex 0 0 0
    endloop
  endfacet
  facet normal 0 -1 0
    outer loop
      vertex 1.83194702029229 0 32.635709658265114
      vertex 1.6204611203074535 0 32.971406772732735
      vertex 0 0 0
    endloop
  endfacet
  facet normal 0 -1 0
    outer loop
      vertex 2.3190711429715236 0 32.009852565824986
      vertex 2.0651569506526073 0 32.3147237226367
      vertex 0 0 0
    endloop
  endfacet
  facet normal 0 -1 0
    outer loop
      vertex 1.83194702029229 0 32.635709658265114
      vertex 0 0 0
      vertex 2.0651569506526073 0 32.3147237226367
    endloop
  endfacet
  facet normal 0 -1 0
    outer loop
      vertex 1.0087465411424716 0 34.43112035095692
      vertex 0 0 0
      vertex 1.1250965511798938 0 34.051803186535835
    endloop
  endfacet
  facet normal 0 -1 0
    outer loop
      vertex 0.9177202051878055 0 34.81729783862829
      vertex 0.8524155905842861 0 35.20864697545767
      vertex 0 0 0
    endloop
  endfacet
  facet normal 0 -1 0
    outer loop
      vertex 1.0087465411424716 0 34.43112035095692
      vertex 0.9177202051878055 0 34.81729783862829
      vertex 0 0 0
    endloop
  endfacet
  facet normal 0 -1 0
    outer loop
      vertex 0.8131182408332904 0 35.60345649719238
      vertex 0.8000000035762866 0 36
      vertex 0 0 0
    endloop
  endfacet
  facet normal 0 -1 0
    outer loop
      vertex 0.8524155905842861 0 35.20864697545767
      vertex 0.8131182408332904 0 35.60345649719238
      vertex 0 0 0
    endloop
  endfacet
  facet normal 0 -1 0
    outer loop
      vertex 1.266261472404011 0 33.681004986166954
      vertex 1.1250965511798938 0 34.051803186535835
      vertex 0 0 0
    endloop
  endfacet
  facet normal 0 -1 0
    outer loop
      vertex 1.4316240242123683 0 33.32034716010094
      vertex 1.266261472404011 0 33.681004986166954
      vertex 0 0 0
    endloop
  endfacet
  facet normal 0 -1 0
    outer loop
      vertex 1.6204611203074535 0 32.971406772732735
      vertex 1.4316240242123683 0 33.32034716010094
      vertex 0 0 0
    endloop
  endfacet
  facet normal 0 -1 0
    outer loop
      vertex 2.8844854375720104 0 31.45371077954769
      vertex 2.5925792968273242 0 31.7224293127656
      vertex 0 0 0
    endloop
  endfacet
  facet normal 0 -1 0
    outer loop
      vertex 2.5925792968273242 0 31.7224293127656
      vertex 2.3190711429715236 0 32.009852565824986
      vertex 0 0 0
    endloop
  endfacet
  facet normal 0 -1 0
    outer loop
      vertex 2.8844854375720104 0 31.45371077954769
      vertex 0 0 0
      vertex 3.193513116836556 0 31.204872019588947
    endloop
  endfacet
  facet normal 0 -1 0
    outer loop
      vertex 3.193513116836556 0 31.204872019588947
      vertex 0 0 0
      vertex 3.518311052620419 0 30.977001130580902
    endloop
  endfacet
  facet normal 0 -1 0
    outer loop
      vertex 3.857458977997311 0 30.771094538271427
      vertex 3.518311052620419 0 30.977001130580902
      vertex 0 0 0
    endloop
  endfacet
  facet normal 0 -1 0
    outer loop
      vertex 3.857458977997311 0 30.771094538271427
      vertex 0 0 0
      vertex 4.209473892152317 0 30.58805261552334
    endloop
  endfacet
  facet normal 0 -1 0
    outer loop
      vertex 4.209473892152317 0 30.58805261552334
      vertex 0 0 0
      vertex 4.572816512584694 0 30.428675770759583
    endloop
  endfacet
  facet normal 0 -1 0
    outer loop
      vertex 4.680000000000007 0 19.3
      vertex 5.327087081074723 0 30.183598406612873
      vertex 0 0 0
    endloop
  endfacet
  facet normal 0 -1 0
    outer loop
      vertex 4.572816512584694 0 30.428675770759583
      vertex 0 0 0
      vertex 4.9458980402350505 0 30.293660901486874
    endloop
  endfacet
  facet normal 0 -1 0
    outer loop
      vertex 5.327087081074723 0 30.183598406612873
      vertex 4.9458980402350505 0 30.293660901486874
      vertex 0 0 0
    endloop
  endfacet
  facet normal 0 -1 0
    outer loop
      vertex 0.8000000035762866 0 36
      vertex 0.8000000035762866 0 42.29898474365473
      vertex 0 0 0
    endloop
  endfacet
  facet normal 0 -1 0
    outer loop
      vertex 0.8000000035762866 0 42.29898474365473
      vertex 0 0 42.29898474365473
      vertex 0 0 0
    endloop
  endfacet
  facet normal 0 -1 0
    outer loop
      vertex 4.680000000000007 0 19.3
      vertex 5.714716798663147 0 30.09896954894066
      vertex 5.327087081074723 0 30.183598406612873
    endloop
  endfacet
  facet normal 0 -1 0
    outer loop
      vertex 4.680000000000007 0 19.3
      vertex 6.107092178463944 0 30.04014439880848
      vertex 5.714716798663147 0 30.09896954894066
    endloop
  endfacet
  facet normal 0 -1 0
    outer loop
      vertex 4.680000000000007 0 19.3
      vertex 6.502497478425511 0 30.007380187511444
      vertex 6.107092178463944 0 30.04014439880848
    endloop
  endfacet
  facet normal 0 -0.9990107610552723 0.04446908247047145
    outer loop
      vertex 0.8000000035762866 0.0059324949979782104 42.43225995451212
      vertex 0 0.0059324949979782104 42.43225995451212
      vertex 0 0 42.29898474365473
    endloop
  endfacet
  facet normal 0 -0.975926431275309 0.21809997876716866
    outer loop
      vertex 0.8000000035762866 0.09133577346801758 42.81441183388233
      vertex 0 0.09133577346801758 42.81441183388233
      vertex 0 0.0059324949979782104 42.43225995451212
    endloop
  endfacet
  facet normal 0 -0.8862241181325587 0.4632567457039008
    outer loop
      vertex 0.8000000035762866 0.27273719012737274 43.16143821179867
      vertex 0 0.27273719012737274 43.16143821179867
      vertex 0 0.09133577346801758 42.81441183388233
    endloop
  endfacet
  facet normal 0 -0.7361270954086057 0.6768433344617423
    outer loop
      vertex 0.8000000035762866 0.5377745404839516 43.44968981295824
      vertex 0 0.5377745404839516 43.44968981295824
      vertex 0 0.27273719012737274 43.16143821179867
    endloop
  endfacet
  facet normal 0 -0.9990107610552723 0.04446908247047145
    outer loop
      vertex 0.8000000035762866 0 42.29898474365473
      vertex 0.8000000035762866 0.0059324949979782104 42.43225995451212
      vertex 0 0 42.29898474365473
    endloop
  endfacet
  facet normal 0 -0.975926431275309 0.21809997876716866
    outer loop
      vertex 0.8000000035762866 0.0059324949979782104 42.43225995451212
      vertex 0.8000000035762866 0.09133577346801758 42.81441183388233
      vertex 0 0.0059324949979782104 42.43225995451212
    endloop
  endfacet
  facet normal 0 -0.8862241181325587 0.4632567457039008
    outer loop
      vertex 0.8000000035762866 0.09133577346801758 42.81441183388233
      vertex 0.8000000035762866 0.27273719012737274 43.16143821179867
      vertex 0 0.09133577346801758 42.81441183388233
    endloop
  endfacet
  facet normal 0 -0.7361270954086057 0.6768433344617423
    outer loop
      vertex 0.8000000035762866 0.27273719012737274 43.16143821179867
      vertex 0.8000000035762866 0.5377745404839516 43.44968981295824
      vertex 0 0.27273719012737274 43.16143821179867
    endloop
  endfacet
  facet normal 0 -0.641483641311104 0.7671367139762293
    outer loop
      vertex 0.8000000035762866 0.5377745404839516 43.44968981295824
      vertex 0.8000000035762866 3.8 46.17757941649635
      vertex 0 0.5377745404839516 43.44968981295824
    endloop
  endfacet
  facet normal 0 -1 0
    outer loop
      vertex 4.680000000000007 0 19.3
      vertex 6.800000003576287 0 30
      vertex 6.502497478425511 0 30.007380187511444
    endloop
  endfacet
  facet normal 0 -1 0
    outer loop
      vertex 4.680000000000007 0 6.7
      vertex 0 0 0
      vertex 43.96000000000001 0 0
    endloop
  endfacet
  facet normal 0 -1 0
    outer loop
      vertex 4.680000000000007 0 19.3
      vertex 40.68000000000001 0 19.3
      vertex 6.800000003576287 0 30
    endloop
  endfacet
  facet normal 0 0 -1
    outer loop
      vertex 27.629872981077824 12.5 0
      vertex 0 0 0
      vertex 27.340602337443585 13.08658283817455 0
    endloop
  endfacet
  facet normal 0 0 -1
    outer loop
      vertex 27.993233298543828 11.956192854956397 0
      vertex 0 0 0
      vertex 27.629872981077824 12.5 0
    endloop
  endfacet
  facet normal 0 0 -1
    outer loop
      vertex 27.993233298543828 11.956192854956397 0
      vertex 28.42446609406727 11.464466094067262 0
      vertex 0 0 0
    endloop
  endfacet
  facet normal 0 0 -1
    outer loop
      vertex 28.42446609406727 11.464466094067262 0
      vertex 28.916192854956392 11.033233298543824 0
      vertex 0 0 0
    endloop
  endfacet
  facet normal 0 0 -1
    outer loop
      vertex 29.460000000000008 10.669872981077807 0
      vertex 0 0 0
      vertex 28.916192854956392 11.033233298543824 0
    endloop
  endfacet
  facet normal 0 0 -1
    outer loop
      vertex 29.460000000000008 10.669872981077807 0
      vertex 30.046582838174572 10.380602337443566 0
      vertex 0 0 0
    endloop
  endfacet
  facet normal 0 0 -1
    outer loop
      vertex 30.046582838174572 10.380602337443566 0
      vertex 30.665904774487416 10.17037086855466 0
      vertex 0 0 0
    endloop
  endfacet
  facet normal 0 0 -1
    outer loop
      vertex 30.665904774487416 10.17037086855466 0
      vertex 31.307369038899736 10.042775693130949 0
      vertex 0 0 0
    endloop
  endfacet
  facet normal 0 0 -1
    outer loop
      vertex 31.307369038899736 10.042775693130949 0
      vertex 31.960000000000008 10 0
      vertex 0 0 0
    endloop
  endfacet
  facet normal 0 0 -1
    outer loop
      vertex 27.340602337443585 13.08658283817455 0
      vertex 0 0 0
      vertex 27.130370868554678 13.705904774487397 0
    endloop
  endfacet
  facet normal 0 0 -1
    outer loop
      vertex 27.130370868554678 13.705904774487397 0
      vertex 0 0 0
      vertex 27.002775693130957 14.347369038899743 0
    endloop
  endfacet
  facet normal 0 0 -1
    outer loop
      vertex 27.002775693130957 14.347369038899743 0
      vertex 0 0 0
      vertex 26.960000000000008 15 0
    endloop
  endfacet
  facet normal 0 0 -1
    outer loop
      vertex 26.960000000000008 15 0
      vertex 0 0 0
      vertex 27.002775693130957 15.652630961100257 0
    endloop
  endfacet
  facet normal 0 0 -1
    outer loop
      vertex 27.002775693130957 15.652630961100257 0
      vertex 0 0 0
      vertex 27.130370868554678 16.294095225512603 0
    endloop
  endfacet
  facet normal 0 0 -1
    outer loop
      vertex 27.130370868554678 16.294095225512603 0
      vertex 0 0 0
      vertex 27.340602337443585 16.91341716182545 0
    endloop
  endfacet
  facet normal 0 0 -1
    outer loop
      vertex 27.340602337443585 16.91341716182545 0
      vertex 0 0 0
      vertex 27.629872981077824 17.5 0
    endloop
  endfacet
  facet normal 0 0 -1
    outer loop
      vertex 27.629872981077824 17.5 0
      vertex 0 0 0
      vertex 27.993233298543828 18.0438071450436 0
    endloop
  endfacet
  facet normal 0 0 -1
    outer loop
      vertex 27.993233298543828 18.0438071450436 0
      vertex 0 0 0
      vertex 28.42446609406727 18.535533905932738 0
    endloop
  endfacet
  facet normal -1.0743147911879023e-15 -0.6414836413111039 0.7671367139762294
    outer loop
      vertex 0.8000000035762866 3.8 46.17757941649635
      vertex 1.200000000000017 30.799999997019768 68.75511741974816
      vertex 0 0.5377745404839516 43.44968981295824
    endloop
  endfacet
  facet normal 0 -0.6414836413111038 0.7671367139762293
    outer loop
      vertex 0.8000000035762866 3.8 46.17757941649635
      vertex 1.200000000000017 3.8 46.17757941649635
      vertex 1.200000000000017 30.799999997019768 68.75511741974816
    endloop
  endfacet
  facet normal -9.463253786405344e-14 -0.6414836413111016 0.7671367139762313
    outer loop
      vertex 1.200000000000017 30.799999997019768 68.75511741974816
      vertex 1.200000000000017 33.20000000298023 70.76200969190955
      vertex 0 0.5377745404839516 43.44968981295824
    endloop
  endfacet
  facet normal 2.599826370942859e-15 -0.6414836413111036 0.7671367139762294
    outer loop
      vertex 1.200000000000017 33.20000000298023 70.76200969190955
      vertex 1.200000000000017 61.15486270934343 94.13800877332687
      vertex 0 0.5377745404839516 43.44968981295824
    endloop
  endfacet
  facet normal 2.537632306567434e-16 -0.6414836413111017 0.7671367139762312
    outer loop
      vertex 1.200000000000017 30.799999997019768 68.75511741974816
      vertex 44.160000000000025 30.799999997019768 68.75511741974815
      vertex 1.200000000000017 33.20000000298023 70.76200969190955
    endloop
  endfacet
  facet normal 0 0 -1
    outer loop
      vertex 0 0 0
      vertex 0 70 0
      vertex 46.96000000000001 70 0
    endloop
  endfacet
  facet normal 0 -0.6414836413111037 0.7671367139762295
    outer loop
      vertex 1.200000000000017 61.15486270934343 94.13800877332687
      vertex 0 61.15486270934343 94.13800877332687
      vertex 0 0.5377745404839516 43.44968981295824
    endloop
  endfacet
  facet normal 0 -0.7933533839972166 0.6087613720499728
    outer loop
      vertex 1.200000000000017 61.18772589415312 94.18083691596985
      vertex 0 61.18772589415312 94.18083691596985
      vertex 0 61.15486270934343 94.13800877332687
    endloop
  endfacet
  facet normal 0 -0.991444854472488 0.13052624464078955
    outer loop
      vertex 1.200000000000017 61.20000000298023 94.27406799048185
      vertex 0 61.20000000298023 94.27406799048185
      vertex 0 61.18772589415312 94.18083691596985
    endloop
  endfacet
  facet normal 0 -1 0
    outer loop
      vertex 1.200000000000017 61.20000000298023 94.27406799048185
      vertex 0 61.20000000298023 100
      vertex 0 61.20000000298023 94.27406799048185
    endloop
  endfacet
  facet normal 0 -0.7933533839972166 0.6087613720499728
    outer loop
      vertex 1.200000000000017 61.15486270934343 94.13800877332687
      vertex 1.200000000000017 61.18772589415312 94.18083691596985
      vertex 0 61.15486270934343 94.13800877332687
    endloop
  endfacet
  facet normal 0 -0.991444854472488 0.13052624464078955
    outer loop
      vertex 1.200000000000017 61.18772589415312 94.18083691596985
      vertex 1.200000000000017 61.20000000298023 94.27406799048185
      vertex 0 61.18772589415312 94.18083691596985
    endloop
  endfacet
  facet normal 0 -1 0
    outer loop
      vertex 1.200000000000017 61.20000000298023 94.27406799048185
      vertex 44.160000000000025 61.20000000298023 94.27406799048185
      vertex 0 61.20000000298023 100
    endloop
  endfacet
  facet normal 0 0 -1
    outer loop
      vertex 31.960000000000008 10 0
      vertex 43.96000000000001 0 0
      vertex 0 0 0
    endloop
  endfacet
  facet normal 0 -1 0
    outer loop
      vertex 4.680000000000007 0 6.7
      vertex 43.96000000000001 0 0
      vertex 40.68000000000001 0 6.7
    endloop
  endfacet
  facet normal 0 -1 0
    outer loop
      vertex 6.800000003576287 0 30
      vertex 40.68000000000001 0 19.3
      vertex 38.560000001490124 0 30
    endloop
  endfacet
  facet normal 0 0 -1
    outer loop
      vertex 28.42446609406727 18.535533905932738 0
      vertex 0 0 0
      vertex 46.96000000000001 70 0
    endloop
  endfacet
  facet normal 0 0 -1
    outer loop
      vertex 31.960000000000008 10 0
      vertex 32.61263096110028 10.042775693130949 0
      vertex 43.96000000000001 0 0
    endloop
  endfacet
  facet normal 0 0 -1
    outer loop
      vertex 32.61263096110028 10.042775693130949 0
      vertex 33.2540952255126 10.17037086855466 0
      vertex 43.96000000000001 0 0
    endloop
  endfacet
  facet normal 0 0 -1
    outer loop
      vertex 33.2540952255126 10.17037086855466 0
      vertex 33.873417161825444 10.380602337443566 0
      vertex 43.96000000000001 0 0
    endloop
  endfacet
  facet normal 0 0 -1
    outer loop
      vertex 33.873417161825444 10.380602337443566 0
      vertex 34.46000000000001 10.669872981077807 0
      vertex 45.863179854154595 0.6809686422348022 0
    endloop
  endfacet
  facet normal 0 0 -1
    outer loop
      vertex 33.873417161825444 10.380602337443566 0
      vertex 44.25405142366887 0.014445818960666656 0
      vertex 43.96000000000001 0 0
    endloop
  endfacet
  facet normal 0 0 -1
    outer loop
      vertex 33.873417161825444 10.380602337443566 0
      vertex 44.54527096360923 0.057644158601760864 0
      vertex 44.25405142366887 0.014445818960666656 0
    endloop
  endfacet
  facet normal 0 0 -1
    outer loop
      vertex 33.873417161825444 10.380602337443566 0
      vertex 44.83085403501988 0.1291789934039116 0
      vertex 44.54527096360923 0.057644158601760864 0
    endloop
  endfacet
  facet normal 0 0 -1
    outer loop
      vertex 34.46000000000001 10.669872981077807 0
      vertex 35.00380714504362 11.033233298543824 0
      vertex 45.863179854154595 0.6809686422348022 0
    endloop
  endfacet
  facet normal 0 0 -1
    outer loop
      vertex 46.96000000000001 3 0
      vertex 35.00380714504362 11.033233298543824 0
      vertex 35.495533905932746 11.464466094067262 0
    endloop
  endfacet
  facet normal 0 0 -1
    outer loop
      vertex 46.96000000000001 3 0
      vertex 35.495533905932746 11.464466094067262 0
      vertex 35.92676670145619 11.956192854956397 0
    endloop
  endfacet
  facet normal 0 0 -1
    outer loop
      vertex 46.96000000000001 3 0
      vertex 35.92676670145619 11.956192854956397 0
      vertex 36.29012701892219 12.5 0
    endloop
  endfacet
  facet normal 0 0 -1
    outer loop
      vertex 46.96000000000001 3 0
      vertex 36.29012701892219 12.5 0
      vertex 36.57939766255643 13.08658283817455 0
    endloop
  endfacet
  facet normal 0 0 -1
    outer loop
      vertex 46.96000000000001 3 0
      vertex 36.57939766255643 13.08658283817455 0
      vertex 36.78962913144534 13.705904774487397 0
    endloop
  endfacet
  facet normal 0 0 -1
    outer loop
      vertex 46.96000000000001 3 0
      vertex 36.78962913144534 13.705904774487397 0
      vertex 36.91722430686906 14.347369038899743 0
    endloop
  endfacet
  facet normal 0 0 -1
    outer loop
      vertex 46.96000000000001 3 0
      vertex 36.91722430686906 14.347369038899743 0
      vertex 36.96000000000001 15 0
    endloop
  endfacet
  facet normal 0 0 -1
    outer loop
      vertex 33.873417161825444 10.380602337443566 0
      vertex 45.108050300776966 0.22836140543222427 0
      vertex 44.83085403501988 0.1291789934039116 0
    endloop
  endfacet
  facet normal 0 0 -1
    outer loop
      vertex 33.873417161825444 10.380602337443566 0
      vertex 45.37419021040202 0.3542362079024315 0
      vertex 45.108050300776966 0.22836140543222427 0
    endloop
  endfacet
  facet normal 0 0 -1
    outer loop
      vertex 33.873417161825444 10.380602337443566 0
      vertex 45.626710697114476 0.5055911615490913 0
      vertex 45.37419021040202 0.3542362079024315 0
    endloop
  endfacet
  facet normal 0 0 -1
    outer loop
      vertex 33.873417161825444 10.380602337443566 0
      vertex 45.863179854154595 0.6809686422348022 0
      vertex 45.626710697114476 0.5055911615490913 0
    endloop
  endfacet
  facet normal 0 0 -1
    outer loop
      vertex 45.863179854154595 0.6809686422348022 0
      vertex 35.00380714504362 11.033233298543824 0
      vertex 46.0813203445077 0.8786796554923058 0
    endloop
  endfacet
  facet normal 0 0 -1
    outer loop
      vertex 46.0813203445077 0.8786796554923058 0
      vertex 35.00380714504362 11.033233298543824 0
      vertex 46.279031357765206 1.0968201458454132 0
    endloop
  endfacet
  facet normal 0 0 -1
    outer loop
      vertex 46.279031357765206 1.0968201458454132 0
      vertex 35.00380714504362 11.033233298543824 0
      vertex 46.45440883845092 1.3332893028855324 0
    endloop
  endfacet
  facet normal 0 0 -1
    outer loop
      vertex 46.45440883845092 1.3332893028855324 0
      vertex 35.00380714504362 11.033233298543824 0
      vertex 46.60576379209758 1.5858097895979881 0
    endloop
  endfacet
  facet normal 0 0 -1
    outer loop
      vertex 46.60576379209758 1.5858097895979881 0
      vertex 35.00380714504362 11.033233298543824 0
      vertex 46.731638594567784 1.8519496992230415 0
    endloop
  endfacet
  facet normal 0 0 -1
    outer loop
      vertex 46.731638594567784 1.8519496992230415 0
      vertex 35.00380714504362 11.033233298543824 0
      vertex 46.830821006596096 2.1291459649801254 0
    endloop
  endfacet
  facet normal 0 0 -1
    outer loop
      vertex 46.830821006596096 2.1291459649801254 0
      vertex 35.00380714504362 11.033233298543824 0
      vertex 46.90235584139825 2.4147290363907814 0
    endloop
  endfacet
  facet normal 0 0 -1
    outer loop
      vertex 46.90235584139825 2.4147290363907814 0
      vertex 35.00380714504362 11.033233298543824 0
      vertex 46.94555418103934 2.7059485763311386 0
    endloop
  endfacet
  facet normal 0 0 -1
    outer loop
      vertex 46.94555418103934 2.7059485763311386 0
      vertex 35.00380714504362 11.033233298543824 0
      vertex 46.96000000000001 3 0
    endloop
  endfacet
  facet normal 0 -1 0
    outer loop
      vertex 43.96000000000001 0 0
      vertex 43.96000000000001 0 33.386497414212506
      vertex 40.68000000000001 0 6.7
    endloop
  endfacet
  facet normal 0 -1 0
    outer loop
      vertex 40.68000000000001 0 6.7
      vertex 43.96000000000001 0 33.386497414212506
      vertex 40.68000000000001 0 19.3
    endloop
  endfacet
  facet normal 1 0 0
    outer loop
      vertex 46.96000000000001 3 0
      vertex 46.96000000000001 12.8 10
      vertex 46.96000000000001 3 45.50861532743727
    endloop
  endfacet
  facet normal 1 0 0
    outer loop
      vertex 46.96000000000001 3 0
      vertex 46.96000000000001 20.8 10
      vertex 46.96000000000001 12.8 10
    endloop
  endfacet
  facet normal 0 -1 0
    outer loop
      vertex 40.68000000000001 0 19.3
      vertex 38.95654350429774 0 30.013118237257004
      vertex 38.560000001490124 0 30
    endloop
  endfacet
  facet normal 0 -1 0
    outer loop
      vertex 40.68000000000001 0 19.3
      vertex 39.351353026032456 0 30.052415587008
      vertex 38.95654350429774 0 30.013118237257004
    endloop
  endfacet
  facet normal 0 -1 0
    outer loop
      vertex 40.68000000000001 0 19.3
      vertex 39.74270216286183 0 30.11772020161152
      vertex 39.351353026032456 0 30.052415587008
    endloop
  endfacet
  facet normal 0 -1 0
    outer loop
      vertex 40.68000000000001 0 19.3
      vertex 40.12887965053321 0 30.208746537566185
      vertex 39.74270216286183 0 30.11772020161152
    endloop
  endfacet
  facet normal 0 -1 0
    outer loop
      vertex 40.68000000000001 0 19.3
      vertex 40.50819681495429 0 30.325096547603607
      vertex 40.12887965053321 0 30.208746537566185
    endloop
  endfacet
  facet normal 0 -1 0
    outer loop
      vertex 40.68000000000001 0 19.3
      vertex 40.87899501532317 0 30.466261468827724
      vertex 40.50819681495429 0 30.325096547603607
    endloop
  endfacet
  facet normal 0 -1 0
    outer loop
      vertex 40.68000000000001 0 19.3
      vertex 41.23965284138919 0 30.63162402063608
      vertex 40.87899501532317 0 30.466261468827724
    endloop
  endfacet
  facet normal 0 -1 0
    outer loop
      vertex 40.68000000000001 0 19.3
      vertex 41.58859322875739 0 30.820461116731167
      vertex 41.23965284138919 0 30.63162402063608
    endloop
  endfacet
  facet normal 0 -1 0
    outer loop
      vertex 40.68000000000001 0 19.3
      vertex 41.92429034322501 0 31.031947016716003
      vertex 41.58859322875739 0 30.820461116731167
    endloop
  endfacet
  facet normal 0 -1 0
    outer loop
      vertex 40.68000000000001 0 19.3
      vertex 42.245276278853424 0 31.26515694707632
      vertex 41.92429034322501 0 31.031947016716003
    endloop
  endfacet
  facet normal 0 -1 0
    outer loop
      vertex 40.68000000000001 0 19.3
      vertex 42.55014743566514 0 31.519071139395237
      vertex 42.245276278853424 0 31.26515694707632
    endloop
  endfacet
  facet normal 0 -1 0
    outer loop
      vertex 40.68000000000001 0 19.3
      vertex 42.837570688724526 0 31.792579293251038
      vertex 42.55014743566514 0 31.519071139395237
    endloop
  endfacet
  facet normal 0 -1 0
    outer loop
      vertex 40.68000000000001 0 19.3
      vertex 43.10628922194243 0 32.084485433995724
      vertex 42.837570688724526 0 31.792579293251038
    endloop
  endfacet
  facet normal 0 -1 0
    outer loop
      vertex 40.68000000000001 0 19.3
      vertex 43.35512798190118 0 32.39351311326027
      vertex 43.10628922194243 0 32.084485433995724
    endloop
  endfacet
  facet normal 0 -1 0
    outer loop
      vertex 40.68000000000001 0 19.3
      vertex 43.58299887090922 0 32.71831104904413
      vertex 43.35512798190118 0 32.39351311326027
    endloop
  endfacet
  facet normal 0 -1 0
    outer loop
      vertex 40.68000000000001 0 19.3
      vertex 43.7889054632187 0 33.057458974421024
      vertex 43.58299887090922 0 32.71831104904413
    endloop
  endfacet
  facet normal 0 -1 0
    outer loop
      vertex 40.68000000000001 0 19.3
      vertex 43.96000000000001 0 33.386497414212506
      vertex 43.7889054632187 0 33.057458974421024
    endloop
  endfacet
  facet normal 0 -0.9759264312753078 0.21809997876717443
    outer loop
      vertex 44.560000001490124 0.061333590494205 42.68016182833163
      vertex 44.67977543099079 0.09133577346801758 42.81441183388233
      vertex 44.560000001490124 0.09133577346801758 42.81441183388233
    endloop
  endfacet
  facet normal 0 -0.8862241181325641 0.4632567457038906
    outer loop
      vertex 44.560000001490124 0.09133577346801758 42.81441183388233
      vertex 44.67977543099079 0.09133577346801758 42.81441183388233
      vertex 44.83085403501988 0.1291789934039116 42.886807054299524
    endloop
  endfacet
  facet normal -4.6625334962305905e-15 -0.886224118132557 0.46325674570390435
    outer loop
      vertex 44.560000001490124 0.09133577346801758 42.81441183388233
      vertex 44.83085403501988 0.1291789934039116 42.886807054299524
      vertex 45.108050300776966 0.22836140543222427 43.07654599809082
    endloop
  endfacet
  facet normal 0 -0.8862241181325586 0.46325674570390074
    outer loop
      vertex 44.560000001490124 0.09133577346801758 42.81441183388233
      vertex 45.20187501467157 0.27273719012737274 43.16143821179867
      vertex 44.560000001490124 0.27273719012737274 43.16143821179867
    endloop
  endfacet
  facet normal 0 -0.7361270954086055 0.6768433344617422
    outer loop
      vertex 44.560000001490124 0.27273719012737274 43.16143821179867
      vertex 45.670104959922185 0.5377745404839516 43.44968981295824
      vertex 44.560000001490124 0.5377745404839516 43.44968981295824
    endloop
  endfacet
  facet normal -2.2151930210067546e-14 -0.8862241181325419 0.4632567457039331
    outer loop
      vertex 44.560000001490124 0.09133577346801758 42.81441183388233
      vertex 45.108050300776966 0.22836140543222427 43.07654599809082
      vertex 45.20187501467157 0.27273719012737274 43.16143821179867
    endloop
  endfacet
  facet normal 0 -0.736127095408597 0.6768433344617515
    outer loop
      vertex 44.560000001490124 0.27273719012737274 43.16143821179867
      vertex 45.20187501467157 0.27273719012737274 43.16143821179867
      vertex 45.37419021040202 0.3542362079024315 43.250075614545814
    endloop
  endfacet
  facet normal 3.660183680721272e-16 -0.7361270954085987 0.6768433344617496
    outer loop
      vertex 44.560000001490124 0.27273719012737274 43.16143821179867
      vertex 45.37419021040202 0.3542362079024315 43.250075614545814
      vertex 45.626710697114476 0.5055911615490913 43.41468753687821
    endloop
  endfacet
  facet normal 4.226260530080494e-14 -0.7361270954086867 0.6768433344616538
    outer loop
      vertex 44.560000001490124 0.27273719012737274 43.16143821179867
      vertex 45.626710697114476 0.5055911615490913 43.41468753687821
      vertex 45.670104959922185 0.5377745404839516 43.44968981295824
    endloop
  endfacet
  facet normal 0 -0.6414836413110874 0.7671367139762431
    outer loop
      vertex 44.560000001490124 0.5377745404839516 43.44968981295824
      vertex 45.670104959922185 0.5377745404839516 43.44968981295824
      vertex 45.863179854154595 0.6809686422348022 43.569429452753724
    endloop
  endfacet
  facet normal 4.6785133172817e-15 -0.6414836413111124 0.7671367139762222
    outer loop
      vertex 44.560000001490124 0.5377745404839516 43.44968981295824
      vertex 45.863179854154595 0.6809686422348022 43.569429452753724
      vertex 46.0813203445077 0.8786796554923058 43.73475641260467
    endloop
  endfacet
  facet normal 4.428169881737027e-15 -0.6414836413111117 0.7671367139762226
    outer loop
      vertex 44.560000001490124 0.5377745404839516 43.44968981295824
      vertex 46.0813203445077 0.8786796554923058 43.73475641260467
      vertex 46.279031357765206 1.0968201458454132 43.91716660562463
    endloop
  endfacet
  facet normal 2.759290106971092e-16 -0.641483641311103 0.7671367139762301
    outer loop
      vertex 44.560000001490124 0.5377745404839516 43.44968981295824
      vertex 46.830821006596096 2.1291459649801254 44.78040273213665
      vertex 44.560000001490124 3.8 46.17757941649634
    endloop
  endfacet
  facet normal 5.108159862592452e-15 -0.641483641311113 0.7671367139762216
    outer loop
      vertex 44.560000001490124 0.5377745404839516 43.44968981295824
      vertex 46.279031357765206 1.0968201458454132 43.91716660562463
      vertex 46.45440883845092 1.3332893028855324 44.11490332341202
    endloop
  endfacet
  facet normal -5.948041899571228e-15 -0.6414836413110977 0.7671367139762345
    outer loop
      vertex 44.560000001490124 0.5377745404839516 43.44968981295824
      vertex 46.45440883845092 1.3332893028855324 44.11490332341202
      vertex 46.60576379209758 1.5858097895979881 44.32606224511496
    endloop
  endfacet
  facet normal -4.129037866955926e-15 -0.6414836413110999 0.7671367139762325
    outer loop
      vertex 44.560000001490124 0.5377745404839516 43.44968981295824
      vertex 46.60576379209758 1.5858097895979881 44.32606224511496
      vertex 46.731638594567784 1.8519496992230415 44.5486097978707
    endloop
  endfacet
  facet normal -7.2234436019359e-15 -0.6414836413110969 0.767136713976235
    outer loop
      vertex 44.560000001490124 0.5377745404839516 43.44968981295824
      vertex 46.731638594567784 1.8519496992230415 44.5486097978707
      vertex 46.830821006596096 2.1291459649801254 44.78040273213665
    endloop
  endfacet
  facet normal 1.3627085435502826e-14 -0.6414836413111034 0.7671367139762297
    outer loop
      vertex 44.160000000000025 3.8 46.17757941649635
      vertex 44.560000001490124 3.8 46.17757941649634
      vertex 44.160000000000025 11.762962962676802 52.83624974716918
    endloop
  endfacet
  facet normal -7.825307260182651e-16 -0.6414836413111038 0.7671367139762293
    outer loop
      vertex 46.830821006596096 2.1291459649801254 44.78040273213665
      vertex 44.160000000000025 11.762962962676802 52.83624974716918
      vertex 44.560000001490124 3.8 46.17757941649634
    endloop
  endfacet
  facet normal -2.4168242604667006e-14 -0.6414836413111077 0.7671367139762262
    outer loop
      vertex 46.830821006596096 2.1291459649801254 44.78040273213665
      vertex 46.90235584139825 2.4147290363907814 45.01920875615781
      vertex 44.160000000000025 11.762962962676802 52.83624974716918
    endloop
  endfacet
  facet normal 3.2864865566434176e-14 -0.6414836413110979 0.7671367139762344
    outer loop
      vertex 46.90235584139825 2.4147290363907814 45.01920875615781
      vertex 46.94555418103934 2.7059485763311386 45.26272802397331
      vertex 44.160000000000025 11.762962962676802 52.83624974716918
    endloop
  endfacet
  facet normal -2.402841916884048e-14 -0.641483641311108 0.7671367139762258
    outer loop
      vertex 46.94555418103934 2.7059485763311386 45.26272802397331
      vertex 46.96000000000001 3 45.50861532743727
      vertex 44.160000000000025 11.762962962676802 52.83624974716918
    endloop
  endfacet
  facet normal 1 0 0
    outer loop
      vertex 46.96000000000001 12.8 10
      vertex 46.96000000000001 12.8 53.70342541841098
      vertex 46.96000000000001 3 45.50861532743727
    endloop
  endfacet
  facet normal 0 0 -1
    outer loop
      vertex 36.96000000000001 15 0
      vertex 36.91722430686906 15.652630961100257 0
      vertex 46.96000000000001 70 0
    endloop
  endfacet
  facet normal 0 0 -1
    outer loop
      vertex 36.57939766255643 16.91341716182545 0
      vertex 36.29012701892219 17.5 0
      vertex 46.96000000000001 70 0
    endloop
  endfacet
  facet normal 0 0 -1
    outer loop
      vertex 36.78962913144534 16.294095225512603 0
      vertex 36.57939766255643 16.91341716182545 0
      vertex 46.96000000000001 70 0
    endloop
  endfacet
  facet normal 0 0 -1
    outer loop
      vertex 36.91722430686906 15.652630961100257 0
      vertex 36.78962913144534 16.294095225512603 0
      vertex 46.96000000000001 70 0
    endloop
  endfacet
  facet normal 0 0 -1
    outer loop
      vertex 46.96000000000001 3 0
      vertex 36.96000000000001 15 0
      vertex 46.96000000000001 70 0
    endloop
  endfacet
  facet normal 1 0 0
    outer loop
      vertex 46.96000000000001 3 0
      vertex 46.96000000000001 70 0
      vertex 46.96000000000001 20.8 10
    endloop
  endfacet
  facet normal 0 -0.6414836413111044 0.767136713976229
    outer loop
      vertex 44.160000000000025 30.799999997019768 68.75511741974815
      vertex 44.160000000000025 33.20000000298023 70.76200969190955
      vertex 1.200000000000017 33.20000000298023 70.76200969190955
    endloop
  endfacet
  facet normal -1.1918733661458167e-15 -0.6414836413111038 0.7671367139762294
    outer loop
      vertex 46.96000000000001 3 45.50861532743727
      vertex 46.96000000000001 12.8 53.70342541841098
      vertex 44.160000000000025 11.762962962676802 52.83624974716918
    endloop
  endfacet
  facet normal -5.972910848430191e-16 -0.6414836413111036 0.7671367139762296
    outer loop
      vertex 46.96000000000001 20.8 60.39306630900176
      vertex 44.160000000000025 30.799999997019768 68.75511741974815
      vertex 44.160000000000025 21.8370370373232 61.260241980243556
    endloop
  endfacet
  facet normal 0 0 -1
    outer loop
      vertex 28.42446609406727 18.535533905932738 0
      vertex 46.96000000000001 70 0
      vertex 28.916192854956392 18.966766701456176 0
    endloop
  endfacet
  facet normal 0 0 -1
    outer loop
      vertex 28.916192854956392 18.966766701456176 0
      vertex 46.96000000000001 70 0
      vertex 29.460000000000008 19.33012701892219 0
    endloop
  endfacet
  facet normal 0 0 -1
    outer loop
      vertex 29.460000000000008 19.33012701892219 0
      vertex 46.96000000000001 70 0
      vertex 30.046582838174572 19.619397662556434 0
    endloop
  endfacet
  facet normal 0 0 -1
    outer loop
      vertex 30.046582838174572 19.619397662556434 0
      vertex 46.96000000000001 70 0
      vertex 30.665904774487416 19.82962913144534 0
    endloop
  endfacet
  facet normal 0 0 -1
    outer loop
      vertex 30.665904774487416 19.82962913144534 0
      vertex 46.96000000000001 70 0
      vertex 31.307369038899736 19.95722430686905 0
    endloop
  endfacet
  facet normal 0 0 -1
    outer loop
      vertex 31.307369038899736 19.95722430686905 0
      vertex 46.96000000000001 70 0
      vertex 31.960000000000008 20 0
    endloop
  endfacet
  facet normal 0 0 -1
    outer loop
      vertex 31.960000000000008 20 0
      vertex 46.96000000000001 70 0
      vertex 32.61263096110028 19.95722430686905 0
    endloop
  endfacet
  facet normal 0 0 -1
    outer loop
      vertex 32.61263096110028 19.95722430686905 0
      vertex 46.96000000000001 70 0
      vertex 33.2540952255126 19.82962913144534 0
    endloop
  endfacet
  facet normal 0 0 -1
    outer loop
      vertex 33.2540952255126 19.82962913144534 0
      vertex 46.96000000000001 70 0
      vertex 33.873417161825444 19.619397662556434 0
    endloop
  endfacet
  facet normal 0 0 -1
    outer loop
      vertex 33.873417161825444 19.619397662556434 0
      vertex 46.96000000000001 70 0
      vertex 34.46000000000001 19.33012701892219 0
    endloop
  endfacet
  facet normal 0 0 -1
    outer loop
      vertex 34.46000000000001 19.33012701892219 0
      vertex 46.96000000000001 70 0
      vertex 35.00380714504362 18.966766701456176 0
    endloop
  endfacet
  facet normal 0 0 -1
    outer loop
      vertex 35.495533905932746 18.535533905932738 0
      vertex 35.00380714504362 18.966766701456176 0
      vertex 46.96000000000001 70 0
    endloop
  endfacet
  facet normal 0 0 -1
    outer loop
      vertex 35.92676670145619 18.0438071450436 0
      vertex 35.495533905932746 18.535533905932738 0
      vertex 46.96000000000001 70 0
    endloop
  endfacet
  facet normal 0 0 -1
    outer loop
      vertex 35.92676670145619 18.0438071450436 0
      vertex 46.96000000000001 70 0
      vertex 36.29012701892219 17.5 0
    endloop
  endfacet
  facet normal 1 0 0
    outer loop
      vertex 46.96000000000001 20.8 10
      vertex 46.96000000000001 70 0
      vertex 46.96000000000001 70 100
    endloop
  endfacet
  facet normal 0 -1 0
    outer loop
      vertex 44.160000000000025 61.20000000298023 94.27406799048185
      vertex 46.96000000000001 61.20000000298023 100
      vertex 0 61.20000000298023 100
    endloop
  endfacet
  facet normal 1 0 0
    outer loop
      vertex 46.96000000000001 20.8 10
      vertex 46.96000000000001 70 100
      vertex 46.96000000000001 20.8 60.39306630900176
    endloop
  endfacet
  facet normal -1.1577647107717336e-15 -0.6414836413111037 0.7671367139762295
    outer loop
      vertex 46.96000000000001 20.8 60.39306630900176
      vertex 46.96000000000001 61.15486270934343 94.13800877332687
      vertex 44.160000000000025 30.799999997019768 68.75511741974815
    endloop
  endfacet
  facet normal 1.054476850485185e-14 -0.6414836413111042 0.7671367139762288
    outer loop
      vertex 44.160000000000025 30.799999997019768 68.75511741974815
      vertex 46.96000000000001 61.15486270934343 94.13800877332687
      vertex 44.160000000000025 33.20000000298023 70.76200969190955
    endloop
  endfacet
  facet normal 0 -0.6414836413111037 0.7671367139762295
    outer loop
      vertex 44.160000000000025 33.20000000298023 70.76200969190955
      vertex 46.96000000000001 61.15486270934343 94.13800877332687
      vertex 44.160000000000025 61.15486270934343 94.13800877332687
    endloop
  endfacet
  facet normal 1 0 0
    outer loop
      vertex 46.96000000000001 20.8 60.39306630900176
      vertex 46.96000000000001 70 100
      vertex 46.96000000000001 61.15486270934343 94.13800877332687
    endloop
  endfacet
  facet normal 0 -0.7933533839972163 0.6087613720499727
    outer loop
      vertex 44.160000000000025 61.15486270934343 94.13800877332687
      vertex 46.96000000000001 61.18772589415312 94.18083691596985
      vertex 44.160000000000025 61.18772589415312 94.18083691596985
    endloop
  endfacet
  facet normal 0 -0.991444854472488 0.13052624464078952
    outer loop
      vertex 44.160000000000025 61.18772589415312 94.18083691596985
      vertex 46.96000000000001 61.20000000298023 94.27406799048185
      vertex 44.160000000000025 61.20000000298023 94.27406799048185
    endloop
  endfacet
  facet normal 0 -0.7933533839972163 0.6087613720499727
    outer loop
      vertex 44.160000000000025 61.15486270934343 94.13800877332687
      vertex 46.96000000000001 61.15486270934343 94.13800877332687
      vertex 46.96000000000001 61.18772589415312 94.18083691596985
    endloop
  endfacet
  facet normal 0 -0.991444854472488 0.13052624464078952
    outer loop
      vertex 44.160000000000025 61.18772589415312 94.18083691596985
      vertex 46.96000000000001 61.18772589415312 94.18083691596985
      vertex 46.96000000000001 61.20000000298023 94.27406799048185
    endloop
  endfacet
  facet normal 0 -1 0
    outer loop
      vertex 44.160000000000025 61.20000000298023 94.27406799048185
      vertex 46.96000000000001 61.20000000298023 94.27406799048185
      vertex 46.96000000000001 61.20000000298023 100
    endloop
  endfacet
  facet normal 1 0 0
    outer loop
      vertex 46.96000000000001 61.18772589415312 94.18083691596985
      vertex 46.96000000000001 61.15486270934343 94.13800877332687
      vertex 46.96000000000001 70 100
    endloop
  endfacet
  facet normal 1 0 0
    outer loop
      vertex 46.96000000000001 61.18772589415312 94.18083691596985
      vertex 46.96000000000001 70 100
      vertex 46.96000000000001 61.20000000298023 94.27406799048185
    endloop
  endfacet
  facet normal 1 0 0
    outer loop
      vertex 46.96000000000001 61.20000000298023 94.27406799048185
      vertex 46.96000000000001 70 100
      vertex 46.96000000000001 61.20000000298023 100
    endloop
  endfacet
  facet normal 0 -1 0
    outer loop
      vertex 1.200000000000017 30.5 30.999999997913847
      vertex 10.20000000208617 30.5 40
      vertex 1.200000000000017 30.5 40
    endloop
  endfacet
  facet normal 0.7071067811865475 0 -0.7071067811865475
    outer loop
      vertex 1.200000000000017 30.5 30.999999997913847
      vertex 1.200000000000017 33.5 30.999999997913847
      vertex 9.20000000208617 30.898253694176674 39
    endloop
  endfacet
  facet normal 0 1 0
    outer loop
      vertex 1.200000000000017 33.5 30.999999997913847
      vertex 1.200000000000017 33.5 40
      vertex 10.20000000208617 33.5 40
    endloop
  endfacet
  facet normal 0 0 1
    outer loop
      vertex 1.200000000000017 30.5 40
      vertex 10.20000000208617 30.799999997019768 40
      vertex 1.200000000000017 30.799999997019768 40
    endloop
  endfacet
  facet normal 0 0 1
    outer loop
      vertex 1.200000000000017 33.20000000298023 40
      vertex 10.20000000208617 33.5 40
      vertex 1.200000000000017 33.5 40
    endloop
  endfacet
  facet normal 0.7071067811865475 0 -0.7071067811865475
    outer loop
      vertex 1.200000000000017 30.5 30.999999997913847
      vertex 9.298253699243077 30.799999997019768 39.098253697156906
      vertex 10.20000000208617 30.5 40
    endloop
  endfacet
  facet normal 0.7071067811865476 0 -0.7071067811865476
    outer loop
      vertex 1.200000000000017 30.5 30.999999997913847
      vertex 9.20000000208617 30.898253694176674 39
      vertex 9.208809486627587 30.808809481561184 39.008809484541416
    endloop
  endfacet
  facet normal 0.7071067811865476 0 -0.7071067811865476
    outer loop
      vertex 1.200000000000017 30.5 30.999999997913847
      vertex 9.208809486627587 30.808809481561184 39.008809484541416
      vertex 9.298253699243077 30.799999997019768 39.098253697156906
    endloop
  endfacet
  facet normal 0.7071067811865476 0 -0.7071067811865476
    outer loop
      vertex 1.200000000000017 33.5 30.999999997913847
      vertex 9.20000000208617 33.101746305823326 39
      vertex 9.20000000208617 30.898253694176674 39
    endloop
  endfacet
  facet normal 0.7071067811865475 0 -0.7071067811865475
    outer loop
      vertex 1.200000000000017 33.5 30.999999997913847
      vertex 9.208809486627587 33.191190510988235 39.008809484541416
      vertex 9.20000000208617 33.101746305823326 39
    endloop
  endfacet
  facet normal 0.7071067811865476 0 -0.7071067811865476
    outer loop
      vertex 1.200000000000017 33.5 30.999999997913847
      vertex 10.20000000208617 33.5 40
      vertex 9.208809486627587 33.191190510988235 39.008809484541416
    endloop
  endfacet
  facet normal 0 0 1
    outer loop
      vertex 1.200000000000017 30.5 40
      vertex 10.20000000208617 30.5 40
      vertex 10.20000000208617 30.799999997019768 40
    endloop
  endfacet
  facet normal 0 0 1
    outer loop
      vertex 1.200000000000017 33.20000000298023 40
      vertex 10.20000000208617 33.20000000298023 40
      vertex 10.20000000208617 33.5 40
    endloop
  endfacet
  facet normal 0.7071067811865476 0 -0.7071067811865476
    outer loop
      vertex 9.298253699243077 30.799999997019768 39.098253697156906
      vertex 10.20000000208617 30.799999997019768 40
      vertex 10.20000000208617 30.5 40
    endloop
  endfacet
  facet normal 0.7071067811865476 0 -0.7071067811865476
    outer loop
      vertex 9.208809486627587 33.191190510988235 39.008809484541416
      vertex 10.20000000208617 33.5 40
      vertex 9.298253699243077 33.20000000298023 39.098253697156906
    endloop
  endfacet
  facet normal 0.7071067811865476 0 -0.7071067811865476
    outer loop
      vertex 9.298253699243077 33.20000000298023 39.098253697156906
      vertex 10.20000000208617 33.5 40
      vertex 10.20000000208617 33.20000000298023 40
    endloop
  endfacet
  facet normal 0 -1 0
    outer loop
      vertex 1.200000000000017 60.900000000000006 82.17575280904771
      vertex 12.600000000596054 60.900000000000006 93.57575280964375
      vertex 1.200000000000017 60.900000000000006 93.57575280964375
    endloop
  endfacet
  facet normal 0 0 1
    outer loop
      vertex 1.200000000000017 60.900000000000006 93.57575280964375
      vertex 12.600000000596054 61.20000000298023 93.57575280964375
      vertex 1.200000000000017 61.20000000298023 93.57575280964375
    endloop
  endfacet
  facet normal 0.7071067811865475 0 -0.7071067811865475
    outer loop
      vertex 1.200000000000017 60.900000000000006 82.17575280904771
      vertex 1.200000000000017 63.9 82.17575280904771
      vertex 9.218874684572228 63.59218184649944 90.19462749361992
    endloop
  endfacet
  facet normal 0 1 0
    outer loop
      vertex 1.200000000000017 63.9 82.17575280904771
      vertex 1.200000000000017 63.9 93.57575280964375
      vertex 12.600000000596054 63.9 93.57575280964375
    endloop
  endfacet
  facet normal 0 0 1
    outer loop
      vertex 1.200000000000017 63.600000001490116 93.57575280964375
      vertex 12.600000000596054 63.9 93.57575280964375
      vertex 1.200000000000017 63.9 93.57575280964375
    endloop
  endfacet
  facet normal 0.7071067811865476 0 -0.7071067811865476
    outer loop
      vertex 1.200000000000017 60.900000000000006 82.17575280904771
      vertex 11.530524118840702 61.269475877285004 92.5062769278884
      vertex 11.603851287662991 61.20929782837629 92.57960409671068
    endloop
  endfacet
  facet normal 0.7071067811865476 0 -0.7071067811865476
    outer loop
      vertex 1.200000000000017 60.900000000000006 82.17575280904771
      vertex 11.603851287662991 61.20929782837629 92.57960409671068
      vertex 11.69825369775296 61.20000000298023 92.67400650680065
    endloop
  endfacet
  facet normal 0.7071067811865476 0 -0.7071067811865476
    outer loop
      vertex 1.200000000000017 60.900000000000006 82.17575280904771
      vertex 11.69825369775296 61.20000000298023 92.67400650680065
      vertex 12.600000000596054 60.900000000000006 93.57575280964375
    endloop
  endfacet
  facet normal 0 0 1
    outer loop
      vertex 1.200000000000017 60.900000000000006 93.57575280964375
      vertex 12.600000000596054 60.900000000000006 93.57575280964375
      vertex 12.600000000596054 61.20000000298023 93.57575280964375
    endloop
  endfacet
  facet normal 0.7071067811865475 0 -0.7071067811865475
    outer loop
      vertex 1.200000000000017 60.900000000000006 82.17575280904771
      vertex 9.218874684572228 63.59218184649944 90.19462749361992
      vertex 9.269475876390942 63.530524119734764 90.24522868543863
    endloop
  endfacet
  facet normal 0.7071067811865475 0 -0.7071067811865475
    outer loop
      vertex 1.200000000000017 60.900000000000006 82.17575280904771
      vertex 9.269475876390942 63.530524119734764 90.24522868543863
      vertex 11.530524118840702 61.269475877285004 92.5062769278884
    endloop
  endfacet
  facet normal 0.7071067811865476 0 -0.7071067811865476
    outer loop
      vertex 1.200000000000017 63.9 82.17575280904771
      vertex 9.298253699243077 63.600000001490116 90.27400650829077
      vertex 9.218874684572228 63.59218184649944 90.19462749361992
    endloop
  endfacet
  facet normal 0.7071067811865476 0 -0.7071067811865476
    outer loop
      vertex 1.200000000000017 63.9 82.17575280904771
      vertex 12.600000000596054 63.600000001490116 93.57575280964375
      vertex 9.298253699243077 63.600000001490116 90.27400650829077
    endloop
  endfacet
  facet normal 0.7071067811865476 0 -0.7071067811865476
    outer loop
      vertex 1.200000000000017 63.9 82.17575280904771
      vertex 12.600000000596054 63.9 93.57575280964375
      vertex 12.600000000596054 63.600000001490116 93.57575280964375
    endloop
  endfacet
  facet normal 0 0 1
    outer loop
      vertex 1.200000000000017 63.600000001490116 93.57575280964375
      vertex 12.600000000596054 63.600000001490116 93.57575280964375
      vertex 12.600000000596054 63.9 93.57575280964375
    endloop
  endfacet
  facet normal 0.7071067811865475 0 -0.7071067811865475
    outer loop
      vertex 11.69825369775296 61.20000000298023 92.67400650680065
      vertex 12.600000000596054 61.20000000298023 93.57575280964375
      vertex 12.600000000596054 60.900000000000006 93.57575280964375
    endloop
  endfacet
  facet normal -0.7071067811865475 0 -0.7071067811865475
    outer loop
      vertex 44.160000000000025 30.5 31.000000002980215
      vertex 35.16000000298024 30.5 40
      vertex 36.151190518438824 30.808809481561184 39.008809484541416
    endloop
  endfacet
  facet normal -0.7071067811865475 0 -0.7071067811865475
    outer loop
      vertex 44.160000000000025 30.5 31.000000002980215
      vertex 36.151190518438824 30.808809481561184 39.008809484541416
      vertex 36.16000000298024 30.898253694176674 39
    endloop
  endfacet
  facet normal -0.7071067811865476 0 -0.7071067811865476
    outer loop
      vertex 44.160000000000025 30.5 31.000000002980215
      vertex 36.16000000298024 30.898253694176674 39
      vertex 36.16000000298024 33.101746305823326 39
    endloop
  endfacet
  facet normal -0.7071067811865475 0 -0.7071067811865475
    outer loop
      vertex 44.160000000000025 33.5 31.000000002980215
      vertex 36.061746305823334 33.20000000298023 39.098253697156906
      vertex 35.16000000298024 33.5 40
    endloop
  endfacet
  facet normal -0.7071067811865476 0 -0.7071067811865476
    outer loop
      vertex 44.160000000000025 33.5 31.000000002980215
      vertex 36.151190518438824 33.191190510988235 39.008809484541416
      vertex 36.061746305823334 33.20000000298023 39.098253697156906
    endloop
  endfacet
  facet normal -0.7071067811865476 0 -0.7071067811865476
    outer loop
      vertex 44.160000000000025 33.5 31.000000002980215
      vertex 36.16000000298024 33.101746305823326 39
      vertex 36.151190518438824 33.191190510988235 39.008809484541416
    endloop
  endfacet
  facet normal -0.7071067811865476 0 -0.7071067811865476
    outer loop
      vertex 36.061746305823334 30.799999997019768 39.098253697156906
      vertex 35.16000000298024 30.5 40
      vertex 35.16000000298024 30.799999997019768 40
    endloop
  endfacet
  facet normal -0.7071067811865476 0 -0.7071067811865476
    outer loop
      vertex 36.151190518438824 30.808809481561184 39.008809484541416
      vertex 35.16000000298024 30.5 40
      vertex 36.061746305823334 30.799999997019768 39.098253697156906
    endloop
  endfacet
  facet normal -0.7071067811865476 0 -0.7071067811865476
    outer loop
      vertex 36.061746305823334 33.20000000298023 39.098253697156906
      vertex 35.16000000298024 33.20000000298023 40
      vertex 35.16000000298024 33.5 40
    endloop
  endfacet
  facet normal 0 0 1
    outer loop
      vertex 35.16000000298024 30.5 40
      vertex 44.160000000000025 30.799999997019768 40
      vertex 35.16000000298024 30.799999997019768 40
    endloop
  endfacet
  facet normal 0 0 1
    outer loop
      vertex 35.16000000298024 33.20000000298023 40
      vertex 44.160000000000025 33.5 40
      vertex 35.16000000298024 33.5 40
    endloop
  endfacet
  facet normal 0 -1 0
    outer loop
      vertex 44.160000000000025 30.5 31.000000002980215
      vertex 44.160000000000025 30.5 40
      vertex 35.16000000298024 30.5 40
    endloop
  endfacet
  facet normal -0.7071067811865476 0 -0.7071067811865476
    outer loop
      vertex 44.160000000000025 30.5 31.000000002980215
      vertex 36.16000000298024 33.101746305823326 39
      vertex 44.160000000000025 33.5 31.000000002980215
    endloop
  endfacet
  facet normal 0 1 0
    outer loop
      vertex 44.160000000000025 33.5 31.000000002980215
      vertex 35.16000000298024 33.5 40
      vertex 44.160000000000025 33.5 40
    endloop
  endfacet
  facet normal 0 0 1
    outer loop
      vertex 35.16000000298024 30.5 40
      vertex 44.160000000000025 30.5 40
      vertex 44.160000000000025 30.799999997019768 40
    endloop
  endfacet
  facet normal 0 0 1
    outer loop
      vertex 35.16000000298024 33.20000000298023 40
      vertex 44.160000000000025 33.20000000298023 40
      vertex 44.160000000000025 33.5 40
    endloop
  endfacet
  facet normal -0.7071067809741082 0 -0.7071067813989868
    outer loop
      vertex 32.759999997019776 60.900000000000006 93.57575280964375
      vertex 32.759999997019776 61.20000000298023 93.57575280964375
      vertex 33.6617463004047 61.20000000298023 92.67400650680065
    endloop
  endfacet
  facet normal -0.7071067809742263 7.087940248557742e-13 -0.7071067813988687
    outer loop
      vertex 32.759999997019776 60.900000000000006 93.57575280964375
      vertex 33.6617463004047 61.20000000298023 92.67400650680065
      vertex 33.75614871055137 61.20929782837629 92.57960409671068
    endloop
  endfacet
  facet normal -0.707106780974114 0 -0.7071067813989811
    outer loop
      vertex 36.06174630035662 63.600000001490116 90.27400650829077
      vertex 32.759999997019776 63.600000001490116 93.57575280964375
      vertex 32.759999997019776 63.9 93.57575280964375
    endloop
  endfacet
  facet normal 0 0 1
    outer loop
      vertex 32.759999997019776 60.900000000000006 93.57575280964375
      vertex 44.160000000000025 61.20000000298023 93.57575280964375
      vertex 32.759999997019776 61.20000000298023 93.57575280964375
    endloop
  endfacet
  facet normal 0 -1 0
    outer loop
      vertex 44.160000000000025 60.900000000000006 82.17575281351323
      vertex 44.160000000000025 60.900000000000006 93.57575280964375
      vertex 32.759999997019776 60.900000000000006 93.57575280964375
    endloop
  endfacet
  facet normal 0 0 1
    outer loop
      vertex 32.759999997019776 60.900000000000006 93.57575280964375
      vertex 44.160000000000025 60.900000000000006 93.57575280964375
      vertex 44.160000000000025 61.20000000298023 93.57575280964375
    endloop
  endfacet
  facet normal -0.7071067809741137 0 -0.7071067813989814
    outer loop
      vertex 44.160000000000025 60.900000000000006 82.17575281351323
      vertex 32.759999997019776 60.900000000000006 93.57575280964375
      vertex 44.160000000000025 63.9 82.17575281351323
    endloop
  endfacet
  facet normal 0 0 1
    outer loop
      vertex 32.759999997019776 63.600000001490116 93.57575280964375
      vertex 44.160000000000025 63.9 93.57575280964375
      vertex 32.759999997019776 63.9 93.57575280964375
    endloop
  endfacet
  facet normal -0.7071067809741 -1.1216007989501276e-13 -0.7071067813989951
    outer loop
      vertex 44.160000000000025 63.9 82.17575281351323
      vertex 32.759999997019776 60.900000000000006 93.57575280964375
      vertex 33.75614871055137 61.20929782837629 92.57960409671068
    endloop
  endfacet
  facet normal -0.7071067809740986 -9.374082027897222e-14 -0.7071067813989965
    outer loop
      vertex 44.160000000000025 63.9 82.17575281351323
      vertex 33.75614871055137 61.20929782837629 92.57960409671068
      vertex 33.829475879417714 61.269475877285004 92.5062769278884
    endloop
  endfacet
  facet normal -0.7071067809741147 1.0389081499533032e-14 -0.7071067813989805
    outer loop
      vertex 44.160000000000025 63.9 82.17575281351323
      vertex 33.829475879417714 61.269475877285004 92.5062769278884
      vertex 36.09052412322606 63.530524119734764 90.24522868543863
    endloop
  endfacet
  facet normal -0.7071067809741136 5.8763694654269084e-15 -0.7071067813989814
    outer loop
      vertex 44.160000000000025 63.9 82.17575281351323
      vertex 36.06174630035662 63.600000001490116 90.27400650829077
      vertex 32.759999997019776 63.9 93.57575280964375
    endloop
  endfacet
  facet normal -0.7071067809741175 2.3066510754282586e-13 -0.7071067813989774
    outer loop
      vertex 44.160000000000025 63.9 82.17575281351323
      vertex 36.14112531507516 63.59218184649944 90.19462749361992
      vertex 36.06174630035662 63.600000001490116 90.27400650829077
    endloop
  endfacet
  facet normal -0.7071067809741083 -2.518183081243727e-13 -0.7071067813989868
    outer loop
      vertex 44.160000000000025 63.9 82.17575281351323
      vertex 36.09052412322606 63.530524119734764 90.24522868543863
      vertex 36.14112531507516 63.59218184649944 90.19462749361992
    endloop
  endfacet
  facet normal 0 1 0
    outer loop
      vertex 44.160000000000025 63.9 82.17575281351323
      vertex 32.759999997019776 63.9 93.57575280964375
      vertex 44.160000000000025 63.9 93.57575280964375
    endloop
  endfacet
  facet normal 0 0 1
    outer loop
      vertex 32.759999997019776 63.600000001490116 93.57575280964375
      vertex 44.160000000000025 63.600000001490116 93.57575280964375
      vertex 44.160000000000025 63.9 93.57575280964375
    endloop
  endfacet
  facet normal 0 -1 0
    outer loop
      vertex 1.200000000000017 62.2 48.01485243765909
      vertex 11.939999997537171 62.2 54.01485243746362
      vertex 1.200000000000017 62.2 54.01485243746362
    endloop
  endfacet
  facet normal 0.39344263737513874 0.5909462536042411 -0.7042623207629434
    outer loop
      vertex 1.200000000000017 62.2 48.01485243765909
      vertex 1.200000000000017 70 54.55982956084187
      vertex 11.939999996433983 63.15998796373606 54.820377983152866
    endloop
  endfacet
  facet normal 0.39344263737513757 0.5909462536042437 -0.7042623207629419
    outer loop
      vertex 1.200000000000017 62.2 48.01485243765909
      vertex 11.939999996433983 63.15998796373606 54.820377983152866
      vertex 11.939999997537171 62.2 54.01485243746362
    endloop
  endfacet
  facet normal 0.3934426373751252 0.5909462536042189 -0.7042623207629697
    outer loop
      vertex 11.939999996433983 63.15998796373606 54.820377983152866
      vertex 1.200000000000017 70 54.55982956084187
      vertex 11.960859040444348 63.19070217013359 54.857803359627724
    endloop
  endfacet
  facet normal 0.3934426373751196 0.5909462536042096 -0.7042623207629806
    outer loop
      vertex 11.960859040444348 63.19070217013359 54.857803359627724
      vertex 1.200000000000017 70 54.55982956084187
      vertex 12.11587411795378 63.20000000298023 54.95220576971769
    endloop
  endfacet
  facet normal 0.39344263737513807 0.5909462536042415 -0.7042623207629435
    outer loop
      vertex 12.11587411795378 63.20000000298023 54.95220576971769
      vertex 1.200000000000017 70 54.55982956084187
      vertex 22.680000000000007 70 66.5598295632027
    endloop
  endfacet
  facet normal 0.39344263737513835 0.5909462536042412 -0.7042623207629434
    outer loop
      vertex 12.11587411795378 63.20000000298023 54.95220576971769
      vertex 22.680000000000007 70 66.5598295632027
      vertex 22.680000000000007 63.20000000298023 60.853952073697904
    endloop
  endfacet
  facet normal -0.3934426373751382 0.5909462536042414 -0.7042623207629436
    outer loop
      vertex 22.680000000000007 63.20000000298023 60.853952073697904
      vertex 22.680000000000007 70 66.5598295632027
      vertex 44.160000000000025 70 54.559829560841855
    endloop
  endfacet
  facet normal -0.3934426373751382 0.5909462536042418 -0.7042623207629432
    outer loop
      vertex 22.680000000000007 63.20000000298023 60.853952073697904
      vertex 44.160000000000025 70 54.559829560841855
      vertex 33.244125882046234 63.20000000298023 54.95220576971769
    endloop
  endfacet
  facet normal -0.3934426373751376 0.5909462536042434 -0.7042623207629423
    outer loop
      vertex 44.160000000000025 62.2 48.01485243765907
      vertex 33.42000000246284 62.2 54.01485243746362
      vertex 33.42000000356603 63.15998796373606 54.820377983152866
    endloop
  endfacet
  facet normal -0.3934426373751196 0.5909462536042097 -0.7042623207629805
    outer loop
      vertex 33.399140959555666 63.19070217013359 54.857803359627724
      vertex 33.244125882046234 63.20000000298023 54.95220576971769
      vertex 44.160000000000025 70 54.559829560841855
    endloop
  endfacet
  facet normal -0.3934426373751251 0.5909462536042189 -0.7042623207629696
    outer loop
      vertex 33.399140959555666 63.19070217013359 54.857803359627724
      vertex 44.160000000000025 70 54.559829560841855
      vertex 33.42000000356603 63.15998796373606 54.820377983152866
    endloop
  endfacet
  facet normal 0 -1 0
    outer loop
      vertex 44.160000000000025 62.2 48.01485243765907
      vertex 44.160000000000025 62.2 54.01485243746362
      vertex 33.42000000246284 62.2 54.01485243746362
    endloop
  endfacet
  facet normal -0.39344263737513857 0.5909462536042411 -0.7042623207629434
    outer loop
      vertex 44.160000000000025 62.2 48.01485243765907
      vertex 33.42000000356603 63.15998796373606 54.820377983152866
      vertex 44.160000000000025 70 54.559829560841855
    endloop
  endfacet
  facet normal 0 -1 0
    outer loop
      vertex 39.16 7.300000000000001 3
      vertex 44.160000000000025 7.300000000000001 3
      vertex 39.16 7.300000000000001 48.90429730916168
    endloop
  endfacet
  facet normal -1 0 0
    outer loop
      vertex 39.16 7.300000000000001 3
      vertex 39.16 7.300000000000001 48.90429730916168
      vertex 39.16 26.3 3
    endloop
  endfacet
  facet normal 0 -1 0
    outer loop
      vertex 44.160000000000025 7.300000000000001 3
      vertex 44.160000000000025 7.300000000000001 48.90429730916168
      vertex 39.16 7.300000000000001 48.90429730916168
    endloop
  endfacet
  facet normal 0 1 0
    outer loop
      vertex 39.16 26.3 3
      vertex 44.160000000000025 26.3 64.7921944229557
      vertex 44.160000000000025 26.3 3
    endloop
  endfacet
  facet normal -1 0 0
    outer loop
      vertex 39.16 26.3 3
      vertex 39.16 7.300000000000001 48.90429730916168
      vertex 39.16 26.3 64.79219442295569
    endloop
  endfacet
  facet normal 0 1 0
    outer loop
      vertex 39.16 26.3 3
      vertex 39.16 26.3 64.79219442295569
      vertex 44.160000000000025 26.3 64.7921944229557
    endloop
  endfacet
  facet normal 0 -0.6414836412788101 0.7671367140032337
    outer loop
      vertex 39.16 7.300000000000001 48.90429730916168
      vertex 44.160000000000025 7.300000000000001 48.90429730916168
      vertex 41.560000001490124 10.8 51.83101519854478
    endloop
  endfacet
  facet normal 7.570603043492167e-16 -0.6414836412788103 0.7671367140032334
    outer loop
      vertex 39.16 7.300000000000001 48.90429730916168
      vertex 41.560000001490124 10.8 51.83101519854478
      vertex 41.560000001490124 22.8 61.86547653357258
    endloop
  endfacet
  facet normal -1.878998063844857e-15 -0.6414836412788109 0.7671367140032329
    outer loop
      vertex 44.160000000000025 7.300000000000001 48.90429730916168
      vertex 44.160000000000025 11.762962962676802 52.636249749881806
      vertex 41.560000001490124 10.8 51.83101519854478
    endloop
  endfacet
  facet normal -4.781433501152949e-16 -0.6414836412788103 0.7671367140032335
    outer loop
      vertex 39.16 7.300000000000001 48.90429730916168
      vertex 41.560000001490124 22.8 61.86547653357258
      vertex 39.16 26.3 64.79219442295569
    endloop
  endfacet
  facet normal -2.18033367787947e-15 -0.6414836412788109 0.7671367140032328
    outer loop
      vertex 39.16 26.3 64.79219442295569
      vertex 41.560000001490124 22.8 61.86547653357258
      vertex 44.160000000000025 26.3 64.7921944229557
    endloop
  endfacet
  facet normal -2.3193882350584955e-15 -0.6414836412788109 0.7671367140032329
    outer loop
      vertex 44.160000000000025 21.8370370373232 61.060241982235574
      vertex 44.160000000000025 26.3 64.7921944229557
      vertex 41.560000001490124 22.8 61.86547653357258
    endloop
  endfacet
  facet normal 0.9090065345279013 0 0.4167818616321682
    outer loop
      vertex 1.4316240242123683 0 33.32034716010094
      vertex 1.4316240242123683 2.7999999970197678 33.32034716010094
      vertex 1.266261472404011 0 33.681004986166954
    endloop
  endfacet
  facet normal 0.9345644638077657 0 0.3557938490020636
    outer loop
      vertex 1.266261472404011 0 33.681004986166954
      vertex 1.266261472404011 2.7999999970197678 33.681004986166954
      vertex 1.1250965511798938 0 34.051803186535835
    endloop
  endfacet
  facet normal 0.9560357814378253 0 0.29325003769917346
    outer loop
      vertex 1.0087465411424716 0 34.43112035095692
      vertex 1.1250965511798938 0 34.051803186535835
      vertex 1.1250965511798938 3.8 34.051803186535835
    endloop
  endfacet
  facet normal 0.9090065345279013 0 0.4167818616321682
    outer loop
      vertex 1.266261472404011 0 33.681004986166954
      vertex 1.4316240242123683 2.7999999970197678 33.32034716010094
      vertex 1.266261472404011 2.7999999970197678 33.681004986166954
    endloop
  endfacet
  facet normal 0.9345644638077674 -6.187604158893729e-16 0.35579384900205957
    outer loop
      vertex 1.1250965511798938 0 34.051803186535835
      vertex 1.266261472404011 2.7999999970197678 33.681004986166954
      vertex 1.200000000000017 2.7999999970197678 33.85505413738765
    endloop
  endfacet
  facet normal 0.9863613059144548 0 0.1645945752287461
    outer loop
      vertex 0.9177202051878055 0 34.81729783862829
      vertex 0.9177202051878055 3.8 34.81729783862829
      vertex 0.8524155905842861 0 35.20864697545767
    endloop
  endfacet
  facet normal 0.9733265967973603 0 0.22942392195860667
    outer loop
      vertex 1.0087465411424716 0 34.43112035095692
      vertex 1.0087465411424716 3.8 34.43112035095692
      vertex 0.9177202051878055 0 34.81729783862829
    endloop
  endfacet
  facet normal 0.9950829019397947 0 0.0990455363309073
    outer loop
      vertex 0.8524155905842861 0 35.20864697545767
      vertex 0.8524155905842861 3.8 35.20864697545767
      vertex 0.8131182408332904 0 35.60345649719238
    endloop
  endfacet
  facet normal 0.9994532572848113 0 0.03306337101356626
    outer loop
      vertex 0.8131182408332904 0 35.60345649719238
      vertex 0.8131182408332904 3.8 35.60345649719238
      vertex 0.8000000035762866 0 36
    endloop
  endfacet
  facet normal 0.9560357814378253 0 0.29325003769917346
    outer loop
      vertex 1.0087465411424716 0 34.43112035095692
      vertex 1.1250965511798938 3.8 34.051803186535835
      vertex 1.0087465411424716 3.8 34.43112035095692
    endloop
  endfacet
  facet normal 0.9345644638077644 0 0.3557938490020672
    outer loop
      vertex 1.1250965511798938 0 34.051803186535835
      vertex 1.200000000000017 2.7999999970197678 33.85505413738765
      vertex 1.1250965511798938 3.8 34.051803186535835
    endloop
  endfacet
  facet normal 0 -1 0
    outer loop
      vertex 1.0087465411424716 3.8 34.43112035095692
      vertex 1.200000000000017 3.8 33.85505413738765
      vertex 0.9177202051878055 3.8 34.81729783862829
    endloop
  endfacet
  facet normal 0.9345644638077645 0 0.35579384900206723
    outer loop
      vertex 1.200000000000017 2.7999999970197678 33.85505413738765
      vertex 1.200000000000017 3.8 33.85505413738765
      vertex 1.1250965511798938 3.8 34.051803186535835
    endloop
  endfacet
  facet normal 0 -1 0
    outer loop
      vertex 1.0087465411424716 3.8 34.43112035095692
      vertex 1.1250965511798938 3.8 34.051803186535835
      vertex 1.200000000000017 3.8 33.85505413738765
    endloop
  endfacet
  facet normal 0.9863613059144548 0 0.1645945752287461
    outer loop
      vertex 0.8524155905842861 0 35.20864697545767
      vertex 0.9177202051878055 3.8 34.81729783862829
      vertex 0.8524155905842861 3.8 35.20864697545767
    endloop
  endfacet
  facet normal 0.9733265967973603 0 0.22942392195860667
    outer loop
      vertex 0.9177202051878055 0 34.81729783862829
      vertex 1.0087465411424716 3.8 34.43112035095692
      vertex 0.9177202051878055 3.8 34.81729783862829
    endloop
  endfacet
  facet normal 0.9950829019397947 0 0.0990455363309073
    outer loop
      vertex 0.8524155905842861 3.8 35.20864697545767
      vertex 0.8131182408332904 3.8 35.60345649719238
      vertex 0.8131182408332904 0 35.60345649719238
    endloop
  endfacet
  facet normal 0.9994532572848113 0 0.03306337101356626
    outer loop
      vertex 0.8000000035762866 0 36
      vertex 0.8131182408332904 3.8 35.60345649719238
      vertex 0.8000000035762866 3.8 36
    endloop
  endfacet
  facet normal 0 -1 0
    outer loop
      vertex 0.9177202051878055 3.8 34.81729783862829
      vertex 1.200000000000017 3.8 33.85505413738765
      vertex 0.8524155905842861 3.8 35.20864697545767
    endloop
  endfacet
  facet normal 0 -1 0
    outer loop
      vertex 0.8524155905842861 3.8 35.20864697545767
      vertex 1.200000000000017 3.8 33.85505413738765
      vertex 0.8131182408332904 3.8 35.60345649719238
    endloop
  endfacet
  facet normal 0 -1 0
    outer loop
      vertex 1.200000000000017 3.8 33.85505413738765
      vertex 0.8000000035762866 3.8 36
      vertex 0.8131182408332904 3.8 35.60345649719238
    endloop
  endfacet
  facet normal 0.8460952488238701 0 0.53303173443771
    outer loop
      vertex 1.83194702029229 0 32.635709658265114
      vertex 1.83194702029229 2.7999999970197678 32.635709658265114
      vertex 1.6204611203074535 0 32.971406772732735
    endloop
  endfacet
  facet normal 0.8090169976892554 0 0.5877852477307195
    outer loop
      vertex 1.83194702029229 0 32.635709658265114
      vertex 2.0651569506526073 0 32.3147237226367
      vertex 2.0651569506526073 2.7999999970197678 32.3147237226367
    endloop
  endfacet
  facet normal 0.8794737493154143 0 0.4759473965314735
    outer loop
      vertex 1.6204611203074535 0 32.971406772732735
      vertex 1.6204611203074535 2.7999999970197678 32.971406772732735
      vertex 1.4316240242123683 0 33.32034716010094
    endloop
  endfacet
  facet normal 0.8090169976892554 0 0.5877852477307195
    outer loop
      vertex 1.83194702029229 0 32.635709658265114
      vertex 2.0651569506526073 2.7999999970197678 32.3147237226367
      vertex 1.83194702029229 2.7999999970197678 32.635709658265114
    endloop
  endfacet
  facet normal 0.7684011138024482 0 0.6399685369665894
    outer loop
      vertex 2.0651569506526073 0 32.3147237226367
      vertex 2.3190711429715236 2.7999999970197678 32.009852565824986
      vertex 2.0651569506526073 2.7999999970197678 32.3147237226367
    endloop
  endfacet
  facet normal 0.8794737493154143 0 0.4759473965314735
    outer loop
      vertex 1.4316240242123683 0 33.32034716010094
      vertex 1.6204611203074535 2.7999999970197678 32.971406772732735
      vertex 1.4316240242123683 2.7999999970197678 33.32034716010094
    endloop
  endfacet
  facet normal 0.8460952488238701 0 0.53303173443771
    outer loop
      vertex 1.6204611203074535 0 32.971406772732735
      vertex 1.83194702029229 2.7999999970197678 32.635709658265114
      vertex 1.6204611203074535 2.7999999970197678 32.971406772732735
    endloop
  endfacet
  facet normal 0.7244252030317695 0 0.6893534109673932
    outer loop
      vertex 2.5925792968273242 0 31.7224293127656
      vertex 2.5925792968273242 2.7999999970197678 31.7224293127656
      vertex 2.3190711429715236 0 32.009852565824986
    endloop
  endfacet
  facet normal 0.7684011138024482 0 0.6399685369665894
    outer loop
      vertex 2.3190711429715236 0 32.009852565824986
      vertex 2.3190711429715236 2.7999999970197678 32.009852565824986
      vertex 2.0651569506526073 0 32.3147237226367
    endloop
  endfacet
  facet normal 0.6772815722908153 0 0.7357239100608877
    outer loop
      vertex 2.8844854375720104 0 31.45371077954769
      vertex 2.8844854375720104 2.7999999970197678 31.45371077954769
      vertex 2.5925792968273242 0 31.7224293127656
    endloop
  endfacet
  facet normal 0.7244252030317695 0 0.6893534109673932
    outer loop
      vertex 2.3190711429715236 0 32.009852565824986
      vertex 2.5925792968273242 2.7999999970197678 31.7224293127656
      vertex 2.3190711429715236 2.7999999970197678 32.009852565824986
    endloop
  endfacet
  facet normal 0.6772815722908153 0 0.7357239100608877
    outer loop
      vertex 2.5925792968273242 0 31.7224293127656
      vertex 2.8844854375720104 2.7999999970197678 31.45371077954769
      vertex 2.5925792968273242 2.7999999970197678 31.7224293127656
    endloop
  endfacet
  facet normal 0.5743286630662505 0 0.818624814417773
    outer loop
      vertex 3.193513116836556 0 31.204872019588947
      vertex 3.518311052620419 0 30.977001130580902
      vertex 3.518311052620419 2.7999999970197678 30.977001130580902
    endloop
  endfacet
  facet normal 0.5743286630662505 0 0.818624814417773
    outer loop
      vertex 3.193513116836556 0 31.204872019588947
      vertex 3.518311052620419 2.7999999970197678 30.977001130580902
      vertex 3.193513116836556 2.7999999970197678 31.204872019588947
    endloop
  endfacet
  facet normal 0.5189695744228728 0 0.8547927121959699
    outer loop
      vertex 3.857458977997311 2.7999999970197678 30.771094538271427
      vertex 3.518311052620419 2.7999999970197678 30.977001130580902
      vertex 3.518311052620419 0 30.977001130580902
    endloop
  endfacet
  facet normal 0.5189695744228728 0 0.8547927121959699
    outer loop
      vertex 3.857458977997311 0 30.771094538271427
      vertex 3.857458977997311 2.7999999970197678 30.771094538271427
      vertex 3.518311052620419 0 30.977001130580902
    endloop
  endfacet
  facet normal 0.4613411649796677 0 0.8872228184031355
    outer loop
      vertex 3.857458977997311 0 30.771094538271427
      vertex 4.209473892152317 0 30.58805261552334
      vertex 4.209473892152317 2.7999999970197678 30.58805261552334
    endloop
  endfacet
  facet normal 0.4613411649796677 0 0.8872228184031355
    outer loop
      vertex 3.857458977997311 0 30.771094538271427
      vertex 4.209473892152317 2.7999999970197678 30.58805261552334
      vertex 3.857458977997311 2.7999999970197678 30.771094538271427
    endloop
  endfacet
  facet normal 0.4016954133708116 0 0.9157733316038705
    outer loop
      vertex 4.209473892152317 0 30.58805261552334
      vertex 4.572816512584694 2.7999999970197678 30.428675770759583
      vertex 4.209473892152317 2.7999999970197678 30.58805261552334
    endloop
  endfacet
  facet normal 0.4016954133708116 0 0.9157733316038705
    outer loop
      vertex 4.209473892152317 0 30.58805261552334
      vertex 4.572816512584694 0 30.428675770759583
      vertex 4.572816512584694 2.7999999970197678 30.428675770759583
    endloop
  endfacet
  facet normal 0.34029317956426297 0 0.940319388262331
    outer loop
      vertex 4.572816512584694 0 30.428675770759583
      vertex 4.9458980402350505 0 30.293660901486874
      vertex 4.9458980402350505 2.7999999970197678 30.293660901486874
    endloop
  endfacet
  facet normal 0.34029317956426297 0 0.940319388262331
    outer loop
      vertex 4.572816512584694 0 30.428675770759583
      vertex 4.9458980402350505 2.7999999970197678 30.293660901486874
      vertex 4.572816512584694 2.7999999970197678 30.428675770759583
    endloop
  endfacet
  facet normal 0.27740290352639274 0 0.9607536776485047
    outer loop
      vertex 4.9458980402350505 0 30.293660901486874
      vertex 5.327087081074723 2.7999999970197678 30.183598406612873
      vertex 4.9458980402350505 2.7999999970197678 30.293660901486874
    endloop
  endfacet
  facet normal 0.27740290352639274 0 0.9607536776485047
    outer loop
      vertex 5.327087081074723 0 30.183598406612873
      vertex 5.327087081074723 2.7999999970197678 30.183598406612873
      vertex 4.9458980402350505 0 30.293660901486874
    endloop
  endfacet
  facet normal 0.2132996401577845 0 0.9769868287282893
    outer loop
      vertex 5.327087081074723 0 30.183598406612873
      vertex 5.714716798663147 0 30.09896954894066
      vertex 5.714716798663147 2.7999999970197678 30.09896954894066
    endloop
  endfacet
  facet normal 0.2132996401577845 0 0.9769868287282893
    outer loop
      vertex 5.327087081074723 0 30.183598406612873
      vertex 5.714716798663147 2.7999999970197678 30.09896954894066
      vertex 5.327087081074723 2.7999999970197678 30.183598406612873
    endloop
  endfacet
  facet normal 0.14826365239646494 0 0.9889478698991471
    outer loop
      vertex 5.714716798663147 0 30.09896954894066
      vertex 6.107092178463944 2.7999999970197678 30.04014439880848
      vertex 5.714716798663147 2.7999999970197678 30.09896954894066
    endloop
  endfacet
  facet normal 0.6271763617294025 0 0.7788772761403877
    outer loop
      vertex 2.8844854375720104 0 31.45371077954769
      vertex 3.193513116836556 0 31.204872019588947
      vertex 3.193513116836556 2.7999999970197678 31.204872019588947
    endloop
  endfacet
  facet normal 0.6271763617294025 0 0.7788772761403877
    outer loop
      vertex 2.8844854375720104 0 31.45371077954769
      vertex 3.193513116836556 2.7999999970197678 31.204872019588947
      vertex 2.8844854375720104 2.7999999970197678 31.45371077954769
    endloop
  endfacet
  facet normal 1 0 0
    outer loop
      vertex 0.8000000035762866 0 36
      vertex 0.8000000035762866 3.8 36
      vertex 0.8000000035762866 0 42.29898474365473
    endloop
  endfacet
  facet normal 1 0 0
    outer loop
      vertex 0.8000000035762866 3.8 36
      vertex 0.8000000035762866 0.0059324949979782104 42.43225995451212
      vertex 0.8000000035762866 0 42.29898474365473
    endloop
  endfacet
  facet normal 1 0 0
    outer loop
      vertex 0.8000000035762866 3.8 36
      vertex 0.8000000035762866 0.09133577346801758 42.81441183388233
      vertex 0.8000000035762866 0.0059324949979782104 42.43225995451212
    endloop
  endfacet
  facet normal 1 0 0
    outer loop
      vertex 0.8000000035762866 3.8 36
      vertex 0.8000000035762866 0.27273719012737274 43.16143821179867
      vertex 0.8000000035762866 0.09133577346801758 42.81441183388233
    endloop
  endfacet
  facet normal 1 0 0
    outer loop
      vertex 0.8000000035762866 3.8 36
      vertex 0.8000000035762866 0.5377745404839516 43.44968981295824
      vertex 0.8000000035762866 0.27273719012737274 43.16143821179867
    endloop
  endfacet
  facet normal 0 -1 0
    outer loop
      vertex 1.200000000000017 3.8 33.85505413738765
      vertex 0.8000000035762866 3.8 46.17757941649635
      vertex 0.8000000035762866 3.8 36
    endloop
  endfacet
  facet normal 1 0 0
    outer loop
      vertex 0.8000000035762866 3.8 36
      vertex 0.8000000035762866 3.8 46.17757941649635
      vertex 0.8000000035762866 0.5377745404839516 43.44968981295824
    endloop
  endfacet
  facet normal 0 -1 0
    outer loop
      vertex 1.200000000000017 3.8 33.85505413738765
      vertex 1.200000000000017 3.8 46.17757941649635
      vertex 0.8000000035762866 3.8 46.17757941649635
    endloop
  endfacet
  facet normal 0.14826365239646494 0 0.9889478698991471
    outer loop
      vertex 5.714716798663147 0 30.09896954894066
      vertex 6.107092178463944 0 30.04014439880848
      vertex 6.107092178463944 2.7999999970197678 30.04014439880848
    endloop
  endfacet
  facet normal 0.08257933049470023 0 0.9965844942477519
    outer loop
      vertex 6.107092178463944 0 30.04014439880848
      vertex 6.502497478425511 0 30.007380187511444
      vertex 6.502497478425511 2.7999999970197678 30.007380187511444
    endloop
  endfacet
  facet normal 0.08257933049470023 0 0.9965844942477519
    outer loop
      vertex 6.107092178463944 0 30.04014439880848
      vertex 6.502497478425511 2.7999999970197678 30.007380187511444
      vertex 6.107092178463944 2.7999999970197678 30.04014439880848
    endloop
  endfacet
  facet normal 0.024799512853061104 0 0.9996924447860206
    outer loop
      vertex 6.502497478425511 0 30.007380187511444
      vertex 6.800000003576287 2.7999999970197678 30
      vertex 6.502497478425511 2.7999999970197678 30.007380187511444
    endloop
  endfacet
  facet normal 0.024799512853061104 0 0.9996924447860206
    outer loop
      vertex 6.502497478425511 0 30.007380187511444
      vertex 6.800000003576287 0 30
      vertex 6.800000003576287 2.7999999970197678 30
    endloop
  endfacet
  facet normal 0 0 1
    outer loop
      vertex 6.800000003576287 0 30
      vertex 38.560000001490124 2.7999999970197678 30
      vertex 6.800000003576287 2.7999999970197678 30
    endloop
  endfacet
  facet normal 0 0 1
    outer loop
      vertex 6.800000003576287 0 30
      vertex 38.560000001490124 0 30
      vertex 38.560000001490124 2.7999999970197678 30
    endloop
  endfacet
  facet normal -0.03306337101356626 0 0.9994532572848113
    outer loop
      vertex 38.560000001490124 0 30
      vertex 38.95654350429774 0 30.013118237257004
      vertex 38.95654350429774 2.7999999970197678 30.013118237257004
    endloop
  endfacet
  facet normal -0.03306337101356626 0 0.9994532572848113
    outer loop
      vertex 38.560000001490124 0 30
      vertex 38.95654350429774 2.7999999970197678 30.013118237257004
      vertex 38.560000001490124 2.7999999970197678 30
    endloop
  endfacet
  facet normal -0.09904553633090729 0 0.9950829019397945
    outer loop
      vertex 38.95654350429774 0 30.013118237257004
      vertex 39.351353026032456 0 30.052415587008
      vertex 39.351353026032456 2.7999999970197678 30.052415587008
    endloop
  endfacet
  facet normal -0.16459457522874607 0 0.9863613059144547
    outer loop
      vertex 39.351353026032456 0 30.052415587008
      vertex 39.74270216286183 0 30.11772020161152
      vertex 39.74270216286183 2.7999999970197678 30.11772020161152
    endloop
  endfacet
  facet normal -0.09904553633090729 0 0.9950829019397945
    outer loop
      vertex 38.95654350429774 0 30.013118237257004
      vertex 39.351353026032456 2.7999999970197678 30.052415587008
      vertex 38.95654350429774 2.7999999970197678 30.013118237257004
    endloop
  endfacet
  facet normal -0.16459457522874607 0 0.9863613059144547
    outer loop
      vertex 39.351353026032456 0 30.052415587008
      vertex 39.74270216286183 2.7999999970197678 30.11772020161152
      vertex 39.351353026032456 2.7999999970197678 30.052415587008
    endloop
  endfacet
  facet normal -0.22942392195860664 0 0.9733265967973603
    outer loop
      vertex 39.74270216286183 0 30.11772020161152
      vertex 40.12887965053321 0 30.208746537566185
      vertex 40.12887965053321 2.7999999970197678 30.208746537566185
    endloop
  endfacet
  facet normal -0.22942392195860664 0 0.9733265967973603
    outer loop
      vertex 39.74270216286183 0 30.11772020161152
      vertex 40.12887965053321 2.7999999970197678 30.208746537566185
      vertex 39.74270216286183 2.7999999970197678 30.11772020161152
    endloop
  endfacet
  facet normal -0.29325003769917346 0 0.9560357814378253
    outer loop
      vertex 40.12887965053321 0 30.208746537566185
      vertex 40.50819681495429 2.7999999970197678 30.325096547603607
      vertex 40.12887965053321 2.7999999970197678 30.208746537566185
    endloop
  endfacet
  facet normal -0.29325003769917346 0 0.9560357814378253
    outer loop
      vertex 40.12887965053321 0 30.208746537566185
      vertex 40.50819681495429 0 30.325096547603607
      vertex 40.50819681495429 2.7999999970197678 30.325096547603607
    endloop
  endfacet
  facet normal -0.3557938490020636 0 0.9345644638077657
    outer loop
      vertex 40.50819681495429 0 30.325096547603607
      vertex 40.87899501532317 0 30.466261468827724
      vertex 40.87899501532317 2.7999999970197678 30.466261468827724
    endloop
  endfacet
  facet normal -0.3557938490020636 0 0.9345644638077657
    outer loop
      vertex 40.50819681495429 0 30.325096547603607
      vertex 40.87899501532317 2.7999999970197678 30.466261468827724
      vertex 40.50819681495429 2.7999999970197678 30.325096547603607
    endloop
  endfacet
  facet normal -0.4167818616321682 0 0.9090065345279013
    outer loop
      vertex 40.87899501532317 0 30.466261468827724
      vertex 41.23965284138919 2.7999999970197678 30.63162402063608
      vertex 40.87899501532317 2.7999999970197678 30.466261468827724
    endloop
  endfacet
  facet normal -0.4167818616321682 0 0.9090065345279013
    outer loop
      vertex 40.87899501532317 0 30.466261468827724
      vertex 41.23965284138919 0 30.63162402063608
      vertex 41.23965284138919 2.7999999970197678 30.63162402063608
    endloop
  endfacet
  facet normal -0.4759473965314735 0 0.8794737493154143
    outer loop
      vertex 41.23965284138919 0 30.63162402063608
      vertex 41.58859322875739 0 30.820461116731167
      vertex 41.58859322875739 2.7999999970197678 30.820461116731167
    endloop
  endfacet
  facet normal -0.53303173443771 0 0.8460952488238701
    outer loop
      vertex 41.58859322875739 0 30.820461116731167
      vertex 41.92429034322501 0 31.031947016716003
      vertex 41.92429034322501 2.7999999970197678 31.031947016716003
    endloop
  endfacet
  facet normal -0.4759473965314735 0 0.8794737493154143
    outer loop
      vertex 41.23965284138919 0 30.63162402063608
      vertex 41.58859322875739 2.7999999970197678 30.820461116731167
      vertex 41.23965284138919 2.7999999970197678 30.63162402063608
    endloop
  endfacet
  facet normal -0.53303173443771 0 0.8460952488238701
    outer loop
      vertex 41.58859322875739 0 30.820461116731167
      vertex 41.92429034322501 2.7999999970197678 31.031947016716003
      vertex 41.58859322875739 2.7999999970197678 30.820461116731167
    endloop
  endfacet
  facet normal -0.5877852477307195 0 0.8090169976892554
    outer loop
      vertex 41.92429034322501 0 31.031947016716003
      vertex 42.245276278853424 0 31.26515694707632
      vertex 42.245276278853424 2.7999999970197678 31.26515694707632
    endloop
  endfacet
  facet normal -0.5877852477307195 0 0.8090169976892554
    outer loop
      vertex 41.92429034322501 0 31.031947016716003
      vertex 42.245276278853424 2.7999999970197678 31.26515694707632
      vertex 41.92429034322501 2.7999999970197678 31.031947016716003
    endloop
  endfacet
  facet normal -0.6399685369665894 0 0.7684011138024482
    outer loop
      vertex 42.245276278853424 0 31.26515694707632
      vertex 42.55014743566514 0 31.519071139395237
      vertex 42.55014743566514 2.7999999970197678 31.519071139395237
    endloop
  endfacet
  facet normal -0.6399685369665894 0 0.7684011138024482
    outer loop
      vertex 42.245276278853424 0 31.26515694707632
      vertex 42.55014743566514 2.7999999970197678 31.519071139395237
      vertex 42.245276278853424 2.7999999970197678 31.26515694707632
    endloop
  endfacet
  facet normal -0.6893534109673932 0 0.7244252030317695
    outer loop
      vertex 42.55014743566514 0 31.519071139395237
      vertex 42.837570688724526 0 31.792579293251038
      vertex 42.837570688724526 2.7999999970197678 31.792579293251038
    endloop
  endfacet
  facet normal -0.7357239100608877 0 0.6772815722908153
    outer loop
      vertex 42.837570688724526 0 31.792579293251038
      vertex 43.10628922194243 0 32.084485433995724
      vertex 43.10628922194243 2.7999999970197678 32.084485433995724
    endloop
  endfacet
  facet normal -0.7788772761403877 0 0.6271763617294025
    outer loop
      vertex 43.10628922194243 0 32.084485433995724
      vertex 43.35512798190118 0 32.39351311326027
      vertex 43.35512798190118 2.7999999970197678 32.39351311326027
    endloop
  endfacet
  facet normal -0.6893534109673932 0 0.7244252030317695
    outer loop
      vertex 42.55014743566514 0 31.519071139395237
      vertex 42.837570688724526 2.7999999970197678 31.792579293251038
      vertex 42.55014743566514 2.7999999970197678 31.519071139395237
    endloop
  endfacet
  facet normal -0.7357239100608877 0 0.6772815722908153
    outer loop
      vertex 42.837570688724526 0 31.792579293251038
      vertex 43.10628922194243 2.7999999970197678 32.084485433995724
      vertex 42.837570688724526 2.7999999970197678 31.792579293251038
    endloop
  endfacet
  facet normal -0.7788772761403877 0 0.6271763617294025
    outer loop
      vertex 43.10628922194243 0 32.084485433995724
      vertex 43.35512798190118 2.7999999970197678 32.39351311326027
      vertex 43.10628922194243 2.7999999970197678 32.084485433995724
    endloop
  endfacet
  facet normal -0.818624814417773 0 0.5743286630662505
    outer loop
      vertex 43.35512798190118 0 32.39351311326027
      vertex 43.58299887090922 0 32.71831104904413
      vertex 43.58299887090922 2.7999999970197678 32.71831104904413
    endloop
  endfacet
  facet normal -0.8547927121959699 0 0.5189695744228728
    outer loop
      vertex 43.58299887090922 0 32.71831104904413
      vertex 43.7889054632187 0 33.057458974421024
      vertex 43.7889054632187 2.7999999970197678 33.057458974421024
    endloop
  endfacet
  facet normal -0.8872228184031364 3.3410908596917645e-16 0.46134116497966554
    outer loop
      vertex 43.7889054632187 0 33.057458974421024
      vertex 43.96000000000001 0 33.386497414212506
      vertex 43.971947385966786 2.7999999970197678 33.40947388857603
    endloop
  endfacet
  facet normal -0.8872228184031199 0 0.46134116497969785
    outer loop
      vertex 43.971947385966786 0.0005869373886236957 33.40947388857603
      vertex 43.971947385966786 2.7999999970197678 33.40947388857603
      vertex 43.96000000000001 0 33.386497414212506
    endloop
  endfacet
  facet normal -0.818624814417773 0 0.5743286630662505
    outer loop
      vertex 43.35512798190118 0 32.39351311326027
      vertex 43.58299887090922 2.7999999970197678 32.71831104904413
      vertex 43.35512798190118 2.7999999970197678 32.39351311326027
    endloop
  endfacet
  facet normal -0.8547927121959699 0 0.5189695744228728
    outer loop
      vertex 43.58299887090922 0 32.71831104904413
      vertex 43.7889054632187 2.7999999970197678 33.057458974421024
      vertex 43.58299887090922 2.7999999970197678 32.71831104904413
    endloop
  endfacet
  facet normal -0.8872228184031355 0 0.4613411649796677
    outer loop
      vertex 43.7889054632187 0 33.057458974421024
      vertex 43.971947385966786 2.7999999970197678 33.40947388857603
      vertex 43.7889054632187 2.7999999970197678 33.057458974421024
    endloop
  endfacet
  facet normal -0.9403193882623255 -8.207002296495935e-13 0.34029317956427796
    outer loop
      vertex 44.13132423073054 0.008416619072369597 33.77281650900841
      vertex 44.25405142366887 0.014445818960666656 34.11194396120916
      vertex 44.26633910000325 0.01626852363151787 34.145898036658764
    endloop
  endfacet
  facet normal -0.9157733316038705 0 0.4016954133708116
    outer loop
      vertex 43.971947385966786 0.0005869373886236957 33.40947388857603
      vertex 44.13132423073054 0.008416619072369597 33.77281650900841
      vertex 44.13132423073054 2.7999999970197678 33.77281650900841
    endloop
  endfacet
  facet normal -0.940319388262331 0 0.3402931795642629
    outer loop
      vertex 44.13132423073054 0.008416619072369597 33.77281650900841
      vertex 44.26633910000325 0.01626852363151787 34.145898036658764
      vertex 44.26633910000325 3.8 34.145898036658764
    endloop
  endfacet
  facet normal -0.9157733316038706 0 0.40169541337081166
    outer loop
      vertex 43.971947385966786 0.0005869373886236957 33.40947388857603
      vertex 44.13132423073054 2.7999999970197678 33.77281650900841
      vertex 43.971947385966786 2.7999999970197678 33.40947388857603
    endloop
  endfacet
  facet normal -0.9403193882623291 0 0.34029317956426813
    outer loop
      vertex 44.13132423073054 0.008416619072369597 33.77281650900841
      vertex 44.160000000000025 2.7999999970197678 33.85205518740907
      vertex 44.13132423073054 2.7999999970197678 33.77281650900841
    endloop
  endfacet
  facet normal -0.9965844942477514 -2.9282493840375786e-13 0.08257933049470427
    outer loop
      vertex 44.519855602681645 0.05387414580084947 35.30709217488766
      vertex 44.54527096360923 0.057644158601760864 35.613810023826424
      vertex 44.55261981397868 0.05948494977529875 35.702497474849224
    endloop
  endfacet
  facet normal -0.9607536776485047 0 0.2774029035263927
    outer loop
      vertex 44.26633910000325 0.01626852363151787 34.145898036658764
      vertex 44.37640159487725 0.03259475310185839 34.527087077498436
      vertex 44.37640159487725 3.8 34.527087077498436
    endloop
  endfacet
  facet normal -0.9769868287282893 0 0.2132996401577845
    outer loop
      vertex 44.37640159487725 0.03259475310185839 34.527087077498436
      vertex 44.461030452549466 0.045148258742004885 34.91471679508686
      vertex 44.461030452549466 3.8 34.91471679508686
    endloop
  endfacet
  facet normal -0.988947869899147 0 0.14826365239646494
    outer loop
      vertex 44.461030452549466 0.045148258742004885 34.91471679508686
      vertex 44.519855602681645 0.05387414580084947 35.30709217488766
      vertex 44.519855602681645 3.8 35.30709217488766
    endloop
  endfacet
  facet normal -0.9965844942477518 0 0.08257933049470023
    outer loop
      vertex 44.519855602681645 0.05387414580084947 35.30709217488766
      vertex 44.55261981397868 0.05948494977529875 35.702497474849224
      vertex 44.55261981397868 3.8 35.702497474849224
    endloop
  endfacet
  facet normal -0.9996924447860206 0 0.024799512853061104
    outer loop
      vertex 44.55261981397868 0.05948494977529875 35.702497474849224
      vertex 44.560000001490124 0.061333590494205 36
      vertex 44.560000001490124 3.8 36
    endloop
  endfacet
  facet normal -0.9403193882623319 2.3552825024533976e-16 0.3402931795642608
    outer loop
      vertex 44.13132423073054 0.008416619072369597 33.77281650900841
      vertex 44.26633910000325 3.8 34.145898036658764
      vertex 44.160000000000025 2.7999999970197678 33.85205518740907
    endloop
  endfacet
  facet normal -0.9607536776485046 0 0.2774029035263927
    outer loop
      vertex 44.26633910000325 0.01626852363151787 34.145898036658764
      vertex 44.37640159487725 3.8 34.527087077498436
      vertex 44.26633910000325 3.8 34.145898036658764
    endloop
  endfacet
  facet normal -0.9403193882623314 0 0.34029317956426147
    outer loop
      vertex 44.160000000000025 2.7999999970197678 33.85205518740907
      vertex 44.26633910000325 3.8 34.145898036658764
      vertex 44.160000000000025 3.8 33.85205518740907
    endloop
  endfacet
  facet normal -0.9769868287282892 0 0.21329964015778446
    outer loop
      vertex 44.37640159487725 0.03259475310185839 34.527087077498436
      vertex 44.461030452549466 3.8 34.91471679508686
      vertex 44.37640159487725 3.8 34.527087077498436
    endloop
  endfacet
  facet normal -0.988947869899147 0 0.14826365239646494
    outer loop
      vertex 44.461030452549466 0.045148258742004885 34.91471679508686
      vertex 44.519855602681645 3.8 35.30709217488766
      vertex 44.461030452549466 3.8 34.91471679508686
    endloop
  endfacet
  facet normal -0.9965844942477516 0 0.08257933049470023
    outer loop
      vertex 44.519855602681645 0.05387414580084947 35.30709217488766
      vertex 44.55261981397868 3.8 35.702497474849224
      vertex 44.519855602681645 3.8 35.30709217488766
    endloop
  endfacet
  facet normal -0.9996924447860205 0 0.024799512853061104
    outer loop
      vertex 44.55261981397868 0.05948494977529875 35.702497474849224
      vertex 44.560000001490124 3.8 36
      vertex 44.55261981397868 3.8 35.702497474849224
    endloop
  endfacet
  facet normal -1 0 0
    outer loop
      vertex 44.560000001490124 0.061333590494205 36
      vertex 44.560000001490124 0.061333590494205 42.68016182833163
      vertex 44.560000001490124 0.09133577346801758 42.81441183388233
    endloop
  endfacet
  facet normal -1 0 0
    outer loop
      vertex 44.560000001490124 0.061333590494205 36
      vertex 44.560000001490124 0.5377745404839516 43.44968981295824
      vertex 44.560000001490124 3.8 36
    endloop
  endfacet
  facet normal -1 0 0
    outer loop
      vertex 44.560000001490124 0.061333590494205 36
      vertex 44.560000001490124 0.09133577346801758 42.81441183388233
      vertex 44.560000001490124 0.27273719012737274 43.16143821179867
    endloop
  endfacet
  facet normal -1 0 0
    outer loop
      vertex 44.560000001490124 0.061333590494205 36
      vertex 44.560000001490124 0.27273719012737274 43.16143821179867
      vertex 44.560000001490124 0.5377745404839516 43.44968981295824
    endloop
  endfacet
  facet normal 0 -1 0
    outer loop
      vertex 44.160000000000025 3.8 33.85205518740907
      vertex 44.26633910000325 3.8 34.145898036658764
      vertex 44.160000000000025 3.8 46.17757941649635
    endloop
  endfacet
  facet normal 0 -1 0
    outer loop
      vertex 44.26633910000325 3.8 34.145898036658764
      vertex 44.37640159487725 3.8 34.527087077498436
      vertex 44.160000000000025 3.8 46.17757941649635
    endloop
  endfacet
  facet normal 0 -1 0
    outer loop
      vertex 44.37640159487725 3.8 34.527087077498436
      vertex 44.461030452549466 3.8 34.91471679508686
      vertex 44.160000000000025 3.8 46.17757941649635
    endloop
  endfacet
  facet normal 0 -1 0
    outer loop
      vertex 44.461030452549466 3.8 34.91471679508686
      vertex 44.519855602681645 3.8 35.30709217488766
      vertex 44.160000000000025 3.8 46.17757941649635
    endloop
  endfacet
  facet normal 0 -1 0
    outer loop
      vertex 44.519855602681645 3.8 35.30709217488766
      vertex 44.55261981397868 3.8 35.702497474849224
      vertex 44.160000000000025 3.8 46.17757941649635
    endloop
  endfacet
  facet normal 0 -1 0
    outer loop
      vertex 44.55261981397868 3.8 35.702497474849224
      vertex 44.560000001490124 3.8 36
      vertex 44.160000000000025 3.8 46.17757941649635
    endloop
  endfacet
  facet normal -1 0 0
    outer loop
      vertex 44.560000001490124 3.8 36
      vertex 44.560000001490124 0.5377745404839516 43.44968981295824
      vertex 44.560000001490124 3.8 46.17757941649634
    endloop
  endfacet
  facet normal 0 -1 0
    outer loop
      vertex 44.560000001490124 3.8 36
      vertex 44.560000001490124 3.8 46.17757941649634
      vertex 44.160000000000025 3.8 46.17757941649635
    endloop
  endfacet
  facet normal 0 0 1
    outer loop
      vertex 41.560000001490124 10.8 10
      vertex 46.96000000000001 12.8 10
      vertex 46.96000000000001 20.8 10
    endloop
  endfacet
  facet normal -0.34731435590787346 0.9377487606924891 0
    outer loop
      vertex 41.560000001490124 10.8 10
      vertex 41.560000001490124 10.8 51.83101519854478
      vertex 46.96000000000001 12.8 10
    endloop
  endfacet
  facet normal 1 0 0
    outer loop
      vertex 41.560000001490124 10.8 10
      vertex 41.560000001490124 22.8 61.86547653357258
      vertex 41.560000001490124 10.8 51.83101519854478
    endloop
  endfacet
  facet normal -0.3473143559078734 0.937748760692489 7.363595331099782e-18
    outer loop
      vertex 46.96000000000001 12.8 10
      vertex 41.560000001490124 10.8 51.83101519854478
      vertex 44.160000000000025 11.762962962676802 52.636249749881806
    endloop
  endfacet
  facet normal -0.34731435590787446 0.9377487606924886 0
    outer loop
      vertex 46.96000000000001 12.8 10
      vertex 44.160000000000025 11.762962962676802 52.636249749881806
      vertex 44.160000000000025 11.762962962676802 52.83624974716918
    endloop
  endfacet
  facet normal -0.3473143559078735 0.937748760692489 0
    outer loop
      vertex 46.96000000000001 12.8 10
      vertex 44.160000000000025 11.762962962676802 52.83624974716918
      vertex 46.96000000000001 12.8 53.70342541841098
    endloop
  endfacet
  facet normal 0 0 1
    outer loop
      vertex 41.560000001490124 10.8 10
      vertex 46.96000000000001 20.8 10
      vertex 41.560000001490124 22.8 10
    endloop
  endfacet
  facet normal 1 0 0
    outer loop
      vertex 41.560000001490124 10.8 10
      vertex 41.560000001490124 22.8 10
      vertex 41.560000001490124 22.8 61.86547653357258
    endloop
  endfacet
  facet normal -0.3473143559078735 -0.9377487606924891 0
    outer loop
      vertex 46.96000000000001 20.8 10
      vertex 46.96000000000001 20.8 60.39306630900176
      vertex 41.560000001490124 22.8 10
    endloop
  endfacet
  facet normal -0.34731435590787346 -0.937748760692489 0
    outer loop
      vertex 41.560000001490124 22.8 10
      vertex 44.160000000000025 21.8370370373232 61.060241982235574
      vertex 41.560000001490124 22.8 61.86547653357258
    endloop
  endfacet
  facet normal -0.3473143559078735 -0.937748760692489 5.755832900316872e-18
    outer loop
      vertex 41.560000001490124 22.8 10
      vertex 46.96000000000001 20.8 60.39306630900176
      vertex 44.160000000000025 21.8370370373232 61.060241982235574
    endloop
  endfacet
  facet normal -0.3473143559078733 -0.937748760692489 0
    outer loop
      vertex 46.96000000000001 20.8 60.39306630900176
      vertex 44.160000000000025 21.8370370373232 61.260241980243556
      vertex 44.160000000000025 21.8370370373232 61.060241982235574
    endloop
  endfacet
  facet normal 1 0 0
    outer loop
      vertex 4.680000000000007 0 6.7
      vertex 4.680000000000007 0.5 6.7
      vertex 4.680000000000007 0 19.3
    endloop
  endfacet
  facet normal 1 0 0
    outer loop
      vertex 4.680000000000007 0.5 6.7
      vertex 4.680000000000007 0.5 19.3
      vertex 4.680000000000007 0 19.3
    endloop
  endfacet
  facet normal 0 0 1
    outer loop
      vertex 4.680000000000007 0 6.7
      vertex 40.68000000000001 0.5 6.7
      vertex 4.680000000000007 0.5 6.7
    endloop
  endfacet
  facet normal 0 -1 0
    outer loop
      vertex 4.680000000000007 0.5 6.7
      vertex 40.68000000000001 0.5 6.7
      vertex 4.680000000000007 0.5 19.3
    endloop
  endfacet
  facet normal 0 0 -1
    outer loop
      vertex 4.680000000000007 0 19.3
      vertex 4.680000000000007 0.5 19.3
      vertex 40.68000000000001 0 19.3
    endloop
  endfacet
  facet normal 0 0 1
    outer loop
      vertex 4.680000000000007 0 6.7
      vertex 40.68000000000001 0 6.7
      vertex 40.68000000000001 0.5 6.7
    endloop
  endfacet
  facet normal 0 -1 0
    outer loop
      vertex 4.680000000000007 0.5 19.3
      vertex 40.68000000000001 0.5 6.7
      vertex 40.68000000000001 0.5 19.3
    endloop
  endfacet
  facet normal 0 0 -1
    outer loop
      vertex 4.680000000000007 0.5 19.3
      vertex 40.68000000000001 0.5 19.3
      vertex 40.68000000000001 0 19.3
    endloop
  endfacet
  facet normal -1 0 0
    outer loop
      vertex 40.68000000000001 0 6.7
      vertex 40.68000000000001 0.5 19.3
      vertex 40.68000000000001 0.5 6.7
    endloop
  endfacet
  facet normal -1 0 0
    outer loop
      vertex 40.68000000000001 0 6.7
      vertex 40.68000000000001 0 19.3
      vertex 40.68000000000001 0.5 19.3
    endloop
  endfacet
  facet normal 0 0 1
    outer loop
      vertex 4.680000000000007 30.799999997019768 47.577558713102036
      vertex 40.68000000000001 31.3 47.577558713102036
      vertex 4.680000000000007 31.3 47.577558713102036
    endloop
  endfacet
  facet normal 1 0 0
    outer loop
      vertex 4.680000000000007 30.799999997019768 47.577558713102036
      vertex 4.680000000000007 31.3 47.577558713102036
      vertex 4.680000000000007 30.799999997019768 60.17755871310204
    endloop
  endfacet
  facet normal 1 0 0
    outer loop
      vertex 4.680000000000007 31.3 47.577558713102036
      vertex 4.680000000000007 31.3 60.17755871310204
      vertex 4.680000000000007 30.799999997019768 60.17755871310204
    endloop
  endfacet
  facet normal 0 -1 0
    outer loop
      vertex 4.680000000000007 31.3 47.577558713102036
      vertex 40.68000000000001 31.3 47.577558713102036
      vertex 4.680000000000007 31.3 60.17755871310204
    endloop
  endfacet
  facet normal 0 0 -1
    outer loop
      vertex 4.680000000000007 30.799999997019768 60.17755871310204
      vertex 4.680000000000007 31.3 60.17755871310204
      vertex 40.68000000000001 30.799999997019768 60.17755871310204
    endloop
  endfacet
  facet normal 0 0 1
    outer loop
      vertex 4.680000000000007 30.799999997019768 47.577558713102036
      vertex 40.68000000000001 30.799999997019768 47.577558713102036
      vertex 40.68000000000001 31.3 47.577558713102036
    endloop
  endfacet
  facet normal 0 -1 0
    outer loop
      vertex 4.680000000000007 31.3 60.17755871310204
      vertex 40.68000000000001 31.3 47.577558713102036
      vertex 40.68000000000001 31.3 60.17755871310204
    endloop
  endfacet
  facet normal 0 0 -1
    outer loop
      vertex 4.680000000000007 31.3 60.17755871310204
      vertex 40.68000000000001 31.3 60.17755871310204
      vertex 40.68000000000001 30.799999997019768 60.17755871310204
    endloop
  endfacet
  facet normal -1 0 0
    outer loop
      vertex 40.68000000000001 30.799999997019768 47.577558713102036
      vertex 40.68000000000001 31.3 60.17755871310204
      vertex 40.68000000000001 31.3 47.577558713102036
    endloop
  endfacet
  facet normal -1 0 0
    outer loop
      vertex 40.68000000000001 30.799999997019768 47.577558713102036
      vertex 40.68000000000001 30.799999997019768 60.17755871310204
      vertex 40.68000000000001 31.3 60.17755871310204
    endloop
  endfacet
  facet normal 0.8968727415326888 0.44228869021900047 0
    outer loop
      vertex 27.629872981077824 12.5 0
      vertex 27.340602337443585 13.08658283817455 0
      vertex 27.340602337443585 13.08658283817455 1
    endloop
  endfacet
  facet normal 0.8314696123025548 0.555570233019588 0
    outer loop
      vertex 27.993233298543828 11.956192854956397 0
      vertex 27.629872981077824 12.5 1
      vertex 27.993233298543828 11.956192854956397 1
    endloop
  endfacet
  facet normal 0.8314696123025548 0.555570233019588 0
    outer loop
      vertex 27.993233298543828 11.956192854956397 0
      vertex 27.629872981077824 12.5 0
      vertex 27.629872981077824 12.5 1
    endloop
  endfacet
  facet normal 0.8968727415326888 0.44228869021900047 0
    outer loop
      vertex 27.629872981077824 12.5 0
      vertex 27.340602337443585 13.08658283817455 1
      vertex 27.629872981077824 12.5 1
    endloop
  endfacet
  facet normal 0.5555702330195923 0.8314696123025518 0
    outer loop
      vertex 29.460000000000008 10.669872981077807 0
      vertex 28.916192854956392 11.033233298543824 0
      vertex 28.916192854956392 11.033233298543824 1
    endloop
  endfacet
  facet normal 0.5555702330195923 0.8314696123025518 0
    outer loop
      vertex 29.460000000000008 10.669872981077807 0
      vertex 28.916192854956392 11.033233298543824 1
      vertex 29.460000000000008 10.669872981077807 1
    endloop
  endfacet
  facet normal 0.7518398074789745 0.6593458151000723 0
    outer loop
      vertex 27.993233298543828 11.956192854956397 0
      vertex 27.993233298543828 11.956192854956397 1
      vertex 28.42446609406727 11.464466094067262 0
    endloop
  endfacet
  facet normal 0.6593458151000785 0.751839807478969 0
    outer loop
      vertex 28.42446609406727 11.464466094067262 0
      vertex 28.42446609406727 11.464466094067262 1
      vertex 28.916192854956392 11.033233298543824 0
    endloop
  endfacet
  facet normal 0.7518398074789745 0.6593458151000723 0
    outer loop
      vertex 28.42446609406727 11.464466094067262 0
      vertex 27.993233298543828 11.956192854956397 1
      vertex 28.42446609406727 11.464466094067262 1
    endloop
  endfacet
  facet normal 0.6593458151000785 0.751839807478969 0
    outer loop
      vertex 28.42446609406727 11.464466094067262 1
      vertex 28.916192854956392 11.033233298543824 1
      vertex 28.916192854956392 11.033233298543824 0
    endloop
  endfacet
  facet normal 0.9807852804032273 0.19509032201614399 0
    outer loop
      vertex 27.130370868554678 13.705904774487397 0
      vertex 27.002775693130957 14.347369038899743 1
      vertex 27.130370868554678 13.705904774487397 1
    endloop
  endfacet
  facet normal 0.9807852804032273 0.19509032201614399 0
    outer loop
      vertex 27.130370868554678 13.705904774487397 0
      vertex 27.002775693130957 14.347369038899743 0
      vertex 27.002775693130957 14.347369038899743 1
    endloop
  endfacet
  facet normal 0.9978589232386034 0.06540312923014452 0
    outer loop
      vertex 27.002775693130957 14.347369038899743 0
      vertex 26.960000000000008 15 1
      vertex 27.002775693130957 14.347369038899743 1
    endloop
  endfacet
  facet normal 0 0 -1
    outer loop
      vertex 27.130370868554678 13.705904774487397 1
      vertex 27.002775693130957 14.347369038899743 1
      vertex 27.002775693130957 15.652630961100257 1
    endloop
  endfacet
  facet normal 0.9978589232386034 0.06540312923014452 0
    outer loop
      vertex 27.002775693130957 14.347369038899743 0
      vertex 26.960000000000008 15 0
      vertex 26.960000000000008 15 1
    endloop
  endfacet
  facet normal 0.9978589232386034 -0.06540312923014452 0
    outer loop
      vertex 26.960000000000008 15 0
      vertex 27.002775693130957 15.652630961100257 1
      vertex 26.960000000000008 15 1
    endloop
  endfacet
  facet normal 0 0 -1
    outer loop
      vertex 27.002775693130957 14.347369038899743 1
      vertex 26.960000000000008 15 1
      vertex 27.002775693130957 15.652630961100257 1
    endloop
  endfacet
  facet normal 0 0 -1
    outer loop
      vertex 27.130370868554678 13.705904774487397 1
      vertex 27.002775693130957 15.652630961100257 1
      vertex 27.130370868554678 16.294095225512603 1
    endloop
  endfacet
  facet normal 0.9469301294951065 0.3214394653031593 0
    outer loop
      vertex 27.340602337443585 13.08658283817455 0
      vertex 27.130370868554678 13.705904774487397 1
      vertex 27.340602337443585 13.08658283817455 1
    endloop
  endfacet
  facet normal 0.9469301294951065 0.3214394653031593 0
    outer loop
      vertex 27.340602337443585 13.08658283817455 0
      vertex 27.130370868554678 13.705904774487397 0
      vertex 27.130370868554678 13.705904774487397 1
    endloop
  endfacet
  facet normal 0 0 -1
    outer loop
      vertex 27.629872981077824 12.5 1
      vertex 27.340602337443585 13.08658283817455 1
      vertex 27.340602337443585 16.91341716182545 1
    endloop
  endfacet
  facet normal 0 0 -1
    outer loop
      vertex 27.993233298543828 11.956192854956397 1
      vertex 27.629872981077824 12.5 1
      vertex 27.629872981077824 17.5 1
    endloop
  endfacet
  facet normal 0 0 -1
    outer loop
      vertex 27.340602337443585 13.08658283817455 1
      vertex 27.130370868554678 13.705904774487397 1
      vertex 27.130370868554678 16.294095225512603 1
    endloop
  endfacet
  facet normal 0.9978589232386034 -0.06540312923014452 0
    outer loop
      vertex 26.960000000000008 15 0
      vertex 27.002775693130957 15.652630961100257 0
      vertex 27.002775693130957 15.652630961100257 1
    endloop
  endfacet
  facet normal 0.9807852804032273 -0.19509032201614399 0
    outer loop
      vertex 27.002775693130957 15.652630961100257 0
      vertex 27.130370868554678 16.294095225512603 0
      vertex 27.130370868554678 16.294095225512603 1
    endloop
  endfacet
  facet normal 0.9807852804032273 -0.19509032201614399 0
    outer loop
      vertex 27.002775693130957 15.652630961100257 0
      vertex 27.130370868554678 16.294095225512603 1
      vertex 27.002775693130957 15.652630961100257 1
    endloop
  endfacet
  facet normal 0 0 -1
    outer loop
      vertex 27.340602337443585 13.08658283817455 1
      vertex 27.130370868554678 16.294095225512603 1
      vertex 27.340602337443585 16.91341716182545 1
    endloop
  endfacet
  facet normal 0 0 -1
    outer loop
      vertex 27.629872981077824 12.5 1
      vertex 27.340602337443585 16.91341716182545 1
      vertex 27.629872981077824 17.5 1
    endloop
  endfacet
  facet normal 0 0 -1
    outer loop
      vertex 27.993233298543828 11.956192854956397 1
      vertex 27.629872981077824 17.5 1
      vertex 27.993233298543828 18.0438071450436 1
    endloop
  endfacet
  facet normal 0.9469301294951065 -0.3214394653031593 0
    outer loop
      vertex 27.130370868554678 16.294095225512603 0
      vertex 27.340602337443585 16.91341716182545 1
      vertex 27.130370868554678 16.294095225512603 1
    endloop
  endfacet
  facet normal 0.9469301294951065 -0.3214394653031593 0
    outer loop
      vertex 27.130370868554678 16.294095225512603 0
      vertex 27.340602337443585 16.91341716182545 0
      vertex 27.340602337443585 16.91341716182545 1
    endloop
  endfacet
  facet normal 0.8968727415326888 -0.44228869021900047 0
    outer loop
      vertex 27.340602337443585 16.91341716182545 0
      vertex 27.629872981077824 17.5 1
      vertex 27.340602337443585 16.91341716182545 1
    endloop
  endfacet
  facet normal 0.8968727415326888 -0.44228869021900047 0
    outer loop
      vertex 27.340602337443585 16.91341716182545 0
      vertex 27.629872981077824 17.5 0
      vertex 27.629872981077824 17.5 1
    endloop
  endfacet
  facet normal 0 0 -1
    outer loop
      vertex 27.993233298543828 11.956192854956397 1
      vertex 27.993233298543828 18.0438071450436 1
      vertex 28.42446609406727 11.464466094067262 1
    endloop
  endfacet
  facet normal 0 0 -1
    outer loop
      vertex 28.42446609406727 11.464466094067262 1
      vertex 28.42446609406727 18.535533905932738 1
      vertex 28.916192854956392 11.033233298543824 1
    endloop
  endfacet
  facet normal 0 0 -1
    outer loop
      vertex 29.460000000000008 10.669872981077807 1
      vertex 28.916192854956392 11.033233298543824 1
      vertex 28.916192854956392 18.966766701456176 1
    endloop
  endfacet
  facet normal 0 0 -1
    outer loop
      vertex 28.42446609406727 11.464466094067262 1
      vertex 27.993233298543828 18.0438071450436 1
      vertex 28.42446609406727 18.535533905932738 1
    endloop
  endfacet
  facet normal 0 0 -1
    outer loop
      vertex 28.916192854956392 11.033233298543824 1
      vertex 28.42446609406727 18.535533905932738 1
      vertex 28.916192854956392 18.966766701456176 1
    endloop
  endfacet
  facet normal 0 0 -1
    outer loop
      vertex 29.460000000000008 10.669872981077807 1
      vertex 28.916192854956392 18.966766701456176 1
      vertex 29.460000000000008 19.33012701892219 1
    endloop
  endfacet
  facet normal 0.442288690218994 0.8968727415326918 0
    outer loop
      vertex 29.460000000000008 10.669872981077807 0
      vertex 29.460000000000008 10.669872981077807 1
      vertex 30.046582838174572 10.380602337443566 0
    endloop
  endfacet
  facet normal 0.442288690218994 0.8968727415326918 0
    outer loop
      vertex 29.460000000000008 10.669872981077807 1
      vertex 30.046582838174572 10.380602337443566 1
      vertex 30.046582838174572 10.380602337443566 0
    endloop
  endfacet
  facet normal 0.3214394653031609 0.9469301294951059 0
    outer loop
      vertex 30.046582838174572 10.380602337443566 0
      vertex 30.046582838174572 10.380602337443566 1
      vertex 30.665904774487416 10.17037086855466 0
    endloop
  endfacet
  facet normal 0.3214394653031609 0.9469301294951059 0
    outer loop
      vertex 30.046582838174572 10.380602337443566 1
      vertex 30.665904774487416 10.17037086855466 1
      vertex 30.665904774487416 10.17037086855466 0
    endloop
  endfacet
  facet normal 0.1950903220161356 0.980785280403229 0
    outer loop
      vertex 30.665904774487416 10.17037086855466 0
      vertex 30.665904774487416 10.17037086855466 1
      vertex 31.307369038899736 10.042775693130949 0
    endloop
  endfacet
  facet normal 0.1950903220161356 0.980785280403229 0
    outer loop
      vertex 31.307369038899736 10.042775693130949 0
      vertex 30.665904774487416 10.17037086855466 1
      vertex 31.307369038899736 10.042775693130949 1
    endloop
  endfacet
  facet normal 0.0654031292301431 0.9978589232386035 0
    outer loop
      vertex 31.307369038899736 10.042775693130949 0
      vertex 31.307369038899736 10.042775693130949 1
      vertex 31.960000000000008 10 0
    endloop
  endfacet
  facet normal 0.0654031292301431 0.9978589232386035 0
    outer loop
      vertex 31.307369038899736 10.042775693130949 1
      vertex 31.960000000000008 10 1
      vertex 31.960000000000008 10 0
    endloop
  endfacet
  facet normal -0.0654031292301431 0.9978589232386035 0
    outer loop
      vertex 31.960000000000008 10 0
      vertex 31.960000000000008 10 1
      vertex 32.61263096110028 10.042775693130949 0
    endloop
  endfacet
  facet normal 0 0 -1
    outer loop
      vertex 29.460000000000008 10.669872981077807 1
      vertex 29.460000000000008 19.33012701892219 1
      vertex 30.046582838174572 10.380602337443566 1
    endloop
  endfacet
  facet normal 0 0 -1
    outer loop
      vertex 30.046582838174572 10.380602337443566 1
      vertex 30.046582838174572 19.619397662556434 1
      vertex 30.665904774487416 10.17037086855466 1
    endloop
  endfacet
  facet normal 0 0 -1
    outer loop
      vertex 30.046582838174572 10.380602337443566 1
      vertex 29.460000000000008 19.33012701892219 1
      vertex 30.046582838174572 19.619397662556434 1
    endloop
  endfacet
  facet normal 0 0 -1
    outer loop
      vertex 30.665904774487416 10.17037086855466 1
      vertex 30.046582838174572 19.619397662556434 1
      vertex 30.665904774487416 19.82962913144534 1
    endloop
  endfacet
  facet normal 0 0 -1
    outer loop
      vertex 30.665904774487416 10.17037086855466 1
      vertex 30.665904774487416 19.82962913144534 1
      vertex 31.307369038899736 10.042775693130949 1
    endloop
  endfacet
  facet normal 0 0 -1
    outer loop
      vertex 31.307369038899736 10.042775693130949 1
      vertex 31.307369038899736 19.95722430686905 1
      vertex 31.960000000000008 10 1
    endloop
  endfacet
  facet normal 0 0 -1
    outer loop
      vertex 31.960000000000008 10 1
      vertex 31.960000000000008 20 1
      vertex 32.61263096110028 10.042775693130949 1
    endloop
  endfacet
  facet normal 0 0 -1
    outer loop
      vertex 31.307369038899736 10.042775693130949 1
      vertex 30.665904774487416 19.82962913144534 1
      vertex 31.307369038899736 19.95722430686905 1
    endloop
  endfacet
  facet normal 0 0 -1
    outer loop
      vertex 31.960000000000008 10 1
      vertex 31.307369038899736 19.95722430686905 1
      vertex 31.960000000000008 20 1
    endloop
  endfacet
  facet normal -0.0654031292301431 0.9978589232386035 0
    outer loop
      vertex 31.960000000000008 10 1
      vertex 32.61263096110028 10.042775693130949 1
      vertex 32.61263096110028 10.042775693130949 0
    endloop
  endfacet
  facet normal -0.1950903220161356 0.980785280403229 0
    outer loop
      vertex 32.61263096110028 10.042775693130949 0
      vertex 32.61263096110028 10.042775693130949 1
      vertex 33.2540952255126 10.17037086855466 0
    endloop
  endfacet
  facet normal -0.1950903220161356 0.980785280403229 0
    outer loop
      vertex 32.61263096110028 10.042775693130949 1
      vertex 33.2540952255126 10.17037086855466 1
      vertex 33.2540952255126 10.17037086855466 0
    endloop
  endfacet
  facet normal -0.3214394653031609 0.9469301294951059 0
    outer loop
      vertex 33.2540952255126 10.17037086855466 0
      vertex 33.2540952255126 10.17037086855466 1
      vertex 33.873417161825444 10.380602337443566 0
    endloop
  endfacet
  facet normal -0.3214394653031609 0.9469301294951059 0
    outer loop
      vertex 33.873417161825444 10.380602337443566 0
      vertex 33.2540952255126 10.17037086855466 1
      vertex 33.873417161825444 10.380602337443566 1
    endloop
  endfacet
  facet normal -0.442288690218994 0.8968727415326918 0
    outer loop
      vertex 33.873417161825444 10.380602337443566 0
      vertex 33.873417161825444 10.380602337443566 1
      vertex 34.46000000000001 10.669872981077807 0
    endloop
  endfacet
  facet normal -0.442288690218994 0.8968727415326918 0
    outer loop
      vertex 33.873417161825444 10.380602337443566 1
      vertex 34.46000000000001 10.669872981077807 1
      vertex 34.46000000000001 10.669872981077807 0
    endloop
  endfacet
  facet normal -0.5555702330195923 0.8314696123025518 0
    outer loop
      vertex 34.46000000000001 10.669872981077807 0
      vertex 34.46000000000001 10.669872981077807 1
      vertex 35.00380714504362 11.033233298543824 0
    endloop
  endfacet
  facet normal -0.5555702330195923 0.8314696123025518 0
    outer loop
      vertex 34.46000000000001 10.669872981077807 1
      vertex 35.00380714504362 11.033233298543824 1
      vertex 35.00380714504362 11.033233298543824 0
    endloop
  endfacet
  facet normal -0.6593458151000785 0.751839807478969 0
    outer loop
      vertex 35.00380714504362 11.033233298543824 0
      vertex 35.00380714504362 11.033233298543824 1
      vertex 35.495533905932746 11.464466094067262 0
    endloop
  endfacet
  facet normal 0 0 -1
    outer loop
      vertex 32.61263096110028 10.042775693130949 1
      vertex 32.61263096110028 19.95722430686905 1
      vertex 33.2540952255126 10.17037086855466 1
    endloop
  endfacet
  facet normal 0 0 -1
    outer loop
      vertex 33.2540952255126 10.17037086855466 1
      vertex 33.2540952255126 19.82962913144534 1
      vertex 33.873417161825444 10.380602337443566 1
    endloop
  endfacet
  facet normal 0 0 -1
    outer loop
      vertex 31.960000000000008 20 1
      vertex 32.61263096110028 19.95722430686905 1
      vertex 32.61263096110028 10.042775693130949 1
    endloop
  endfacet
  facet normal 0 0 -1
    outer loop
      vertex 33.2540952255126 10.17037086855466 1
      vertex 32.61263096110028 19.95722430686905 1
      vertex 33.2540952255126 19.82962913144534 1
    endloop
  endfacet
  facet normal 0 0 -1
    outer loop
      vertex 33.873417161825444 10.380602337443566 1
      vertex 33.2540952255126 19.82962913144534 1
      vertex 33.873417161825444 19.619397662556434 1
    endloop
  endfacet
  facet normal 0 0 -1
    outer loop
      vertex 33.873417161825444 10.380602337443566 1
      vertex 33.873417161825444 19.619397662556434 1
      vertex 34.46000000000001 10.669872981077807 1
    endloop
  endfacet
  facet normal 0 0 -1
    outer loop
      vertex 34.46000000000001 10.669872981077807 1
      vertex 34.46000000000001 19.33012701892219 1
      vertex 35.00380714504362 11.033233298543824 1
    endloop
  endfacet
  facet normal 0 0 -1
    outer loop
      vertex 35.00380714504362 11.033233298543824 1
      vertex 35.00380714504362 18.966766701456176 1
      vertex 35.495533905932746 11.464466094067262 1
    endloop
  endfacet
  facet normal 0 0 -1
    outer loop
      vertex 34.46000000000001 10.669872981077807 1
      vertex 33.873417161825444 19.619397662556434 1
      vertex 34.46000000000001 19.33012701892219 1
    endloop
  endfacet
  facet normal 0 0 -1
    outer loop
      vertex 35.00380714504362 11.033233298543824 1
      vertex 34.46000000000001 19.33012701892219 1
      vertex 35.00380714504362 18.966766701456176 1
    endloop
  endfacet
  facet normal 0.8314696123025539 -0.5555702330195892 0
    outer loop
      vertex 27.629872981077824 17.5 0
      vertex 27.993233298543828 18.0438071450436 1
      vertex 27.629872981077824 17.5 1
    endloop
  endfacet
  facet normal 0.8314696123025539 -0.5555702330195892 0
    outer loop
      vertex 27.629872981077824 17.5 0
      vertex 27.993233298543828 18.0438071450436 0
      vertex 27.993233298543828 18.0438071450436 1
    endloop
  endfacet
  facet normal 0.7518398074789757 -0.6593458151000708 0
    outer loop
      vertex 27.993233298543828 18.0438071450436 0
      vertex 28.42446609406727 18.535533905932738 1
      vertex 27.993233298543828 18.0438071450436 1
    endloop
  endfacet
  facet normal 0.7518398074789757 -0.6593458151000708 0
    outer loop
      vertex 27.993233298543828 18.0438071450436 0
      vertex 28.42446609406727 18.535533905932738 0
      vertex 28.42446609406727 18.535533905932738 1
    endloop
  endfacet
  facet normal 0.6593458151000785 -0.751839807478969 0
    outer loop
      vertex 28.42446609406727 18.535533905932738 0
      vertex 28.916192854956392 18.966766701456176 1
      vertex 28.42446609406727 18.535533905932738 1
    endloop
  endfacet
  facet normal 0.6593458151000785 -0.751839807478969 0
    outer loop
      vertex 28.42446609406727 18.535533905932738 0
      vertex 28.916192854956392 18.966766701456176 0
      vertex 28.916192854956392 18.966766701456176 1
    endloop
  endfacet
  facet normal 0.5555702330195905 -0.8314696123025532 0
    outer loop
      vertex 28.916192854956392 18.966766701456176 0
      vertex 29.460000000000008 19.33012701892219 1
      vertex 28.916192854956392 18.966766701456176 1
    endloop
  endfacet
  facet normal 0.5555702330195905 -0.8314696123025532 0
    outer loop
      vertex 28.916192854956392 18.966766701456176 0
      vertex 29.460000000000008 19.33012701892219 0
      vertex 29.460000000000008 19.33012701892219 1
    endloop
  endfacet
  facet normal 0.44228869021899625 -0.8968727415326909 0
    outer loop
      vertex 29.460000000000008 19.33012701892219 0
      vertex 30.046582838174572 19.619397662556434 1
      vertex 29.460000000000008 19.33012701892219 1
    endloop
  endfacet
  facet normal 0.44228869021899625 -0.8968727415326909 0
    outer loop
      vertex 29.460000000000008 19.33012701892219 0
      vertex 30.046582838174572 19.619397662556434 0
      vertex 30.046582838174572 19.619397662556434 1
    endloop
  endfacet
  facet normal 0.3214394653031609 -0.9469301294951059 0
    outer loop
      vertex 30.046582838174572 19.619397662556434 0
      vertex 30.665904774487416 19.82962913144534 1
      vertex 30.046582838174572 19.619397662556434 1
    endloop
  endfacet
  facet normal 0.3214394653031609 -0.9469301294951059 0
    outer loop
      vertex 30.046582838174572 19.619397662556434 0
      vertex 30.665904774487416 19.82962913144534 0
      vertex 30.665904774487416 19.82962913144534 1
    endloop
  endfacet
  facet normal 0.1950903220161356 -0.980785280403229 0
    outer loop
      vertex 30.665904774487416 19.82962913144534 0
      vertex 31.307369038899736 19.95722430686905 1
      vertex 30.665904774487416 19.82962913144534 1
    endloop
  endfacet
  facet normal 0.1950903220161356 -0.980785280403229 0
    outer loop
      vertex 30.665904774487416 19.82962913144534 0
      vertex 31.307369038899736 19.95722430686905 0
      vertex 31.307369038899736 19.95722430686905 1
    endloop
  endfacet
  facet normal 0.0654031292301431 -0.9978589232386035 0
    outer loop
      vertex 31.307369038899736 19.95722430686905 0
      vertex 31.960000000000008 20 1
      vertex 31.307369038899736 19.95722430686905 1
    endloop
  endfacet
  facet normal 0.0654031292301431 -0.9978589232386035 0
    outer loop
      vertex 31.307369038899736 19.95722430686905 0
      vertex 31.960000000000008 20 0
      vertex 31.960000000000008 20 1
    endloop
  endfacet
  facet normal -0.0654031292301431 -0.9978589232386035 0
    outer loop
      vertex 31.960000000000008 20 0
      vertex 32.61263096110028 19.95722430686905 1
      vertex 31.960000000000008 20 1
    endloop
  endfacet
  facet normal -0.0654031292301431 -0.9978589232386035 0
    outer loop
      vertex 31.960000000000008 20 0
      vertex 32.61263096110028 19.95722430686905 0
      vertex 32.61263096110028 19.95722430686905 1
    endloop
  endfacet
  facet normal -0.1950903220161356 -0.980785280403229 0
    outer loop
      vertex 32.61263096110028 19.95722430686905 0
      vertex 33.2540952255126 19.82962913144534 1
      vertex 32.61263096110028 19.95722430686905 1
    endloop
  endfacet
  facet normal -0.1950903220161356 -0.980785280403229 0
    outer loop
      vertex 32.61263096110028 19.95722430686905 0
      vertex 33.2540952255126 19.82962913144534 0
      vertex 33.2540952255126 19.82962913144534 1
    endloop
  endfacet
  facet normal -0.3214394653031609 -0.9469301294951059 0
    outer loop
      vertex 33.2540952255126 19.82962913144534 0
      vertex 33.873417161825444 19.619397662556434 1
      vertex 33.2540952255126 19.82962913144534 1
    endloop
  endfacet
  facet normal -0.3214394653031609 -0.9469301294951059 0
    outer loop
      vertex 33.2540952255126 19.82962913144534 0
      vertex 33.873417161825444 19.619397662556434 0
      vertex 33.873417161825444 19.619397662556434 1
    endloop
  endfacet
  facet normal -0.44228869021899625 -0.8968727415326909 0
    outer loop
      vertex 33.873417161825444 19.619397662556434 0
      vertex 34.46000000000001 19.33012701892219 1
      vertex 33.873417161825444 19.619397662556434 1
    endloop
  endfacet
  facet normal -0.44228869021899625 -0.8968727415326909 0
    outer loop
      vertex 33.873417161825444 19.619397662556434 0
      vertex 34.46000000000001 19.33012701892219 0
      vertex 34.46000000000001 19.33012701892219 1
    endloop
  endfacet
  facet normal -0.5555702330195905 -0.8314696123025532 0
    outer loop
      vertex 34.46000000000001 19.33012701892219 0
      vertex 35.00380714504362 18.966766701456176 0
      vertex 35.00380714504362 18.966766701456176 1
    endloop
  endfacet
  facet normal -0.5555702330195905 -0.8314696123025532 0
    outer loop
      vertex 34.46000000000001 19.33012701892219 0
      vertex 35.00380714504362 18.966766701456176 1
      vertex 34.46000000000001 19.33012701892219 1
    endloop
  endfacet
  facet normal -0.6593458151000785 -0.751839807478969 0
    outer loop
      vertex 35.495533905932746 18.535533905932738 1
      vertex 35.00380714504362 18.966766701456176 1
      vertex 35.00380714504362 18.966766701456176 0
    endloop
  endfacet
  facet normal -0.6593458151000785 0.751839807478969 0
    outer loop
      vertex 35.00380714504362 11.033233298543824 1
      vertex 35.495533905932746 11.464466094067262 1
      vertex 35.495533905932746 11.464466094067262 0
    endloop
  endfacet
  facet normal -0.7518398074789745 0.6593458151000723 0
    outer loop
      vertex 35.495533905932746 11.464466094067262 0
      vertex 35.495533905932746 11.464466094067262 1
      vertex 35.92676670145619 11.956192854956397 0
    endloop
  endfacet
  facet normal -0.7518398074789745 0.6593458151000723 0
    outer loop
      vertex 35.92676670145619 11.956192854956397 0
      vertex 35.495533905932746 11.464466094067262 1
      vertex 35.92676670145619 11.956192854956397 1
    endloop
  endfacet
  facet normal -0.8314696123025548 0.555570233019588 0
    outer loop
      vertex 35.92676670145619 11.956192854956397 0
      vertex 35.92676670145619 11.956192854956397 1
      vertex 36.29012701892219 12.5 0
    endloop
  endfacet
  facet normal -0.8314696123025548 0.555570233019588 0
    outer loop
      vertex 35.92676670145619 11.956192854956397 1
      vertex 36.29012701892219 12.5 1
      vertex 36.29012701892219 12.5 0
    endloop
  endfacet
  facet normal -0.8968727415326888 0.44228869021900047 0
    outer loop
      vertex 36.29012701892219 12.5 0
      vertex 36.29012701892219 12.5 1
      vertex 36.57939766255643 13.08658283817455 0
    endloop
  endfacet
  facet normal -0.8968727415326888 0.44228869021900047 0
    outer loop
      vertex 36.29012701892219 12.5 1
      vertex 36.57939766255643 13.08658283817455 1
      vertex 36.57939766255643 13.08658283817455 0
    endloop
  endfacet
  facet normal 0 0 -1
    outer loop
      vertex 35.495533905932746 11.464466094067262 1
      vertex 35.495533905932746 18.535533905932738 1
      vertex 35.92676670145619 11.956192854956397 1
    endloop
  endfacet
  facet normal 0 0 -1
    outer loop
      vertex 35.92676670145619 11.956192854956397 1
      vertex 35.92676670145619 18.0438071450436 1
      vertex 36.29012701892219 12.5 1
    endloop
  endfacet
  facet normal -0.9469301294951065 0.3214394653031593 0
    outer loop
      vertex 36.57939766255643 13.08658283817455 0
      vertex 36.57939766255643 13.08658283817455 1
      vertex 36.78962913144534 13.705904774487397 0
    endloop
  endfacet
  facet normal 0 0 -1
    outer loop
      vertex 36.29012701892219 12.5 1
      vertex 36.29012701892219 17.5 1
      vertex 36.57939766255643 13.08658283817455 1
    endloop
  endfacet
  facet normal 0 0 -1
    outer loop
      vertex 36.57939766255643 13.08658283817455 1
      vertex 36.57939766255643 16.91341716182545 1
      vertex 36.78962913144534 13.705904774487397 1
    endloop
  endfacet
  facet normal 0 0 -1
    outer loop
      vertex 35.495533905932746 11.464466094067262 1
      vertex 35.00380714504362 18.966766701456176 1
      vertex 35.495533905932746 18.535533905932738 1
    endloop
  endfacet
  facet normal 0 0 -1
    outer loop
      vertex 35.92676670145619 11.956192854956397 1
      vertex 35.495533905932746 18.535533905932738 1
      vertex 35.92676670145619 18.0438071450436 1
    endloop
  endfacet
  facet normal 0 0 -1
    outer loop
      vertex 36.29012701892219 12.5 1
      vertex 35.92676670145619 18.0438071450436 1
      vertex 36.29012701892219 17.5 1
    endloop
  endfacet
  facet normal 0 0 -1
    outer loop
      vertex 36.57939766255643 13.08658283817455 1
      vertex 36.29012701892219 17.5 1
      vertex 36.57939766255643 16.91341716182545 1
    endloop
  endfacet
  facet normal -0.9469301294951065 -0.3214394653031593 0
    outer loop
      vertex 36.78962913144534 16.294095225512603 1
      vertex 36.57939766255643 16.91341716182545 1
      vertex 36.57939766255643 16.91341716182545 0
    endloop
  endfacet
  facet normal -0.8968727415326888 -0.44228869021900047 0
    outer loop
      vertex 36.57939766255643 16.91341716182545 0
      vertex 36.57939766255643 16.91341716182545 1
      vertex 36.29012701892219 17.5 0
    endloop
  endfacet
  facet normal -0.8968727415326888 -0.44228869021900047 0
    outer loop
      vertex 36.57939766255643 16.91341716182545 1
      vertex 36.29012701892219 17.5 1
      vertex 36.29012701892219 17.5 0
    endloop
  endfacet
  facet normal -0.9469301294951065 0.3214394653031593 0
    outer loop
      vertex 36.57939766255643 13.08658283817455 1
      vertex 36.78962913144534 13.705904774487397 1
      vertex 36.78962913144534 13.705904774487397 0
    endloop
  endfacet
  facet normal -0.9807852804032273 0.19509032201614399 0
    outer loop
      vertex 36.78962913144534 13.705904774487397 0
      vertex 36.78962913144534 13.705904774487397 1
      vertex 36.91722430686906 14.347369038899743 0
    endloop
  endfacet
  facet normal -0.9807852804032273 0.19509032201614399 0
    outer loop
      vertex 36.78962913144534 13.705904774487397 1
      vertex 36.91722430686906 14.347369038899743 1
      vertex 36.91722430686906 14.347369038899743 0
    endloop
  endfacet
  facet normal -0.9978589232386034 0.06540312923014452 0
    outer loop
      vertex 36.91722430686906 14.347369038899743 0
      vertex 36.91722430686906 14.347369038899743 1
      vertex 36.96000000000001 15 0
    endloop
  endfacet
  facet normal -0.9978589232386034 0.06540312923014452 0
    outer loop
      vertex 36.91722430686906 14.347369038899743 1
      vertex 36.96000000000001 15 1
      vertex 36.96000000000001 15 0
    endloop
  endfacet
  facet normal -0.9978589232386034 -0.06540312923014452 0
    outer loop
      vertex 36.96000000000001 15 0
      vertex 36.96000000000001 15 1
      vertex 36.91722430686906 15.652630961100257 0
    endloop
  endfacet
  facet normal 0 0 -1
    outer loop
      vertex 36.78962913144534 13.705904774487397 1
      vertex 36.78962913144534 16.294095225512603 1
      vertex 36.91722430686906 14.347369038899743 1
    endloop
  endfacet
  facet normal 0 0 -1
    outer loop
      vertex 36.91722430686906 14.347369038899743 1
      vertex 36.91722430686906 15.652630961100257 1
      vertex 36.96000000000001 15 1
    endloop
  endfacet
  facet normal -0.9978589232386034 -0.06540312923014452 0
    outer loop
      vertex 36.96000000000001 15 1
      vertex 36.91722430686906 15.652630961100257 1
      vertex 36.91722430686906 15.652630961100257 0
    endloop
  endfacet
  facet normal 0 0 -1
    outer loop
      vertex 36.78962913144534 13.705904774487397 1
      vertex 36.57939766255643 16.91341716182545 1
      vertex 36.78962913144534 16.294095225512603 1
    endloop
  endfacet
  facet normal 0 0 -1
    outer loop
      vertex 36.91722430686906 14.347369038899743 1
      vertex 36.78962913144534 16.294095225512603 1
      vertex 36.91722430686906 15.652630961100257 1
    endloop
  endfacet
  facet normal -0.9807852804032273 -0.19509032201614399 0
    outer loop
      vertex 36.91722430686906 15.652630961100257 1
      vertex 36.78962913144534 16.294095225512603 1
      vertex 36.78962913144534 16.294095225512603 0
    endloop
  endfacet
  facet normal -0.9807852804032273 -0.19509032201614399 0
    outer loop
      vertex 36.91722430686906 15.652630961100257 0
      vertex 36.91722430686906 15.652630961100257 1
      vertex 36.78962913144534 16.294095225512603 0
    endloop
  endfacet
  facet normal -0.9469301294951065 -0.3214394653031593 0
    outer loop
      vertex 36.78962913144534 16.294095225512603 0
      vertex 36.78962913144534 16.294095225512603 1
      vertex 36.57939766255643 16.91341716182545 0
    endloop
  endfacet
  facet normal -0.7518398074789757 -0.6593458151000708 0
    outer loop
      vertex 35.495533905932746 18.535533905932738 0
      vertex 35.92676670145619 18.0438071450436 1
      vertex 35.495533905932746 18.535533905932738 1
    endloop
  endfacet
  facet normal -0.7518398074789757 -0.6593458151000708 0
    outer loop
      vertex 35.92676670145619 18.0438071450436 0
      vertex 35.92676670145619 18.0438071450436 1
      vertex 35.495533905932746 18.535533905932738 0
    endloop
  endfacet
  facet normal -0.6593458151000785 -0.751839807478969 0
    outer loop
      vertex 35.495533905932746 18.535533905932738 0
      vertex 35.495533905932746 18.535533905932738 1
      vertex 35.00380714504362 18.966766701456176 0
    endloop
  endfacet
  facet normal -0.8314696123025539 -0.5555702330195892 0
    outer loop
      vertex 35.92676670145619 18.0438071450436 0
      vertex 36.29012701892219 17.5 1
      vertex 35.92676670145619 18.0438071450436 1
    endloop
  endfacet
  facet normal -0.8314696123025539 -0.5555702330195892 0
    outer loop
      vertex 35.92676670145619 18.0438071450436 0
      vertex 36.29012701892219 17.5 0
      vertex 36.29012701892219 17.5 1
    endloop
  endfacet
  facet normal 0.0490676704157047 -0.9987954563973426 0
    outer loop
      vertex 43.96000000000001 0 0
      vertex 44.25405142366887 0.014445818960666656 0
      vertex 44.13132423073054 0.008416619072369597 33.77281650900841
    endloop
  endfacet
  facet normal 0.14673047975168188 -0.9891765091791461 -1.6688664628110758e-19
    outer loop
      vertex 44.25405142366887 0.014445818960666656 0
      vertex 44.54527096360923 0.057644158601760864 0
      vertex 44.519855602681645 0.05387414580084947 35.30709217488766
    endloop
  endfacet
  facet normal 0.049067670415704694 -0.9987954563973425 0
    outer loop
      vertex 43.96000000000001 0 0
      vertex 43.971947385966786 0.0005869373886236957 33.40947388857603
      vertex 43.96000000000001 0 33.386497414212506
    endloop
  endfacet
  facet normal 0.0490676704157047 -0.9987954563973426 -2.5442289423744693e-21
    outer loop
      vertex 43.96000000000001 0 0
      vertex 44.13132423073054 0.008416619072369597 33.77281650900841
      vertex 43.971947385966786 0.0005869373886236957 33.40947388857603
    endloop
  endfacet
  facet normal 0.24298017786540685 -0.9700312537050005 -5.62881336110267e-17
    outer loop
      vertex 44.54527096360923 0.057644158601760864 0
      vertex 44.83085403501988 0.1291789934039116 0
      vertex 44.67977543099079 0.09133577346801758 42.81441183388233
    endloop
  endfacet
  facet normal 0.3368898600571533 -0.9415440627982695 0
    outer loop
      vertex 44.83085403501988 0.1291789934039116 0
      vertex 45.108050300776966 0.22836140543222427 0
      vertex 45.108050300776966 0.22836140543222427 43.07654599809082
    endloop
  endfacet
  facet normal 0.4275550927603769 -0.9039892934402849 3.8361355965162614e-17
    outer loop
      vertex 45.108050300776966 0.22836140543222427 0
      vertex 45.37419021040202 0.3542362079024315 0
      vertex 45.20187501467157 0.27273719012737274 43.16143821179867
    endloop
  endfacet
  facet normal 0.5141027407673995 -0.8577286120536308 0
    outer loop
      vertex 45.37419021040202 0.3542362079024315 0
      vertex 45.626710697114476 0.5055911615490913 0
      vertex 45.626710697114476 0.5055911615490913 43.41468753687821
    endloop
  endfacet
  facet normal 0.5956993071010399 -0.8032075295459703 0
    outer loop
      vertex 45.626710697114476 0.5055911615490913 0
      vertex 45.863179854154595 0.6809686422348022 0
      vertex 45.863179854154595 0.6809686422348022 43.569429452753724
    endloop
  endfacet
  facet normal 0.6715589499566086 -0.7409511297873681 0
    outer loop
      vertex 45.863179854154595 0.6809686422348022 0
      vertex 46.0813203445077 0.8786796554923058 0
      vertex 46.0813203445077 0.8786796554923058 43.73475641260467
    endloop
  endfacet
  facet normal 0.7409511297873682 -0.6715589499566087 0
    outer loop
      vertex 46.0813203445077 0.8786796554923058 0
      vertex 46.279031357765206 1.0968201458454132 0
      vertex 46.279031357765206 1.0968201458454132 43.91716660562463
    endloop
  endfacet
  facet normal 0.8032075295459703 -0.5956993071010399 0
    outer loop
      vertex 46.279031357765206 1.0968201458454132 0
      vertex 46.45440883845092 1.3332893028855324 0
      vertex 46.45440883845092 1.3332893028855324 44.11490332341202
    endloop
  endfacet
  facet normal 0.8577286120536308 -0.5141027407673995 0
    outer loop
      vertex 46.45440883845092 1.3332893028855324 0
      vertex 46.60576379209758 1.5858097895979881 0
      vertex 46.60576379209758 1.5858097895979881 44.32606224511496
    endloop
  endfacet
  facet normal 0.9039892934402849 -0.4275550927603769 0
    outer loop
      vertex 46.60576379209758 1.5858097895979881 0
      vertex 46.731638594567784 1.8519496992230415 0
      vertex 46.731638594567784 1.8519496992230415 44.5486097978707
    endloop
  endfacet
  facet normal 0.9415440627982695 -0.3368898600571534 0
    outer loop
      vertex 46.731638594567784 1.8519496992230415 0
      vertex 46.830821006596096 2.1291459649801254 0
      vertex 46.830821006596096 2.1291459649801254 44.78040273213665
    endloop
  endfacet
  facet normal 0.9700312537050007 -0.24298017786540688 0
    outer loop
      vertex 46.830821006596096 2.1291459649801254 0
      vertex 46.90235584139825 2.4147290363907814 0
      vertex 46.90235584139825 2.4147290363907814 45.01920875615781
    endloop
  endfacet
  facet normal 0.989176509179146 -0.14673047975168188 0
    outer loop
      vertex 46.90235584139825 2.4147290363907814 0
      vertex 46.94555418103934 2.7059485763311386 0
      vertex 46.94555418103934 2.7059485763311386 45.26272802397331
    endloop
  endfacet
  facet normal 0.9987954563973427 -0.04906767041570471 0
    outer loop
      vertex 46.94555418103934 2.7059485763311386 0
      vertex 46.96000000000001 3 0
      vertex 46.96000000000001 3 45.50861532743727
    endloop
  endfacet
  facet normal 0.04906767041570469 -0.9987954563973425 0
    outer loop
      vertex 44.25405142366887 0.014445818960666656 0
      vertex 44.25405142366887 0.014445818960666656 34.11194396120916
      vertex 44.13132423073054 0.008416619072369597 33.77281650900841
    endloop
  endfacet
  facet normal 0.14673047975168188 -0.9891765091791462 0
    outer loop
      vertex 44.25405142366887 0.014445818960666656 0
      vertex 44.26633910000325 0.01626852363151787 34.145898036658764
      vertex 44.25405142366887 0.014445818960666656 34.11194396120916
    endloop
  endfacet
  facet normal 0.14673047975168194 -0.9891765091791461 -1.4286235021616745e-20
    outer loop
      vertex 44.25405142366887 0.014445818960666656 0
      vertex 44.37640159487725 0.03259475310185839 34.527087077498436
      vertex 44.26633910000325 0.01626852363151787 34.145898036658764
    endloop
  endfacet
  facet normal 0.14673047975168182 -0.9891765091791461 2.9847122534948344e-19
    outer loop
      vertex 44.25405142366887 0.014445818960666656 0
      vertex 44.461030452549466 0.045148258742004885 34.91471679508686
      vertex 44.37640159487725 0.03259475310185839 34.527087077498436
    endloop
  endfacet
  facet normal 0.1467304797516818 -0.9891765091791461 8.698693269557131e-19
    outer loop
      vertex 44.25405142366887 0.014445818960666656 0
      vertex 44.519855602681645 0.05387414580084947 35.30709217488766
      vertex 44.461030452549466 0.045148258742004885 34.91471679508686
    endloop
  endfacet
  facet normal 0.146730479751682 -0.989176509179146 0
    outer loop
      vertex 44.54527096360923 0.057644158601760864 0
      vertex 44.54527096360923 0.057644158601760864 35.613810023826424
      vertex 44.519855602681645 0.05387414580084947 35.30709217488766
    endloop
  endfacet
  facet normal 0.2429801778654069 -0.9700312537050005 0
    outer loop
      vertex 44.54527096360923 0.057644158601760864 0
      vertex 44.55261981397868 0.05948494977529875 35.702497474849224
      vertex 44.54527096360923 0.057644158601760864 35.613810023826424
    endloop
  endfacet
  facet normal 0.24298017786540677 -0.9700312537050008 2.5155247201758548e-20
    outer loop
      vertex 44.54527096360923 0.057644158601760864 0
      vertex 44.560000001490124 0.061333590494205 36
      vertex 44.55261981397868 0.05948494977529875 35.702497474849224
    endloop
  endfacet
  facet normal 0.2429801778653875 -0.9700312537050055 8.415586344694712e-18
    outer loop
      vertex 44.54527096360923 0.057644158601760864 0
      vertex 44.67977543099079 0.09133577346801758 42.81441183388233
      vertex 44.560000001490124 0.061333590494205 36
    endloop
  endfacet
  facet normal 0.24298017786542186 -0.9700312537049969 0
    outer loop
      vertex 44.83085403501988 0.1291789934039116 0
      vertex 44.83085403501988 0.1291789934039116 42.886807054299524
      vertex 44.67977543099079 0.09133577346801758 42.81441183388233
    endloop
  endfacet
  facet normal 0.3368898600571533 -0.9415440627982695 0
    outer loop
      vertex 44.83085403501988 0.1291789934039116 0
      vertex 45.108050300776966 0.22836140543222427 43.07654599809082
      vertex 44.83085403501988 0.1291789934039116 42.886807054299524
    endloop
  endfacet
  facet normal 0.4275550927603914 -0.903989293440278 0
    outer loop
      vertex 45.108050300776966 0.22836140543222427 0
      vertex 45.20187501467157 0.27273719012737274 43.16143821179867
      vertex 45.108050300776966 0.22836140543222427 43.07654599809082
    endloop
  endfacet
  facet normal 0.4275550927603691 -0.9039892934402888 0
    outer loop
      vertex 45.37419021040202 0.3542362079024315 0
      vertex 45.37419021040202 0.3542362079024315 43.250075614545814
      vertex 45.20187501467157 0.27273719012737274 43.16143821179867
    endloop
  endfacet
  facet normal 0.5141027407673996 -0.8577286120536309 0
    outer loop
      vertex 45.37419021040202 0.3542362079024315 0
      vertex 45.626710697114476 0.5055911615490913 43.41468753687821
      vertex 45.37419021040202 0.3542362079024315 43.250075614545814
    endloop
  endfacet
  facet normal 0.5956993071010128 -0.8032075295459905 0
    outer loop
      vertex 45.626710697114476 0.5055911615490913 0
      vertex 45.670104959922185 0.5377745404839516 43.44968981295824
      vertex 45.626710697114476 0.5055911615490913 43.41468753687821
    endloop
  endfacet
  facet normal 0.595699307101046 -0.8032075295459657 -5.13538605386745e-17
    outer loop
      vertex 45.626710697114476 0.5055911615490913 0
      vertex 45.863179854154595 0.6809686422348022 43.569429452753724
      vertex 45.670104959922185 0.5377745404839516 43.44968981295824
    endloop
  endfacet
  facet normal 0.6715589499566086 -0.7409511297873681 0
    outer loop
      vertex 45.863179854154595 0.6809686422348022 0
      vertex 46.0813203445077 0.8786796554923058 43.73475641260467
      vertex 45.863179854154595 0.6809686422348022 43.569429452753724
    endloop
  endfacet
  facet normal 0.7409511297873681 -0.6715589499566086 0
    outer loop
      vertex 46.0813203445077 0.8786796554923058 0
      vertex 46.279031357765206 1.0968201458454132 43.91716660562463
      vertex 46.0813203445077 0.8786796554923058 43.73475641260467
    endloop
  endfacet
  facet normal 0.8032075295459704 -0.5956993071010399 0
    outer loop
      vertex 46.279031357765206 1.0968201458454132 0
      vertex 46.45440883845092 1.3332893028855324 44.11490332341202
      vertex 46.279031357765206 1.0968201458454132 43.91716660562463
    endloop
  endfacet
  facet normal 0.8577286120536308 -0.5141027407673995 0
    outer loop
      vertex 46.45440883845092 1.3332893028855324 0
      vertex 46.60576379209758 1.5858097895979881 44.32606224511496
      vertex 46.45440883845092 1.3332893028855324 44.11490332341202
    endloop
  endfacet
  facet normal 0.9039892934402848 -0.42755509276037695 0
    outer loop
      vertex 46.60576379209758 1.5858097895979881 0
      vertex 46.731638594567784 1.8519496992230415 44.5486097978707
      vertex 46.60576379209758 1.5858097895979881 44.32606224511496
    endloop
  endfacet
  facet normal 0.9415440627982695 -0.3368898600571533 0
    outer loop
      vertex 46.731638594567784 1.8519496992230415 0
      vertex 46.830821006596096 2.1291459649801254 44.78040273213665
      vertex 46.731638594567784 1.8519496992230415 44.5486097978707
    endloop
  endfacet
  facet normal 0.9700312537050007 -0.24298017786540688 0
    outer loop
      vertex 46.830821006596096 2.1291459649801254 0
      vertex 46.90235584139825 2.4147290363907814 45.01920875615781
      vertex 46.830821006596096 2.1291459649801254 44.78040273213665
    endloop
  endfacet
  facet normal 0.9891765091791461 -0.14673047975168188 0
    outer loop
      vertex 46.90235584139825 2.4147290363907814 0
      vertex 46.94555418103934 2.7059485763311386 45.26272802397331
      vertex 46.90235584139825 2.4147290363907814 45.01920875615781
    endloop
  endfacet
  facet normal 0.9987954563973426 -0.0490676704157047 0
    outer loop
      vertex 46.94555418103934 2.7059485763311386 0
      vertex 46.96000000000001 3 45.50861532743727
      vertex 46.94555418103934 2.7059485763311386 45.26272802397331
    endloop
  endfacet
  facet normal 0.24298017786538795 -0.9700312537050054 0
    outer loop
      vertex 44.560000001490124 0.061333590494205 36
      vertex 44.67977543099079 0.09133577346801758 42.81441183388233
      vertex 44.560000001490124 0.061333590494205 42.68016182833163
    endloop
  endfacet
  facet normal -1 0 0
    outer loop
      vertex 0 0 0
      vertex 0 0 42.29898474365473
      vertex 0 0.0059324949979782104 42.43225995451212
    endloop
  endfacet
  facet normal -1 0 0
    outer loop
      vertex 0 0 0
      vertex 0 0.0059324949979782104 42.43225995451212
      vertex 0 0.09133577346801758 42.81441183388233
    endloop
  endfacet
  facet normal -1 0 0
    outer loop
      vertex 0 0 0
      vertex 0 0.09133577346801758 42.81441183388233
      vertex 0 0.27273719012737274 43.16143821179867
    endloop
  endfacet
  facet normal -1 0 0
    outer loop
      vertex 0 0 0
      vertex 0 0.27273719012737274 43.16143821179867
      vertex 0 0.5377745404839516 43.44968981295824
    endloop
  endfacet
  facet normal -1 0 0
    outer loop
      vertex 0 0.5377745404839516 43.44968981295824
      vertex 0 61.15486270934343 94.13800877332687
      vertex 0 0 0
    endloop
  endfacet
  facet normal -1 0 0
    outer loop
      vertex 0 70 100
      vertex 0 70 0
      vertex 0 0 0
    endloop
  endfacet
  facet normal 0 1 0
    outer loop
      vertex 1.200000000000017 70 24.559829562792206
      vertex 0 70 0
      vertex 1.200000000000017 70 54.55982956084187
    endloop
  endfacet
  facet normal 0 1 0
    outer loop
      vertex 1.200000000000017 70 54.55982956084187
      vertex 0 70 0
      vertex 1.200000000000017 70 69.55982956297603
    endloop
  endfacet
  facet normal 0 1 0
    outer loop
      vertex 46.96000000000001 70 0
      vertex 0 70 0
      vertex 1.200000000000017 70 24.559829562792206
    endloop
  endfacet
  facet normal -1 0 0
    outer loop
      vertex 0 61.15486270934343 94.13800877332687
      vertex 0 61.18772589415312 94.18083691596985
      vertex 0 0 0
    endloop
  endfacet
  facet normal -1 0 0
    outer loop
      vertex 0 70 100
      vertex 0 0 0
      vertex 0 61.18772589415312 94.18083691596985
    endloop
  endfacet
  facet normal 0 1 0
    outer loop
      vertex 1.200000000000017 70 100
      vertex 1.200000000000017 70 69.55982956297603
      vertex 0 70 0
    endloop
  endfacet
  facet normal 0 1 0
    outer loop
      vertex 0 70 100
      vertex 1.200000000000017 70 100
      vertex 0 70 0
    endloop
  endfacet
  facet normal 0 1 0
    outer loop
      vertex 1.200000000000017 70 54.55982956084187
      vertex 1.200000000000017 70 69.55982956297603
      vertex 22.680000000000007 70 66.5598295632027
    endloop
  endfacet
  facet normal -1 0 0
    outer loop
      vertex 0 70 100
      vertex 0 61.18772589415312 94.18083691596985
      vertex 0 61.20000000298023 94.27406799048185
    endloop
  endfacet
  facet normal -1 0 0
    outer loop
      vertex 0 70 100
      vertex 0 61.20000000298023 94.27406799048185
      vertex 0 61.20000000298023 100
    endloop
  endfacet
  facet normal 0 0 1
    outer loop
      vertex 0 70 100
      vertex 0 61.20000000298023 100
      vertex 1.200000000000017 63.600000001490116 100
    endloop
  endfacet
  facet normal 0 0 1
    outer loop
      vertex 0 70 100
      vertex 1.200000000000017 63.600000001490116 100
      vertex 1.200000000000017 70 100
    endloop
  endfacet
  facet normal 0 1 0
    outer loop
      vertex 44.160000000000025 70 69.55982956297603
      vertex 22.680000000000007 70 66.5598295632027
      vertex 1.200000000000017 70 69.55982956297603
    endloop
  endfacet
  facet normal 0 0 1
    outer loop
      vertex 0 61.20000000298023 100
      vertex 44.160000000000025 63.600000001490116 100
      vertex 1.200000000000017 63.600000001490116 100
    endloop
  endfacet
  facet normal 0 1 0
    outer loop
      vertex 44.160000000000025 70 24.55982956279221
      vertex 46.96000000000001 70 0
      vertex 1.200000000000017 70 24.559829562792206
    endloop
  endfacet
  facet normal 0 1 0
    outer loop
      vertex 44.160000000000025 70 24.55982956279221
      vertex 46.96000000000001 70 100
      vertex 46.96000000000001 70 0
    endloop
  endfacet
  facet normal 0 0 1
    outer loop
      vertex 46.96000000000001 61.20000000298023 100
      vertex 44.160000000000025 63.600000001490116 100
      vertex 0 61.20000000298023 100
    endloop
  endfacet
  facet normal 0 1 0
    outer loop
      vertex 44.160000000000025 70 69.55982956297603
      vertex 44.160000000000025 70 54.559829560841855
      vertex 22.680000000000007 70 66.5598295632027
    endloop
  endfacet
  facet normal 0 1 0
    outer loop
      vertex 44.160000000000025 70 54.559829560841855
      vertex 46.96000000000001 70 100
      vertex 44.160000000000025 70 24.55982956279221
    endloop
  endfacet
  facet normal 0 1 0
    outer loop
      vertex 44.160000000000025 70 54.559829560841855
      vertex 44.160000000000025 70 69.55982956297603
      vertex 46.96000000000001 70 100
    endloop
  endfacet
  facet normal 0 0 1
    outer loop
      vertex 46.96000000000001 61.20000000298023 100
      vertex 44.160000000000025 70 100
      vertex 44.160000000000025 63.600000001490116 100
    endloop
  endfacet
  facet normal 0 1 0
    outer loop
      vertex 46.96000000000001 70 100
      vertex 44.160000000000025 70 69.55982956297603
      vertex 44.160000000000025 70 100
    endloop
  endfacet
  facet normal 0 0 1
    outer loop
      vertex 46.96000000000001 61.20000000298023 100
      vertex 46.96000000000001 70 100
      vertex 44.160000000000025 70 100
    endloop
  endfacet
endsolid OpenSCAD_Model
