solid OpenSCAD_Model
  facet normal -0.33332782515802944 0.62361251299187 0.7071067773790481
    outer loop
      vertex 0.6154487469792366 -0.2978853392601013 1.26
      vertex 0.5185459157824516 -0.06394119143486023 1.008
      vertex 0.5140021191537381 -0.35210969030857087 1.26
    endloop
  endfacet
  facet normal -0.20526226445431028 0.6766590026587155 0.7071067790030025
    outer loop
      vertex 0.6154487469792366 -0.2978853392601013 1.26
      vertex 0.7255247622728348 -0.264494145065546 1.26
      vertex 0.5185459157824516 -0.06394119143486023 1.008
    endloop
  endfacet
  facet normal -0.06930856924909601 0.7037018688018954 0.7071067826526366
    outer loop
      vertex 0.7255247622728348 -0.264494145065546 1.26
      vertex 0.8523799677193165 -0.25200000062584876 1.26
      vertex 0.84 0 1.008
    endloop
  endfacet
  facet normal -0.5466009270200534 0.4485838083661608 0.7071067765567869
    outer loop
      vertex 0.35210969030857087 -0.5140021191537381 1.26
      vertex 0.4250834003090858 -0.4250834003090858 1.26
      vertex 0.2460303045809269 -0.2460303045809269 1.008
    endloop
  endfacet
  facet normal -0.62361251299187 0.33332782515802944 0.707106777379048
    outer loop
      vertex 0.35210969030857087 -0.5140021191537381 1.26
      vertex 0.06394119143486023 -0.5185459157824516 1.008
      vertex 0.2978853392601013 -0.6154487469792366 1.26
    endloop
  endfacet
  facet normal -0.6766590026587155 0.20526226445431028 0.7071067790030025
    outer loop
      vertex 0.2978853392601013 -0.6154487469792366 1.26
      vertex 0.06394119143486023 -0.5185459157824516 1.008
      vertex 0.264494145065546 -0.7255247622728348 1.26
    endloop
  endfacet
  facet normal -0.4485838083661608 0.5466009270200534 0.7071067765567869
    outer loop
      vertex 0.4250834003090858 -0.4250834003090858 1.26
      vertex 0.5140021191537381 -0.35210969030857087 1.26
      vertex 0.2460303045809269 -0.2460303045809269 1.008
    endloop
  endfacet
  facet normal -0.7037018688018954 0.06930856924909601 0.7071067826526366
    outer loop
      vertex 0.264494145065546 -0.7255247622728348 1.26
      vertex 0 -0.84 1.008
      vertex 0.25200000062584876 -0.8523799677193165 1.26
    endloop
  endfacet
  facet normal -0.20526226047489815 0.6766590051824879 0.7071067777430654
    outer loop
      vertex 0.7255247622728348 -0.264494145065546 1.26
      vertex 0.6761241281032562 -0.016140364408493042 1.008
      vertex 0.5185459157824516 -0.06394119143486023 1.008
    endloop
  endfacet
  facet normal -0.3333278321541986 0.6236125114258831 0.7071067754621542
    outer loop
      vertex 0.5140021191537381 -0.35210969030857087 1.26
      vertex 0.5185459157824516 -0.06394119143486023 1.008
      vertex 0.37332100376486776 -0.1415655241906643 1.008
    endloop
  endfacet
  facet normal -0.4485838054395707 0.5466009311815709 0.7071067751964994
    outer loop
      vertex 0.5140021191537381 -0.35210969030857087 1.26
      vertex 0.37332100376486776 -0.1415655241906643 1.008
      vertex 0.2460303045809269 -0.2460303045809269 1.008
    endloop
  endfacet
  facet normal -0.06930858403695349 0.7037018713783141 0.707106778639161
    outer loop
      vertex 0.7255247622728348 -0.264494145065546 1.26
      vertex 0.84 0 1.008
      vertex 0.6761241281032562 -0.016140364408493042 1.008
    endloop
  endfacet
  facet normal -0.5466009311815709 0.4485838054395707 0.7071067751964994
    outer loop
      vertex 0.35210969030857087 -0.5140021191537381 1.26
      vertex 0.2460303045809269 -0.2460303045809269 1.008
      vertex 0.1415655241906643 -0.37332100376486776 1.008
    endloop
  endfacet
  facet normal -0.6236125114258831 0.3333278321541986 0.7071067754621542
    outer loop
      vertex 0.35210969030857087 -0.5140021191537381 1.26
      vertex 0.1415655241906643 -0.37332100376486776 1.008
      vertex 0.06394119143486023 -0.5185459157824516 1.008
    endloop
  endfacet
  facet normal -0.6766590051824879 0.20526226047489815 0.7071067777430654
    outer loop
      vertex 0.264494145065546 -0.7255247622728348 1.26
      vertex 0.06394119143486023 -0.5185459157824516 1.008
      vertex 0.016140364408493042 -0.6761241281032562 1.008
    endloop
  endfacet
  facet normal -0.7037018713783141 0.06930858403695349 0.707106778639161
    outer loop
      vertex 0.264494145065546 -0.7255247622728348 1.26
      vertex 0.016140364408493042 -0.6761241281032562 1.008
      vertex 0 -0.84 1.008
    endloop
  endfacet
  facet normal 0 0.7071067803084882 0.7071067820646069
    outer loop
      vertex 0.8523799677193165 -0.25200000062584876 1.26
      vertex 40.82583981406242 0 1.008
      vertex 0.84 0 1.008
    endloop
  endfacet
  facet normal -0.6343932961394977 0.7730104435344088 0
    outer loop
      vertex 0.2460303045809269 -0.2460303045809269 1.008
      vertex 0.37332100376486776 -0.1415655241906643 1.008
      vertex 0.37332100376486776 -0.1415655241906643 0.42000000000000004
    endloop
  endfacet
  facet normal -0.4713967371326909 0.8819212641844241 0
    outer loop
      vertex 0.5185459157824516 -0.06394119143486023 1.008
      vertex 0.37332100376486776 -0.1415655241906643 0.42000000000000004
      vertex 0.37332100376486776 -0.1415655241906643 1.008
    endloop
  endfacet
  facet normal -0.290284671193326 0.9569403375708344 0
    outer loop
      vertex 0.5185459157824516 -0.06394119143486023 1.008
      vertex 0.6761241281032562 -0.016140364408493042 1.008
      vertex 0.6761241281032562 -0.016140364408493042 0.42000000000000004
    endloop
  endfacet
  facet normal -0.09801713918082347 0.9951847267853376 0
    outer loop
      vertex 0.6761241281032562 -0.016140364408493042 1.008
      vertex 0.84 0 1.008
      vertex 0.6761241281032562 -0.016140364408493042 0.42000000000000004
    endloop
  endfacet
  facet normal -0.7730104435344088 0.6343932961394977 0
    outer loop
      vertex 0.2460303045809269 -0.2460303045809269 1.008
      vertex 0.1415655241906643 -0.37332100376486776 0.42000000000000004
      vertex 0.1415655241906643 -0.37332100376486776 1.008
    endloop
  endfacet
  facet normal -0.8819212641844241 0.4713967371326909 0
    outer loop
      vertex 0.1415655241906643 -0.37332100376486776 1.008
      vertex 0.1415655241906643 -0.37332100376486776 0.42000000000000004
      vertex 0.06394119143486023 -0.5185459157824516 1.008
    endloop
  endfacet
  facet normal -0.9569403375708344 0.290284671193326 0
    outer loop
      vertex 0.06394119143486023 -0.5185459157824516 1.008
      vertex 0.06394119143486023 -0.5185459157824516 0.42000000000000004
      vertex 0.016140364408493042 -0.6761241281032562 1.008
    endloop
  endfacet
  facet normal -0.9951847267853376 0.09801713918082347 0
    outer loop
      vertex 0.016140364408493042 -0.6761241281032562 1.008
      vertex 0 -0.84 0.42000000000000004
      vertex 0 -0.84 1.008
    endloop
  endfacet
  facet normal -0.7071067803084882 0 0.7071067820646069
    outer loop
      vertex 0.25200000062584876 -0.8523799677193165 1.26
      vertex 0 -0.84 1.008
      vertex 0 -42.7559999987483 1.008
    endloop
  endfacet
  facet normal -1 0 0
    outer loop
      vertex 0 -0.84 1.008
      vertex 0 -0.84 0.42000000000000004
      vertex 0 -42.7559999987483 1.008
    endloop
  endfacet
  facet normal 1.6080468075194502e-19 0.7071067803084884 0.7071067820646066
    outer loop
      vertex 0.8523799677193165 -0.25200000062584876 1.26
      vertex 41.013521928693066 -0.21000000052154064 1.218
      vertex 40.95082667299955 -0.16258121308770632 1.1705812126839314
    endloop
  endfacet
  facet normal 3.2639555159016558e-18 0.7071067803084878 0.7071067820646071
    outer loop
      vertex 0.8523799677193165 -0.25200000062584876 1.26
      vertex 40.95082667299955 -0.16258121308770632 1.1705812126839314
      vertex 40.87190163572966 -0.06903479795667077 1.077034797785221
    endloop
  endfacet
  facet normal 2.818238743244013e-18 0.7071067803084881 0.707106782064607
    outer loop
      vertex 0.8523799677193165 -0.25200000062584876 1.26
      vertex 40.87190163572966 -0.06903479795667077 1.077034797785221
      vertex 40.83956552419067 -0.025678997486829756 1.0336789974230554
    endloop
  endfacet
  facet normal 0 0.7071067803084885 0.7071067820646065
    outer loop
      vertex 0.8523799677193165 -0.25200000062584876 1.26
      vertex 52.982478071306936 -0.21000000052154064 1.218
      vertex 41.013521928693066 -0.21000000052154064 1.218
    endloop
  endfacet
  facet normal -1.4291760748309305e-17 0.7071067803084898 0.7071067820646052
    outer loop
      vertex 0.8523799677193165 -0.25200000062584876 1.26
      vertex 40.83956552419067 -0.025678997486829756 1.0336789974230554
      vertex 40.82583981406242 0 1.008
    endloop
  endfacet
  facet normal 0 1 0
    outer loop
      vertex 0.84 0 1.008
      vertex 40.82583981406242 0 1.008
      vertex 40.82583981406242 0 0.42000000000000004
    endloop
  endfacet
  facet normal 0 0 1
    outer loop
      vertex 0.6154487469792366 -0.2978853392601013 1.26
      vertex 0.5140021191537381 -0.35210969030857087 1.26
      vertex 93.57091659530997 -43.17091659530997 1.26
    endloop
  endfacet
  facet normal 0 0 1
    outer loop
      vertex 0.35210969030857087 -0.5140021191537381 1.26
      vertex 93.57091659530997 -43.17091659530997 1.26
      vertex 0.4250834003090858 -0.4250834003090858 1.26
    endloop
  endfacet
  facet normal 0 0 1
    outer loop
      vertex 0.4250834003090858 -0.4250834003090858 1.26
      vertex 93.57091659530997 -43.17091659530997 1.26
      vertex 0.5140021191537381 -0.35210969030857087 1.26
    endloop
  endfacet
  facet normal 0 0 1
    outer loop
      vertex 0.35210969030857087 -0.5140021191537381 1.26
      vertex 0.2978853392601013 -0.6154487469792366 1.26
      vertex 93.57091659530997 -43.17091659530997 1.26
    endloop
  endfacet
  facet normal 0 0 1
    outer loop
      vertex 0.2978853392601013 -0.6154487469792366 1.26
      vertex 0.264494145065546 -0.7255247622728348 1.26
      vertex 93.57091659530997 -43.17091659530997 1.26
    endloop
  endfacet
  facet normal 0 0 1
    outer loop
      vertex 0.264494145065546 -0.7255247622728348 1.26
      vertex 0.25200000062584876 -0.8523799677193165 1.26
      vertex 93.57091659530997 -43.17091659530997 1.26
    endloop
  endfacet
  facet normal 0 0 1
    outer loop
      vertex 0.6154487469792366 -0.2978853392601013 1.26
      vertex 93.57091659530997 -43.17091659530997 1.26
      vertex 0.7255247622728348 -0.264494145065546 1.26
    endloop
  endfacet
  facet normal 0 0 1
    outer loop
      vertex 0.7255247622728348 -0.264494145065546 1.26
      vertex 93.57091659530997 -43.17091659530997 1.26
      vertex 0.8523799677193165 -0.25200000062584876 1.26
    endloop
  endfacet
  facet normal -0.6343932961394977 0.7730104435344088 0
    outer loop
      vertex 0.2460303045809269 -0.2460303045809269 1.008
      vertex 0.37332100376486776 -0.1415655241906643 0.42000000000000004
      vertex 0.2460303045809269 -0.2460303045809269 0.42000000000000004
    endloop
  endfacet
  facet normal -0.7730104435344088 0.6343932961394977 0
    outer loop
      vertex 0.2460303045809269 -0.2460303045809269 1.008
      vertex 0.2460303045809269 -0.2460303045809269 0.42000000000000004
      vertex 0.1415655241906643 -0.37332100376486776 0.42000000000000004
    endloop
  endfacet
  facet normal -0.4713967371326909 0.8819212641844241 0
    outer loop
      vertex 0.5185459157824516 -0.06394119143486023 1.008
      vertex 0.5185459157824516 -0.06394119143486023 0.42000000000000004
      vertex 0.37332100376486776 -0.1415655241906643 0.42000000000000004
    endloop
  endfacet
  facet normal -0.290284671193326 0.9569403375708344 0
    outer loop
      vertex 0.5185459157824516 -0.06394119143486023 1.008
      vertex 0.6761241281032562 -0.016140364408493042 0.42000000000000004
      vertex 0.5185459157824516 -0.06394119143486023 0.42000000000000004
    endloop
  endfacet
  facet normal -0.09801713918082347 0.9951847267853376 0
    outer loop
      vertex 0.84 0 1.008
      vertex 0.84 0 0.42000000000000004
      vertex 0.6761241281032562 -0.016140364408493042 0.42000000000000004
    endloop
  endfacet
  facet normal -0.8819212641844241 0.4713967371326909 0
    outer loop
      vertex 0.06394119143486023 -0.5185459157824516 1.008
      vertex 0.1415655241906643 -0.37332100376486776 0.42000000000000004
      vertex 0.06394119143486023 -0.5185459157824516 0.42000000000000004
    endloop
  endfacet
  facet normal -0.9569403375708344 0.290284671193326 0
    outer loop
      vertex 0.016140364408493042 -0.6761241281032562 1.008
      vertex 0.06394119143486023 -0.5185459157824516 0.42000000000000004
      vertex 0.016140364408493042 -0.6761241281032562 0.42000000000000004
    endloop
  endfacet
  facet normal -0.9951847267853376 0.09801713918082347 0
    outer loop
      vertex 0.016140364408493042 -0.6761241281032562 1.008
      vertex 0.016140364408493042 -0.6761241281032562 0.42000000000000004
      vertex 0 -0.84 0.42000000000000004
    endloop
  endfacet
  facet normal 0 1 0
    outer loop
      vertex 0.84 0 1.008
      vertex 40.82583981406242 0 0.42000000000000004
      vertex 0.84 0 0.42000000000000004
    endloop
  endfacet
  facet normal -0.44858380238089296 0.5466009274545615 -0.7071067800179214
    outer loop
      vertex 0.2460303045809269 -0.2460303045809269 0.42000000000000004
      vertex 0.37332100376486776 -0.1415655241906643 0.42000000000000004
      vertex 0.6077895346283912 -0.49247247084975243 0
    endloop
  endfacet
  facet normal -0.33332783082559786 0.6236125089402461 -0.7071067782805883
    outer loop
      vertex 0.5185459157824516 -0.06394119143486023 0.42000000000000004
      vertex 0.6800506375730038 -0.4538481044769287 0
      vertex 0.37332100376486776 -0.1415655241906643 0.42000000000000004
    endloop
  endfacet
  facet normal -0.205262260104949 0.6766590039629289 -0.7071067790175012
    outer loop
      vertex 0.5185459157824516 -0.06394119143486023 0.42000000000000004
      vertex 0.6761241281032562 -0.016140364408493042 0.42000000000000004
      vertex 0.7584585236012935 -0.430063332170248 0
    endloop
  endfacet
  facet normal -0.06930858399477431 0.7037018709500619 -0.7071067790694852
    outer loop
      vertex 0.6761241281032562 -0.016140364408493042 0.42000000000000004
      vertex 0.84 0 0.42000000000000004
      vertex 0.7584585236012935 -0.430063332170248 0
    endloop
  endfacet
  facet normal -0.5466009274545615 0.44858380238089296 -0.7071067800179214
    outer loop
      vertex 0.2460303045809269 -0.2460303045809269 0.42000000000000004
      vertex 0.49247247084975243 -0.6077895346283912 0
      vertex 0.1415655241906643 -0.37332100376486776 0.42000000000000004
    endloop
  endfacet
  facet normal -0.6766590039629289 0.205262260104949 -0.7071067790175012
    outer loop
      vertex 0.06394119143486023 -0.5185459157824516 0.42000000000000004
      vertex 0.430063332170248 -0.7584585236012935 0
      vertex 0.016140364408493042 -0.6761241281032562 0.42000000000000004
    endloop
  endfacet
  facet normal -0.6236125089402461 0.33332783082559786 -0.7071067782805883
    outer loop
      vertex 0.1415655241906643 -0.37332100376486776 0.42000000000000004
      vertex 0.4538481044769287 -0.6800506375730038 0
      vertex 0.06394119143486023 -0.5185459157824516 0.42000000000000004
    endloop
  endfacet
  facet normal -0.7037018709500619 0.06930858399477431 -0.7071067790694852
    outer loop
      vertex 0.016140364408493042 -0.6761241281032562 0.42000000000000004
      vertex 0.430063332170248 -0.7584585236012935 0
      vertex 0 -0.84 0.42000000000000004
    endloop
  endfacet
  facet normal -0.06930856455061053 0.7037018700243469 -0.7071067818966037
    outer loop
      vertex 0.84 0 0.42000000000000004
      vertex 0.8606332795321942 -0.42 0
      vertex 0.7584585236012935 -0.430063332170248 0
    endloop
  endfacet
  facet normal -0.6236124992428951 0.33332784394243253 -0.7071067806496552
    outer loop
      vertex 0.1415655241906643 -0.37332100376486776 0.42000000000000004
      vertex 0.49247247084975243 -0.6077895346283912 0
      vertex 0.4538481044769287 -0.6800506375730038 0
    endloop
  endfacet
  facet normal -0.6766590016376478 0.20526226504066836 -0.7071067798098928
    outer loop
      vertex 0.06394119143486023 -0.5185459157824516 0.42000000000000004
      vertex 0.4538481044769287 -0.6800506375730038 0
      vertex 0.430063332170248 -0.7584585236012935 0
    endloop
  endfacet
  facet normal -0.5466009274177657 0.44858380241434453 -0.7071067800251435
    outer loop
      vertex 0.2460303045809269 -0.2460303045809269 0.42000000000000004
      vertex 0.544452133923769 -0.544452133923769 0
      vertex 0.49247247084975243 -0.6077895346283912 0
    endloop
  endfacet
  facet normal -0.44858380241434453 0.5466009274177657 -0.7071067800251435
    outer loop
      vertex 0.2460303045809269 -0.2460303045809269 0.42000000000000004
      vertex 0.6077895346283912 -0.49247247084975243 0
      vertex 0.544452133923769 -0.544452133923769 0
    endloop
  endfacet
  facet normal -0.33332784394243253 0.6236124992428951 -0.7071067806496552
    outer loop
      vertex 0.37332100376486776 -0.1415655241906643 0.42000000000000004
      vertex 0.6800506375730038 -0.4538481044769287 0
      vertex 0.6077895346283912 -0.49247247084975243 0
    endloop
  endfacet
  facet normal -0.20526226504066836 0.6766590016376478 -0.7071067798098928
    outer loop
      vertex 0.5185459157824516 -0.06394119143486023 0.42000000000000004
      vertex 0.7584585236012935 -0.430063332170248 0
      vertex 0.6800506375730038 -0.4538481044769287 0
    endloop
  endfacet
  facet normal -0.703701870125881 0.06930856668328192 -0.7071067815865201
    outer loop
      vertex 0 -0.84 0.42000000000000004
      vertex 0.430063332170248 -0.7584585236012935 0
      vertex 0.42 -0.8606332764029503 0
    endloop
  endfacet
  facet normal -5.820544071294441e-19 0.7071067811865476 -0.7071067811865475
    outer loop
      vertex 0.84 0 0.42000000000000004
      vertex 40.99273758420699 -0.23104992662945284 0.18895007337054714
      vertex 0.8606332795321942 -0.42 0
    endloop
  endfacet
  facet normal -0.7071067811865476 0 -0.7071067811865475
    outer loop
      vertex 0 -0.84 0.42000000000000004
      vertex 0.42 -0.8606332764029503 0
      vertex 0.42 -42.73536671921611 0
    endloop
  endfacet
  facet normal 0 0.7071067811865476 -0.7071067811865474
    outer loop
      vertex 0.84 0 0.42000000000000004
      vertex 40.82583981406242 0 0.42000000000000004
      vertex 40.99273758420699 -0.23104992662945284 0.18895007337054714
    endloop
  endfacet
  facet normal 2.372294800229538e-18 0.7071067811865472 -0.7071067811865478
    outer loop
      vertex 0.8606332795321942 -0.42 0
      vertex 40.99273758420699 -0.23104992662945284 0.18895007337054714
      vertex 41.11243448413633 -0.39153783513808754 0.028462164861912553
    endloop
  endfacet
  facet normal -6.5615063654032774e-18 0.7071067811865536 -0.7071067811865414
    outer loop
      vertex 0.8606332795321942 -0.42 0
      vertex 41.11243448413633 -0.39153783513808754 0.028462164861912553
      vertex 41.11497997272172 -0.39472903645345536 0.025270963546544678
    endloop
  endfacet
  facet normal 2.503098183457677e-17 0.7071067811865285 -0.7071067811865664
    outer loop
      vertex 0.8606332795321942 -0.42 0
      vertex 41.11497997272172 -0.39472903645345536 0.025270963546544678
      vertex 41.1172686234648 -0.39678192099185816 0.02321807900814199
    endloop
  endfacet
  facet normal -1.4818846670344297e-17 0.7071067811865627 -0.7071067811865324
    outer loop
      vertex 0.8606332795321942 -0.42 0
      vertex 41.1172686234648 -0.39678192099185816 0.02321807900814199
      vertex 41.11943980406204 -0.3980657879159541 0.021934212084046
    endloop
  endfacet
  facet normal 1.3429856248641782e-18 0.7071067811865489 -0.7071067811865462
    outer loop
      vertex 0.8606332795321942 -0.42 0
      vertex 41.11943980406204 -0.3980657879159541 0.021934212084046
      vertex 41.12159274473295 -0.3987735933543279 0.021226406645672213
    endloop
  endfacet
  facet normal 1.0471131995011698e-14 0.7071067811764952 -0.7071067811965998
    outer loop
      vertex 0.8606332795321942 -0.42 0
      vertex 41.123813148782936 -0.3990000000173242 0.020999999982675766
      vertex 41.13496969691862 -0.39900000005057334 0.020999999949426806
    endloop
  endfacet
  facet normal -1.7989565057232824e-16 0.7071067811867189 -0.7071067811863762
    outer loop
      vertex 0.8606332795321942 -0.42 0
      vertex 41.12159274473295 -0.3987735933543279 0.021226406645672213
      vertex 41.123813148782936 -0.3990000000173242 0.020999999982675766
    endloop
  endfacet
  facet normal 0 0 -1
    outer loop
      vertex 0.6077895346283912 -0.49247247084975243 0
      vertex 93.54215189114213 -0.6800506375730038 0
      vertex 0.544452133923769 -0.544452133923769 0
    endloop
  endfacet
  facet normal 0 0 -1
    outer loop
      vertex 0.544452133923769 -0.544452133923769 0
      vertex 93.54215189114213 -0.6800506375730038 0
      vertex 0.49247247084975243 -0.6077895346283912 0
    endloop
  endfacet
  facet normal 0 0 -1
    outer loop
      vertex 0.4538481044769287 -0.6800506375730038 0
      vertex 0.49247247084975243 -0.6077895346283912 0
      vertex 93.54215189114213 -0.6800506375730038 0
    endloop
  endfacet
  facet normal 0 0 -1
    outer loop
      vertex 0.4538481044769287 -0.6800506375730038 0
      vertex 93.54215189114213 -0.6800506375730038 0
      vertex 0.430063332170248 -0.7584585236012935 0
    endloop
  endfacet
  facet normal 0 0 -1
    outer loop
      vertex 0.430063332170248 -0.7584585236012935 0
      vertex 93.54215189114213 -0.6800506375730038 0
      vertex 0.42 -0.8606332764029503 0
    endloop
  endfacet
  facet normal 0 0.7071067811865502 -0.7071067811865449
    outer loop
      vertex 0.8606332795321942 -0.42 0
      vertex 41.13496969691862 -0.39900000005057334 0.020999999949426806
      vertex 52.861030303081385 -0.39900000005057334 0.020999999949426806
    endloop
  endfacet
  facet normal 0 0 -1
    outer loop
      vertex 0.6800506375730038 -0.4538481044769287 0
      vertex 0.7584585236012935 -0.430063332170248 0
      vertex 93.54215189114213 -0.6800506375730038 0
    endloop
  endfacet
  facet normal 0 0 -1
    outer loop
      vertex 0.6077895346283912 -0.49247247084975243 0
      vertex 0.6800506375730038 -0.4538481044769287 0
      vertex 93.54215189114213 -0.6800506375730038 0
    endloop
  endfacet
  facet normal 0 0 -1
    outer loop
      vertex 0.8606332795321942 -0.42 0
      vertex 93.54215189114213 -0.6800506375730038 0
      vertex 0.7584585236012935 -0.430063332170248 0
    endloop
  endfacet
  facet normal -1.0471269117800434e-14 0.7071067811996157 -0.7071067811734794
    outer loop
      vertex 0.8606332795321942 -0.42 0
      vertex 52.861030303081385 -0.39900000005057334 0.020999999949426806
      vertex 52.872186851217066 -0.3990000000173242 0.020999999982675766
    endloop
  endfacet
  facet normal 0 0 -1
    outer loop
      vertex 0.42 -0.8606332764029503 0
      vertex 93.54215189114213 -0.6800506375730038 0
      vertex 0.42 -42.73536671921611 0
    endloop
  endfacet
  facet normal -0.7071067803084882 0 0.7071067820646069
    outer loop
      vertex 0.25200000062584876 -0.8523799677193165 1.26
      vertex 0 -42.7559999987483 1.008
      vertex 0.25200000062584876 -42.74362002789974 1.26
    endloop
  endfacet
  facet normal -0.703701868373643 -0.06930856920691666 0.7071067830829613
    outer loop
      vertex 0.25200000062584876 -42.74362002789974 1.26
      vertex 0 -42.7559999987483 1.008
      vertex 0.264494145065546 -42.87047523334622 1.26
    endloop
  endfacet
  facet normal -0.6766590014391572 -0.2052622640843572 0.7071067802774389
    outer loop
      vertex 0.264494145065546 -42.87047523334622 1.26
      vertex 0.06394119143486023 -43.07745408296585 1.008
      vertex 0.2978853392601013 -42.98055124863982 1.26
    endloop
  endfacet
  facet normal -0.6236125111666666 -0.33332782418244694 0.7071067794486204
    outer loop
      vertex 0.2978853392601013 -42.98055124863982 1.26
      vertex 0.06394119143486023 -43.07745408296585 1.008
      vertex 0.35210969030857087 -43.081997876465316 1.26
    endloop
  endfacet
  facet normal -0.546600924867086 -0.44858380659926356 0.707106779341961
    outer loop
      vertex 0.35210969030857087 -43.081997876465316 1.26
      vertex 0.2460303045809269 -43.34996969416737 1.008
      vertex 0.4250834003090858 -43.17091659530997 1.26
    endloop
  endfacet
  facet normal -0.4485838062132033 -0.5466009243966435 0.7071067799505321
    outer loop
      vertex 0.4250834003090858 -43.17091659530997 1.26
      vertex 0.2460303045809269 -43.34996969416737 1.008
      vertex 0.5140021191537381 -43.24389030531049 1.26
    endloop
  endfacet
  facet normal -0.3333278233328229 -0.6236125095771654 0.7071067812509453
    outer loop
      vertex 0.5140021191537381 -43.24389030531049 1.26
      vertex 0.5185459157824516 -43.53205880731344 1.008
      vertex 0.6154487469792366 -43.298114656358955 1.26
    endloop
  endfacet
  facet normal -0.20526226323476207 -0.6766589986383634 0.7071067832042558
    outer loop
      vertex 0.6154487469792366 -43.298114656358955 1.26
      vertex 0.5185459157824516 -43.53205880731344 1.008
      vertex 0.7255247622728348 -43.33150585055351 1.26
    endloop
  endfacet
  facet normal -0.06930858639267404 -0.7037018666169017 0.7071067831467447
    outer loop
      vertex 0.7255247622728348 -43.33150585055351 1.26
      vertex 0.6761241281032562 -43.579859634339805 1.008
      vertex 0.8523799677193165 -43.34399999812245 1.26
    endloop
  endfacet
  facet normal -0.7037018709500616 -0.06930858399477491 0.7071067790694854
    outer loop
      vertex 0.264494145065546 -42.87047523334622 1.26
      vertex 0 -42.7559999987483 1.008
      vertex 0.016140364408493042 -42.91987587064504 1.008
    endloop
  endfacet
  facet normal -0.6766590039629291 -0.2052622601049457 0.7071067790175021
    outer loop
      vertex 0.264494145065546 -42.87047523334622 1.26
      vertex 0.016140364408493042 -42.91987587064504 1.008
      vertex 0.06394119143486023 -43.07745408296585 1.008
    endloop
  endfacet
  facet normal -0.6236125096006806 -0.33332783117861126 0.7071067775317277
    outer loop
      vertex 0.35210969030857087 -43.081997876465316 1.26
      vertex 0.06394119143486023 -43.07745408296585 1.008
      vertex 0.1415655241906643 -43.22267899498343 1.008
    endloop
  endfacet
  facet normal -0.5466009290285948 -0.4485838036726797 0.7071067779816764
    outer loop
      vertex 0.35210969030857087 -43.081997876465316 1.26
      vertex 0.1415655241906643 -43.22267899498343 1.008
      vertex 0.2460303045809269 -43.34996969416737 1.008
    endloop
  endfacet
  facet normal -0.4485838032866115 -0.5466009285581633 0.7071067785902438
    outer loop
      vertex 0.5140021191537381 -43.24389030531049 1.26
      vertex 0.2460303045809269 -43.34996969416737 1.008
      vertex 0.37332100376486776 -43.45443447455764 1.008
    endloop
  endfacet
  facet normal -0.33332783032899754 -0.6236125080111771 0.7071067793340498
    outer loop
      vertex 0.5140021191537381 -43.24389030531049 1.26
      vertex 0.37332100376486776 -43.45443447455764 1.008
      vertex 0.5185459157824516 -43.53205880731344 1.008
    endloop
  endfacet
  facet normal -0.20526225925532943 -0.6766590011621487 0.7071067819443123
    outer loop
      vertex 0.7255247622728348 -43.33150585055351 1.26
      vertex 0.5185459157824516 -43.53205880731344 1.008
      vertex 0.6761241281032562 -43.579859634339805 1.008
    endloop
  endfacet
  facet normal -0.06930858367838727 -0.7037018677377421 0.7071067822973482
    outer loop
      vertex 0.8523799677193165 -43.34399999812245 1.26
      vertex 0.6761241281032562 -43.579859634339805 1.008
      vertex 0.84 -43.5959999987483 1.008
    endloop
  endfacet
  facet normal -0.9951847267853375 -0.09801713918082433 0
    outer loop
      vertex 0 -42.7559999987483 1.008
      vertex 0.016140364408493042 -42.91987587064504 0.42000000000000004
      vertex 0.016140364408493042 -42.91987587064504 1.008
    endloop
  endfacet
  facet normal -0.9569403375708359 -0.2902846711933217 0
    outer loop
      vertex 0.016140364408493042 -42.91987587064504 1.008
      vertex 0.016140364408493042 -42.91987587064504 0.42000000000000004
      vertex 0.06394119143486023 -43.07745408296585 1.008
    endloop
  endfacet
  facet normal -0.8819212641844218 -0.4713967371326952 0
    outer loop
      vertex 0.06394119143486023 -43.07745408296585 1.008
      vertex 0.06394119143486023 -43.07745408296585 0.42000000000000004
      vertex 0.1415655241906643 -43.22267899498343 1.008
    endloop
  endfacet
  facet normal -0.7730104435344013 -0.6343932961395069 0
    outer loop
      vertex 0.1415655241906643 -43.22267899498343 1.008
      vertex 0.1415655241906643 -43.22267899498343 0.42000000000000004
      vertex 0.2460303045809269 -43.34996969416737 1.008
    endloop
  endfacet
  facet normal -0.634393296139511 -0.7730104435343977 0
    outer loop
      vertex 0.2460303045809269 -43.34996969416737 1.008
      vertex 0.37332100376486776 -43.45443447455764 0.42000000000000004
      vertex 0.37332100376486776 -43.45443447455764 1.008
    endloop
  endfacet
  facet normal -0.47139673713268826 -0.8819212641844256 0
    outer loop
      vertex 0.37332100376486776 -43.45443447455764 1.008
      vertex 0.5185459157824516 -43.53205880731344 0.42000000000000004
      vertex 0.5185459157824516 -43.53205880731344 1.008
    endloop
  endfacet
  facet normal -0.29028467119331025 -0.9569403375708393 0
    outer loop
      vertex 0.5185459157824516 -43.53205880731344 1.008
      vertex 0.5185459157824516 -43.53205880731344 0.42000000000000004
      vertex 0.6761241281032562 -43.579859634339805 1.008
    endloop
  endfacet
  facet normal -0.09801713918082176 -0.9951847267853378 0
    outer loop
      vertex 0.6761241281032562 -43.579859634339805 1.008
      vertex 0.84 -43.5959999987483 0.42000000000000004
      vertex 0.84 -43.5959999987483 1.008
    endloop
  endfacet
  facet normal 0 0 1
    outer loop
      vertex 0.25200000062584876 -0.8523799677193165 1.26
      vertex 0.25200000062584876 -42.74362002789974 1.26
      vertex 93.57091659530997 -43.17091659530997 1.26
    endloop
  endfacet
  facet normal 0 0 1
    outer loop
      vertex 0.25200000062584876 -42.74362002789974 1.26
      vertex 0.264494145065546 -42.87047523334622 1.26
      vertex 93.57091659530997 -43.17091659530997 1.26
    endloop
  endfacet
  facet normal 0 0 1
    outer loop
      vertex 0.264494145065546 -42.87047523334622 1.26
      vertex 0.2978853392601013 -42.98055124863982 1.26
      vertex 93.57091659530997 -43.17091659530997 1.26
    endloop
  endfacet
  facet normal 0 0 1
    outer loop
      vertex 0.2978853392601013 -42.98055124863982 1.26
      vertex 0.35210969030857087 -43.081997876465316 1.26
      vertex 93.57091659530997 -43.17091659530997 1.26
    endloop
  endfacet
  facet normal 0 0 1
    outer loop
      vertex 0.35210969030857087 -43.081997876465316 1.26
      vertex 0.4250834003090858 -43.17091659530997 1.26
      vertex 93.57091659530997 -43.17091659530997 1.26
    endloop
  endfacet
  facet normal 0 0 1
    outer loop
      vertex 0.4250834003090858 -43.17091659530997 1.26
      vertex 0.5140021191537381 -43.24389030531049 1.26
      vertex 93.57091659530997 -43.17091659530997 1.26
    endloop
  endfacet
  facet normal 0 0 1
    outer loop
      vertex 0.5140021191537381 -43.24389030531049 1.26
      vertex 0.6154487469792366 -43.298114656358955 1.26
      vertex 93.57091659530997 -43.17091659530997 1.26
    endloop
  endfacet
  facet normal 0 0 1
    outer loop
      vertex 0.6154487469792366 -43.298114656358955 1.26
      vertex 0.7255247622728348 -43.33150585055351 1.26
      vertex 93.57091659530997 -43.17091659530997 1.26
    endloop
  endfacet
  facet normal 0 0 1
    outer loop
      vertex 0.7255247622728348 -43.33150585055351 1.26
      vertex 0.8523799677193165 -43.34399999812245 1.26
      vertex 93.57091659530997 -43.17091659530997 1.26
    endloop
  endfacet
  facet normal 0 -0.7071067803084886 0.7071067820646065
    outer loop
      vertex 0.8523799677193165 -43.34399999812245 1.26
      vertex 0.84 -43.5959999987483 1.008
      vertex 93.14362003102899 -43.34399999812245 1.26
    endloop
  endfacet
  facet normal 0 -1 0
    outer loop
      vertex 0.84 -43.5959999987483 1.008
      vertex 0.84 -43.5959999987483 0.42000000000000004
      vertex 93.1559999987483 -43.5959999987483 1.008
    endloop
  endfacet
  facet normal -1 0 0
    outer loop
      vertex 0 -0.84 0.42000000000000004
      vertex 0 -42.7559999987483 0.42000000000000004
      vertex 0 -42.7559999987483 1.008
    endloop
  endfacet
  facet normal -0.7071067811865476 0 -0.7071067811865475
    outer loop
      vertex 0 -0.84 0.42000000000000004
      vertex 0.42 -42.73536671921611 0
      vertex 0 -42.7559999987483 0.42000000000000004
    endloop
  endfacet
  facet normal -0.9951847267853375 -0.09801713918082433 0
    outer loop
      vertex 0 -42.7559999987483 1.008
      vertex 0 -42.7559999987483 0.42000000000000004
      vertex 0.016140364408493042 -42.91987587064504 0.42000000000000004
    endloop
  endfacet
  facet normal -0.9569403375708359 -0.2902846711933217 0
    outer loop
      vertex 0.06394119143486023 -43.07745408296585 1.008
      vertex 0.016140364408493042 -42.91987587064504 0.42000000000000004
      vertex 0.06394119143486023 -43.07745408296585 0.42000000000000004
    endloop
  endfacet
  facet normal -0.8819212641844218 -0.4713967371326952 0
    outer loop
      vertex 0.1415655241906643 -43.22267899498343 1.008
      vertex 0.06394119143486023 -43.07745408296585 0.42000000000000004
      vertex 0.1415655241906643 -43.22267899498343 0.42000000000000004
    endloop
  endfacet
  facet normal -0.7730104435344013 -0.6343932961395069 0
    outer loop
      vertex 0.2460303045809269 -43.34996969416737 1.008
      vertex 0.1415655241906643 -43.22267899498343 0.42000000000000004
      vertex 0.2460303045809269 -43.34996969416737 0.42000000000000004
    endloop
  endfacet
  facet normal -0.634393296139511 -0.7730104435343977 0
    outer loop
      vertex 0.2460303045809269 -43.34996969416737 1.008
      vertex 0.2460303045809269 -43.34996969416737 0.42000000000000004
      vertex 0.37332100376486776 -43.45443447455764 0.42000000000000004
    endloop
  endfacet
  facet normal -0.47139673713268826 -0.8819212641844256 0
    outer loop
      vertex 0.37332100376486776 -43.45443447455764 1.008
      vertex 0.37332100376486776 -43.45443447455764 0.42000000000000004
      vertex 0.5185459157824516 -43.53205880731344 0.42000000000000004
    endloop
  endfacet
  facet normal -0.29028467119331025 -0.9569403375708393 0
    outer loop
      vertex 0.6761241281032562 -43.579859634339805 1.008
      vertex 0.5185459157824516 -43.53205880731344 0.42000000000000004
      vertex 0.6761241281032562 -43.579859634339805 0.42000000000000004
    endloop
  endfacet
  facet normal -0.09801713918082176 -0.9951847267853378 0
    outer loop
      vertex 0.6761241281032562 -43.579859634339805 1.008
      vertex 0.6761241281032562 -43.579859634339805 0.42000000000000004
      vertex 0.84 -43.5959999987483 0.42000000000000004
    endloop
  endfacet
  facet normal -0.7037018706931104 -0.06930858396946742 -0.7071067793276798
    outer loop
      vertex 0 -42.7559999987483 0.42000000000000004
      vertex 0.430063332170248 -42.83754147201776 0
      vertex 0.016140364408493042 -42.91987587064504 0.42000000000000004
    endloop
  endfacet
  facet normal -0.6766590032311941 -0.2052622598829763 -0.707106779782163
    outer loop
      vertex 0.016140364408493042 -42.91987587064504 0.42000000000000004
      vertex 0.430063332170248 -42.83754147201776 0
      vertex 0.06394119143486023 -43.07745408296585 0.42000000000000004
    endloop
  endfacet
  facet normal -0.6236125078451258 -0.33332783024024765 -0.7071067795223304
    outer loop
      vertex 0.06394119143486023 -43.07745408296585 0.42000000000000004
      vertex 0.4538481044769287 -42.915949358046056 0
      vertex 0.1415655241906643 -43.22267899498343 0.42000000000000004
    endloop
  endfacet
  facet normal -0.5466009261627747 -0.4485838013207619 -0.7071067816890263
    outer loop
      vertex 0.1415655241906643 -43.22267899498343 0.42000000000000004
      vertex 0.49247247084975243 -42.988210460990665 0
      vertex 0.2460303045809269 -43.34996969416737 0.42000000000000004
    endloop
  endfacet
  facet normal -0.44858380108912144 -0.546600925880514 -0.7071067820541679
    outer loop
      vertex 0.2460303045809269 -43.34996969416737 0.42000000000000004
      vertex 0.6077895346283912 -43.103527524769305 0
      vertex 0.37332100376486776 -43.45443447455764 0.42000000000000004
    endloop
  endfacet
  facet normal -0.33332782973047614 -0.6236125068914222 -0.7071067806037264
    outer loop
      vertex 0.37332100376486776 -43.45443447455764 0.42000000000000004
      vertex 0.6800506375730038 -43.14215189114213 0
      vertex 0.5185459157824516 -43.53205880731344 0.42000000000000004
    endloop
  endfacet
  facet normal -0.20526225937320342 -0.6766590015507271 -0.7071067815382489
    outer loop
      vertex 0.5185459157824516 -43.53205880731344 0.42000000000000004
      vertex 0.7584585236012935 -43.16593666344881 0
      vertex 0.6761241281032562 -43.579859634339805 0.42000000000000004
    endloop
  endfacet
  facet normal -0.06930858376403806 -0.7037018686073698 -0.7071067814235127
    outer loop
      vertex 0.6761241281032562 -43.579859634339805 0.42000000000000004
      vertex 0.8606332795321942 -43.1759999987483 0
      vertex 0.84 -43.5959999987483 0.42000000000000004
    endloop
  endfacet
  facet normal -0.7037018698689298 -0.06930856665797774 -0.7071067818447144
    outer loop
      vertex 0 -42.7559999987483 0.42000000000000004
      vertex 0.42 -42.73536671921611 0
      vertex 0.430063332170248 -42.83754147201776 0
    endloop
  endfacet
  facet normal -0.6766590009059168 -0.20526226481868737 -0.7071067805745532
    outer loop
      vertex 0.06394119143486023 -43.07745408296585 0.42000000000000004
      vertex 0.430063332170248 -42.83754147201776 0
      vertex 0.4538481044769287 -42.915949358046056 0
    endloop
  endfacet
  facet normal -0.6236124981477671 -0.33332784335709265 -0.7071067818913992
    outer loop
      vertex 0.1415655241906643 -43.22267899498343 0.42000000000000004
      vertex 0.4538481044769287 -42.915949358046056 0
      vertex 0.49247247084975243 -42.988210460990665 0
    endloop
  endfacet
  facet normal -0.5466009261259991 -0.44858380135419473 -0.7071067816962445
    outer loop
      vertex 0.2460303045809269 -43.34996969416737 0.42000000000000004
      vertex 0.49247247084975243 -42.988210460990665 0
      vertex 0.544452133923769 -43.05154786169529 0
    endloop
  endfacet
  facet normal -0.44858380112255536 -0.5466009258437372 -0.7071067820613862
    outer loop
      vertex 0.2460303045809269 -43.34996969416737 0.42000000000000004
      vertex 0.544452133923769 -43.05154786169529 0
      vertex 0.6077895346283912 -43.103527524769305 0
    endloop
  endfacet
  facet normal -0.33332784284730355 -0.6236124971940764 -0.7071067829727921
    outer loop
      vertex 0.37332100376486776 -43.45443447455764 0.42000000000000004
      vertex 0.6077895346283912 -43.103527524769305 0
      vertex 0.6800506375730038 -43.14215189114213 0
    endloop
  endfacet
  facet normal -0.20526226430895492 -0.676658999225431 -0.7071067823306455
    outer loop
      vertex 0.5185459157824516 -43.53205880731344 0.42000000000000004
      vertex 0.6800506375730038 -43.14215189114213 0
      vertex 0.7584585236012935 -43.16593666344881 0
    endloop
  endfacet
  facet normal -0.06930858590499397 -0.7037018680194637 -0.7071067817987375
    outer loop
      vertex 0.6761241281032562 -43.579859634339805 0.42000000000000004
      vertex 0.7584585236012935 -43.16593666344881 0
      vertex 0.8606332795321942 -43.1759999987483 0
    endloop
  endfacet
  facet normal 0 0 -1
    outer loop
      vertex 0.42 -42.73536671921611 0
      vertex 93.54215189114213 -0.6800506375730038 0
      vertex 0.430063332170248 -42.83754147201776 0
    endloop
  endfacet
  facet normal 0 0 -1
    outer loop
      vertex 0.430063332170248 -42.83754147201776 0
      vertex 93.54215189114213 -0.6800506375730038 0
      vertex 0.4538481044769287 -42.915949358046056 0
    endloop
  endfacet
  facet normal 0 0 -1
    outer loop
      vertex 0.4538481044769287 -42.915949358046056 0
      vertex 93.54215189114213 -0.6800506375730038 0
      vertex 0.49247247084975243 -42.988210460990665 0
    endloop
  endfacet
  facet normal 0 0 -1
    outer loop
      vertex 0.49247247084975243 -42.988210460990665 0
      vertex 93.54215189114213 -0.6800506375730038 0
      vertex 0.544452133923769 -43.05154786169529 0
    endloop
  endfacet
  facet normal 0 0 -1
    outer loop
      vertex 0.544452133923769 -43.05154786169529 0
      vertex 93.54215189114213 -0.6800506375730038 0
      vertex 0.6077895346283912 -43.103527524769305 0
    endloop
  endfacet
  facet normal 0 0 -1
    outer loop
      vertex 0.6077895346283912 -43.103527524769305 0
      vertex 93.54215189114213 -0.6800506375730038 0
      vertex 0.6800506375730038 -43.14215189114213 0
    endloop
  endfacet
  facet normal 0 0 -1
    outer loop
      vertex 0.6800506375730038 -43.14215189114213 0
      vertex 93.54215189114213 -0.6800506375730038 0
      vertex 0.7584585236012935 -43.16593666344881 0
    endloop
  endfacet
  facet normal 0 0 -1
    outer loop
      vertex 0.7584585236012935 -43.16593666344881 0
      vertex 93.54215189114213 -0.6800506375730038 0
      vertex 0.8606332795321942 -43.1759999987483 0
    endloop
  endfacet
  facet normal 0 -0.707106781186552 -0.707106781186543
    outer loop
      vertex 0.84 -43.5959999987483 0.42000000000000004
      vertex 0.8606332795321942 -43.1759999987483 0
      vertex 93.13536671921611 -43.1759999987483 0
    endloop
  endfacet
  facet normal 0 0.7071067803084885 0.7071067820646065
    outer loop
      vertex 0.8523799677193165 -0.25200000062584876 1.26
      vertex 93.14362003102899 -0.25200000062584876 1.26
      vertex 52.982478071306936 -0.21000000052154064 1.218
    endloop
  endfacet
  facet normal -1.6080468075694989e-19 0.7071067803084884 0.7071067820646068
    outer loop
      vertex 93.14362003102899 -0.25200000062584876 1.26
      vertex 53.045173327000455 -0.16258121308770632 1.1705812126839314
      vertex 52.982478071306936 -0.21000000052154064 1.218
    endloop
  endfacet
  facet normal 2.2962135077794833e-18 0.7071067803084877 0.7071067820646072
    outer loop
      vertex 93.1559999987483 0 1.008
      vertex 53.124098364270345 -0.06903479795667077 1.077034797785221
      vertex 53.045173327000455 -0.16258121308770632 1.1705812126839314
    endloop
  endfacet
  facet normal 1.5922207819351072e-18 0.7071067803084881 0.7071067820646071
    outer loop
      vertex 93.1559999987483 0 1.008
      vertex 53.156434475809334 -0.025678997486829756 1.0336789974230554
      vertex 53.124098364270345 -0.06903479795667077 1.077034797785221
    endloop
  endfacet
  facet normal 0 0.7071067803084892 0.7071067820646059
    outer loop
      vertex 93.1559999987483 0 1.008
      vertex 53.17016018593758 0 1.008
      vertex 53.156434475809334 -0.025678997486829756 1.0336789974230554
    endloop
  endfacet
  facet normal 0 0 1
    outer loop
      vertex 0.8523799677193165 -0.25200000062584876 1.26
      vertex 93.57091659530997 -43.17091659530997 1.26
      vertex 93.14362003102899 -0.25200000062584876 1.26
    endloop
  endfacet
  facet normal -1.2137789230393226e-18 0.7071067803084883 0.7071067820646069
    outer loop
      vertex 93.14362003102899 -0.25200000062584876 1.26
      vertex 93.1559999987483 0 1.008
      vertex 53.045173327000455 -0.16258121308770632 1.1705812126839314
    endloop
  endfacet
  facet normal 0.06930857094646362 0.7037018686767159 0.7071067826108423
    outer loop
      vertex 93.14362003102899 -0.25200000062584876 1.26
      vertex 93.27047523334622 -0.264494145065546 1.26
      vertex 93.1559999987483 0 1.008
    endloop
  endfacet
  facet normal 0.2052622640843572 0.6766590014391572 0.7071067802774389
    outer loop
      vertex 93.27047523334622 -0.264494145065546 1.26
      vertex 93.38055124863982 -0.2978853392601013 1.26
      vertex 93.47745408296585 -0.06394119143486023 1.008
    endloop
  endfacet
  facet normal 0.33332782418244694 0.6236125111666666 0.7071067794486204
    outer loop
      vertex 93.38055124863982 -0.2978853392601013 1.26
      vertex 93.48199787646531 -0.35210969030857087 1.26
      vertex 93.47745408296585 -0.06394119143486023 1.008
    endloop
  endfacet
  facet normal 0.44858380659925956 0.5466009248670811 0.7071067793419673
    outer loop
      vertex 93.48199787646531 -0.35210969030857087 1.26
      vertex 93.57091659530997 -0.4250834003090858 1.26
      vertex 93.74996969416738 -0.2460303045809269 1.008
    endloop
  endfacet
  facet normal 0.5466009243966603 0.4485838062131733 0.7071067799505381
    outer loop
      vertex 93.57091659530997 -0.4250834003090858 1.26
      vertex 93.64389030531048 -0.5140021191537381 1.26
      vertex 93.74996969416738 -0.2460303045809269 1.008
    endloop
  endfacet
  facet normal 0.6236125095771489 0.33332782333285776 0.7071067812509435
    outer loop
      vertex 93.64389030531048 -0.5140021191537381 1.26
      vertex 93.69811465635895 -0.6154487469792366 1.26
      vertex 93.93205880731344 -0.5185459157824516 1.008
    endloop
  endfacet
  facet normal 0.6766589986383775 0.20526226323472269 0.7071067832042538
    outer loop
      vertex 93.69811465635895 -0.6154487469792366 1.26
      vertex 93.7315058505535 -0.7255247622728348 1.26
      vertex 93.93205880731344 -0.5185459157824516 1.008
    endloop
  endfacet
  facet normal 0.7037018666168863 0.06930858639271192 0.7071067831467566
    outer loop
      vertex 93.7315058505535 -0.7255247622728348 1.26
      vertex 93.74399999812245 -0.8523799677193165 1.26
      vertex 93.9798596343398 -0.6761241281032562 1.008
    endloop
  endfacet
  facet normal 0.06930858399477186 0.7037018709500611 0.7071067790694863
    outer loop
      vertex 93.27047523334622 -0.264494145065546 1.26
      vertex 93.31987587064505 -0.016140364408493042 1.008
      vertex 93.1559999987483 0 1.008
    endloop
  endfacet
  facet normal 0.20526226010495346 0.6766590039629242 0.7071067790175044
    outer loop
      vertex 93.27047523334622 -0.264494145065546 1.26
      vertex 93.47745408296585 -0.06394119143486023 1.008
      vertex 93.31987587064505 -0.016140364408493042 1.008
    endloop
  endfacet
  facet normal 0.33332783117861126 0.6236125096006806 0.7071067775317277
    outer loop
      vertex 93.48199787646531 -0.35210969030857087 1.26
      vertex 93.62267899498343 -0.1415655241906643 1.008
      vertex 93.47745408296585 -0.06394119143486023 1.008
    endloop
  endfacet
  facet normal 0.44858380367266415 0.5466009290286064 0.7071067779816773
    outer loop
      vertex 93.48199787646531 -0.35210969030857087 1.26
      vertex 93.74996969416738 -0.2460303045809269 1.008
      vertex 93.62267899498343 -0.1415655241906643 1.008
    endloop
  endfacet
  facet normal 0.5466009285581716 0.4485838032865877 0.7071067785902527
    outer loop
      vertex 93.64389030531048 -0.5140021191537381 1.26
      vertex 93.85443447455764 -0.37332100376486776 1.008
      vertex 93.74996969416738 -0.2460303045809269 1.008
    endloop
  endfacet
  facet normal 0.6236125080111693 0.3333278303289934 0.7071067793340586
    outer loop
      vertex 93.64389030531048 -0.5140021191537381 1.26
      vertex 93.93205880731344 -0.5185459157824516 1.008
      vertex 93.85443447455764 -0.37332100376486776 1.008
    endloop
  endfacet
  facet normal 0.6766590011621396 0.20526225925532668 0.7071067819443219
    outer loop
      vertex 93.7315058505535 -0.7255247622728348 1.26
      vertex 93.9798596343398 -0.6761241281032562 1.008
      vertex 93.93205880731344 -0.5185459157824516 1.008
    endloop
  endfacet
  facet normal 0.7037018677377299 0.06930858367841657 0.7071067822973574
    outer loop
      vertex 93.74399999812245 -0.8523799677193165 1.26
      vertex 93.9959999987483 -0.84 1.008
      vertex 93.9798596343398 -0.6761241281032562 1.008
    endloop
  endfacet
  facet normal 0 1 0
    outer loop
      vertex 93.1559999987483 0 1.008
      vertex 93.1559999987483 0 0.42000000000000004
      vertex 53.17016018593758 0 1.008
    endloop
  endfacet
  facet normal 0.09801713918082011 0.995184726785338 0
    outer loop
      vertex 93.1559999987483 0 1.008
      vertex 93.31987587064505 -0.016140364408493042 1.008
      vertex 93.1559999987483 0 0.42000000000000004
    endloop
  endfacet
  facet normal 0.2902846711933337 0.9569403375708322 0
    outer loop
      vertex 93.31987587064505 -0.016140364408493042 1.008
      vertex 93.47745408296585 -0.06394119143486023 1.008
      vertex 93.47745408296585 -0.06394119143486023 0.42000000000000004
    endloop
  endfacet
  facet normal 0.4713967371326952 0.8819212641844218 0
    outer loop
      vertex 93.47745408296585 -0.06394119143486023 1.008
      vertex 93.62267899498343 -0.1415655241906643 1.008
      vertex 93.62267899498343 -0.1415655241906643 0.42000000000000004
    endloop
  endfacet
  facet normal 0.6343932961394858 0.7730104435344187 0
    outer loop
      vertex 93.62267899498343 -0.1415655241906643 1.008
      vertex 93.74996969416738 -0.2460303045809269 1.008
      vertex 93.74996969416738 -0.2460303045809269 0.42000000000000004
    endloop
  endfacet
  facet normal 0.773010443534419 0.6343932961394853 0
    outer loop
      vertex 93.74996969416738 -0.2460303045809269 1.008
      vertex 93.85443447455764 -0.37332100376486776 1.008
      vertex 93.74996969416738 -0.2460303045809269 0.42000000000000004
    endloop
  endfacet
  facet normal 0.8819212641844256 0.47139673713268826 0
    outer loop
      vertex 93.85443447455764 -0.37332100376486776 1.008
      vertex 93.93205880731344 -0.5185459157824516 1.008
      vertex 93.93205880731344 -0.5185459157824516 0.42000000000000004
    endloop
  endfacet
  facet normal 0.9569403375708393 0.29028467119331025 0
    outer loop
      vertex 93.93205880731344 -0.5185459157824516 1.008
      vertex 93.9798596343398 -0.6761241281032562 1.008
      vertex 93.93205880731344 -0.5185459157824516 0.42000000000000004
    endloop
  endfacet
  facet normal 0.9951847267853335 0.0980171391808645 0
    outer loop
      vertex 93.9798596343398 -0.6761241281032562 1.008
      vertex 93.9959999987483 -0.84 1.008
      vertex 93.9959999987483 -0.84 0.42000000000000004
    endloop
  endfacet
  facet normal 0 0 1
    outer loop
      vertex 93.14362003102899 -0.25200000062584876 1.26
      vertex 93.57091659530997 -43.17091659530997 1.26
      vertex 93.27047523334622 -0.264494145065546 1.26
    endloop
  endfacet
  facet normal 0 0 1
    outer loop
      vertex 93.27047523334622 -0.264494145065546 1.26
      vertex 93.57091659530997 -43.17091659530997 1.26
      vertex 93.38055124863982 -0.2978853392601013 1.26
    endloop
  endfacet
  facet normal 0 0 1
    outer loop
      vertex 93.38055124863982 -0.2978853392601013 1.26
      vertex 93.57091659530997 -43.17091659530997 1.26
      vertex 93.48199787646531 -0.35210969030857087 1.26
    endloop
  endfacet
  facet normal 0 0 1
    outer loop
      vertex 93.48199787646531 -0.35210969030857087 1.26
      vertex 93.57091659530997 -43.17091659530997 1.26
      vertex 93.57091659530997 -0.4250834003090858 1.26
    endloop
  endfacet
  facet normal 0 0 1
    outer loop
      vertex 93.57091659530997 -0.4250834003090858 1.26
      vertex 93.57091659530997 -43.17091659530997 1.26
      vertex 93.64389030531048 -0.5140021191537381 1.26
    endloop
  endfacet
  facet normal 0 0 1
    outer loop
      vertex 93.64389030531048 -0.5140021191537381 1.26
      vertex 93.57091659530997 -43.17091659530997 1.26
      vertex 93.69811465635895 -0.6154487469792366 1.26
    endloop
  endfacet
  facet normal 0 0 1
    outer loop
      vertex 93.69811465635895 -0.6154487469792366 1.26
      vertex 93.57091659530997 -43.17091659530997 1.26
      vertex 93.7315058505535 -0.7255247622728348 1.26
    endloop
  endfacet
  facet normal 0 0 1
    outer loop
      vertex 93.7315058505535 -0.7255247622728348 1.26
      vertex 93.57091659530997 -43.17091659530997 1.26
      vertex 93.74399999812245 -0.8523799677193165 1.26
    endloop
  endfacet
  facet normal 0.7071067803084787 0 0.7071067820646164
    outer loop
      vertex 93.74399999812245 -0.8523799677193165 1.26
      vertex 93.9959999987483 -42.7559999987483 1.008
      vertex 93.9959999987483 -0.84 1.008
    endloop
  endfacet
  facet normal 1 0 0
    outer loop
      vertex 93.9959999987483 -0.84 1.008
      vertex 93.9959999987483 -42.7559999987483 1.008
      vertex 93.9959999987483 -0.84 0.42000000000000004
    endloop
  endfacet
  facet normal 0 1 0
    outer loop
      vertex 93.1559999987483 0 0.42000000000000004
      vertex 53.17016018593758 0 0.42000000000000004
      vertex 53.17016018593758 0 1.008
    endloop
  endfacet
  facet normal 0 0.7071067811865475 -0.7071067811865475
    outer loop
      vertex 0.8606332795321942 -0.42 0
      vertex 52.872186851217066 -0.3990000000173242 0.020999999982675766
      vertex 93.13536671921611 -0.42 0
    endloop
  endfacet
  facet normal 1.0547097755288833e-18 0.7071067811865477 -0.7071067811865474
    outer loop
      vertex 93.13536671921611 -0.42 0
      vertex 53.00326241579301 -0.23104992662945217 0.1889500733705478
      vertex 53.17016018593758 0 0.42000000000000004
    endloop
  endfacet
  facet normal 0 0 -1
    outer loop
      vertex 0.8606332795321942 -0.42 0
      vertex 93.13536671921611 -0.42 0
      vertex 93.54215189114213 -0.6800506375730038 0
    endloop
  endfacet
  facet normal -2.277403008291129e-18 0.7071067811865472 -0.7071067811865477
    outer loop
      vertex 93.13536671921611 -0.42 0
      vertex 52.88356551586367 -0.39153783513808754 0.028462164861912553
      vertex 53.00326241579301 -0.23104992662945217 0.1889500733705478
    endloop
  endfacet
  facet normal 6.5615063656072126e-18 0.7071067811865537 -0.7071067811865415
    outer loop
      vertex 93.13536671921611 -0.42 0
      vertex 52.88102002727828 -0.39472903645345536 0.025270963546544678
      vertex 52.88356551586367 -0.39153783513808754 0.028462164861912553
    endloop
  endfacet
  facet normal -2.503098183535453e-17 0.7071067811865286 -0.7071067811865666
    outer loop
      vertex 93.13536671921611 -0.42 0
      vertex 52.8787313765352 -0.39678192099185816 0.02321807900814199
      vertex 52.88102002727828 -0.39472903645345536 0.025270963546544678
    endloop
  endfacet
  facet normal 1.4818846670804604e-17 0.7071067811865636 -0.7071067811865317
    outer loop
      vertex 93.13536671921611 -0.42 0
      vertex 52.87656019593796 -0.3980657879159541 0.021934212084046
      vertex 52.8787313765352 -0.39678192099185816 0.02321807900814199
    endloop
  endfacet
  facet normal -1.3429856249058615e-18 0.7071067811865475 -0.7071067811865475
    outer loop
      vertex 93.13536671921611 -0.42 0
      vertex 52.87440725526705 -0.3987735933543279 0.021226406645672213
      vertex 52.87656019593796 -0.3980657879159541 0.021934212084046
    endloop
  endfacet
  facet normal 1.798956505778933e-16 0.7071067811867189 -0.7071067811863762
    outer loop
      vertex 93.13536671921611 -0.42 0
      vertex 52.872186851217066 -0.3990000000173242 0.020999999982675766
      vertex 52.87440725526705 -0.3987735933543279 0.021226406645672213
    endloop
  endfacet
  facet normal 0.09801713918082011 0.995184726785338 0
    outer loop
      vertex 93.31987587064505 -0.016140364408493042 1.008
      vertex 93.31987587064505 -0.016140364408493042 0.42000000000000004
      vertex 93.1559999987483 0 0.42000000000000004
    endloop
  endfacet
  facet normal 0.2902846711933337 0.9569403375708322 0
    outer loop
      vertex 93.31987587064505 -0.016140364408493042 1.008
      vertex 93.47745408296585 -0.06394119143486023 0.42000000000000004
      vertex 93.31987587064505 -0.016140364408493042 0.42000000000000004
    endloop
  endfacet
  facet normal 0.4713967371326952 0.8819212641844218 0
    outer loop
      vertex 93.47745408296585 -0.06394119143486023 1.008
      vertex 93.62267899498343 -0.1415655241906643 0.42000000000000004
      vertex 93.47745408296585 -0.06394119143486023 0.42000000000000004
    endloop
  endfacet
  facet normal 0.6343932961394858 0.7730104435344187 0
    outer loop
      vertex 93.62267899498343 -0.1415655241906643 1.008
      vertex 93.74996969416738 -0.2460303045809269 0.42000000000000004
      vertex 93.62267899498343 -0.1415655241906643 0.42000000000000004
    endloop
  endfacet
  facet normal 0.773010443534419 0.6343932961394853 0
    outer loop
      vertex 93.85443447455764 -0.37332100376486776 1.008
      vertex 93.85443447455764 -0.37332100376486776 0.42000000000000004
      vertex 93.74996969416738 -0.2460303045809269 0.42000000000000004
    endloop
  endfacet
  facet normal 0.8819212641844256 0.47139673713268826 0
    outer loop
      vertex 93.85443447455764 -0.37332100376486776 1.008
      vertex 93.93205880731344 -0.5185459157824516 0.42000000000000004
      vertex 93.85443447455764 -0.37332100376486776 0.42000000000000004
    endloop
  endfacet
  facet normal 0.9569403375708393 0.29028467119331025 0
    outer loop
      vertex 93.9798596343398 -0.6761241281032562 1.008
      vertex 93.9798596343398 -0.6761241281032562 0.42000000000000004
      vertex 93.93205880731344 -0.5185459157824516 0.42000000000000004
    endloop
  endfacet
  facet normal 0.9951847267853335 0.0980171391808645 0
    outer loop
      vertex 93.9798596343398 -0.6761241281032562 1.008
      vertex 93.9959999987483 -0.84 0.42000000000000004
      vertex 93.9798596343398 -0.6761241281032562 0.42000000000000004
    endloop
  endfacet
  facet normal 0 0.7071067811865476 -0.7071067811865475
    outer loop
      vertex 93.1559999987483 0 0.42000000000000004
      vertex 93.13536671921611 -0.42 0
      vertex 53.17016018593758 0 0.42000000000000004
    endloop
  endfacet
  facet normal 0.06930858396946446 0.703701870693111 -0.7071067793276796
    outer loop
      vertex 93.1559999987483 0 0.42000000000000004
      vertex 93.31987587064505 -0.016140364408493042 0.42000000000000004
      vertex 93.23754147201777 -0.430063332170248 0
    endloop
  endfacet
  facet normal 0.20526225988298494 0.676659003231192 -0.7071067797821626
    outer loop
      vertex 93.31987587064505 -0.016140364408493042 0.42000000000000004
      vertex 93.47745408296585 -0.06394119143486023 0.42000000000000004
      vertex 93.23754147201777 -0.430063332170248 0
    endloop
  endfacet
  facet normal 0.33332783024024765 0.6236125078451258 -0.7071067795223304
    outer loop
      vertex 93.47745408296585 -0.06394119143486023 0.42000000000000004
      vertex 93.62267899498343 -0.1415655241906643 0.42000000000000004
      vertex 93.31594935804605 -0.4538481044769287 0
    endloop
  endfacet
  facet normal 0.4485838013207463 0.5466009261627861 -0.7071067816890273
    outer loop
      vertex 93.62267899498343 -0.1415655241906643 0.42000000000000004
      vertex 93.74996969416738 -0.2460303045809269 0.42000000000000004
      vertex 93.38821046099066 -0.49247247084975243 0
    endloop
  endfacet
  facet normal 0.5466009258805244 0.44858380108909957 -0.7071067820541734
    outer loop
      vertex 93.74996969416738 -0.2460303045809269 0.42000000000000004
      vertex 93.85443447455764 -0.37332100376486776 0.42000000000000004
      vertex 93.5035275247693 -0.6077895346283912 0
    endloop
  endfacet
  facet normal 0.6236125068914222 0.33332782973047614 -0.7071067806037264
    outer loop
      vertex 93.85443447455764 -0.37332100376486776 0.42000000000000004
      vertex 93.93205880731344 -0.5185459157824516 0.42000000000000004
      vertex 93.54215189114213 -0.6800506375730038 0
    endloop
  endfacet
  facet normal 0.6766590015507271 0.20526225937320342 -0.7071067815382489
    outer loop
      vertex 93.93205880731344 -0.5185459157824516 0.42000000000000004
      vertex 93.9798596343398 -0.6761241281032562 0.42000000000000004
      vertex 93.56593666344881 -0.7584585236012935 0
    endloop
  endfacet
  facet normal 0.7037018688643129 0.06930858378937525 -0.7071067811653233
    outer loop
      vertex 93.9798596343398 -0.6761241281032562 0.42000000000000004
      vertex 93.9959999987483 -0.84 0.42000000000000004
      vertex 93.5759999987483 -0.8606332764029503 0
    endloop
  endfacet
  facet normal 0.06930856665797296 0.7037018698689301 -0.7071067818447144
    outer loop
      vertex 93.1559999987483 0 0.42000000000000004
      vertex 93.23754147201777 -0.430063332170248 0
      vertex 93.13536671921611 -0.42 0
    endloop
  endfacet
  facet normal 0.20526226481870422 0.6766590009059109 -0.7071067805745542
    outer loop
      vertex 93.47745408296585 -0.06394119143486023 0.42000000000000004
      vertex 93.31594935804605 -0.4538481044769287 0
      vertex 93.23754147201777 -0.430063332170248 0
    endloop
  endfacet
  facet normal 0.33332784335709265 0.6236124981477671 -0.7071067818913992
    outer loop
      vertex 93.62267899498343 -0.1415655241906643 0.42000000000000004
      vertex 93.38821046099066 -0.49247247084975243 0
      vertex 93.31594935804605 -0.4538481044769287 0
    endloop
  endfacet
  facet normal 0.4485838013541926 0.546600926125996 -0.7071067816962483
    outer loop
      vertex 93.74996969416738 -0.2460303045809269 0.42000000000000004
      vertex 93.45154786169529 -0.544452133923769 0
      vertex 93.38821046099066 -0.49247247084975243 0
    endloop
  endfacet
  facet normal 0.5466009258437656 0.4485838011225176 -0.7071067820613884
    outer loop
      vertex 93.74996969416738 -0.2460303045809269 0.42000000000000004
      vertex 93.5035275247693 -0.6077895346283912 0
      vertex 93.45154786169529 -0.544452133923769 0
    endloop
  endfacet
  facet normal 0.6236124971940441 0.3333278428473473 -0.7071067829728
    outer loop
      vertex 93.85443447455764 -0.37332100376486776 0.42000000000000004
      vertex 93.54215189114213 -0.6800506375730038 0
      vertex 93.5035275247693 -0.6077895346283912 0
    endloop
  endfacet
  facet normal 0.676658999225431 0.20526226430895492 -0.7071067823306455
    outer loop
      vertex 93.93205880731344 -0.5185459157824516 0.42000000000000004
      vertex 93.56593666344881 -0.7584585236012935 0
      vertex 93.54215189114213 -0.6800506375730038 0
    endloop
  endfacet
  facet normal 0.7037018677088791 0.06930858799707586 -0.7071067819027667
    outer loop
      vertex 93.9798596343398 -0.6761241281032562 0.42000000000000004
      vertex 93.5759999987483 -0.8606332764029503 0
      vertex 93.56593666344881 -0.7584585236012935 0
    endloop
  endfacet
  facet normal 0 0 -1
    outer loop
      vertex 93.13536671921611 -0.42 0
      vertex 93.23754147201777 -0.430063332170248 0
      vertex 93.54215189114213 -0.6800506375730038 0
    endloop
  endfacet
  facet normal 0 0 -1
    outer loop
      vertex 93.23754147201777 -0.430063332170248 0
      vertex 93.31594935804605 -0.4538481044769287 0
      vertex 93.54215189114213 -0.6800506375730038 0
    endloop
  endfacet
  facet normal 0 0 -1
    outer loop
      vertex 93.31594935804605 -0.4538481044769287 0
      vertex 93.38821046099066 -0.49247247084975243 0
      vertex 93.54215189114213 -0.6800506375730038 0
    endloop
  endfacet
  facet normal 0 0 -1
    outer loop
      vertex 93.38821046099066 -0.49247247084975243 0
      vertex 93.45154786169529 -0.544452133923769 0
      vertex 93.54215189114213 -0.6800506375730038 0
    endloop
  endfacet
  facet normal 0 0 -1
    outer loop
      vertex 93.45154786169529 -0.544452133923769 0
      vertex 93.5035275247693 -0.6077895346283912 0
      vertex 93.54215189114213 -0.6800506375730038 0
    endloop
  endfacet
  facet normal 0 0 -1
    outer loop
      vertex 93.54215189114213 -0.6800506375730038 0
      vertex 93.56593666344881 -0.7584585236012935 0
      vertex 93.5759999987483 -0.8606332764029503 0
    endloop
  endfacet
  facet normal 0.7071067811865462 0 -0.7071067811865489
    outer loop
      vertex 93.9959999987483 -0.84 0.42000000000000004
      vertex 93.9959999987483 -42.7559999987483 0.42000000000000004
      vertex 93.5759999987483 -0.8606332764029503 0
    endloop
  endfacet
  facet normal 0 0 -1
    outer loop
      vertex 93.54215189114213 -0.6800506375730038 0
      vertex 93.5759999987483 -0.8606332764029503 0
      vertex 93.5759999987483 -42.73536671921611 0
    endloop
  endfacet
  facet normal 0 0 1
    outer loop
      vertex 0.8523799677193165 -43.34399999812245 1.26
      vertex 93.14362003102899 -43.34399999812245 1.26
      vertex 93.57091659530997 -43.17091659530997 1.26
    endloop
  endfacet
  facet normal 0 -0.7071067803084886 0.7071067820646064
    outer loop
      vertex 0.84 -43.5959999987483 1.008
      vertex 93.1559999987483 -43.5959999987483 1.008
      vertex 93.14362003102899 -43.34399999812245 1.26
    endloop
  endfacet
  facet normal 0.7071067803084786 0 0.7071067820646164
    outer loop
      vertex 93.74399999812245 -0.8523799677193165 1.26
      vertex 93.74399999812245 -42.74362002789974 1.26
      vertex 93.9959999987483 -42.7559999987483 1.008
    endloop
  endfacet
  facet normal 0 0 1
    outer loop
      vertex 93.74399999812245 -0.8523799677193165 1.26
      vertex 93.57091659530997 -43.17091659530997 1.26
      vertex 93.74399999812245 -42.74362002789974 1.26
    endloop
  endfacet
  facet normal 0 0 1
    outer loop
      vertex 93.74399999812245 -42.74362002789974 1.26
      vertex 93.57091659530997 -43.17091659530997 1.26
      vertex 93.7315058505535 -42.87047523334622 1.26
    endloop
  endfacet
  facet normal 0 0 1
    outer loop
      vertex 93.7315058505535 -42.87047523334622 1.26
      vertex 93.57091659530997 -43.17091659530997 1.26
      vertex 93.69811465635895 -42.98055124863982 1.26
    endloop
  endfacet
  facet normal 0 0 1
    outer loop
      vertex 93.57091659530997 -43.17091659530997 1.26
      vertex 93.64389030531048 -43.081997876465316 1.26
      vertex 93.69811465635895 -42.98055124863982 1.26
    endloop
  endfacet
  facet normal 0 0 1
    outer loop
      vertex 93.14362003102899 -43.34399999812245 1.26
      vertex 93.27047523334622 -43.33150585055351 1.26
      vertex 93.57091659530997 -43.17091659530997 1.26
    endloop
  endfacet
  facet normal 0 0 1
    outer loop
      vertex 93.57091659530997 -43.17091659530997 1.26
      vertex 93.27047523334622 -43.33150585055351 1.26
      vertex 93.38055124863982 -43.298114656358955 1.26
    endloop
  endfacet
  facet normal 0 0 1
    outer loop
      vertex 93.48199787646531 -43.24389030531049 1.26
      vertex 93.57091659530997 -43.17091659530997 1.26
      vertex 93.38055124863982 -43.298114656358955 1.26
    endloop
  endfacet
  facet normal 0.7037018661886337 -0.06930858635053255 0.707106783577081
    outer loop
      vertex 93.74399999812245 -42.74362002789974 1.26
      vertex 93.7315058505535 -42.87047523334622 1.26
      vertex 93.9798596343398 -42.91987587064504 1.008
    endloop
  endfacet
  facet normal 0.0693085880355534 -0.7037018659384894 0.7071067836608599
    outer loop
      vertex 93.14362003102899 -43.34399999812245 1.26
      vertex 93.31987587064505 -43.579859634339805 1.008
      vertex 93.27047523334622 -43.33150585055351 1.26
    endloop
  endfacet
  facet normal 0.6766589974188191 -0.20526226286476953 0.7071067844786901
    outer loop
      vertex 93.7315058505535 -42.87047523334622 1.26
      vertex 93.69811465635895 -42.98055124863982 1.26
      vertex 93.93205880731344 -43.07745408296585 1.008
    endloop
  endfacet
  facet normal 0.6236125077519453 -0.33332782235727526 0.7071067833205156
    outer loop
      vertex 93.69811465635895 -42.98055124863982 1.26
      vertex 93.64389030531048 -43.081997876465316 1.26
      vertex 93.93205880731344 -43.07745408296585 1.008
    endloop
  endfacet
  facet normal 0.5466009222436929 -0.4485838044462761 0.7071067827357121
    outer loop
      vertex 93.57091659530997 -43.17091659530997 1.26
      vertex 93.74996969416738 -43.34996969416737 1.008
      vertex 93.64389030531048 -43.081997876465316 1.26
    endloop
  endfacet
  facet normal 0.20526226286480895 -0.676658997418805 0.7071067844786921
    outer loop
      vertex 93.27047523334622 -43.33150585055351 1.26
      vertex 93.47745408296585 -43.53205880731344 1.008
      vertex 93.38055124863982 -43.298114656358955 1.26
    endloop
  endfacet
  facet normal 0.4485838044463021 -0.5466009222436713 0.7071067827357124
    outer loop
      vertex 93.48199787646531 -43.24389030531049 1.26
      vertex 93.74996969416738 -43.34996969416737 1.008
      vertex 93.57091659530997 -43.17091659530997 1.26
    endloop
  endfacet
  facet normal 0.3333278223572404 -0.6236125077519618 0.7071067833205176
    outer loop
      vertex 93.48199787646531 -43.24389030531049 1.26
      vertex 93.38055124863982 -43.298114656358955 1.26
      vertex 93.47745408296585 -43.53205880731344 1.008
    endloop
  endfacet
  facet normal 0.7037018673094774 -0.06930858363623799 0.7071067827276821
    outer loop
      vertex 93.74399999812245 -42.74362002789974 1.26
      vertex 93.9798596343398 -42.91987587064504 1.008
      vertex 93.9959999987483 -42.7559999987483 1.008
    endloop
  endfacet
  facet normal 0.06930858367838494 -0.7037018677377429 0.7071067822973476
    outer loop
      vertex 93.14362003102899 -43.34399999812245 1.26
      vertex 93.1559999987483 -43.5959999987483 1.008
      vertex 93.31987587064505 -43.579859634339805 1.008
    endloop
  endfacet
  facet normal 0.6766589999425808 -0.20526225888537422 0.7071067832187583
    outer loop
      vertex 93.7315058505535 -42.87047523334622 1.26
      vertex 93.93205880731344 -43.07745408296585 1.008
      vertex 93.9798596343398 -42.91987587064504 1.008
    endloop
  endfacet
  facet normal 0.6236125061859669 -0.33332782935340616 0.7071067814036321
    outer loop
      vertex 93.64389030531048 -43.081997876465316 1.26
      vertex 93.85443447455764 -43.22267899498343 1.008
      vertex 93.93205880731344 -43.07745408296585 1.008
    endloop
  endfacet
  facet normal 0.5466009264051954 -0.4485838015196967 0.7071067813754296
    outer loop
      vertex 93.64389030531048 -43.081997876465316 1.26
      vertex 93.74996969416738 -43.34996969416737 1.008
      vertex 93.85443447455764 -43.22267899498343 1.008
    endloop
  endfacet
  facet normal 0.3333278293534103 -0.6236125061859746 0.7071067814036234
    outer loop
      vertex 93.48199787646531 -43.24389030531049 1.26
      vertex 93.47745408296585 -43.53205880731344 1.008
      vertex 93.62267899498343 -43.45443447455764 1.008
    endloop
  endfacet
  facet normal 0.44858380151970495 -0.5466009264051989 0.7071067813754216
    outer loop
      vertex 93.48199787646531 -43.24389030531049 1.26
      vertex 93.62267899498343 -43.45443447455764 1.008
      vertex 93.74996969416738 -43.34996969416737 1.008
    endloop
  endfacet
  facet normal 0.20526225888538474 -0.6766589999425849 0.7071067832187512
    outer loop
      vertex 93.27047523334622 -43.33150585055351 1.26
      vertex 93.31987587064505 -43.579859634339805 1.008
      vertex 93.47745408296585 -43.53205880731344 1.008
    endloop
  endfacet
  facet normal 0.9951847267853335 -0.09801713918086537 0
    outer loop
      vertex 93.9959999987483 -42.7559999987483 1.008
      vertex 93.9798596343398 -42.91987587064504 1.008
      vertex 93.9798596343398 -42.91987587064504 0.42000000000000004
    endloop
  endfacet
  facet normal 0.9569403375708406 -0.2902846711933059 0
    outer loop
      vertex 93.9798596343398 -42.91987587064504 1.008
      vertex 93.93205880731344 -43.07745408296585 1.008
      vertex 93.9798596343398 -42.91987587064504 0.42000000000000004
    endloop
  endfacet
  facet normal 0.8819212641844233 -0.4713967371326924 0
    outer loop
      vertex 93.93205880731344 -43.07745408296585 1.008
      vertex 93.85443447455764 -43.22267899498343 1.008
      vertex 93.85443447455764 -43.22267899498343 0.42000000000000004
    endloop
  endfacet
  facet normal 0.09801713918081842 -0.9951847267853381 0
    outer loop
      vertex 93.1559999987483 -43.5959999987483 1.008
      vertex 93.31987587064505 -43.579859634339805 0.42000000000000004
      vertex 93.31987587064505 -43.579859634339805 1.008
    endloop
  endfacet
  facet normal 0.2902846711933179 -0.956940337570837 0
    outer loop
      vertex 93.31987587064505 -43.579859634339805 1.008
      vertex 93.31987587064505 -43.579859634339805 0.42000000000000004
      vertex 93.47745408296585 -43.53205880731344 1.008
    endloop
  endfacet
  facet normal 0.4713967371326924 -0.8819212641844233 0
    outer loop
      vertex 93.62267899498343 -43.45443447455764 1.008
      vertex 93.47745408296585 -43.53205880731344 1.008
      vertex 93.47745408296585 -43.53205880731344 0.42000000000000004
    endloop
  endfacet
  facet normal 0.6343932961394991 -0.7730104435344076 0
    outer loop
      vertex 93.62267899498343 -43.45443447455764 1.008
      vertex 93.74996969416738 -43.34996969416737 0.42000000000000004
      vertex 93.74996969416738 -43.34996969416737 1.008
    endloop
  endfacet
  facet normal 0.7730104435344115 -0.6343932961394946 0
    outer loop
      vertex 93.85443447455764 -43.22267899498343 1.008
      vertex 93.74996969416738 -43.34996969416737 1.008
      vertex 93.85443447455764 -43.22267899498343 0.42000000000000004
    endloop
  endfacet
  facet normal 0 0 -1
    outer loop
      vertex 0.8606332795321942 -43.1759999987483 0
      vertex 93.54215189114213 -0.6800506375730038 0
      vertex 93.13536671921611 -43.1759999987483 0
    endloop
  endfacet
  facet normal 0 -1 0
    outer loop
      vertex 0.84 -43.5959999987483 0.42000000000000004
      vertex 93.1559999987483 -43.5959999987483 0.42000000000000004
      vertex 93.1559999987483 -43.5959999987483 1.008
    endloop
  endfacet
  facet normal 0 -0.707106781186552 -0.7071067811865429
    outer loop
      vertex 0.84 -43.5959999987483 0.42000000000000004
      vertex 93.13536671921611 -43.1759999987483 0
      vertex 93.1559999987483 -43.5959999987483 0.42000000000000004
    endloop
  endfacet
  facet normal 1 0 0
    outer loop
      vertex 93.9959999987483 -0.84 0.42000000000000004
      vertex 93.9959999987483 -42.7559999987483 1.008
      vertex 93.9959999987483 -42.7559999987483 0.42000000000000004
    endloop
  endfacet
  facet normal 0.7071067811865462 0 -0.7071067811865489
    outer loop
      vertex 93.5759999987483 -0.8606332764029503 0
      vertex 93.9959999987483 -42.7559999987483 0.42000000000000004
      vertex 93.5759999987483 -42.73536671921611 0
    endloop
  endfacet
  facet normal 0 0 -1
    outer loop
      vertex 93.54215189114213 -0.6800506375730038 0
      vertex 93.5759999987483 -42.73536671921611 0
      vertex 93.56593666344881 -42.83754147201776 0
    endloop
  endfacet
  facet normal 0 0 -1
    outer loop
      vertex 93.54215189114213 -0.6800506375730038 0
      vertex 93.56593666344881 -42.83754147201776 0
      vertex 93.54215189114213 -42.915949358046056 0
    endloop
  endfacet
  facet normal 0 0 -1
    outer loop
      vertex 93.54215189114213 -0.6800506375730038 0
      vertex 93.54215189114213 -42.915949358046056 0
      vertex 93.5035275247693 -42.988210460990665 0
    endloop
  endfacet
  facet normal 0 0 -1
    outer loop
      vertex 93.54215189114213 -0.6800506375730038 0
      vertex 93.5035275247693 -42.988210460990665 0
      vertex 93.45154786169529 -43.05154786169529 0
    endloop
  endfacet
  facet normal 0 0 -1
    outer loop
      vertex 93.54215189114213 -0.6800506375730038 0
      vertex 93.23754147201777 -43.16593666344881 0
      vertex 93.13536671921611 -43.1759999987483 0
    endloop
  endfacet
  facet normal 0 0 -1
    outer loop
      vertex 93.54215189114213 -0.6800506375730038 0
      vertex 93.38821046099066 -43.103527524769305 0
      vertex 93.31594935804605 -43.14215189114213 0
    endloop
  endfacet
  facet normal 0 0 -1
    outer loop
      vertex 93.54215189114213 -0.6800506375730038 0
      vertex 93.31594935804605 -43.14215189114213 0
      vertex 93.23754147201777 -43.16593666344881 0
    endloop
  endfacet
  facet normal 0 0 -1
    outer loop
      vertex 93.54215189114213 -0.6800506375730038 0
      vertex 93.45154786169529 -43.05154786169529 0
      vertex 93.38821046099066 -43.103527524769305 0
    endloop
  endfacet
  facet normal 0.9951847267853335 -0.09801713918086537 0
    outer loop
      vertex 93.9959999987483 -42.7559999987483 1.008
      vertex 93.9798596343398 -42.91987587064504 0.42000000000000004
      vertex 93.9959999987483 -42.7559999987483 0.42000000000000004
    endloop
  endfacet
  facet normal 0.09801713918081842 -0.9951847267853381 0
    outer loop
      vertex 93.1559999987483 -43.5959999987483 1.008
      vertex 93.1559999987483 -43.5959999987483 0.42000000000000004
      vertex 93.31987587064505 -43.579859634339805 0.42000000000000004
    endloop
  endfacet
  facet normal 0.9569403375708406 -0.2902846711933059 0
    outer loop
      vertex 93.93205880731344 -43.07745408296585 1.008
      vertex 93.93205880731344 -43.07745408296585 0.42000000000000004
      vertex 93.9798596343398 -42.91987587064504 0.42000000000000004
    endloop
  endfacet
  facet normal 0.8819212641844233 -0.4713967371326924 0
    outer loop
      vertex 93.93205880731344 -43.07745408296585 1.008
      vertex 93.85443447455764 -43.22267899498343 0.42000000000000004
      vertex 93.93205880731344 -43.07745408296585 0.42000000000000004
    endloop
  endfacet
  facet normal 0.2902846711933179 -0.956940337570837 0
    outer loop
      vertex 93.47745408296585 -43.53205880731344 1.008
      vertex 93.31987587064505 -43.579859634339805 0.42000000000000004
      vertex 93.47745408296585 -43.53205880731344 0.42000000000000004
    endloop
  endfacet
  facet normal 0.4713967371326924 -0.8819212641844233 0
    outer loop
      vertex 93.62267899498343 -43.45443447455764 1.008
      vertex 93.47745408296585 -43.53205880731344 0.42000000000000004
      vertex 93.62267899498343 -43.45443447455764 0.42000000000000004
    endloop
  endfacet
  facet normal 0.7730104435344115 -0.6343932961394946 0
    outer loop
      vertex 93.74996969416738 -43.34996969416737 1.008
      vertex 93.74996969416738 -43.34996969416737 0.42000000000000004
      vertex 93.85443447455764 -43.22267899498343 0.42000000000000004
    endloop
  endfacet
  facet normal 0.6343932961394991 -0.7730104435344076 0
    outer loop
      vertex 93.62267899498343 -43.45443447455764 1.008
      vertex 93.62267899498343 -43.45443447455764 0.42000000000000004
      vertex 93.74996969416738 -43.34996969416737 0.42000000000000004
    endloop
  endfacet
  facet normal 0.7037018686073617 -0.0693085837640684 -0.7071067814235177
    outer loop
      vertex 93.9959999987483 -42.7559999987483 0.42000000000000004
      vertex 93.9798596343398 -42.91987587064504 0.42000000000000004
      vertex 93.5759999987483 -42.73536671921611 0
    endloop
  endfacet
  facet normal 0.0693085837640357 -0.7037018686073702 -0.7071067814235126
    outer loop
      vertex 93.1559999987483 -43.5959999987483 0.42000000000000004
      vertex 93.13536671921611 -43.1759999987483 0
      vertex 93.31987587064505 -43.579859634339805 0.42000000000000004
    endloop
  endfacet
  facet normal 0.6766590008189923 -0.20526225915123075 -0.7071067823029106
    outer loop
      vertex 93.9798596343398 -42.91987587064504 0.42000000000000004
      vertex 93.93205880731344 -43.07745408296585 0.42000000000000004
      vertex 93.56593666344881 -42.83754147201776 0
    endloop
  endfacet
  facet normal 0.623612505796302 -0.333327829145126 -0.7071067818454686
    outer loop
      vertex 93.93205880731344 -43.07745408296585 0.42000000000000004
      vertex 93.85443447455764 -43.22267899498343 0.42000000000000004
      vertex 93.54215189114213 -42.915949358046056 0
    endloop
  endfacet
  facet normal 0.5466009245887378 -0.44858380002896847 -0.7071067837252784
    outer loop
      vertex 93.85443447455764 -43.22267899498343 0.42000000000000004
      vertex 93.74996969416738 -43.34996969416737 0.42000000000000004
      vertex 93.5035275247693 -42.988210460990665 0
    endloop
  endfacet
  facet normal 0.44858380002897474 -0.5466009245887387 -0.7071067837252735
    outer loop
      vertex 93.62267899498343 -43.45443447455764 0.42000000000000004
      vertex 93.38821046099066 -43.103527524769305 0
      vertex 93.74996969416738 -43.34996969416737 0.42000000000000004
    endloop
  endfacet
  facet normal 0.333327829145126 -0.623612505796302 -0.7071067818454686
    outer loop
      vertex 93.62267899498343 -43.45443447455764 0.42000000000000004
      vertex 93.47745408296585 -43.53205880731344 0.42000000000000004
      vertex 93.31594935804605 -43.14215189114213 0
    endloop
  endfacet
  facet normal 0.20526225915123938 -0.6766590008189903 -0.7071067823029102
    outer loop
      vertex 93.31987587064505 -43.579859634339805 0.42000000000000004
      vertex 93.23754147201777 -43.16593666344881 0
      vertex 93.47745408296585 -43.53205880731344 0.42000000000000004
    endloop
  endfacet
  facet normal 0.7037018674519273 -0.06930858797177163 -0.7071067821609616
    outer loop
      vertex 93.9798596343398 -42.91987587064504 0.42000000000000004
      vertex 93.56593666344881 -42.83754147201776 0
      vertex 93.5759999987483 -42.73536671921611 0
    endloop
  endfacet
  facet normal 0.06930858797176688 -0.703701867451928 -0.7071067821609612
    outer loop
      vertex 93.31987587064505 -43.579859634339805 0.42000000000000004
      vertex 93.13536671921611 -43.1759999987483 0
      vertex 93.23754147201777 -43.16593666344881 0
    endloop
  endfacet
  facet normal 0.5466009245519992 -0.4485838000623679 -0.7071067837324893
    outer loop
      vertex 93.74996969416738 -43.34996969416737 0.42000000000000004
      vertex 93.45154786169529 -43.05154786169529 0
      vertex 93.5035275247693 -42.988210460990665 0
    endloop
  endfacet
  facet normal 0.44858380006240356 -0.5466009245519676 -0.7071067837324908
    outer loop
      vertex 93.74996969416738 -43.34996969416737 0.42000000000000004
      vertex 93.38821046099066 -43.103527524769305 0
      vertex 93.45154786169529 -43.05154786169529 0
    endloop
  endfacet
  facet normal 0.6766589984937 -0.20526226408697396 -0.707106783095306
    outer loop
      vertex 93.93205880731344 -43.07745408296585 0.42000000000000004
      vertex 93.54215189114213 -42.915949358046056 0
      vertex 93.56593666344881 -42.83754147201776 0
    endloop
  endfacet
  facet normal 0.623612496098916 -0.3333278422620074 -0.7071067842145441
    outer loop
      vertex 93.85443447455764 -43.22267899498343 0.42000000000000004
      vertex 93.5035275247693 -42.988210460990665 0
      vertex 93.54215189114213 -42.915949358046056 0
    endloop
  endfacet
  facet normal 0.20526226408699072 -0.676658998493694 -0.7071067830953071
    outer loop
      vertex 93.47745408296585 -43.53205880731344 0.42000000000000004
      vertex 93.23754147201777 -43.16593666344881 0
      vertex 93.31594935804605 -43.14215189114213 0
    endloop
  endfacet
  facet normal 0.3333278422619637 -0.6236124960989485 -0.7071067842145361
    outer loop
      vertex 93.62267899498343 -43.45443447455764 0.42000000000000004
      vertex 93.31594935804605 -43.14215189114213 0
      vertex 93.38821046099066 -43.103527524769305 0
    endloop
  endfacet
  facet normal 0 0 1
    outer loop
      vertex 41.07132100376487 3.2184344758093357 1.218
      vertex 40.94403030458093 3.113969695419073 1.218
      vertex 41.216545915782454 3.2960588085651397 1.218
    endloop
  endfacet
  facet normal 0 0 1
    outer loop
      vertex 40.94403030458093 3.113969695419073 1.218
      vertex 40.83956552419067 2.986678996235132 1.218
      vertex 40.761941191434865 2.841454084217548 1.218
    endloop
  endfacet
  facet normal 0 0 1
    outer loop
      vertex 40.94403030458093 3.113969695419073 1.218
      vertex 40.761941191434865 2.841454084217548 1.218
      vertex 40.71414036440849 2.6838758718967437 1.218
    endloop
  endfacet
  facet normal 0 0 1
    outer loop
      vertex 40.94403030458093 3.113969695419073 1.218
      vertex 40.71414036440849 2.6838758718967437 1.218
      vertex 40.698 2.52 1.218
    endloop
  endfacet
  facet normal 0 0 1
    outer loop
      vertex 40.94403030458093 3.113969695419073 1.218
      vertex 40.698 2.52 1.218
      vertex 40.698 0.4409999987483024 1.218
    endloop
  endfacet
  facet normal 0 0 1
    outer loop
      vertex 40.94403030458093 3.113969695419073 1.218
      vertex 40.698 0.4409999987483024 1.218
      vertex 40.71414036440849 0.2771241268515587 1.218
    endloop
  endfacet
  facet normal 0 0 1
    outer loop
      vertex 40.94403030458093 3.113969695419073 1.218
      vertex 40.71414036440849 0.2771241268515587 1.218
      vertex 40.761941191434865 0.11954591453075408 1.218
    endloop
  endfacet
  facet normal 0 0 1
    outer loop
      vertex 40.94403030458093 3.113969695419073 1.218
      vertex 40.761941191434865 0.11954591453075408 1.218
      vertex 40.83956552419067 -0.025678997486829756 1.218
    endloop
  endfacet
  facet normal 0 0 1
    outer loop
      vertex 40.94403030458093 3.113969695419073 1.218
      vertex 40.83956552419067 -0.025678997486829756 1.218
      vertex 40.94403030458093 -0.15296969667077065 1.218
    endloop
  endfacet
  facet normal 0 0 1
    outer loop
      vertex 40.94403030458093 3.113969695419073 1.218
      vertex 40.94403030458093 -0.15296969667077065 1.218
      vertex 41.013521928693066 -0.21000000052154064 1.218
    endloop
  endfacet
  facet normal -0.7728880809246896 -0.6342928757377173 0.017792193595140948
    outer loop
      vertex 40.83956552419067 -0.025678997486829756 1.218
      vertex 40.95082667299955 -0.16258121308770632 1.1705812126839314
      vertex 40.94403030458093 -0.15296969667077065 1.218
    endloop
  endfacet
  facet normal -0.6330260748212982 -0.7713444795905736 0.06561769884327885
    outer loop
      vertex 40.94403030458093 -0.15296969667077065 1.218
      vertex 40.95082667299955 -0.16258121308770632 1.1705812126839314
      vertex 41.013521928693066 -0.21000000052154064 1.218
    endloop
  endfacet
  facet normal -0.8819212641844256 -0.47139673713268815 0
    outer loop
      vertex 40.761941191434865 0.11954591453075408 1.218
      vertex 40.83956552419067 -0.025678997486829756 1.0336789974230554
      vertex 40.83956552419067 -0.025678997486829756 1.218
    endloop
  endfacet
  facet normal -0.7728880809246796 -0.6342928757377282 0.017792193595195967
    outer loop
      vertex 40.83956552419067 -0.025678997486829756 1.218
      vertex 40.87190163572966 -0.06903479795667077 1.077034797785221
      vertex 40.95082667299955 -0.16258121308770632 1.1705812126839314
    endloop
  endfacet
  facet normal -0.8016011391644435 -0.5978591921935018 0
    outer loop
      vertex 40.83956552419067 -0.025678997486829756 1.218
      vertex 40.83956552419067 -0.025678997486829756 1.0336789974230554
      vertex 40.87190163572966 -0.06903479795667077 1.077034797785221
    endloop
  endfacet
  facet normal 0 0 1
    outer loop
      vertex 41.374124128103254 3.3438596355915067 1.218
      vertex 40.94403030458093 3.113969695419073 1.218
      vertex 41.538000000000004 3.36 1.218
    endloop
  endfacet
  facet normal 0 0 1
    outer loop
      vertex 41.216545915782454 3.2960588085651397 1.218
      vertex 40.94403030458093 3.113969695419073 1.218
      vertex 41.374124128103254 3.3438596355915067 1.218
    endloop
  endfacet
  facet normal 0 0 1
    outer loop
      vertex 40.94403030458093 3.113969695419073 1.218
      vertex 52.458 3.36 1.218
      vertex 41.538000000000004 3.36 1.218
    endloop
  endfacet
  facet normal 0 0 1
    outer loop
      vertex 40.94403030458093 3.113969695419073 1.218
      vertex 41.013521928693066 -0.21000000052154064 1.218
      vertex 53.051969695419075 -0.15296969667077065 1.218
    endloop
  endfacet
  facet normal -0.7730104435344191 0.6343932961394854 0
    outer loop
      vertex 40.94403030458093 3.113969695419073 1.218
      vertex 40.94403030458093 3.113969695419073 0.42000000000000004
      vertex 40.83956552419067 2.986678996235132 1.218
    endloop
  endfacet
  facet normal -0.6343932961394863 0.7730104435344182 0
    outer loop
      vertex 41.07132100376487 3.2184344758093357 1.218
      vertex 40.94403030458093 3.113969695419073 0.42000000000000004
      vertex 40.94403030458093 3.113969695419073 1.218
    endloop
  endfacet
  facet normal -0.9569403375708273 0.29028467119334994 0
    outer loop
      vertex 40.761941191434865 2.841454084217548 1.218
      vertex 40.71414036440849 2.6838758718967437 0.42000000000000004
      vertex 40.71414036440849 2.6838758718967437 1.218
    endloop
  endfacet
  facet normal -0.9951847267853379 0.09801713918082183 0
    outer loop
      vertex 40.71414036440849 2.6838758718967437 1.218
      vertex 40.71414036440849 2.6838758718967437 0.42000000000000004
      vertex 40.698 2.52 1.218
    endloop
  endfacet
  facet normal -0.8819212641844256 0.47139673713268787 0
    outer loop
      vertex 40.83956552419067 2.986678996235132 1.218
      vertex 40.83956552419067 2.986678996235132 0.42000000000000004
      vertex 40.761941191434865 2.841454084217548 1.218
    endloop
  endfacet
  facet normal -1 0 0
    outer loop
      vertex 40.698 2.52 1.218
      vertex 40.698 2.52 0.42000000000000004
      vertex 40.698 0.4409999987483024 1.218
    endloop
  endfacet
  facet normal -0.8819212641843895 -0.47139673713275543 6.815652252338679e-14
    outer loop
      vertex 40.761941191434865 0.11954591453075408 1.218
      vertex 40.82583981406242 0 1.008
      vertex 40.83956552419067 -0.025678997486829756 1.0336789974230554
    endloop
  endfacet
  facet normal -0.9951847267853379 -0.09801713918082182 0
    outer loop
      vertex 40.698 0.4409999987483024 1.218
      vertex 40.71414036440849 0.2771241268515587 0.42000000000000004
      vertex 40.71414036440849 0.2771241268515587 1.218
    endloop
  endfacet
  facet normal -0.9569403375708273 -0.2902846711933498 0
    outer loop
      vertex 40.71414036440849 0.2771241268515587 1.218
      vertex 40.71414036440849 0.2771241268515587 0.42000000000000004
      vertex 40.761941191434865 0.11954591453075408 1.218
    endloop
  endfacet
  facet normal -0.4713967371326945 0.8819212641844221 0
    outer loop
      vertex 41.07132100376487 3.2184344758093357 1.218
      vertex 41.216545915782454 3.2960588085651397 1.218
      vertex 41.216545915782454 3.2960588085651397 0.42000000000000004
    endloop
  endfacet
  facet normal -0.29028467119333273 0.9569403375708324 0
    outer loop
      vertex 41.216545915782454 3.2960588085651397 1.218
      vertex 41.374124128103254 3.3438596355915067 1.218
      vertex 41.216545915782454 3.2960588085651397 0.42000000000000004
    endloop
  endfacet
  facet normal -0.09801713918082107 0.9951847267853378 0
    outer loop
      vertex 41.374124128103254 3.3438596355915067 1.218
      vertex 41.538000000000004 3.36 1.218
      vertex 41.538000000000004 3.36 0.42000000000000004
    endloop
  endfacet
  facet normal -0.8819212641844394 -0.47139673713266234 0
    outer loop
      vertex 40.761941191434865 0.11954591453075408 1.218
      vertex 40.82583981406242 0 0.42000000000000004
      vertex 40.82583981406242 0 1.008
    endloop
  endfacet
  facet normal -0.6343932961394863 0.7730104435344182 0
    outer loop
      vertex 41.07132100376487 3.2184344758093357 1.218
      vertex 41.07132100376487 3.2184344758093357 0.42000000000000004
      vertex 40.94403030458093 3.113969695419073 0.42000000000000004
    endloop
  endfacet
  facet normal -0.4713967371326945 0.8819212641844221 0
    outer loop
      vertex 41.07132100376487 3.2184344758093357 1.218
      vertex 41.216545915782454 3.2960588085651397 0.42000000000000004
      vertex 41.07132100376487 3.2184344758093357 0.42000000000000004
    endloop
  endfacet
  facet normal -0.7730104435344191 0.6343932961394854 0
    outer loop
      vertex 40.83956552419067 2.986678996235132 1.218
      vertex 40.94403030458093 3.113969695419073 0.42000000000000004
      vertex 40.83956552419067 2.986678996235132 0.42000000000000004
    endloop
  endfacet
  facet normal -0.9569403375708273 0.29028467119334994 0
    outer loop
      vertex 40.761941191434865 2.841454084217548 1.218
      vertex 40.761941191434865 2.841454084217548 0.42000000000000004
      vertex 40.71414036440849 2.6838758718967437 0.42000000000000004
    endloop
  endfacet
  facet normal -0.8819212641844256 0.47139673713268787 0
    outer loop
      vertex 40.761941191434865 2.841454084217548 1.218
      vertex 40.83956552419067 2.986678996235132 0.42000000000000004
      vertex 40.761941191434865 2.841454084217548 0.42000000000000004
    endloop
  endfacet
  facet normal -0.9951847267853379 0.09801713918082183 0
    outer loop
      vertex 40.698 2.52 1.218
      vertex 40.71414036440849 2.6838758718967437 0.42000000000000004
      vertex 40.698 2.52 0.42000000000000004
    endloop
  endfacet
  facet normal -1 0 0
    outer loop
      vertex 40.698 2.52 0.42000000000000004
      vertex 40.698 0.4409999987483024 0.42000000000000004
      vertex 40.698 0.4409999987483024 1.218
    endloop
  endfacet
  facet normal -0.9951847267853379 -0.09801713918082182 0
    outer loop
      vertex 40.698 0.4409999987483024 1.218
      vertex 40.698 0.4409999987483024 0.42000000000000004
      vertex 40.71414036440849 0.2771241268515587 0.42000000000000004
    endloop
  endfacet
  facet normal -0.9569403375708273 -0.2902846711933498 0
    outer loop
      vertex 40.761941191434865 0.11954591453075408 1.218
      vertex 40.71414036440849 0.2771241268515587 0.42000000000000004
      vertex 40.761941191434865 0.11954591453075408 0.42000000000000004
    endloop
  endfacet
  facet normal -0.8819212641844394 -0.47139673713266234 0
    outer loop
      vertex 40.761941191434865 0.11954591453075408 1.218
      vertex 40.761941191434865 0.11954591453075408 0.42000000000000004
      vertex 40.82583981406242 0 0.42000000000000004
    endloop
  endfacet
  facet normal -0.29028467119333273 0.9569403375708324 0
    outer loop
      vertex 41.374124128103254 3.3438596355915067 1.218
      vertex 41.374124128103254 3.3438596355915067 0.42000000000000004
      vertex 41.216545915782454 3.2960588085651397 0.42000000000000004
    endloop
  endfacet
  facet normal -0.09801713918082107 0.9951847267853378 0
    outer loop
      vertex 41.374124128103254 3.3438596355915067 1.218
      vertex 41.538000000000004 3.36 0.42000000000000004
      vertex 41.374124128103254 3.3438596355915067 0.42000000000000004
    endloop
  endfacet
  facet normal 0 1 0
    outer loop
      vertex 41.538000000000004 3.36 1.218
      vertex 52.458 3.36 0.42000000000000004
      vertex 41.538000000000004 3.36 0.42000000000000004
    endloop
  endfacet
  facet normal -0.8700641315374794 -0.46505896768711563 -0.16342754842965132
    outer loop
      vertex 40.761941191434865 0.11954591453075408 0.42000000000000004
      vertex 40.99273758420699 -0.23104992662945284 0.18895007337054714
      vertex 40.82583981406242 0 0.42000000000000004
    endloop
  endfacet
  facet normal -0.5480632136153163 0.6678169369376863 -0.5036340463281035
    outer loop
      vertex 41.07132100376487 3.2184344758093357 0.42000000000000004
      vertex 41.118 2.94 0
      vertex 40.94403030458093 3.113969695419073 0.42000000000000004
    endloop
  endfacet
  facet normal -0.667816936937687 0.5480632136153154 -0.5036340463281038
    outer loop
      vertex 40.94403030458093 3.113969695419073 0.42000000000000004
      vertex 41.118 2.94 0
      vertex 40.83956552419067 2.986678996235132 0.42000000000000004
    endloop
  endfacet
  facet normal -0.743811188476434 0.3975753636180096 -0.5372883268239523
    outer loop
      vertex 40.83956552419067 2.986678996235132 0.42000000000000004
      vertex 41.118 2.94 0
      vertex 40.761941191434865 2.841454084217548 0.42000000000000004
    endloop
  endfacet
  facet normal -0.7680723218238864 0.23299218628335597 -0.5964725891262451
    outer loop
      vertex 40.761941191434865 2.841454084217548 0.42000000000000004
      vertex 41.118 2.94 0
      vertex 40.71414036440849 2.6838758718967437 0.42000000000000004
    endloop
  endfacet
  facet normal -0.7407573427868491 0.07295822937485225 -0.6677991134119998
    outer loop
      vertex 40.71414036440849 2.6838758718967437 0.42000000000000004
      vertex 41.118 2.94 0
      vertex 40.698 2.52 0.42000000000000004
    endloop
  endfacet
  facet normal -0.7071067811865461 0 -0.7071067811865489
    outer loop
      vertex 40.698 2.52 0.42000000000000004
      vertex 41.118 -0.3989999999999997 0
      vertex 40.698 0.4409999987483024 0.42000000000000004
    endloop
  endfacet
  facet normal -0.7774307876105946 -0.07657024837874175 -0.6242902910813114
    outer loop
      vertex 40.698 0.4409999987483024 0.42000000000000004
      vertex 41.118 -0.3989999999999997 0
      vertex 40.71414036440849 0.2771241268515587 0.42000000000000004
    endloop
  endfacet
  facet normal -0.8717191083407769 -0.26443309452292096 -0.4125299197326089
    outer loop
      vertex 40.71414036440849 0.2771241268515587 0.42000000000000004
      vertex 41.118 -0.3989999999999997 0
      vertex 40.761941191434865 0.11954591453075408 0.42000000000000004
    endloop
  endfacet
  facet normal -0.8700641315374774 -0.46505896768712507 -0.16342754842963506
    outer loop
      vertex 40.761941191434865 0.11954591453075408 0.42000000000000004
      vertex 41.118 -0.3989999999999997 0
      vertex 40.99273758420699 -0.23104992662945284 0.18895007337054714
    endloop
  endfacet
  facet normal -0.23299218628334067 0.7680723218238857 -0.5964725891262518
    outer loop
      vertex 41.216545915782454 3.2960588085651397 0.42000000000000004
      vertex 41.374124128103254 3.3438596355915067 0.42000000000000004
      vertex 41.118 2.94 0
    endloop
  endfacet
  facet normal -0.07295822937485183 0.7407573427868506 -0.6677991134119983
    outer loop
      vertex 41.374124128103254 3.3438596355915067 0.42000000000000004
      vertex 41.538000000000004 3.36 0.42000000000000004
      vertex 41.118 2.94 0
    endloop
  endfacet
  facet normal -0.39757536361801527 0.7438111884764311 -0.5372883268239521
    outer loop
      vertex 41.07132100376487 3.2184344758093357 0.42000000000000004
      vertex 41.216545915782454 3.2960588085651397 0.42000000000000004
      vertex 41.118 2.94 0
    endloop
  endfacet
  facet normal 0 0.7071067811865477 -0.7071067811865474
    outer loop
      vertex 41.538000000000004 3.36 0.42000000000000004
      vertex 52.458 3.36 0.42000000000000004
      vertex 41.118 2.94 0
    endloop
  endfacet
  facet normal -0.707106781186546 0 -0.7071067811865489
    outer loop
      vertex 40.698 2.52 0.42000000000000004
      vertex 41.118 2.94 0
      vertex 41.118 -0.3989999999999997 0
    endloop
  endfacet
  facet normal -0.8016011391643959 -0.5978591921935654 2.1816111764991124e-14
    outer loop
      vertex 41.118 -0.3989999999999997 0
      vertex 41.11243448413633 -0.39153783513808754 0.028462164861912553
      vertex 40.99273758420699 -0.23104992662945284 0.18895007337054714
    endloop
  endfacet
  facet normal -0.7728880809247618 -0.6342928757376296 0.017792193595141923
    outer loop
      vertex 41.118 -0.3989999999999997 0.0041999999999999815
      vertex 41.11497997272172 -0.39472903645345536 0.025270963546544678
      vertex 41.11243448413633 -0.39153783513808754 0.028462164861912553
    endloop
  endfacet
  facet normal -0.6330260748220371 -0.7713444795899844 0.06561769884307736
    outer loop
      vertex 41.118 -0.3989999999999997 0.0041999999999999815
      vertex 41.1172686234648 -0.39678192099185816 0.02321807900814199
      vertex 41.11497997272172 -0.39472903645345536 0.025270963546544678
    endloop
  endfacet
  facet normal -0.4697136731906189 -0.8787724730239593 0.08442751845891822
    outer loop
      vertex 41.118 -0.3989999999999997 0.0041999999999999815
      vertex 41.11943980406204 -0.3980657879159541 0.021934212084046
      vertex 41.1172686234648 -0.39678192099185816 0.02321807900814199
    endloop
  endfacet
  facet normal -0.28949359376192346 -0.9543325047108178 0.07377621312579818
    outer loop
      vertex 41.118 -0.3989999999999997 0.0041999999999999815
      vertex 41.12159274473295 -0.3987735933543279 0.021226406645672213
      vertex 41.11943980406204 -0.3980657879159541 0.021934212084046
    endloop
  endfacet
  facet normal -0.09796081357333797 -0.9946128432897108 0.03389647425923387
    outer loop
      vertex 41.118 -0.3989999999999997 0.0041999999999999815
      vertex 41.123813148782936 -0.3990000000173242 0.020999999982675766
      vertex 41.12159274473295 -0.3987735933543279 0.021226406645672213
    endloop
  endfacet
  facet normal -0.8016011391644359 -0.5978591921935119 0
    outer loop
      vertex 41.118 -0.3989999999999997 0.0041999999999999815
      vertex 41.11243448413633 -0.39153783513808754 0.028462164861912553
      vertex 41.118 -0.3989999999999997 0
    endloop
  endfacet
  facet normal 0 0 -1
    outer loop
      vertex 41.118 2.94 0
      vertex 52.878 -0.3989999999999997 0
      vertex 41.118 -0.3989999999999997 0
    endloop
  endfacet
  facet normal -2.980234143264387e-9 -1 8.204679780477292e-16
    outer loop
      vertex 41.118 -0.3989999999999997 0.0041999999999999815
      vertex 41.13496969691862 -0.39900000005057334 0.020999999949426806
      vertex 41.123813148782936 -0.3990000000173242 0.020999999982675766
    endloop
  endfacet
  facet normal 0 -1 -3.0103366979812293e-9
    outer loop
      vertex 41.118 -0.3989999999999997 0.0041999999999999815
      vertex 52.861030303081385 -0.39900000005057334 0.020999999949426806
      vertex 41.13496969691862 -0.39900000005057334 0.020999999949426806
    endloop
  endfacet
  facet normal -4.306695552047736e-12 -1 0
    outer loop
      vertex 41.118 -0.3989999999999997 0.0041999999999999815
      vertex 41.118 -0.3989999999999997 0
      vertex 52.861030303081385 -0.39900000005057334 0.020999999949426806
    endloop
  endfacet
  facet normal 0 0 1
    outer loop
      vertex 40.94403030458093 3.113969695419073 1.218
      vertex 52.62187587189674 3.3438596355915067 1.218
      vertex 52.458 3.36 1.218
    endloop
  endfacet
  facet normal 0 0 1
    outer loop
      vertex 40.94403030458093 3.113969695419073 1.218
      vertex 52.77945408421755 3.2960588085651397 1.218
      vertex 52.62187587189674 3.3438596355915067 1.218
    endloop
  endfacet
  facet normal 0 0 1
    outer loop
      vertex 40.94403030458093 3.113969695419073 1.218
      vertex 52.92467899623513 3.2184344758093357 1.218
      vertex 52.77945408421755 3.2960588085651397 1.218
    endloop
  endfacet
  facet normal 0 0 1
    outer loop
      vertex 40.94403030458093 3.113969695419073 1.218
      vertex 53.051969695419075 3.113969695419073 1.218
      vertex 52.92467899623513 3.2184344758093357 1.218
    endloop
  endfacet
  facet normal 0 0 1
    outer loop
      vertex 40.94403030458093 3.113969695419073 1.218
      vertex 53.156434475809334 2.986678996235132 1.218
      vertex 53.051969695419075 3.113969695419073 1.218
    endloop
  endfacet
  facet normal 0 0 1
    outer loop
      vertex 40.94403030458093 3.113969695419073 1.218
      vertex 53.23405880856514 2.841454084217548 1.218
      vertex 53.156434475809334 2.986678996235132 1.218
    endloop
  endfacet
  facet normal 0 0 1
    outer loop
      vertex 40.94403030458093 3.113969695419073 1.218
      vertex 53.28185963559151 2.6838758718967437 1.218
      vertex 53.23405880856514 2.841454084217548 1.218
    endloop
  endfacet
  facet normal 0 0 1
    outer loop
      vertex 40.94403030458093 3.113969695419073 1.218
      vertex 53.298 2.52 1.218
      vertex 53.28185963559151 2.6838758718967437 1.218
    endloop
  endfacet
  facet normal 0 0 1
    outer loop
      vertex 40.94403030458093 3.113969695419073 1.218
      vertex 53.298 0.4409999987483024 1.218
      vertex 53.298 2.52 1.218
    endloop
  endfacet
  facet normal 0 0 1
    outer loop
      vertex 40.94403030458093 3.113969695419073 1.218
      vertex 53.28185963559151 0.2771241268515587 1.218
      vertex 53.298 0.4409999987483024 1.218
    endloop
  endfacet
  facet normal 0 0 1
    outer loop
      vertex 40.94403030458093 3.113969695419073 1.218
      vertex 53.23405880856514 0.11954591453075408 1.218
      vertex 53.28185963559151 0.2771241268515587 1.218
    endloop
  endfacet
  facet normal 0 0 1
    outer loop
      vertex 40.94403030458093 3.113969695419073 1.218
      vertex 53.156434475809334 -0.025678997486829756 1.218
      vertex 53.23405880856514 0.11954591453075408 1.218
    endloop
  endfacet
  facet normal 0 0 1
    outer loop
      vertex 40.94403030458093 3.113969695419073 1.218
      vertex 53.051969695419075 -0.15296969667077065 1.218
      vertex 53.156434475809334 -0.025678997486829756 1.218
    endloop
  endfacet
  facet normal 0 0 1
    outer loop
      vertex 53.051969695419075 -0.15296969667077065 1.218
      vertex 41.013521928693066 -0.21000000052154064 1.218
      vertex 52.982478071306936 -0.21000000052154064 1.218
    endloop
  endfacet
  facet normal 0.7728880809246896 -0.6342928757377173 0.017792193595140948
    outer loop
      vertex 53.156434475809334 -0.025678997486829756 1.218
      vertex 53.051969695419075 -0.15296969667077065 1.218
      vertex 53.045173327000455 -0.16258121308770632 1.1705812126839314
    endloop
  endfacet
  facet normal 0.6330260748212982 -0.7713444795905736 0.06561769884327885
    outer loop
      vertex 53.051969695419075 -0.15296969667077065 1.218
      vertex 52.982478071306936 -0.21000000052154064 1.218
      vertex 53.045173327000455 -0.16258121308770632 1.1705812126839314
    endloop
  endfacet
  facet normal 0.7728880809246796 -0.6342928757377282 0.017792193595195967
    outer loop
      vertex 53.156434475809334 -0.025678997486829756 1.218
      vertex 53.045173327000455 -0.16258121308770632 1.1705812126839314
      vertex 53.124098364270345 -0.06903479795667077 1.077034797785221
    endloop
  endfacet
  facet normal 0.8016011391644435 -0.5978591921935018 0
    outer loop
      vertex 53.156434475809334 -0.025678997486829756 1.218
      vertex 53.124098364270345 -0.06903479795667077 1.077034797785221
      vertex 53.156434475809334 -0.025678997486829756 1.0336789974230554
    endloop
  endfacet
  facet normal 0 1 0
    outer loop
      vertex 41.538000000000004 3.36 1.218
      vertex 52.458 3.36 1.218
      vertex 52.458 3.36 0.42000000000000004
    endloop
  endfacet
  facet normal 0.09801713918082529 0.9951847267853374 0
    outer loop
      vertex 52.458 3.36 1.218
      vertex 52.62187587189674 3.3438596355915067 1.218
      vertex 52.458 3.36 0.42000000000000004
    endloop
  endfacet
  facet normal 0.29028467119332074 0.9569403375708361 0
    outer loop
      vertex 52.62187587189674 3.3438596355915067 1.218
      vertex 52.77945408421755 3.2960588085651397 1.218
      vertex 52.77945408421755 3.2960588085651397 0.42000000000000004
    endloop
  endfacet
  facet normal 0.4713967371326945 0.8819212641844221 0
    outer loop
      vertex 52.77945408421755 3.2960588085651397 1.218
      vertex 52.92467899623513 3.2184344758093357 1.218
      vertex 52.77945408421755 3.2960588085651397 0.42000000000000004
    endloop
  endfacet
  facet normal 0.6343932961394863 0.7730104435344182 0
    outer loop
      vertex 52.92467899623513 3.2184344758093357 1.218
      vertex 53.051969695419075 3.113969695419073 1.218
      vertex 52.92467899623513 3.2184344758093357 0.42000000000000004
    endloop
  endfacet
  facet normal 0.7730104435344191 0.6343932961394854 0
    outer loop
      vertex 53.051969695419075 3.113969695419073 1.218
      vertex 53.156434475809334 2.986678996235132 1.218
      vertex 53.156434475809334 2.986678996235132 0.42000000000000004
    endloop
  endfacet
  facet normal 0.8819212641844256 0.47139673713268787 0
    outer loop
      vertex 53.156434475809334 2.986678996235132 1.218
      vertex 53.23405880856514 2.841454084217548 1.218
      vertex 53.156434475809334 2.986678996235132 0.42000000000000004
    endloop
  endfacet
  facet normal 0.9569403375708273 0.29028467119334994 0
    outer loop
      vertex 53.23405880856514 2.841454084217548 1.218
      vertex 53.28185963559151 2.6838758718967437 1.218
      vertex 53.28185963559151 2.6838758718967437 0.42000000000000004
    endloop
  endfacet
  facet normal 0.9951847267853379 0.09801713918082183 0
    outer loop
      vertex 53.28185963559151 2.6838758718967437 1.218
      vertex 53.298 2.52 1.218
      vertex 53.298 2.52 0.42000000000000004
    endloop
  endfacet
  facet normal 1 0 0
    outer loop
      vertex 53.298 2.52 1.218
      vertex 53.298 0.4409999987483024 1.218
      vertex 53.298 2.52 0.42000000000000004
    endloop
  endfacet
  facet normal 0.8819212641843613 -0.47139673713280816 0
    outer loop
      vertex 53.156434475809334 -0.025678997486829756 1.218
      vertex 53.156434475809334 -0.025678997486829756 1.0336789974230554
      vertex 53.17016018593758 0 1.008
    endloop
  endfacet
  facet normal 0.8819212641844255 -0.4713967371326881 0
    outer loop
      vertex 53.23405880856514 0.11954591453075408 1.218
      vertex 53.156434475809334 -0.025678997486829756 1.218
      vertex 53.23405880856514 0.11954591453075408 0.42000000000000004
    endloop
  endfacet
  facet normal 0.9951847267853379 -0.09801713918082182 0
    outer loop
      vertex 53.298 0.4409999987483024 1.218
      vertex 53.28185963559151 0.2771241268515587 1.218
      vertex 53.298 0.4409999987483024 0.42000000000000004
    endloop
  endfacet
  facet normal 0.9569403375708273 -0.2902846711933498 0
    outer loop
      vertex 53.28185963559151 0.2771241268515587 1.218
      vertex 53.23405880856514 0.11954591453075408 1.218
      vertex 53.23405880856514 0.11954591453075408 0.42000000000000004
    endloop
  endfacet
  facet normal 0.881921264184557 -0.47139673713244223 5.75310751783343e-14
    outer loop
      vertex 53.156434475809334 -0.025678997486829756 1.218
      vertex 53.17016018593758 0 1.008
      vertex 53.23405880856514 0.11954591453075408 0.42000000000000004
    endloop
  endfacet
  facet normal 0.09801713918082529 0.9951847267853374 0
    outer loop
      vertex 52.62187587189674 3.3438596355915067 1.218
      vertex 52.62187587189674 3.3438596355915067 0.42000000000000004
      vertex 52.458 3.36 0.42000000000000004
    endloop
  endfacet
  facet normal 0.29028467119332074 0.9569403375708361 0
    outer loop
      vertex 52.62187587189674 3.3438596355915067 1.218
      vertex 52.77945408421755 3.2960588085651397 0.42000000000000004
      vertex 52.62187587189674 3.3438596355915067 0.42000000000000004
    endloop
  endfacet
  facet normal 0.4713967371326945 0.8819212641844221 0
    outer loop
      vertex 52.92467899623513 3.2184344758093357 1.218
      vertex 52.92467899623513 3.2184344758093357 0.42000000000000004
      vertex 52.77945408421755 3.2960588085651397 0.42000000000000004
    endloop
  endfacet
  facet normal 0.6343932961394863 0.7730104435344182 0
    outer loop
      vertex 53.051969695419075 3.113969695419073 1.218
      vertex 53.051969695419075 3.113969695419073 0.42000000000000004
      vertex 52.92467899623513 3.2184344758093357 0.42000000000000004
    endloop
  endfacet
  facet normal 0.7730104435344191 0.6343932961394854 0
    outer loop
      vertex 53.051969695419075 3.113969695419073 1.218
      vertex 53.156434475809334 2.986678996235132 0.42000000000000004
      vertex 53.051969695419075 3.113969695419073 0.42000000000000004
    endloop
  endfacet
  facet normal 0.8819212641844256 0.47139673713268787 0
    outer loop
      vertex 53.23405880856514 2.841454084217548 1.218
      vertex 53.23405880856514 2.841454084217548 0.42000000000000004
      vertex 53.156434475809334 2.986678996235132 0.42000000000000004
    endloop
  endfacet
  facet normal 0.9569403375708273 0.29028467119334994 0
    outer loop
      vertex 53.23405880856514 2.841454084217548 1.218
      vertex 53.28185963559151 2.6838758718967437 0.42000000000000004
      vertex 53.23405880856514 2.841454084217548 0.42000000000000004
    endloop
  endfacet
  facet normal 0.9951847267853379 0.09801713918082183 0
    outer loop
      vertex 53.28185963559151 2.6838758718967437 1.218
      vertex 53.298 2.52 0.42000000000000004
      vertex 53.28185963559151 2.6838758718967437 0.42000000000000004
    endloop
  endfacet
  facet normal 1 0 0
    outer loop
      vertex 53.298 2.52 0.42000000000000004
      vertex 53.298 0.4409999987483024 1.218
      vertex 53.298 0.4409999987483024 0.42000000000000004
    endloop
  endfacet
  facet normal 0.9951847267853379 -0.09801713918082182 0
    outer loop
      vertex 53.28185963559151 0.2771241268515587 1.218
      vertex 53.28185963559151 0.2771241268515587 0.42000000000000004
      vertex 53.298 0.4409999987483024 0.42000000000000004
    endloop
  endfacet
  facet normal 0.9569403375708273 -0.2902846711933498 0
    outer loop
      vertex 53.28185963559151 0.2771241268515587 1.218
      vertex 53.23405880856514 0.11954591453075408 0.42000000000000004
      vertex 53.28185963559151 0.2771241268515587 0.42000000000000004
    endloop
  endfacet
  facet normal 0.8819212641844394 -0.47139673713266234 0
    outer loop
      vertex 53.23405880856514 0.11954591453075408 0.42000000000000004
      vertex 53.17016018593758 0 1.008
      vertex 53.17016018593758 0 0.42000000000000004
    endloop
  endfacet
  facet normal 0.8700641315374792 -0.4650589676871155 -0.16342754842965315
    outer loop
      vertex 53.23405880856514 0.11954591453075408 0.42000000000000004
      vertex 53.17016018593758 0 0.42000000000000004
      vertex 53.00326241579301 -0.23104992662945217 0.1889500733705478
    endloop
  endfacet
  facet normal 0.07295822937485513 0.740757342786852 -0.6677991134119964
    outer loop
      vertex 52.458 3.36 0.42000000000000004
      vertex 52.62187587189674 3.3438596355915067 0.42000000000000004
      vertex 52.878 2.94 0
    endloop
  endfacet
  facet normal 0.2329921862833304 0.7680723218238864 -0.5964725891262548
    outer loop
      vertex 52.62187587189674 3.3438596355915067 0.42000000000000004
      vertex 52.77945408421755 3.2960588085651397 0.42000000000000004
      vertex 52.878 2.94 0
    endloop
  endfacet
  facet normal 0.39757536361801527 0.7438111884764311 -0.5372883268239521
    outer loop
      vertex 52.77945408421755 3.2960588085651397 0.42000000000000004
      vertex 52.92467899623513 3.2184344758093357 0.42000000000000004
      vertex 52.878 2.94 0
    endloop
  endfacet
  facet normal 0.5480632136153163 0.6678169369376863 -0.5036340463281035
    outer loop
      vertex 52.92467899623513 3.2184344758093357 0.42000000000000004
      vertex 53.051969695419075 3.113969695419073 0.42000000000000004
      vertex 52.878 2.94 0
    endloop
  endfacet
  facet normal 0.667816936937687 0.5480632136153154 -0.5036340463281038
    outer loop
      vertex 53.051969695419075 3.113969695419073 0.42000000000000004
      vertex 53.156434475809334 2.986678996235132 0.42000000000000004
      vertex 52.878 2.94 0
    endloop
  endfacet
  facet normal 0.743811188476434 0.3975753636180096 -0.5372883268239523
    outer loop
      vertex 53.156434475809334 2.986678996235132 0.42000000000000004
      vertex 53.23405880856514 2.841454084217548 0.42000000000000004
      vertex 52.878 2.94 0
    endloop
  endfacet
  facet normal 0.7680723218238864 0.23299218628335597 -0.5964725891262451
    outer loop
      vertex 53.23405880856514 2.841454084217548 0.42000000000000004
      vertex 53.28185963559151 2.6838758718967437 0.42000000000000004
      vertex 52.878 2.94 0
    endloop
  endfacet
  facet normal 0.7407573427868491 0.07295822937485225 -0.6677991134119998
    outer loop
      vertex 53.28185963559151 2.6838758718967437 0.42000000000000004
      vertex 53.298 2.52 0.42000000000000004
      vertex 52.878 2.94 0
    endloop
  endfacet
  facet normal 0.7071067811865461 0 -0.7071067811865489
    outer loop
      vertex 53.298 2.52 0.42000000000000004
      vertex 53.298 0.4409999987483024 0.42000000000000004
      vertex 52.878 -0.3989999999999997 0
    endloop
  endfacet
  facet normal 0.7774307876105946 -0.07657024837874175 -0.6242902910813114
    outer loop
      vertex 53.298 0.4409999987483024 0.42000000000000004
      vertex 53.28185963559151 0.2771241268515587 0.42000000000000004
      vertex 52.878 -0.3989999999999997 0
    endloop
  endfacet
  facet normal 0.8717191083407769 -0.26443309452292096 -0.4125299197326089
    outer loop
      vertex 53.28185963559151 0.2771241268515587 0.42000000000000004
      vertex 53.23405880856514 0.11954591453075408 0.42000000000000004
      vertex 52.878 -0.3989999999999997 0
    endloop
  endfacet
  facet normal 0.8700641315374761 -0.46505896768713073 -0.16342754842962692
    outer loop
      vertex 53.23405880856514 0.11954591453075408 0.42000000000000004
      vertex 53.00326241579301 -0.23104992662945217 0.1889500733705478
      vertex 52.878 -0.3989999999999997 0
    endloop
  endfacet
  facet normal 0 0.7071067811865477 -0.7071067811865475
    outer loop
      vertex 41.118 2.94 0
      vertex 52.458 3.36 0.42000000000000004
      vertex 52.878 2.94 0
    endloop
  endfacet
  facet normal 0 0 -1
    outer loop
      vertex 41.118 2.94 0
      vertex 52.878 2.94 0
      vertex 52.878 -0.3989999999999997 0
    endloop
  endfacet
  facet normal 0 -1 -2.4082693569350593e-9
    outer loop
      vertex 41.118 -0.3989999999999997 0
      vertex 52.878 -0.3989999999999997 0
      vertex 52.861030303081385 -0.39900000005057334 0.020999999949426806
    endloop
  endfacet
  facet normal 2.980234143264387e-9 -1 8.204679780477292e-16
    outer loop
      vertex 52.878 -0.3989999999999997 0.0041999999999999815
      vertex 52.872186851217066 -0.3990000000173242 0.020999999982675766
      vertex 52.861030303081385 -0.39900000005057334 0.020999999949426806
    endloop
  endfacet
  facet normal 2.9802333310010878e-9 -1 0
    outer loop
      vertex 52.878 -0.3989999999999997 0.0041999999999999815
      vertex 52.861030303081385 -0.39900000005057334 0.020999999949426806
      vertex 52.878 -0.3989999999999997 0
    endloop
  endfacet
  facet normal 0.707106781186546 0 -0.7071067811865489
    outer loop
      vertex 53.298 2.52 0.42000000000000004
      vertex 52.878 -0.3989999999999997 0
      vertex 52.878 2.94 0
    endloop
  endfacet
  facet normal 0.8016011391643953 -0.5978591921935664 2.614194243706797e-14
    outer loop
      vertex 52.878 -0.3989999999999997 0.0041999999999999815
      vertex 53.00326241579301 -0.23104992662945217 0.1889500733705478
      vertex 52.88356551586367 -0.39153783513808754 0.028462164861912553
    endloop
  endfacet
  facet normal 0.8016011391644089 -0.5978591921935481 0
    outer loop
      vertex 52.878 -0.3989999999999997 0.0041999999999999815
      vertex 52.878 -0.3989999999999997 0
      vertex 53.00326241579301 -0.23104992662945217 0.1889500733705478
    endloop
  endfacet
  facet normal 0.7728880809247618 -0.6342928757376296 0.017792193595141923
    outer loop
      vertex 52.878 -0.3989999999999997 0.0041999999999999815
      vertex 52.88356551586367 -0.39153783513808754 0.028462164861912553
      vertex 52.88102002727828 -0.39472903645345536 0.025270963546544678
    endloop
  endfacet
  facet normal 0.6330260748220371 -0.7713444795899844 0.06561769884307736
    outer loop
      vertex 52.878 -0.3989999999999997 0.0041999999999999815
      vertex 52.88102002727828 -0.39472903645345536 0.025270963546544678
      vertex 52.8787313765352 -0.39678192099185816 0.02321807900814199
    endloop
  endfacet
  facet normal 0.4697136731906189 -0.8787724730239593 0.08442751845891822
    outer loop
      vertex 52.878 -0.3989999999999997 0.0041999999999999815
      vertex 52.8787313765352 -0.39678192099185816 0.02321807900814199
      vertex 52.87656019593796 -0.3980657879159541 0.021934212084046
    endloop
  endfacet
  facet normal 0.09796081357333797 -0.9946128432897108 0.03389647425923387
    outer loop
      vertex 52.878 -0.3989999999999997 0.0041999999999999815
      vertex 52.87440725526705 -0.3987735933543279 0.021226406645672213
      vertex 52.872186851217066 -0.3990000000173242 0.020999999982675766
    endloop
  endfacet
  facet normal 0.28949359376192346 -0.9543325047108178 0.07377621312579818
    outer loop
      vertex 52.878 -0.3989999999999997 0.0041999999999999815
      vertex 52.87656019593796 -0.3980657879159541 0.021934212084046
      vertex 52.87440725526705 -0.3987735933543279 0.021226406645672213
    endloop
  endfacet
endsolid OpenSCAD_Model
