solid OpenSCAD_Model
  facet normal 0 1 5.639228061588089e-15
    outer loop
      vertex 3.78 31.62745582398128 3.360000000000001
      vertex 4.284 31.62745582398128 3.360000000000001
      vertex 4.284000000000001 31.627455823981283 2.7300000000000004
    endloop
  endfacet
  facet normal 0 1 0
    outer loop
      vertex 3.2760000000000002 31.627455823981283 1.2600000001153582
      vertex 4.284000000000001 31.627455823981283 2.7300000000000004
      vertex 4.284000000000001 31.627455823981283 1.2600000001153582
    endloop
  endfacet
  facet normal 0 1 0
    outer loop
      vertex 3.2760000000000002 31.627455823981283 1.2600000001153582
      vertex 3.2760000000000002 31.627455823981283 2.7300000000000004
      vertex 4.284000000000001 31.627455823981283 2.7300000000000004
    endloop
  endfacet
  facet normal 0 1 5.639228061588089e-15
    outer loop
      vertex 3.78 31.62745582398128 3.360000000000001
      vertex 4.284000000000001 31.627455823981283 2.7300000000000004
      vertex 3.2760000000000002 31.627455823981283 2.7300000000000004
    endloop
  endfacet
  facet normal -0.780868809443031 -1.5045171424847977e-16 0.6246950475544234
    outer loop
      vertex 3.78 31.62745582398128 3.360000000000001
      vertex 3.2760000000000002 31.627455823981283 2.7300000000000004
      vertex 3.2760000000000002 24.310328656926558 2.7299999999999986
    endloop
  endfacet
  facet normal 0 -2.427669765530763e-16 1
    outer loop
      vertex 3.78 31.62745582398128 3.360000000000001
      vertex 4.284 24.31032865692656 3.3599999999999994
      vertex 4.284 31.62745582398128 3.360000000000001
    endloop
  endfacet
  facet normal 1 -3.4225458665125143e-31 1.4098070153970223e-15
    outer loop
      vertex 4.284 31.62745582398128 3.360000000000001
      vertex 4.284 24.31032865692656 3.3599999999999994
      vertex 4.284000000000001 31.627455823981283 2.7300000000000004
    endloop
  endfacet
  facet normal -1 0 0
    outer loop
      vertex 3.2760000000000002 31.627455823981283 1.2600000001153582
      vertex 3.2760000000000002 24.310328656926554 1.25999999987366
      vertex 3.2760000000000002 31.627455823981283 2.7300000000000004
    endloop
  endfacet
  facet normal 1 0 0
    outer loop
      vertex 4.284000000000001 31.627455823981283 1.2600000001153582
      vertex 4.284000000000001 31.627455823981283 2.7300000000000004
      vertex 4.284000000000001 24.310328656926558 2.7299999999999986
    endloop
  endfacet
  facet normal -1 0 0
    outer loop
      vertex 3.2760000000000002 31.627455823981283 2.7300000000000004
      vertex 3.2760000000000002 24.310328656926554 1.25999999987366
      vertex 3.2760000000000002 24.310328656926558 2.7299999999999986
    endloop
  endfacet
  facet normal 0 -2.427669765530763e-16 1
    outer loop
      vertex 3.78 31.62745582398128 3.360000000000001
      vertex 3.78 24.31032865692656 3.3599999999999994
      vertex 4.284 24.31032865692656 3.3599999999999994
    endloop
  endfacet
  facet normal 1 -3.422545866512511e-31 1.4098070153970223e-15
    outer loop
      vertex 4.284000000000001 31.627455823981283 2.7300000000000004
      vertex 4.284 24.31032865692656 3.3599999999999994
      vertex 4.284000000000001 24.310328656926558 2.7299999999999986
    endloop
  endfacet
  facet normal -0.7808688094430309 -1.5165532796246762e-16 0.6246950475544235
    outer loop
      vertex 3.78 31.62745582398128 3.360000000000001
      vertex 3.2760000000000002 24.310328656926558 2.7299999999999986
      vertex 3.78 24.31032865692656 3.3599999999999994
    endloop
  endfacet
  facet normal 1 0 0
    outer loop
      vertex 4.284000000000001 31.627455823981283 1.2600000001153582
      vertex 4.284000000000001 24.310328656926558 2.7299999999999986
      vertex 4.284000000000001 24.31032865692656 1.2599999998736653
    endloop
  endfacet
  facet normal 7.0490350769851045e-15 -1 2.4168120261871863e-15
    outer loop
      vertex 3.2760000000000002 24.310328656926554 1.25999999987366
      vertex 4.284000000000001 24.31032865692656 1.2599999998736653
      vertex 3.2760000000000002 24.310328656926558 2.7299999999999986
    endloop
  endfacet
  facet normal 0 -1 5.63922806158809e-15
    outer loop
      vertex 3.2760000000000002 24.310328656926558 2.7299999999999986
      vertex 4.284000000000001 24.310328656926558 2.7299999999999986
      vertex 3.78 24.31032865692656 3.3599999999999994
    endloop
  endfacet
  facet normal 0 -1 5.639228061588089e-15
    outer loop
      vertex 4.284000000000001 24.310328656926558 2.7299999999999986
      vertex 4.284 24.31032865692656 3.3599999999999994
      vertex 3.78 24.31032865692656 3.3599999999999994
    endloop
  endfacet
  facet normal 0 -1 -2.416812026187195e-15
    outer loop
      vertex 4.284000000000001 24.31032865692656 1.2599999998736653
      vertex 4.284000000000001 24.310328656926558 2.7299999999999986
      vertex 3.2760000000000002 24.310328656926558 2.7299999999999986
    endloop
  endfacet
  facet normal 0 1 5.63922806158809e-15
    outer loop
      vertex 91.89599999999999 31.62745582398128 3.360000000000001
      vertex 92.39999999999999 31.62745582398128 3.360000000000001
      vertex 92.904 31.627455823981283 2.7300000000000004
    endloop
  endfacet
  facet normal 0 1 0
    outer loop
      vertex 91.89599999999999 31.627455823981283 1.2600000001153582
      vertex 92.904 31.627455823981283 2.7300000000000004
      vertex 92.904 31.627455823981283 1.2600000001153582
    endloop
  endfacet
  facet normal -2.4671622768866847e-15 1 1.691768418569361e-15
    outer loop
      vertex 91.89599999999999 31.627455823981283 1.2600000001153582
      vertex 91.89599999999999 31.62745582398128 3.360000000000001
      vertex 92.904 31.627455823981283 2.7300000000000004
    endloop
  endfacet
  facet normal 0 -2.427669765530763e-16 1
    outer loop
      vertex 91.89599999999999 31.62745582398128 3.360000000000001
      vertex 92.39999999999999 24.31032865692656 3.3599999999999994
      vertex 92.39999999999999 31.62745582398128 3.360000000000001
    endloop
  endfacet
  facet normal 0.7808688094430278 -1.516553279624686e-16 0.6246950475544275
    outer loop
      vertex 92.39999999999999 31.62745582398128 3.360000000000001
      vertex 92.39999999999999 24.31032865692656 3.3599999999999994
      vertex 92.904 31.627455823981283 2.7300000000000004
    endloop
  endfacet
  facet normal -1 0 0
    outer loop
      vertex 91.89599999999999 31.627455823981283 1.2600000001153582
      vertex 91.89599999999999 24.31032865692656 1.2599999998736653
      vertex 91.89599999999999 31.62745582398128 3.360000000000001
    endloop
  endfacet
  facet normal 1 0 0
    outer loop
      vertex 92.904 31.627455823981283 1.2600000001153582
      vertex 92.904 31.627455823981283 2.7300000000000004
      vertex 92.904 24.310328656926558 2.7299999999999986
    endloop
  endfacet
  facet normal 0 -2.427669765530763e-16 1
    outer loop
      vertex 91.89599999999999 31.62745582398128 3.360000000000001
      vertex 91.89599999999999 24.31032865692656 3.3599999999999994
      vertex 92.39999999999999 24.31032865692656 3.3599999999999994
    endloop
  endfacet
  facet normal -1 0 0
    outer loop
      vertex 91.89599999999999 31.62745582398128 3.360000000000001
      vertex 91.89599999999999 24.31032865692656 1.2599999998736653
      vertex 91.89599999999999 24.31032865692656 3.3599999999999994
    endloop
  endfacet
  facet normal 0.7808688094430278 -1.5165532796246846e-16 0.6246950475544275
    outer loop
      vertex 92.904 31.627455823981283 2.7300000000000004
      vertex 92.39999999999999 24.31032865692656 3.3599999999999994
      vertex 92.904 24.310328656926558 2.7299999999999986
    endloop
  endfacet
  facet normal 1 0 0
    outer loop
      vertex 92.904 31.627455823981283 1.2600000001153582
      vertex 92.904 24.310328656926558 2.7299999999999986
      vertex 92.904 24.310328656926554 1.25999999987366
    endloop
  endfacet
  facet normal -7.049035076985053e-15 -1 0
    outer loop
      vertex 91.89599999999999 24.31032865692656 1.2599999998736653
      vertex 92.904 24.310328656926554 1.25999999987366
      vertex 91.89599999999999 24.31032865692656 3.3599999999999994
    endloop
  endfacet
  facet normal 0 -1 3.383536836749299e-15
    outer loop
      vertex 92.904 24.310328656926554 1.25999999987366
      vertex 92.39999999999999 24.31032865692656 3.3599999999999994
      vertex 91.89599999999999 24.31032865692656 3.3599999999999994
    endloop
  endfacet
  facet normal -4.0280200442510944e-15 -1 2.4168120261871863e-15
    outer loop
      vertex 92.904 24.310328656926554 1.25999999987366
      vertex 92.904 24.310328656926558 2.7299999999999986
      vertex 92.39999999999999 24.31032865692656 3.3599999999999994
    endloop
  endfacet
  facet normal -1 0 0
    outer loop
      vertex 0 38.00192776918914 0.7227985738899267
      vertex 0 37.70914454109929 0.4199999999999928
      vertex 0 37.844720845241 0.6561274446800169
    endloop
  endfacet
  facet normal -9.328841217379498e-16 -3.3031845897717735e-11 1
    outer loop
      vertex 0 36.97315329369145 1.2600000002919334
      vertex 3.2760000000000002 24.310328656926554 1.25999999987366
      vertex 3.2760000000000002 31.627455823981283 1.2600000001153582
    endloop
  endfacet
  facet normal -1 0 0
    outer loop
      vertex 0 37.99877276574186 0.8127897305605352
      vertex 0 1.1538584014102327 1.1933288698296458
      vertex 0 37.809111822882436 1.2600000003195468
    endloop
  endfacet
  facet normal -1 0 0
    outer loop
      vertex 0 37.99877276574186 0.8127897305605352
      vertex 0 37.844720845241 0.6561274446800169
      vertex 0 0.4950968765241157 0.5120328421491998
    endloop
  endfacet
  facet normal -1 0 0
    outer loop
      vertex 0 37.844720845241 0.6561274446800169
      vertex 0 37.70914454109929 0.4199999999999928
      vertex 0 0.5341278129680802 0.41999999999999105
    endloop
  endfacet
  facet normal -1 0 0
    outer loop
      vertex 0 37.809111822882436 1.2600000003195468
      vertex 0 1.1538584014102327 1.1933288698296458
      vertex 0 36.97315329369145 1.2600000002919334
    endloop
  endfacet
  facet normal 1.2309177942033526e-16 0.7188959013494601 -0.6951177475960078
    outer loop
      vertex 0 38.00192776918914 0.7227985738899267
      vertex 95.82667113372283 37.367502357264044 0.0666711337228385
      vertex 0 37.70914454109929 0.4199999999999928
    endloop
  endfacet
  facet normal 0 0.7188959013494435 -0.6951177475960251
    outer loop
      vertex 95.82667113372283 37.367502357264044 0.0666711337228385
      vertex 0.35332886627716587 37.367502357264044 0.0666711337228385
      vertex 0 37.70914454109929 0.4199999999999928
    endloop
  endfacet
  facet normal 0 0.3904370905794269 -0.920629609723624
    outer loop
      vertex 0.35332886627716587 37.367502357264044 0.0666711337228385
      vertex 95.76000000443851 37.210295428891115 4.438520662120027e-9
      vertex 0.41999999556147904 37.210295428891115 4.438520662120027e-9
    endloop
  endfacet
  facet normal 0 -3.3031274199001115e-11 1
    outer loop
      vertex 0 36.97315329369145 1.2600000002919334
      vertex 3.2760000000000002 31.627455823981283 1.2600000001153582
      vertex 96.17999999999999 36.97315329369145 1.2600000002919334
    endloop
  endfacet
  facet normal 0 -3.3031274199001115e-11 1
    outer loop
      vertex 3.2760000000000002 31.627455823981283 1.2600000001153582
      vertex 4.284000000000001 31.627455823981283 1.2600000001153582
      vertex 96.17999999999999 36.97315329369145 1.2600000002919334
    endloop
  endfacet
  facet normal -9.1097333273192e-18 -3.3031117596788097e-11 1
    outer loop
      vertex 4.284000000000001 31.627455823981283 1.2600000001153582
      vertex 4.284000000000001 24.31032865692656 1.2599999998736653
      vertex 96.17999999999999 36.97315329369145 1.2600000002919334
    endloop
  endfacet
  facet normal 4.865492289968078e-16 -3.3031478676044014e-11 1
    outer loop
      vertex 0 36.97315329369145 1.2600000002919334
      vertex 0 1.3110653297831618 1.2599999991139619
      vertex 3.2760000000000002 24.310328656926554 1.25999999987366
    endloop
  endfacet
  facet normal 6.468372252873892e-17 -3.3031653126862467e-11 1
    outer loop
      vertex 4.284000000000001 24.31032865692656 1.2599999998736653
      vertex 0 1.3110653297831618 1.2599999991139619
      vertex 96.17999999999999 36.97315329369145 1.2600000002919334
    endloop
  endfacet
  facet normal -5.2867763075060046e-15 -3.303065632733708e-11 1
    outer loop
      vertex 3.2760000000000002 24.310328656926554 1.25999999987366
      vertex 0 1.3110653297831618 1.2599999991139619
      vertex 4.284000000000001 24.31032865692656 1.2599999998736653
    endloop
  endfacet
  facet normal -1 0 0
    outer loop
      vertex 0 37.99877276574186 0.8127897305605352
      vertex 0 0.4950968765241157 0.5120328421491998
      vertex 0 1.1538584014102327 1.1933288698296458
    endloop
  endfacet
  facet normal -1 0 0
    outer loop
      vertex 0 37.844720845241 0.6561274446800169
      vertex 0 0.5341278129680802 0.41999999999999105
      vertex 0 0.4950968765241157 0.5120328421491998
    endloop
  endfacet
  facet normal -1 0 0
    outer loop
      vertex 0 36.97315329369145 1.2600000002919334
      vertex 0 1.1538584014102327 1.1933288698296458
      vertex 0 1.3110653297831618 1.2599999991139619
    endloop
  endfacet
  facet normal 0 3.3031444273671505e-11 -1
    outer loop
      vertex 0.41999999556147904 37.210295428891115 4.438520662120027e-9
      vertex 95.76000000323293 0.7122489357918482 3.2329374732853466e-9
      vertex 0.4199999967670574 0.7122489357918482 3.2329374732853466e-9
    endloop
  endfacet
  facet normal 0 -0.3904370905794181 0.9206296097236278
    outer loop
      vertex 0 1.3110653297831618 1.2599999991139619
      vertex 0 1.1538584014102327 1.1933288698296458
      vertex 96.17999999999999 1.3110653297831618 1.2599999991139619
    endloop
  endfacet
  facet normal 0 -0.7188959013494522 0.6951177475960161
    outer loop
      vertex 0 1.1538584014102327 1.1933288698296458
      vertex 0 0.4950968765241157 0.5120328421491998
      vertex 96.17999999999999 1.1538584014102327 1.1933288698296458
    endloop
  endfacet
  facet normal -1.1454173623840539e-17 -0.9206296071495641 -0.39043709664892157
    outer loop
      vertex 96.17999999999999 0.4950968765241157 0.5120328421491998
      vertex 0 0.5341278129680802 0.41999999999999105
      vertex 0.4199999967670574 0.7122489357918482 3.2329374732853466e-9
    endloop
  endfacet
  facet normal 0 -0.9206296071495598 -0.3904370966489316
    outer loop
      vertex 0 0.4950968765241157 0.5120328421491998
      vertex 0 0.5341278129680802 0.41999999999999105
      vertex 96.17999999999999 0.4950968765241157 0.5120328421491998
    endloop
  endfacet
  facet normal 0 0.7188959013494601 -0.6951177475960079
    outer loop
      vertex 0 38.00192776918914 0.7227985738899267
      vertex 96.17999999999999 38.00192776918914 0.7227985738899267
      vertex 96.17999999999999 37.70914454109929 0.4199999999999928
    endloop
  endfacet
  facet normal -1.047708011984125e-16 0.7188959013494435 -0.695117747596025
    outer loop
      vertex 0 38.00192776918914 0.7227985738899267
      vertex 96.17999999999999 37.70914454109929 0.4199999999999928
      vertex 95.82667113372283 37.367502357264044 0.0666711337228385
    endloop
  endfacet
  facet normal 0 0.3904370905794269 -0.920629609723624
    outer loop
      vertex 95.76000000443851 37.210295428891115 4.438520662120027e-9
      vertex 0.35332886627716587 37.367502357264044 0.0666711337228385
      vertex 95.82667113372283 37.367502357264044 0.0666711337228385
    endloop
  endfacet
  facet normal 1 0 0
    outer loop
      vertex 96.17999999999999 37.99877276574186 0.8127897305605352
      vertex 96.17999999999999 37.809111822882436 1.2600000003195468
      vertex 96.17999999999999 37.844720845241 0.6561274446800169
    endloop
  endfacet
  facet normal 1 0 0
    outer loop
      vertex 96.17999999999999 38.00192776918914 0.7227985738899267
      vertex 96.17999999999999 37.844720845241 0.6561274446800169
      vertex 96.17999999999999 37.70914454109929 0.4199999999999928
    endloop
  endfacet
  facet normal 0 -3.303127419900109e-11 1
    outer loop
      vertex 96.17999999999999 36.97315329369145 1.2600000002919334
      vertex 91.89599999999999 31.627455823981283 1.2600000001153582
      vertex 92.904 31.627455823981283 1.2600000001153582
    endloop
  endfacet
  facet normal 1 0 0
    outer loop
      vertex 96.17999999999999 37.844720845241 0.6561274446800169
      vertex 96.17999999999999 37.809111822882436 1.2600000003195468
      vertex 96.17999999999999 1.1538584014102327 1.1933288698296458
    endloop
  endfacet
  facet normal 1 0 0
    outer loop
      vertex 96.17999999999999 37.844720845241 0.6561274446800169
      vertex 96.17999999999999 0.4950968765241157 0.5120328421491998
      vertex 96.17999999999999 37.70914454109929 0.4199999999999928
    endloop
  endfacet
  facet normal 1 0 0
    outer loop
      vertex 96.17999999999999 37.809111822882436 1.2600000003195468
      vertex 96.17999999999999 36.97315329369145 1.2600000002919334
      vertex 96.17999999999999 1.1538584014102327 1.1933288698296458
    endloop
  endfacet
  facet normal 0 3.3031444273671505e-11 -1
    outer loop
      vertex 0.41999999556147904 37.210295428891115 4.438520662120027e-9
      vertex 95.76000000443851 37.210295428891115 4.438520662120027e-9
      vertex 95.76000000323293 0.7122489357918482 3.2329374732853466e-9
    endloop
  endfacet
  facet normal -1.0786989142613844e-16 -3.303118775291667e-11 1
    outer loop
      vertex 0 1.3110653297831618 1.2599999991139619
      vertex 91.89599999999999 31.627455823981283 1.2600000001153582
      vertex 96.17999999999999 36.97315329369145 1.2600000002919334
    endloop
  endfacet
  facet normal 3.336606870765588e-16 -3.303147867604402e-11 1
    outer loop
      vertex 96.17999999999999 36.97315329369145 1.2600000002919334
      vertex 92.904 31.627455823981283 1.2600000001153582
      vertex 96.17999999999999 1.3110653297831618 1.2599999991139619
    endloop
  endfacet
  facet normal -1.3101432197791203e-16 -3.3031117596788097e-11 1
    outer loop
      vertex 0 1.3110653297831618 1.2599999991139619
      vertex 91.89599999999999 24.31032865692656 1.2599999998736653
      vertex 91.89599999999999 31.627455823981283 1.2600000001153582
    endloop
  endfacet
  facet normal 0 -3.3031641078430156e-11 1
    outer loop
      vertex 0 1.3110653297831618 1.2599999991139619
      vertex 96.17999999999999 1.3110653297831618 1.2599999991139619
      vertex 91.89599999999999 24.31032865692656 1.2599999998736653
    endloop
  endfacet
  facet normal 0 -0.3904370905794181 0.9206296097236278
    outer loop
      vertex 0 1.1538584014102327 1.1933288698296458
      vertex 96.17999999999999 1.1538584014102327 1.1933288698296458
      vertex 96.17999999999999 1.3110653297831618 1.2599999991139619
    endloop
  endfacet
  facet normal 0 -0.9206296071495642 -0.3904370966489215
    outer loop
      vertex 0.4199999967670574 0.7122489357918482 3.2329374732853466e-9
      vertex 95.76000000323293 0.7122489357918482 3.2329374732853466e-9
      vertex 96.17999999999999 0.5341278129680802 0.41999999999999105
    endloop
  endfacet
  facet normal 0 -0.7188959013494522 0.6951177475960161
    outer loop
      vertex 0 0.4950968765241157 0.5120328421491998
      vertex 96.17999999999999 0.4950968765241157 0.5120328421491998
      vertex 96.17999999999999 1.1538584014102327 1.1933288698296458
    endloop
  endfacet
  facet normal 5.255163346733035e-17 -0.9206296071495598 -0.3904370966489316
    outer loop
      vertex 96.17999999999999 0.4950968765241157 0.5120328421491998
      vertex 0.4199999967670574 0.7122489357918482 3.2329374732853466e-9
      vertex 96.17999999999999 0.5341278129680802 0.41999999999999105
    endloop
  endfacet
  facet normal -3.06464079588977e-15 -3.303184589771773e-11 1
    outer loop
      vertex 92.904 31.627455823981283 1.2600000001153582
      vertex 92.904 24.310328656926554 1.25999999987366
      vertex 96.17999999999999 1.3110653297831618 1.2599999991139619
    endloop
  endfacet
  facet normal 5.286776307505955e-15 -3.3030656327337074e-11 1
    outer loop
      vertex 91.89599999999999 24.31032865692656 1.2599999998736653
      vertex 96.17999999999999 1.3110653297831618 1.2599999991139619
      vertex 92.904 24.310328656926554 1.25999999987366
    endloop
  endfacet
  facet normal 1 0 0
    outer loop
      vertex 96.17999999999999 37.844720845241 0.6561274446800169
      vertex 96.17999999999999 1.1538584014102327 1.1933288698296458
      vertex 96.17999999999999 0.4950968765241157 0.5120328421491998
    endloop
  endfacet
  facet normal 1 0 0
    outer loop
      vertex 96.17999999999999 0.4950968765241157 0.5120328421491998
      vertex 96.17999999999999 0.5341278129680802 0.41999999999999105
      vertex 96.17999999999999 37.70914454109929 0.4199999999999928
    endloop
  endfacet
  facet normal 1 0 0
    outer loop
      vertex 96.17999999999999 36.97315329369145 1.2600000002919334
      vertex 96.17999999999999 1.3110653297831618 1.2599999991139619
      vertex 96.17999999999999 1.1538584014102327 1.1933288698296458
    endloop
  endfacet
  facet normal -1 0 0
    outer loop
      vertex 0 43.40084083664515 6.306394287506784
      vertex 0 36.97315329369145 1.2600000002919334
      vertex 0 43.39499069023482 6.654284496238424
    endloop
  endfacet
  facet normal -1 0 0
    outer loop
      vertex 0 43.39499069023482 6.654284496238424
      vertex 0 36.97315329369145 1.2600000002919334
      vertex 0 42.948599907624775 7.085910486556441
    endloop
  endfacet
  facet normal -1 0 0
    outer loop
      vertex 0 42.948599907624775 7.085910486556441
      vertex 0 36.97315329369145 1.2600000002919334
      vertex 0 42.600709698893134 7.080060340146111
    endloop
  endfacet
  facet normal 0 0.9998586398596748 0.016813693763155536
    outer loop
      vertex 0 43.40084083664515 6.306394287506784
      vertex 0 43.39499069023482 6.654284496238424
      vertex 24.41880000025034 43.40084083664515 6.306394287506784
    endloop
  endfacet
  facet normal 0 0.6951177475960194 0.718895901349449
    outer loop
      vertex 0 43.39499069023482 6.654284496238424
      vertex 0 42.948599907624775 7.085910486556441
      vertex 24.41880000025034 43.39499069023482 6.654284496238424
    endloop
  endfacet
  facet normal 0 -0.016813693763150384 0.9998586398596748
    outer loop
      vertex 0 42.948599907624775 7.085910486556441
      vertex 0 42.600709698893134 7.080060340146111
      vertex 24.41880000025034 42.948599907624775 7.085910486556441
    endloop
  endfacet
  facet normal -1.2118273408342915e-16 0.7188959013494515 -0.6951177475960167
    outer loop
      vertex 0 43.40084083664515 6.306394287506784
      vertex 24.53493210375309 41.977418601383505 4.834280513461721
      vertex 0 38.00192776918914 0.7227985738899267
    endloop
  endfacet
  facet normal -1.4308821137322483e-16 -0.7188959013494517 0.6951177475960165
    outer loop
      vertex 0 42.600709698893134 7.080060340146111
      vertex 0 36.97315329369145 1.2600000002919334
      vertex 24.53493210375309 41.17728746363148 5.607946566101049
    endloop
  endfacet
  facet normal -1 0 0
    outer loop
      vertex 0 43.40084083664515 6.306394287506784
      vertex 0 37.99877276574186 0.8127897305605352
      vertex 0 37.809111822882436 1.2600000003195468
    endloop
  endfacet
  facet normal -1 0 0
    outer loop
      vertex 0 43.40084083664515 6.306394287506784
      vertex 0 38.00192776918914 0.7227985738899267
      vertex 0 37.99877276574186 0.8127897305605352
    endloop
  endfacet
  facet normal -1 0 0
    outer loop
      vertex 0 43.40084083664515 6.306394287506784
      vertex 0 37.809111822882436 1.2600000003195468
      vertex 0 36.97315329369145 1.2600000002919334
    endloop
  endfacet
  facet normal -1 0 0
    outer loop
      vertex 0 38.00192776918914 0.7227985738899267
      vertex 0 37.844720845241 0.6561274446800169
      vertex 0 37.99877276574186 0.8127897305605352
    endloop
  endfacet
  facet normal 0 0.9998586398596748 0.016813693763155536
    outer loop
      vertex 0 43.39499069023482 6.654284496238424
      vertex 24.41880000025034 43.39499069023482 6.654284496238424
      vertex 24.41880000025034 43.40084083664515 6.306394287506784
    endloop
  endfacet
  facet normal 0 0.7188959013494529 -0.6951177475960153
    outer loop
      vertex 0 43.40084083664515 6.306394287506784
      vertex 24.41880000025034 43.40084083664515 6.306394287506784
      vertex 24.41880000025034 42.4040630518445 5.27551935081069
    endloop
  endfacet
  facet normal 0 0.6951177475960194 0.718895901349449
    outer loop
      vertex 0 42.948599907624775 7.085910486556441
      vertex 24.41880000025034 42.948599907624775 7.085910486556441
      vertex 24.41880000025034 43.39499069023482 6.654284496238424
    endloop
  endfacet
  facet normal -2.177648015902032e-15 0.7188959013494278 -0.6951177475960413
    outer loop
      vertex 0 43.40084083664515 6.306394287506784
      vertex 24.41880000025034 42.4040630518445 5.27551935081069
      vertex 24.423497621119022 42.31679341285004 5.185264446512342
    endloop
  endfacet
  facet normal 5.514885643090415e-16 0.7188959013494575 -0.6951177475960105
    outer loop
      vertex 0 43.40084083664515 6.306394287506784
      vertex 24.423497621119022 42.31679341285004 5.185264446512342
      vertex 24.444322973638773 42.201277088156125 5.065796611532431
    endloop
  endfacet
  facet normal 5.654263489560985e-16 0.7188959013494572 -0.6951177475960109
    outer loop
      vertex 0 43.40084083664515 6.306394287506784
      vertex 24.444322973638773 42.201277088156125 5.065796611532431
      vertex 24.481591266542672 42.0877761449743 4.948413098976607
    endloop
  endfacet
  facet normal 9.38391649645575e-16 0.71889590134946 -0.6951177475960081
    outer loop
      vertex 0 43.40084083664515 6.306394287506784
      vertex 24.481591266542672 42.0877761449743 4.948413098976607
      vertex 24.53493210375309 41.977418601383505 4.834280513461721
    endloop
  endfacet
  facet normal 0 -0.016813693763150384 0.9998586398596748
    outer loop
      vertex 0 42.600709698893134 7.080060340146111
      vertex 24.41880000025034 42.600709698893134 7.080060340146111
      vertex 24.41880000025034 42.948599907624775 7.085910486556441
    endloop
  endfacet
  facet normal 0 -0.71889590134945 0.6951177475960182
    outer loop
      vertex 0 42.600709698893134 7.080060340146111
      vertex 24.41880000025034 41.60393191409248 6.049185403450018
      vertex 24.41880000025034 42.600709698893134 7.080060340146111
    endloop
  endfacet
  facet normal -4.355296031804232e-16 -0.7188959013494557 0.6951177475960124
    outer loop
      vertex 0 42.600709698893134 7.080060340146111
      vertex 24.423497621119022 41.51666227509802 5.95893049915167
      vertex 24.41880000025034 41.60393191409248 6.049185403450018
    endloop
  endfacet
  facet normal -6.066374207399457e-16 -0.7188959013494575 0.6951177475960105
    outer loop
      vertex 0 42.600709698893134 7.080060340146111
      vertex 24.444322973638773 41.40114595040411 5.839462664171759
      vertex 24.423497621119022 41.51666227509802 5.95893049915167
    endloop
  endfacet
  facet normal -5.654263489560985e-16 -0.7188959013494572 0.6951177475960109
    outer loop
      vertex 0 42.600709698893134 7.080060340146111
      vertex 24.481591266542672 41.28764500722228 5.722079151615935
      vertex 24.444322973638773 41.40114595040411 5.839462664171759
    endloop
  endfacet
  facet normal 1.5835359087768538e-15 -0.7188959013494375 0.6951177475960313
    outer loop
      vertex 0 42.600709698893134 7.080060340146111
      vertex 24.53493210375309 41.17728746363148 5.607946566101049
      vertex 24.481591266542672 41.28764500722228 5.722079151615935
    endloop
  endfacet
  facet normal 5.578630958638174e-15 0.7188959013494326 -0.6951177475960365
    outer loop
      vertex 0 38.00192776918914 0.7227985738899267
      vertex 24.53493210375309 41.977418601383505 4.834280513461721
      vertex 24.603815360069273 41.87130124186729 4.724533157589917
    endloop
  endfacet
  facet normal -1.3207846866009034e-15 0.7188959013494565 -0.6951177475960116
    outer loop
      vertex 0 38.00192776918914 0.7227985738899267
      vertex 24.603815360069273 41.87130124186729 4.724533157589917
      vertex 24.687556450814007 41.77047871089646 4.620261752451325
    endloop
  endfacet
  facet normal -4.569784328327304e-16 0.7188959013494555 -0.6951177475960127
    outer loop
      vertex 0 38.00192776918914 0.7227985738899267
      vertex 24.687556450814007 41.77047871089646 4.620261752451325
      vertex 24.78532310977578 41.675953021973484 4.522502587800481
    endloop
  endfacet
  facet normal 3.842687022397463e-15 0.7188959013494387 -0.69511774759603
    outer loop
      vertex 0 38.00192776918914 0.7227985738899267
      vertex 24.78532310977578 41.675953021973484 4.522502587800481
      vertex 24.896143694221973 41.58866362135119 4.432227245880876
    endloop
  endfacet
  facet normal -3.583856412473762e-15 0.7188959013494634 -0.6951177475960045
    outer loop
      vertex 0 38.00192776918914 0.7227985738899267
      vertex 24.896143694221973 41.58866362135119 4.432227245880876
      vertex 25.018916816711425 41.50947802382718 4.350332916894466
    endloop
  endfacet
  facet normal -5.544633306547169e-16 0.718895901349451 -0.6951177475960174
    outer loop
      vertex 0 38.00192776918914 0.7227985738899267
      vertex 25.018916816711425 41.50947802382718 4.350332916894466
      vertex 25.152422303706405 41.43918321638131 4.2776335085801875
    endloop
  endfacet
  facet normal 2.4473937867479093e-15 0.7188959013494437 -0.6951177475960248
    outer loop
      vertex 0 38.00192776918914 0.7227985738899267
      vertex 25.152422303706405 41.43918321638131 4.2776335085801875
      vertex 25.295333315134048 41.378477816605184 4.214851536403874
    endloop
  endfacet
  facet normal -4.145301313310201e-15 0.7188959013494688 -0.695117747595999
    outer loop
      vertex 0 38.00192776918914 0.7227985738899267
      vertex 25.295333315134048 41.378477816605184 4.214851536403874
      vertex 25.4462295435369 41.327965144712635 4.162610958580403
    endloop
  endfacet
  facet normal 4.017694483458583e-15 0.7188959013494371 -0.6951177475960318
    outer loop
      vertex 0 38.00192776918914 0.7227985738899267
      vertex 25.4462295435369 41.327965144712635 4.162610958580403
      vertex 25.603611308187244 41.28814721565682 4.121430962676914
    endloop
  endfacet
  facet normal 1.946231416763026e-15 0.7188959013494446 -0.6951177475960241
    outer loop
      vertex 0 38.00192776918914 0.7227985738899267
      vertex 25.603611308187244 41.28814721565682 4.121430962676914
      vertex 25.765914478451013 41.25941976228881 4.091720818526669
    endloop
  endfacet
  facet normal -5.006420309465102e-15 0.7188959013494758 -0.6951177475959918
    outer loop
      vertex 0 38.00192776918914 0.7227985738899267
      vertex 25.765914478451013 41.25941976228881 4.091720818526669
      vertex 25.93152601674199 41.24206828520718 4.073775792954411
    endloop
  endfacet
  facet normal 8.535788230207458e-16 -0.7188959013494559 0.6951177475960122
    outer loop
      vertex 0 36.97315329369145 1.2600000002919334
      vertex 24.603815360069273 41.071170104115275 5.498199210229245
      vertex 24.53493210375309 41.17728746363148 5.607946566101049
    endloop
  endfacet
  facet normal 1.749105396533475e-15 -0.7188959013494568 0.6951177475960114
    outer loop
      vertex 0 36.97315329369145 1.2600000002919334
      vertex 24.687556450814007 40.970347573144444 5.393927805090653
      vertex 24.603815360069273 41.071170104115275 5.498199210229245
    endloop
  endfacet
  facet normal 9.064578535379202e-16 -0.7188959013494532 0.6951177475960149
    outer loop
      vertex 0 36.97315329369145 1.2600000002919334
      vertex 24.78532310977578 40.875821884221466 5.296168640439809
      vertex 24.687556450814007 40.970347573144444 5.393927805090653
    endloop
  endfacet
  facet normal -3.805180167411498e-15 -0.7188959013494384 0.6951177475960304
    outer loop
      vertex 0 36.97315329369145 1.2600000002919334
      vertex 24.896143694221973 40.78853248359917 5.205893298520204
      vertex 24.78532310977578 40.875821884221466 5.296168640439809
    endloop
  endfacet
  facet normal 3.542622860722258e-15 -0.7188959013494641 0.6951177475960038
    outer loop
      vertex 0 36.97315329369145 1.2600000002919334
      vertex 25.018916816711425 40.70934688607516 5.123998969533794
      vertex 24.896143694221973 40.78853248359917 5.205893298520204
    endloop
  endfacet
  facet normal 5.469660753963556e-16 -0.7188959013494545 0.6951177475960139
    outer loop
      vertex 0 36.97315329369145 1.2600000002919334
      vertex 25.152422303706405 40.63905207862929 5.0512995612195155
      vertex 25.018916816711425 40.70934688607516 5.123998969533794
    endloop
  endfacet
  facet normal -3.010498594800711e-15 -0.7188959013494425 0.6951177475960261
    outer loop
      vertex 0 36.97315329369145 1.2600000002919334
      vertex 25.295333315134048 40.578346678853165 4.988517589043202
      vertex 25.152422303706405 40.63905207862929 5.0512995612195155
    endloop
  endfacet
  facet normal 4.744593980838158e-15 -0.7188959013494672 0.6951177475960005
    outer loop
      vertex 0 36.97315329369145 1.2600000002919334
      vertex 25.4462295435369 40.52783400696062 4.936277011219731
      vertex 25.295333315134048 40.578346678853165 4.988517589043202
    endloop
  endfacet
  facet normal -3.925764843688589e-15 -0.7188959013494401 0.6951177475960285
    outer loop
      vertex 0 36.97315329369145 1.2600000002919334
      vertex 25.603611308187244 40.4880160779048 4.895097015316242
      vertex 25.4462295435369 40.52783400696062 4.936277011219731
    endloop
  endfacet
  facet normal -2.8363948807660828e-15 -0.718895901349446 0.6951177475960224
    outer loop
      vertex 0 36.97315329369145 1.2600000002919334
      vertex 25.765914478451013 40.45928862453679 4.865386871165997
      vertex 25.603611308187244 40.4880160779048 4.895097015316242
    endloop
  endfacet
  facet normal 4.821366505936523e-15 -0.7188959013494746 0.695117747595993
    outer loop
      vertex 0 36.97315329369145 1.2600000002919334
      vertex 25.93152601674199 40.441937147455164 4.847441845593739
      vertex 25.765914478451013 40.45928862453679 4.865386871165997
    endloop
  endfacet
  facet normal 0 0.9998586398596748 0.016813693763155533
    outer loop
      vertex 33.65880000025034 43.39499069023482 6.654284496238424
      vertex 62.521199999749655 43.40084083664515 6.306394287506784
      vertex 33.65880000025034 43.40084083664515 6.306394287506784
    endloop
  endfacet
  facet normal 0 0.6951177475960193 0.718895901349449
    outer loop
      vertex 33.65880000025034 42.948599907624775 7.085910486556441
      vertex 62.521199999749655 43.39499069023482 6.654284496238424
      vertex 33.65880000025034 43.39499069023482 6.654284496238424
    endloop
  endfacet
  facet normal 0 0.7188959013494528 -0.6951177475960153
    outer loop
      vertex 33.65880000025034 43.40084083664515 6.306394287506784
      vertex 62.521199999749655 42.4040630518445 5.27551935081069
      vertex 33.65880000025034 42.4040630518445 5.27551935081069
    endloop
  endfacet
  facet normal 3.7354060594724827e-17 0.718895901349433 -0.6951177475960358
    outer loop
      vertex 33.65880000025034 42.4040630518445 5.27551935081069
      vertex 62.52589762061834 42.31679341285004 5.185264446512342
      vertex 33.65045170336962 42.28778793719676 5.155266769664143
    endloop
  endfacet
  facet normal -1.1954459905386328e-17 0.7188959013494574 -0.6951177475960109
    outer loop
      vertex 33.65045170336962 42.28778793719676 5.155266769664143
      vertex 62.54672297313809 42.201277088156125 5.065796611532431
      vertex 33.62548977836966 42.172668417724026 5.0362093135705805
    endloop
  endfacet
  facet normal 2.433352268107561e-17 0.7188959013494625 -0.6951177475960056
    outer loop
      vertex 33.62548977836966 42.172668417724026 5.0362093135705805
      vertex 62.58399126604199 42.0877761449743 4.948413098976607
      vertex 33.58416231483221 42.05984860358259 4.9195302296919365
    endloop
  endfacet
  facet normal 0 -0.016813693763150384 0.9998586398596748
    outer loop
      vertex 33.65880000025034 42.600709698893134 7.080060340146111
      vertex 62.521199999749655 42.948599907624775 7.085910486556441
      vertex 33.65880000025034 42.948599907624775 7.085910486556441
    endloop
  endfacet
  facet normal 0 -0.7188959013494501 0.6951177475960182
    outer loop
      vertex 33.65880000025034 42.600709698893134 7.080060340146111
      vertex 33.65880000025034 41.60393191409248 6.049185403450018
      vertex 62.521199999749655 42.600709698893134 7.080060340146111
    endloop
  endfacet
  facet normal 6.6447127019464395e-18 -0.7188959013494544 0.6951177475960139
    outer loop
      vertex 33.65045170336962 41.48765679944474 5.928932822303471
      vertex 62.52589762061834 41.51666227509802 5.95893049915167
      vertex 33.65880000025034 41.60393191409248 6.049185403450018
    endloop
  endfacet
  facet normal 1.1863895815194007e-17 -0.7188959013494572 0.695117747596011
    outer loop
      vertex 33.62548977836966 41.37253727997201 5.8098753662099085
      vertex 62.54672297313809 41.40114595040411 5.839462664171759
      vertex 33.65045170336962 41.48765679944474 5.928932822303471
    endloop
  endfacet
  facet normal 1.0830261041766274e-16 -0.7188959013494406 0.695117747596028
    outer loop
      vertex 33.58416231483221 41.25971746583056 5.6931962823312645
      vertex 62.58399126604199 41.28764500722228 5.722079151615935
      vertex 33.62548977836966 41.37253727997201 5.8098753662099085
    endloop
  endfacet
  facet normal -1.0758604879712305e-16 0.7188959013494368 -0.695117747596032
    outer loop
      vertex 33.58416231483221 42.05984860358259 4.9195302296919365
      vertex 62.63733210325241 41.977418601383505 4.834280513461721
      vertex 33.52688003540039 41.95044974582615 4.8063891241376595
    endloop
  endfacet
  facet normal 6.567159854744338e-17 0.7188959013494618 -0.6951177475960062
    outer loop
      vertex 33.52688003540039 41.95044974582615 4.8063891241376595
      vertex 62.706215359568596 41.87130124186729 4.724533157589917
      vertex 33.454212243407966 41.845559099418026 4.697910444009757
    endloop
  endfacet
  facet normal -2.8486592111289275e-17 0.7188959013494384 -0.6951177475960305
    outer loop
      vertex 33.454212243407966 41.845559099418026 4.697910444009757
      vertex 62.789956450313326 41.77047871089646 4.620261752451325
      vertex 33.36688114017248 41.74621911904777 4.595172303636723
    endloop
  endfacet
  facet normal -7.902234661542802e-18 0.718895901349464 -0.6951177475960038
    outer loop
      vertex 33.36688114017248 41.74621911904777 4.595172303636723
      vertex 62.8877231092751 41.675953021973484 4.522502587800481
      vertex 33.26575466528535 41.653417085636114 4.499195756228367
    endloop
  endfacet
  facet normal 6.017752735485041e-17 0.7188959013494428 -0.6951177475960256
    outer loop
      vertex 33.26575466528535 41.653417085636114 4.499195756228367
      vertex 62.998543693721295 41.58866362135119 4.432227245880876
      vertex 33.151837853640316 41.568075309265915 4.410934661674826
    endloop
  endfacet
  facet normal -2.452886147751386e-17 -0.7188959013494594 0.6951177475960086
    outer loop
      vertex 33.52688003540039 41.15031860807413 5.5800551767769875
      vertex 62.63733210325241 41.17728746363148 5.607946566101049
      vertex 33.58416231483221 41.25971746583056 5.6931962823312645
    endloop
  endfacet
  facet normal -6.557328777117474e-17 -0.7188959013494617 0.6951177475960062
    outer loop
      vertex 33.454212243407966 41.04542796166601 5.471576496649085
      vertex 62.706215359568596 41.071170104115275 5.498199210229245
      vertex 33.52688003540039 41.15031860807413 5.5800551767769875
    endloop
  endfacet
  facet normal 2.8486592111289275e-17 -0.7188959013494384 0.6951177475960305
    outer loop
      vertex 33.36688114017248 40.946087981295754 5.368838356276051
      vertex 62.789956450313326 40.970347573144444 5.393927805090653
      vertex 33.454212243407966 41.04542796166601 5.471576496649085
    endloop
  endfacet
  facet normal 8.12174117991899e-18 -0.7188959013494639 0.6951177475960039
    outer loop
      vertex 33.26575466528535 40.853285947884096 5.272861808867695
      vertex 62.8877231092751 40.875821884221466 5.296168640439809
      vertex 33.36688114017248 40.946087981295754 5.368838356276051
    endloop
  endfacet
  facet normal -6.035521690412654e-17 -0.7188959013494428 0.6951177475960256
    outer loop
      vertex 33.151837853640316 40.767944171513896 5.184600714314154
      vertex 62.998543693721295 40.78853248359917 5.205893298520204
      vertex 33.26575466528535 40.853285947884096 5.272861808867695
    endloop
  endfacet
  facet normal 4.5231753062206113e-17 -0.7188959013494496 0.6951177475960187
    outer loop
      vertex 33.02626286879182 40.690910816466385 5.104932250370636
      vertex 63.121316816210744 40.70934688607516 5.123998969533794
      vertex 33.151837853640316 40.767944171513896 5.184600714314154
    endloop
  endfacet
  facet normal 1.0032238953067163e-16 -0.7188959013494395 0.6951177475960292
    outer loop
      vertex 32.89027772203087 40.62295147669889 5.034648199954388
      vertex 63.25482230320573 40.63905207862929 5.0512995612195155
      vertex 33.02626286879182 40.690910816466385 5.104932250370636
    endloop
  endfacet
  facet normal 0 0.7188959013494514 -0.695117747596017
    outer loop
      vertex 0 38.00192776918914 0.7227985738899267
      vertex 25.93152601674199 41.24206828520718 4.073775792954411
      vertex 96.17999999999999 38.00192776918914 0.7227985738899267
    endloop
  endfacet
  facet normal 0 -0.7188959013494519 0.6951177475960164
    outer loop
      vertex 0 36.97315329369145 1.2600000002919334
      vertex 96.17999999999999 36.97315329369145 1.2600000002919334
      vertex 25.93152601674199 40.441937147455164 4.847441845593739
    endloop
  endfacet
  facet normal 0 0.9998586398596748 0.016813693763155533
    outer loop
      vertex 33.65880000025034 43.39499069023482 6.654284496238424
      vertex 62.521199999749655 43.39499069023482 6.654284496238424
      vertex 62.521199999749655 43.40084083664515 6.306394287506784
    endloop
  endfacet
  facet normal 0 0.7188959013494528 -0.6951177475960153
    outer loop
      vertex 33.65880000025034 43.40084083664515 6.306394287506784
      vertex 62.521199999749655 43.40084083664515 6.306394287506784
      vertex 62.521199999749655 42.4040630518445 5.27551935081069
    endloop
  endfacet
  facet normal 0 0.6951177475960193 0.718895901349449
    outer loop
      vertex 33.65880000025034 42.948599907624775 7.085910486556441
      vertex 62.521199999749655 42.948599907624775 7.085910486556441
      vertex 62.521199999749655 43.39499069023482 6.654284496238424
    endloop
  endfacet
  facet normal 0 0.718895901349427 -0.6951177475960421
    outer loop
      vertex 33.65880000025034 42.4040630518445 5.27551935081069
      vertex 62.521199999749655 42.4040630518445 5.27551935081069
      vertex 62.52589762061834 42.31679341285004 5.185264446512342
    endloop
  endfacet
  facet normal -1.2560089640418279e-17 0.7188959013494571 -0.695117747596011
    outer loop
      vertex 33.65045170336962 42.28778793719676 5.155266769664143
      vertex 62.52589762061834 42.31679341285004 5.185264446512342
      vertex 62.54672297313809 42.201277088156125 5.065796611532431
    endloop
  endfacet
  facet normal -1.0741308447221245e-17 0.7188959013494567 -0.6951177475960115
    outer loop
      vertex 33.62548977836966 42.172668417724026 5.0362093135705805
      vertex 62.54672297313809 42.201277088156125 5.065796611532431
      vertex 62.58399126604199 42.0877761449743 4.948413098976607
    endloop
  endfacet
  facet normal 0 -0.016813693763150384 0.9998586398596748
    outer loop
      vertex 33.65880000025034 42.600709698893134 7.080060340146111
      vertex 62.521199999749655 42.600709698893134 7.080060340146111
      vertex 62.521199999749655 42.948599907624775 7.085910486556441
    endloop
  endfacet
  facet normal 0 -0.7188959013494501 0.6951177475960182
    outer loop
      vertex 62.521199999749655 42.600709698893134 7.080060340146111
      vertex 33.65880000025034 41.60393191409248 6.049185403450018
      vertex 62.521199999749655 41.60393191409248 6.049185403450018
    endloop
  endfacet
  facet normal 0 -0.7188959013494554 0.6951177475960129
    outer loop
      vertex 33.65880000025034 41.60393191409248 6.049185403450018
      vertex 62.52589762061834 41.51666227509802 5.95893049915167
      vertex 62.521199999749655 41.60393191409248 6.049185403450018
    endloop
  endfacet
  facet normal 1.2560089640418279e-17 -0.7188959013494571 0.695117747596011
    outer loop
      vertex 33.65045170336962 41.48765679944474 5.928932822303471
      vertex 62.54672297313809 41.40114595040411 5.839462664171759
      vertex 62.52589762061834 41.51666227509802 5.95893049915167
    endloop
  endfacet
  facet normal 1.0741308447221245e-17 -0.7188959013494567 0.6951177475960115
    outer loop
      vertex 33.62548977836966 41.37253727997201 5.8098753662099085
      vertex 62.58399126604199 41.28764500722228 5.722079151615935
      vertex 62.54672297313809 41.40114595040411 5.839462664171759
    endloop
  endfacet
  facet normal 2.890463235960054e-17 0.7188959013494602 -0.6951177475960078
    outer loop
      vertex 33.58416231483221 42.05984860358259 4.9195302296919365
      vertex 62.58399126604199 42.0877761449743 4.948413098976607
      vertex 62.63733210325241 41.977418601383505 4.834280513461721
    endloop
  endfacet
  facet normal -9.928415456374218e-17 0.7188959013494324 -0.6951177475960366
    outer loop
      vertex 33.52688003540039 41.95044974582615 4.8063891241376595
      vertex 62.63733210325241 41.977418601383505 4.834280513461721
      vertex 62.706215359568596 41.87130124186729 4.724533157589917
    endloop
  endfacet
  facet normal 7.333690209544897e-17 0.7188959013494575 -0.6951177475960105
    outer loop
      vertex 33.454212243407966 41.845559099418026 4.697910444009757
      vertex 62.706215359568596 41.87130124186729 4.724533157589917
      vertex 62.789956450313326 41.77047871089646 4.620261752451325
    endloop
  endfacet
  facet normal -5.582763072488274e-17 0.7188959013494545 -0.6951177475960139
    outer loop
      vertex 33.36688114017248 41.74621911904777 4.595172303636723
      vertex 62.789956450313326 41.77047871089646 4.620261752451325
      vertex 62.8877231092751 41.675953021973484 4.522502587800481
    endloop
  endfacet
  facet normal 3.436022188352257e-17 0.718895901349437 -0.6951177475960317
    outer loop
      vertex 33.26575466528535 41.653417085636114 4.499195756228367
      vertex 62.8877231092751 41.675953021973484 4.522502587800481
      vertex 62.998543693721295 41.58866362135119 4.432227245880876
    endloop
  endfacet
  facet normal 2.573790401582262e-17 0.718895901349467 -0.6951177475960006
    outer loop
      vertex 33.151837853640316 41.568075309265915 4.410934661674826
      vertex 62.998543693721295 41.58866362135119 4.432227245880876
      vertex 63.121316816210744 41.50947802382718 4.350332916894466
    endloop
  endfacet
  facet normal -2.872578587874867e-17 0.7188959013494537 -0.6951177475960146
    outer loop
      vertex 33.151837853640316 41.568075309265915 4.410934661674826
      vertex 63.121316816210744 41.50947802382718 4.350332916894466
      vertex 63.25482230320573 41.43918321638131 4.2776335085801875
    endloop
  endfacet
  facet normal -1.5198000271842519e-16 0.7188959013494395 -0.6951177475960292
    outer loop
      vertex 33.151837853640316 41.568075309265915 4.410934661674826
      vertex 63.25482230320573 41.43918321638131 4.2776335085801875
      vertex 63.39773331463337 41.378477816605184 4.214851536403874
    endloop
  endfacet
  facet normal 3.2494727702601587e-16 0.7188959013494766 -0.695117747595991
    outer loop
      vertex 33.151837853640316 41.568075309265915 4.410934661674826
      vertex 63.39773331463337 41.378477816605184 4.214851536403874
      vertex 63.54862954303622 41.327965144712635 4.162610958580403
    endloop
  endfacet
  facet normal -4.771729974061845e-16 0.7188959013494275 -0.6951177475960416
    outer loop
      vertex 33.151837853640316 41.568075309265915 4.410934661674826
      vertex 63.54862954303622 41.327965144712635 4.162610958580403
      vertex 63.706011307686566 41.28814721565682 4.121430962676914
    endloop
  endfacet
  facet normal -3.0134685194516576e-16 0.7188959013494366 -0.6951177475960322
    outer loop
      vertex 33.151837853640316 41.568075309265915 4.410934661674826
      vertex 63.706011307686566 41.28814721565682 4.121430962676914
      vertex 63.868314477950335 41.25941976228881 4.091720818526669
    endloop
  endfacet
  facet normal 1.0210065595258004e-15 0.7188959013494995 -0.6951177475959671
    outer loop
      vertex 33.151837853640316 41.568075309265915 4.410934661674826
      vertex 63.868314477950335 41.25941976228881 4.091720818526669
      vertex 64.03392601624131 41.24206828520718 4.073775792954411
    endloop
  endfacet
  facet normal 6.576706478181681e-15 0.7188959013497617 -0.695117747595696
    outer loop
      vertex 33.151837853640316 41.568075309265915 4.410934661674826
      vertex 64.03392601624131 41.24206828520718 4.073775792954411
      vertex 64.20119999974966 41.236265235883195 4.067774236543611
    endloop
  endfacet
  facet normal 1.0253141576418244e-16 -0.7188959013494377 0.695117747596031
    outer loop
      vertex 33.58416231483221 41.25971746583056 5.6931962823312645
      vertex 62.63733210325241 41.17728746363148 5.607946566101049
      vertex 62.58399126604199 41.28764500722228 5.722079151615935
    endloop
  endfacet
  facet normal -3.150175041659112e-17 -0.7188959013494556 0.6951177475960124
    outer loop
      vertex 33.52688003540039 41.15031860807413 5.5800551767769875
      vertex 62.706215359568596 41.071170104115275 5.498199210229245
      vertex 62.63733210325241 41.17728746363148 5.607946566101049
    endloop
  endfacet
  facet normal -7.333690209544897e-17 -0.7188959013494575 0.6951177475960105
    outer loop
      vertex 33.454212243407966 41.04542796166601 5.471576496649085
      vertex 62.789956450313326 40.970347573144444 5.393927805090653
      vertex 62.706215359568596 41.071170104115275 5.498199210229245
    endloop
  endfacet
  facet normal 5.582763072488274e-17 -0.7188959013494545 0.6951177475960139
    outer loop
      vertex 33.36688114017248 40.946087981295754 5.368838356276051
      vertex 62.8877231092751 40.875821884221466 5.296168640439809
      vertex 62.789956450313326 40.970347573144444 5.393927805090653
    endloop
  endfacet
  facet normal -3.436022188352257e-17 -0.718895901349437 0.6951177475960317
    outer loop
      vertex 33.26575466528535 40.853285947884096 5.272861808867695
      vertex 62.998543693721295 40.78853248359917 5.205893298520204
      vertex 62.8877231092751 40.875821884221466 5.296168640439809
    endloop
  endfacet
  facet normal -2.573790401582262e-17 -0.718895901349467 0.6951177475960006
    outer loop
      vertex 33.151837853640316 40.767944171513896 5.184600714314154
      vertex 63.121316816210744 40.70934688607516 5.123998969533794
      vertex 62.998543693721295 40.78853248359917 5.205893298520204
    endloop
  endfacet
  facet normal 5.031467827099584e-17 -0.7188959013494536 0.6951177475960146
    outer loop
      vertex 33.02626286879182 40.690910816466385 5.104932250370636
      vertex 63.25482230320573 40.63905207862929 5.0512995612195155
      vertex 63.121316816210744 40.70934688607516 5.123998969533794
    endloop
  endfacet
  facet normal 1.0057665357521413e-16 -0.7188959013494397 0.695117747596029
    outer loop
      vertex 32.89027772203087 40.62295147669889 5.034648199954388
      vertex 63.39773331463337 40.578346678853165 4.988517589043202
      vertex 63.25482230320573 40.63905207862929 5.0512995612195155
    endloop
  endfacet
  facet normal -9.038183828803913e-18 -0.718895901349476 0.6951177475959915
    outer loop
      vertex 32.89027772203087 40.62295147669889 5.034648199954388
      vertex 63.54862954303622 40.52783400696062 4.936277011219731
      vertex 63.39773331463337 40.578346678853165 4.988517589043202
    endloop
  endfacet
  facet normal 3.000136225539475e-16 -0.7188959013494278 0.6951177475960413
    outer loop
      vertex 32.89027772203087 40.62295147669889 5.034648199954388
      vertex 63.706011307686566 40.4880160779048 4.895097015316242
      vertex 63.54862954303622 40.52783400696062 4.936277011219731
    endloop
  endfacet
  facet normal 2.1788270730287355e-16 -0.7188959013494368 0.695117747596032
    outer loop
      vertex 32.89027772203087 40.62295147669889 5.034648199954388
      vertex 63.868314477950335 40.45928862453679 4.865386871165997
      vertex 63.706011307686566 40.4880160779048 4.895097015316242
    endloop
  endfacet
  facet normal -6.434202069884705e-14 0.7188959013487748 -0.6951177475967166
    outer loop
      vertex 96.17999999999999 38.00192776918914 0.7227985738899267
      vertex 25.93152601674199 41.24206828520718 4.073775792954411
      vertex 26.09880000025034 41.236265235883195 4.067774236543611
    endloop
  endfacet
  facet normal -5.008311108343922e-14 -0.7188959013499528 0.6951177475954983
    outer loop
      vertex 96.17999999999999 36.97315329369145 1.2600000002919334
      vertex 26.09880000025034 40.43613409813117 4.841440289182939
      vertex 25.93152601674199 40.441937147455164 4.847441845593739
    endloop
  endfacet
  facet normal 0 0.7188959013494515 -0.6951177475960167
    outer loop
      vertex 96.17999999999999 38.00192776918914 0.7227985738899267
      vertex 26.09880000025034 41.236265235883195 4.067774236543611
      vertex 31.978800000250338 41.236265235883195 4.067774236543611
    endloop
  endfacet
  facet normal -1.2953057717979798e-15 0.7188959013494395 -0.6951177475960292
    outer loop
      vertex 96.17999999999999 38.00192776918914 0.7227985738899267
      vertex 32.89027772203087 41.423082614450905 4.26098214731506
      vertex 33.02626286879182 41.4910419542184 4.331266197731308
    endloop
  endfacet
  facet normal -1.7387445042092684e-15 0.7188959013494358 -0.695117747596033
    outer loop
      vertex 96.17999999999999 38.00192776918914 0.7227985738899267
      vertex 32.5925729213655 41.31699072209361 4.151261129766828
      vertex 32.74523390561342 41.364872696071195 4.200781020404138
    endloop
  endfacet
  facet normal 2.067656828631031e-15 0.7188959013494688 -0.6951177475959988
    outer loop
      vertex 96.17999999999999 38.00192776918914 0.7227985738899267
      vertex 32.74523390561342 41.364872696071195 4.200781020404138
      vertex 32.89027772203087 41.423082614450905 4.26098214731506
    endloop
  endfacet
  facet normal 2.4065723113331448e-14 0.7188959013497007 -0.695117747595759
    outer loop
      vertex 96.17999999999999 38.00192776918914 0.7227985738899267
      vertex 31.978800000250338 41.236265235883195 4.067774236543611
      vertex 32.104346555918454 41.23953063552049 4.071151336932202
    endloop
  endfacet
  facet normal -4.212541772057541e-15 0.7188959013494103 -0.6951177475960592
    outer loop
      vertex 96.17999999999999 38.00192776918914 0.7227985738899267
      vertex 32.104346555918454 41.23953063552049 4.071151336932202
      vertex 32.27052894026041 41.25400670765691 4.086122597502808
    endloop
  endfacet
  facet normal 1.6940757489147562e-15 0.7188959013494665 -0.6951177475960012
    outer loop
      vertex 96.17999999999999 38.00192776918914 0.7227985738899267
      vertex 32.27052894026041 41.25400670765691 4.086122597502808
      vertex 32.43381198629737 41.27991255947702 4.112914620521712
    endloop
  endfacet
  facet normal 1.2844389455151887e-15 0.7188959013494637 -0.6951177475960041
    outer loop
      vertex 96.17999999999999 38.00192776918914 0.7227985738899267
      vertex 32.43381198629737 41.27991255947702 4.112914620521712
      vertex 32.5925729213655 41.31699072209361 4.151261129766828
    endloop
  endfacet
  facet normal 0 -0.7188959013494521 0.695117747596016
    outer loop
      vertex 96.17999999999999 36.97315329369145 1.2600000002919334
      vertex 31.978800000250338 40.43613409813117 4.841440289182939
      vertex 26.09880000025034 40.43613409813117 4.841440289182939
    endloop
  endfacet
  facet normal 1.9161422276390624e-15 -0.7188959013494334 0.6951177475960356
    outer loop
      vertex 96.17999999999999 36.97315329369145 1.2600000002919334
      vertex 32.104346555918454 40.43939949776847 4.84481738957153
      vertex 31.978800000250338 40.43613409813117 4.841440289182939
    endloop
  endfacet
  facet normal 5.748524416939454e-15 -0.7188959013494156 0.6951177475960539
    outer loop
      vertex 96.17999999999999 36.97315329369145 1.2600000002919334
      vertex 32.27052894026041 40.453875569904895 4.859788650142136
      vertex 32.104346555918454 40.43939949776847 4.84481738957153
    endloop
  endfacet
  facet normal -1.6656374829426739e-15 -0.7188959013494741 0.6951177475959935
    outer loop
      vertex 96.17999999999999 36.97315329369145 1.2600000002919334
      vertex 32.43381198629737 40.479781421725 4.88658067316104
      vertex 32.27052894026041 40.453875569904895 4.859788650142136
    endloop
  endfacet
  facet normal -1.2684732757299072e-15 -0.7188959013494669 0.6951177475960009
    outer loop
      vertex 96.17999999999999 36.97315329369145 1.2600000002919334
      vertex 32.5925729213655 40.51685958434159 4.924927182406156
      vertex 32.43381198629737 40.479781421725 4.88658067316104
    endloop
  endfacet
  facet normal 1.7218186269293975e-15 -0.7188959013494383 0.6951177475960305
    outer loop
      vertex 96.17999999999999 36.97315329369145 1.2600000002919334
      vertex 32.74523390561342 40.56474155831918 4.974447073043466
      vertex 32.5925729213655 40.51685958434159 4.924927182406156
    endloop
  endfacet
  facet normal -2.051382754103836e-15 -0.7188959013494686 0.6951177475959991
    outer loop
      vertex 96.17999999999999 36.97315329369145 1.2600000002919334
      vertex 32.89027772203087 40.62295147669889 5.034648199954388
      vertex 32.74523390561342 40.56474155831918 4.974447073043466
    endloop
  endfacet
  facet normal -2.3284108534362865e-16 0.718895901349448 -0.6951177475960203
    outer loop
      vertex 96.17999999999999 38.00192776918914 0.7227985738899267
      vertex 33.02626286879182 41.4910419542184 4.331266197731308
      vertex 33.151837853640316 41.568075309265915 4.410934661674826
    endloop
  endfacet
  facet normal -1.512310515947582e-16 0.7188959013494503 -0.695117747596018
    outer loop
      vertex 96.17999999999999 38.00192776918914 0.7227985738899267
      vertex 33.151837853640316 41.568075309265915 4.410934661674826
      vertex 64.20119999974966 41.236265235883195 4.067774236543611
    endloop
  endfacet
  facet normal 4.8090055453676574e-17 -0.7188959013494519 0.6951177475960165
    outer loop
      vertex 96.17999999999999 36.97315329369145 1.2600000002919334
      vertex 63.868314477950335 40.45928862453679 4.865386871165997
      vertex 32.89027772203087 40.62295147669889 5.034648199954388
    endloop
  endfacet
  facet normal 0 0.9998586398596748 0.016813693763155533
    outer loop
      vertex 96.17999999999999 43.40084083664515 6.306394287506784
      vertex 71.76119999974966 43.40084083664515 6.306394287506784
      vertex 71.76119999974966 43.39499069023482 6.654284496238424
    endloop
  endfacet
  facet normal 0 0.7188959013494528 -0.6951177475960153
    outer loop
      vertex 96.17999999999999 43.40084083664515 6.306394287506784
      vertex 71.76119999974966 42.4040630518445 5.27551935081069
      vertex 71.76119999974966 43.40084083664515 6.306394287506784
    endloop
  endfacet
  facet normal 0 0.6951177475960193 0.718895901349449
    outer loop
      vertex 96.17999999999999 43.39499069023482 6.654284496238424
      vertex 71.76119999974966 43.39499069023482 6.654284496238424
      vertex 71.76119999974966 42.948599907624775 7.085910486556441
    endloop
  endfacet
  facet normal 0 -0.016813693763150388 0.9998586398596748
    outer loop
      vertex 96.17999999999999 42.948599907624775 7.085910486556441
      vertex 71.76119999974966 42.948599907624775 7.085910486556441
      vertex 71.76119999974966 42.600709698893134 7.080060340146111
    endloop
  endfacet
  facet normal 0 -0.7188959013494501 0.6951177475960183
    outer loop
      vertex 96.17999999999999 42.600709698893134 7.080060340146111
      vertex 71.76119999974966 42.600709698893134 7.080060340146111
      vertex 71.76119999974966 41.60393191409248 6.049185403450018
    endloop
  endfacet
  facet normal -6.869296713141979e-15 0.7188959013494334 -0.6951177475960358
    outer loop
      vertex 96.17999999999999 38.00192776918914 0.7227985738899267
      vertex 71.75285170286894 42.28778793719676 5.155266769664143
      vertex 71.76119999974966 42.4040630518445 5.27551935081069
    endloop
  endfacet
  facet normal 1.6920406093337964e-15 0.7188959013494561 -0.6951177475960117
    outer loop
      vertex 96.17999999999999 38.00192776918914 0.7227985738899267
      vertex 71.72788977786898 42.172668417724026 5.0362093135705805
      vertex 71.75285170286894 42.28778793719676 5.155266769664143
    endloop
  endfacet
  facet normal 3.370199016735056e-15 0.7188959013494634 -0.6951177475960045
    outer loop
      vertex 96.17999999999999 38.00192776918914 0.7227985738899267
      vertex 71.68656231433152 42.05984860358259 4.9195302296919365
      vertex 71.72788977786898 42.172668417724026 5.0362093135705805
    endloop
  endfacet
  facet normal -4.240304654708951e-15 0.7188959013494381 -0.6951177475960306
    outer loop
      vertex 96.17999999999999 38.00192776918914 0.7227985738899267
      vertex 71.62928003489971 41.95044974582615 4.8063891241376595
      vertex 71.68656231433152 42.05984860358259 4.9195302296919365
    endloop
  endfacet
  facet normal 3.0199947411870956e-15 0.7188959013494611 -0.695117747596007
    outer loop
      vertex 96.17999999999999 38.00192776918914 0.7227985738899267
      vertex 71.55661224290728 41.845559099418026 4.697910444009757
      vertex 71.62928003489971 41.95044974582615 4.8063891241376595
    endloop
  endfacet
  facet normal -8.58092588405251e-16 -0.7188959013494551 0.6951177475960131
    outer loop
      vertex 96.17999999999999 36.97315329369145 1.2600000002919334
      vertex 71.76119999974966 41.60393191409248 6.049185403450018
      vertex 71.75285170286894 41.48765679944474 5.928932822303471
    endloop
  endfacet
  facet normal -2.533108093950251e-15 -0.7188959013494551 0.695117747596013
    outer loop
      vertex 96.17999999999999 36.97315329369145 1.2600000002919334
      vertex 71.75285170286894 41.48765679944474 5.928932822303471
      vertex 71.72788977786898 41.37253727997201 5.8098753662099085
    endloop
  endfacet
  facet normal -2.532791141265947e-15 -0.7188959013494589 0.6951177475960092
    outer loop
      vertex 96.17999999999999 36.97315329369145 1.2600000002919334
      vertex 71.68656231433152 41.25971746583056 5.6931962823312645
      vertex 71.62928003489971 41.15031860807413 5.5800551767769875
    endloop
  endfacet
  facet normal 3.3593689289983066e-15 -0.7188959013494417 0.6951177475960268
    outer loop
      vertex 96.17999999999999 36.97315329369145 1.2600000002919334
      vertex 71.72788977786898 41.37253727997201 5.8098753662099085
      vertex 71.68656231433152 41.25971746583056 5.6931962823312645
    endloop
  endfacet
  facet normal 2.959541313220715e-13 -0.7188959013481347 0.6951177475973787
    outer loop
      vertex 96.17999999999999 36.97315329369145 1.2600000002919334
      vertex 64.03392601624131 40.441937147455164 4.847441845593739
      vertex 63.868314477950335 40.45928862453679 4.865386871165997
    endloop
  endfacet
  facet normal -2.195482578329202e-14 -0.7188959013495428 0.6951177475959223
    outer loop
      vertex 96.17999999999999 36.97315329369145 1.2600000002919334
      vertex 64.20119999974966 40.43613409813117 4.841440289182939
      vertex 64.03392601624131 40.441937147455164 4.847441845593739
    endloop
  endfacet
  facet normal 0 0.7188959013494512 -0.695117747596017
    outer loop
      vertex 96.17999999999999 38.00192776918914 0.7227985738899267
      vertex 64.20119999974966 41.236265235883195 4.067774236543611
      vertex 70.08119999974966 41.236265235883195 4.067774236543611
    endloop
  endfacet
  facet normal 0 -0.718895901349452 0.6951177475960163
    outer loop
      vertex 96.17999999999999 36.97315329369145 1.2600000002919334
      vertex 70.08119999974966 40.43613409813117 4.841440289182939
      vertex 64.20119999974966 40.43613409813117 4.841440289182939
    endloop
  endfacet
  facet normal -1.9495560825925314e-15 0.7188959013494445 -0.6951177475960242
    outer loop
      vertex 96.17999999999999 38.00192776918914 0.7227985738899267
      vertex 71.25423785313964 41.568075309265915 4.410934661674826
      vertex 71.36815466478467 41.653417085636114 4.499195756228367
    endloop
  endfacet
  facet normal -3.5762567780929824e-15 0.7188959013494378 -0.6951177475960308
    outer loop
      vertex 96.17999999999999 38.00192776918914 0.7227985738899267
      vertex 70.69497292086481 41.31699072209361 4.151261129766828
      vertex 70.84763390511274 41.364872696071195 4.200781020404138
    endloop
  endfacet
  facet normal -2.8360385324169555e-15 0.7188959013494408 -0.6951177475960278
    outer loop
      vertex 96.17999999999999 38.00192776918914 0.7227985738899267
      vertex 70.9926777215302 41.423082614450905 4.26098214731506
      vertex 71.12866286829113 41.4910419542184 4.331266197731308
    endloop
  endfacet
  facet normal -5.214575915736263e-16 0.7188959013494498 -0.6951177475960185
    outer loop
      vertex 96.17999999999999 38.00192776918914 0.7227985738899267
      vertex 71.12866286829113 41.4910419542184 4.331266197731308
      vertex 71.25423785313964 41.568075309265915 4.410934661674826
    endloop
  endfacet
  facet normal 4.4045939908771085e-15 0.7188959013494672 -0.6951177475960004
    outer loop
      vertex 96.17999999999999 38.00192776918914 0.7227985738899267
      vertex 70.84763390511274 41.364872696071195 4.200781020404138
      vertex 70.9926777215302 41.423082614450905 4.26098214731506
    endloop
  endfacet
  facet normal 3.016047322024734e-14 0.71889590134956 -0.6951177475959046
    outer loop
      vertex 96.17999999999999 38.00192776918914 0.7227985738899267
      vertex 70.08119999974966 41.236265235883195 4.067774236543611
      vertex 70.20674655541778 41.23953063552049 4.071151336932202
    endloop
  endfacet
  facet normal -6.75462664237346e-15 0.7188959013494222 -0.6951177475960472
    outer loop
      vertex 96.17999999999999 38.00192776918914 0.7227985738899267
      vertex 70.20674655541778 41.23953063552049 4.071151336932202
      vertex 70.37292893975973 41.25400670765691 4.086122597502808
    endloop
  endfacet
  facet normal 3.0880661613204656e-15 0.7188959013494614 -0.6951177475960065
    outer loop
      vertex 96.17999999999999 38.00192776918914 0.7227985738899267
      vertex 70.37292893975973 41.25400670765691 4.086122597502808
      vertex 70.53621198579668 41.27991255947702 4.112914620521712
    endloop
  endfacet
  facet normal 2.51782870613518e-15 0.7188959013494649 -0.6951177475960029
    outer loop
      vertex 96.17999999999999 38.00192776918914 0.7227985738899267
      vertex 70.53621198579668 41.27991255947702 4.112914620521712
      vertex 70.69497292086481 41.31699072209361 4.151261129766828
    endloop
  endfacet
  facet normal -3.551073270745862e-15 0.7188959013494394 -0.6951177475960294
    outer loop
      vertex 96.17999999999999 38.00192776918914 0.7227985738899267
      vertex 71.46928113967179 41.74621911904777 4.595172303636723
      vertex 71.55661224290728 41.845559099418026 4.697910444009757
    endloop
  endfacet
  facet normal 3.2349996714055095e-15 0.718895901349463 -0.6951177475960049
    outer loop
      vertex 96.17999999999999 38.00192776918914 0.7227985738899267
      vertex 71.36815466478467 41.653417085636114 4.499195756228367
      vertex 71.46928113967179 41.74621911904777 4.595172303636723
    endloop
  endfacet
  facet normal 2.4121459356216053e-15 -0.7188959013494433 0.6951177475960253
    outer loop
      vertex 96.17999999999999 36.97315329369145 1.2600000002919334
      vertex 71.36815466478467 40.853285947884096 5.272861808867695
      vertex 71.25423785313964 40.767944171513896 5.184600714314154
    endloop
  endfacet
  facet normal 2.7961032496992906e-15 -0.7188959013494435 0.6951177475960251
    outer loop
      vertex 96.17999999999999 36.97315329369145 1.2600000002919334
      vertex 71.12866286829113 40.690910816466385 5.104932250370636
      vertex 70.9926777215302 40.62295147669889 5.034648199954388
    endloop
  endfacet
  facet normal 5.15210515291732e-16 -0.7188959013494493 0.6951177475960191
    outer loop
      vertex 96.17999999999999 36.97315329369145 1.2600000002919334
      vertex 71.25423785313964 40.767944171513896 5.184600714314154
      vertex 71.12866286829113 40.690910816466385 5.104932250370636
    endloop
  endfacet
  facet normal 2.374624789051876e-15 -0.7188959013494544 0.6951177475960137
    outer loop
      vertex 96.17999999999999 36.97315329369145 1.2600000002919334
      vertex 70.20674655541778 40.43939949776847 4.84481738957153
      vertex 70.08119999974966 40.43613409813117 4.841440289182939
    endloop
  endfacet
  facet normal -2.457202623603852e-15 -0.7188959013494645 0.6951177475960034
    outer loop
      vertex 96.17999999999999 36.97315329369145 1.2600000002919334
      vertex 70.69497292086481 40.51685958434159 4.924927182406156
      vertex 70.53621198579668 40.479781421725 4.88658067316104
    endloop
  endfacet
  facet normal 3.505381944062879e-15 -0.7188959013494398 0.6951177475960287
    outer loop
      vertex 96.17999999999999 36.97315329369145 1.2600000002919334
      vertex 70.84763390511274 40.56474155831918 4.974447073043466
      vertex 70.69497292086481 40.51685958434159 4.924927182406156
    endloop
  endfacet
  facet normal 9.079055514806972e-15 -0.7188959013494198 0.6951177475960495
    outer loop
      vertex 96.17999999999999 36.97315329369145 1.2600000002919334
      vertex 70.37292893975973 40.453875569904895 4.859788650142136
      vertex 70.20674655541778 40.43939949776847 4.84481738957153
    endloop
  endfacet
  facet normal -2.9948582723369147e-15 -0.7188959013494634 0.6951177475960046
    outer loop
      vertex 96.17999999999999 36.97315329369145 1.2600000002919334
      vertex 70.53621198579668 40.479781421725 4.88658067316104
      vertex 70.37292893975973 40.453875569904895 4.859788650142136
    endloop
  endfacet
  facet normal -4.331395046528251e-15 -0.7188959013494668 0.695117747596001
    outer loop
      vertex 96.17999999999999 36.97315329369145 1.2600000002919334
      vertex 70.9926777215302 40.62295147669889 5.034648199954388
      vertex 70.84763390511274 40.56474155831918 4.974447073043466
    endloop
  endfacet
  facet normal -3.431501874280359e-15 -0.7188959013494595 0.6951177475960086
    outer loop
      vertex 96.17999999999999 36.97315329369145 1.2600000002919334
      vertex 71.62928003489971 41.15031860807413 5.5800551767769875
      vertex 71.55661224290728 41.04542796166601 5.471576496649085
    endloop
  endfacet
  facet normal 4.407206290123748e-15 -0.7188959013494405 0.695117747596028
    outer loop
      vertex 96.17999999999999 36.97315329369145 1.2600000002919334
      vertex 71.55661224290728 41.04542796166601 5.471576496649085
      vertex 71.46928113967179 40.946087981295754 5.368838356276051
    endloop
  endfacet
  facet normal -3.207244551524893e-15 -0.7188959013494614 0.6951177475960066
    outer loop
      vertex 96.17999999999999 36.97315329369145 1.2600000002919334
      vertex 71.46928113967179 40.946087981295754 5.368838356276051
      vertex 71.36815466478467 40.853285947884096 5.272861808867695
    endloop
  endfacet
  facet normal 0 0.9998586398596748 0.016813693763155533
    outer loop
      vertex 96.17999999999999 43.40084083664515 6.306394287506784
      vertex 71.76119999974966 43.39499069023482 6.654284496238424
      vertex 96.17999999999999 43.39499069023482 6.654284496238424
    endloop
  endfacet
  facet normal 0 0.6951177475960193 0.718895901349449
    outer loop
      vertex 96.17999999999999 43.39499069023482 6.654284496238424
      vertex 71.76119999974966 42.948599907624775 7.085910486556441
      vertex 96.17999999999999 42.948599907624775 7.085910486556441
    endloop
  endfacet
  facet normal 0 -0.016813693763150388 0.9998586398596748
    outer loop
      vertex 96.17999999999999 42.948599907624775 7.085910486556441
      vertex 71.76119999974966 42.600709698893134 7.080060340146111
      vertex 96.17999999999999 42.600709698893134 7.080060340146111
    endloop
  endfacet
  facet normal 1.1707601996025206e-16 0.7188959013494515 -0.6951177475960169
    outer loop
      vertex 96.17999999999999 43.40084083664515 6.306394287506784
      vertex 96.17999999999999 38.00192776918914 0.7227985738899267
      vertex 71.76119999974966 42.4040630518445 5.27551935081069
    endloop
  endfacet
  facet normal 1.3478317234774868e-16 -0.7188959013494518 0.6951177475960165
    outer loop
      vertex 96.17999999999999 42.600709698893134 7.080060340146111
      vertex 71.76119999974966 41.60393191409248 6.049185403450018
      vertex 96.17999999999999 36.97315329369145 1.2600000002919334
    endloop
  endfacet
  facet normal 1 0 0
    outer loop
      vertex 96.17999999999999 43.40084083664515 6.306394287506784
      vertex 96.17999999999999 43.39499069023482 6.654284496238424
      vertex 96.17999999999999 37.809111822882436 1.2600000003195468
    endloop
  endfacet
  facet normal 1 0 0
    outer loop
      vertex 96.17999999999999 43.39499069023482 6.654284496238424
      vertex 96.17999999999999 42.948599907624775 7.085910486556441
      vertex 96.17999999999999 37.809111822882436 1.2600000003195468
    endloop
  endfacet
  facet normal 1 0 0
    outer loop
      vertex 96.17999999999999 42.948599907624775 7.085910486556441
      vertex 96.17999999999999 42.600709698893134 7.080060340146111
      vertex 96.17999999999999 37.809111822882436 1.2600000003195468
    endloop
  endfacet
  facet normal 1 0 0
    outer loop
      vertex 96.17999999999999 43.40084083664515 6.306394287506784
      vertex 96.17999999999999 37.809111822882436 1.2600000003195468
      vertex 96.17999999999999 37.99877276574186 0.8127897305605352
    endloop
  endfacet
  facet normal 1 0 0
    outer loop
      vertex 96.17999999999999 43.40084083664515 6.306394287506784
      vertex 96.17999999999999 37.99877276574186 0.8127897305605352
      vertex 96.17999999999999 38.00192776918914 0.7227985738899267
    endloop
  endfacet
  facet normal 1 0 0
    outer loop
      vertex 96.17999999999999 42.600709698893134 7.080060340146111
      vertex 96.17999999999999 36.97315329369145 1.2600000002919334
      vertex 96.17999999999999 37.809111822882436 1.2600000003195468
    endloop
  endfacet
  facet normal 1 0 0
    outer loop
      vertex 96.17999999999999 38.00192776918914 0.7227985738899267
      vertex 96.17999999999999 37.99877276574186 0.8127897305605352
      vertex 96.17999999999999 37.844720845241 0.6561274446800169
    endloop
  endfacet
  facet normal 1 0 0
    outer loop
      vertex 24.41880000025034 43.40084083664515 6.306394287506784
      vertex 24.41880000025034 43.39499069023482 6.654284496238424
      vertex 24.41880000025034 42.4040630518445 5.27551935081069
    endloop
  endfacet
  facet normal 1 0 0
    outer loop
      vertex 24.41880000025034 43.39499069023482 6.654284496238424
      vertex 24.41880000025034 42.948599907624775 7.085910486556441
      vertex 24.41880000025034 42.4040630518445 5.27551935081069
    endloop
  endfacet
  facet normal 1 0 0
    outer loop
      vertex 24.41880000025034 42.948599907624775 7.085910486556441
      vertex 24.41880000025034 42.600709698893134 7.080060340146111
      vertex 24.41880000025034 42.4040630518445 5.27551935081069
    endloop
  endfacet
  facet normal 0.9993007047314958 0.025991283802390807 0.026880377405078856
    outer loop
      vertex 24.41880000025034 42.4040630518445 5.27551935081069
      vertex 24.41880000025034 41.60393191409248 6.049185403450018
      vertex 24.423497621119022 42.31679341285004 5.185264446512342
    endloop
  endfacet
  facet normal 0.9922392081257642 0.08643350743998571 0.08939017087789146
    outer loop
      vertex 24.444322973638773 42.201277088156125 5.065796611532431
      vertex 24.423497621119022 42.31679341285004 5.185264446512342
      vertex 24.423497621119022 41.51666227509802 5.95893049915167
    endloop
  endfacet
  facet normal 0.9749279080790261 0.1546782628997853 0.15996940030818116
    outer loop
      vertex 24.481591266542672 42.0877761449743 4.948413098976607
      vertex 24.444322973638773 42.201277088156125 5.065796611532431
      vertex 24.444322973638773 41.40114595040411 5.839462664171759
    endloop
  endfacet
  facet normal 1 0 0
    outer loop
      vertex 24.41880000025034 42.600709698893134 7.080060340146111
      vertex 24.41880000025034 41.60393191409248 6.049185403450018
      vertex 24.41880000025034 42.4040630518445 5.27551935081069
    endloop
  endfacet
  facet normal 0.9993007047314958 0.025991283802391952 0.026880377405079803
    outer loop
      vertex 24.423497621119022 42.31679341285004 5.185264446512342
      vertex 24.41880000025034 41.60393191409248 6.049185403450018
      vertex 24.423497621119022 41.51666227509802 5.95893049915167
    endloop
  endfacet
  facet normal 0.9922392081257642 0.08643350743998574 0.08939017087789149
    outer loop
      vertex 24.444322973638773 42.201277088156125 5.065796611532431
      vertex 24.423497621119022 41.51666227509802 5.95893049915167
      vertex 24.444322973638773 41.40114595040411 5.839462664171759
    endloop
  endfacet
  facet normal 0.9749279080790261 0.15467826289978534 0.15996940030818116
    outer loop
      vertex 24.481591266542672 42.0877761449743 4.948413098976607
      vertex 24.444322973638773 41.40114595040411 5.839462664171759
      vertex 24.481591266542672 41.28764500722228 5.722079151615935
    endloop
  endfacet
  facet normal 0.9479273464361536 0.22138572240576856 0.22895874692482995
    outer loop
      vertex 24.53493210375309 41.977418601383505 4.834280513461721
      vertex 24.481591266542672 42.0877761449743 4.948413098976607
      vertex 24.481591266542672 41.28764500722228 5.722079151615935
    endloop
  endfacet
  facet normal 0.9115058589762411 0.28589295447641205 0.29567260210025054
    outer loop
      vertex 24.603815360069273 41.87130124186729 4.724533157589917
      vertex 24.53493210375309 41.977418601383505 4.834280513461721
      vertex 24.53493210375309 41.17728746363148 5.607946566101049
    endloop
  endfacet
  facet normal 0.8660253926882423 0.3475588871575985 0.35944796449131183
    outer loop
      vertex 24.603815360069273 41.87130124186729 4.724533157589917
      vertex 24.603815360069273 41.071170104115275 5.498199210229245
      vertex 24.687556450814007 41.77047871089646 4.620261752451325
    endloop
  endfacet
  facet normal 0.8119380156028881 0.4057705770579991 0.4196509235219942
    outer loop
      vertex 24.78532310977578 41.675953021973484 4.522502587800481
      vertex 24.687556450814007 41.77047871089646 4.620261752451325
      vertex 24.687556450814007 40.970347573144444 5.393927805090653
    endloop
  endfacet
  facet normal 0.7497811947147096 0.4599495755471247 0.47568324335234113
    outer loop
      vertex 24.896143694221973 41.58866362135119 4.432227245880876
      vertex 24.78532310977578 41.675953021973484 4.522502587800481
      vertex 24.78532310977578 40.875821884221466 5.296168640439809
    endloop
  endfacet
  facet normal 0.6801727428522251 0.5095573627400779 0.5269879827455816
    outer loop
      vertex 25.018916816711425 41.50947802382718 4.350332916894466
      vertex 24.896143694221973 41.58866362135119 4.432227245880876
      vertex 24.896143694221973 40.78853248359917 5.205893298520204
    endloop
  endfacet
  facet normal 0.6038044037724759 0.5541009564067237 0.5730552958433582
    outer loop
      vertex 25.152422303706405 41.43918321638131 4.2776335085801875
      vertex 25.018916816711425 41.50947802382718 4.350332916894466
      vertex 25.018916816711425 40.70934688607516 5.123998969533794
    endloop
  endfacet
  facet normal 0.5214352123706864 0.5931376318651083 0.613427313514314
    outer loop
      vertex 25.295333315134048 41.378477816605184 4.214851536403874
      vertex 25.152422303706405 41.43918321638131 4.2776335085801875
      vertex 25.152422303706405 40.63905207862929 5.0512995612195155
    endloop
  endfacet
  facet normal 0.43388373097417093 0.6262794528364706 0.6477028291977611
    outer loop
      vertex 25.4462295435369 41.327965144712635 4.162610958580403
      vertex 25.295333315134048 41.378477816605184 4.214851536403874
      vertex 25.295333315134048 40.578346678853165 4.988517589043202
    endloop
  endfacet
  facet normal 0.9479273464361565 0.2213857224057613 0.22895874692482449
    outer loop
      vertex 24.53493210375309 41.977418601383505 4.834280513461721
      vertex 24.481591266542672 41.28764500722228 5.722079151615935
      vertex 24.53493210375309 41.17728746363148 5.607946566101049
    endloop
  endfacet
  facet normal 0.9115058589762361 0.28589295447642094 0.29567260210025714
    outer loop
      vertex 24.603815360069273 41.87130124186729 4.724533157589917
      vertex 24.53493210375309 41.17728746363148 5.607946566101049
      vertex 24.603815360069273 41.071170104115275 5.498199210229245
    endloop
  endfacet
  facet normal 0.8660253926882423 0.34755888715759853 0.3594479644913119
    outer loop
      vertex 24.687556450814007 41.77047871089646 4.620261752451325
      vertex 24.603815360069273 41.071170104115275 5.498199210229245
      vertex 24.687556450814007 40.970347573144444 5.393927805090653
    endloop
  endfacet
  facet normal 0.8119380156028881 0.40577057705799907 0.4196509235219942
    outer loop
      vertex 24.78532310977578 41.675953021973484 4.522502587800481
      vertex 24.687556450814007 40.970347573144444 5.393927805090653
      vertex 24.78532310977578 40.875821884221466 5.296168640439809
    endloop
  endfacet
  facet normal 0.7497811947147097 0.45994957554712446 0.475683243352341
    outer loop
      vertex 24.896143694221973 41.58866362135119 4.432227245880876
      vertex 24.78532310977578 40.875821884221466 5.296168640439809
      vertex 24.896143694221973 40.78853248359917 5.205893298520204
    endloop
  endfacet
  facet normal 0.6801727428522252 0.5095573627400779 0.5269879827455816
    outer loop
      vertex 25.018916816711425 41.50947802382718 4.350332916894466
      vertex 24.896143694221973 40.78853248359917 5.205893298520204
      vertex 25.018916816711425 40.70934688607516 5.123998969533794
    endloop
  endfacet
  facet normal 0.6038044037724758 0.5541009564067239 0.5730552958433583
    outer loop
      vertex 25.152422303706405 41.43918321638131 4.2776335085801875
      vertex 25.018916816711425 40.70934688607516 5.123998969533794
      vertex 25.152422303706405 40.63905207862929 5.0512995612195155
    endloop
  endfacet
  facet normal 0.521435212370686 0.5931376318651084 0.6134273135143141
    outer loop
      vertex 25.295333315134048 41.378477816605184 4.214851536403874
      vertex 25.152422303706405 40.63905207862929 5.0512995612195155
      vertex 25.295333315134048 40.578346678853165 4.988517589043202
    endloop
  endfacet
  facet normal 0.4338837309741711 0.6262794528364706 0.6477028291977611
    outer loop
      vertex 25.4462295435369 41.327965144712635 4.162610958580403
      vertex 25.295333315134048 40.578346678853165 4.988517589043202
      vertex 25.4462295435369 40.52783400696062 4.936277011219731
    endloop
  endfacet
  facet normal 0.3420201521979974 0.6531970157485806 0.6755411712898091
    outer loop
      vertex 25.603611308187244 41.28814721565682 4.121430962676914
      vertex 25.4462295435369 41.327965144712635 4.162610958580403
      vertex 25.4462295435369 40.52783400696062 4.936277011219731
    endloop
  endfacet
  facet normal 0.2467573877406377 0.673622822211094 0.6966656909822511
    outer loop
      vertex 25.765914478451013 41.25941976228881 4.091720818526669
      vertex 25.603611308187244 41.28814721565682 4.121430962676914
      vertex 25.603611308187244 40.4880160779048 4.895097015316242
    endloop
  endfacet
  facet normal 0.14904227768952416 0.6873538554728417 0.7108664268536943
    outer loop
      vertex 25.93152601674199 41.24206828520718 4.073775792954411
      vertex 25.765914478451013 41.25941976228881 4.091720818526669
      vertex 25.765914478451013 40.45928862453679 4.865386871165997
    endloop
  endfacet
  facet normal 0.04984588228568849 0.6942536615907156 0.7180022572297704
    outer loop
      vertex 26.09880000025034 41.236265235883195 4.067774236543611
      vertex 25.93152601674199 41.24206828520718 4.073775792954411
      vertex 25.93152601674199 40.441937147455164 4.847441845593739
    endloop
  endfacet
  facet normal 0.3420201521979974 0.6531970157485807 0.6755411712898092
    outer loop
      vertex 25.603611308187244 41.28814721565682 4.121430962676914
      vertex 25.4462295435369 40.52783400696062 4.936277011219731
      vertex 25.603611308187244 40.4880160779048 4.895097015316242
    endloop
  endfacet
  facet normal 0.24675738774063807 0.6736228222110939 0.6966656909822511
    outer loop
      vertex 25.765914478451013 41.25941976228881 4.091720818526669
      vertex 25.603611308187244 40.4880160779048 4.895097015316242
      vertex 25.765914478451013 40.45928862453679 4.865386871165997
    endloop
  endfacet
  facet normal 0.14904227768952436 0.6873538554728418 0.7108664268536942
    outer loop
      vertex 25.93152601674199 41.24206828520718 4.073775792954411
      vertex 25.765914478451013 40.45928862453679 4.865386871165997
      vertex 25.93152601674199 40.441937147455164 4.847441845593739
    endloop
  endfacet
  facet normal 0.049845882285718075 0.6942536615907113 0.7180022572297724
    outer loop
      vertex 26.09880000025034 41.236265235883195 4.067774236543611
      vertex 25.93152601674199 40.441937147455164 4.847441845593739
      vertex 26.09880000025034 40.43613409813117 4.841440289182939
    endloop
  endfacet
  facet normal 0 0.6951177475960141 0.718895901349454
    outer loop
      vertex 26.09880000025034 41.236265235883195 4.067774236543611
      vertex 26.09880000025034 40.43613409813117 4.841440289182939
      vertex 31.978800000250338 41.236265235883195 4.067774236543611
    endloop
  endfacet
  facet normal 0 0.6951177475960141 0.718895901349454
    outer loop
      vertex 31.978800000250338 41.236265235883195 4.067774236543611
      vertex 26.09880000025034 40.43613409813117 4.841440289182939
      vertex 31.978800000250338 40.43613409813117 4.841440289182939
    endloop
  endfacet
  facet normal -1 0 0
    outer loop
      vertex 33.65880000025034 43.39499069023482 6.654284496238424
      vertex 33.65880000025034 43.40084083664515 6.306394287506784
      vertex 33.65880000025034 41.60393191409248 6.049185403450018
    endloop
  endfacet
  facet normal -1 0 0
    outer loop
      vertex 33.65880000025034 42.948599907624775 7.085910486556441
      vertex 33.65880000025034 43.39499069023482 6.654284496238424
      vertex 33.65880000025034 41.60393191409248 6.049185403450018
    endloop
  endfacet
  facet normal -1 0 0
    outer loop
      vertex 33.65880000025034 43.40084083664515 6.306394287506784
      vertex 33.65880000025034 42.4040630518445 5.27551935081069
      vertex 33.65880000025034 41.60393191409248 6.049185403450018
    endloop
  endfacet
  facet normal -0.9987569213873624 0.03464875742136006 0.03583400047432459
    outer loop
      vertex 33.65880000025034 42.4040630518445 5.27551935081069
      vertex 33.65045170336962 42.28778793719676 5.155266769664143
      vertex 33.65045170336962 41.48765679944474 5.928932822303471
    endloop
  endfacet
  facet normal -0.9888308244897649 0.10360193236414666 0.10714588255881097
    outer loop
      vertex 33.65045170336962 42.28778793719676 5.155266769664143
      vertex 33.62548977836966 42.172668417724026 5.0362093135705805
      vertex 33.62548977836966 41.37253727997201 5.8098753662099085
    endloop
  endfacet
  facet normal -0.969077288762579 0.171525439568928 0.17739287467442136
    outer loop
      vertex 33.62548977836966 42.172668417724026 5.0362093135705805
      vertex 33.58416231483221 42.05984860358259 4.9195302296919365
      vertex 33.58416231483221 41.25971746583056 5.6931962823312645
    endloop
  endfacet
  facet normal -0.9987569213873622 0.03464875742136093 0.0358340004743258
    outer loop
      vertex 33.65880000025034 42.4040630518445 5.27551935081069
      vertex 33.65045170336962 41.48765679944474 5.928932822303471
      vertex 33.65880000025034 41.60393191409248 6.049185403450018
    endloop
  endfacet
  facet normal -0.9888308244897649 0.10360193236414666 0.10714588255881097
    outer loop
      vertex 33.65045170336962 42.28778793719676 5.155266769664143
      vertex 33.62548977836966 41.37253727997201 5.8098753662099085
      vertex 33.65045170336962 41.48765679944474 5.928932822303471
    endloop
  endfacet
  facet normal -0.9690772887625809 0.17152543956892377 0.17739287467441547
    outer loop
      vertex 33.62548977836966 42.172668417724026 5.0362093135705805
      vertex 33.58416231483221 41.25971746583056 5.6931962823312645
      vertex 33.62548977836966 41.37253727997201 5.8098753662099085
    endloop
  endfacet
  facet normal -1 0 0
    outer loop
      vertex 33.65880000025034 42.600709698893134 7.080060340146111
      vertex 33.65880000025034 42.948599907624775 7.085910486556441
      vertex 33.65880000025034 41.60393191409248 6.049185403450018
    endloop
  endfacet
  facet normal -0.41128708836045014 0.6336038996121256 0.6552778260740179
    outer loop
      vertex 32.74523390561342 41.364872696071195 4.200781020404138
      vertex 32.5925729213655 41.31699072209361 4.151261129766828
      vertex 32.5925729213655 40.51685958434159 4.924927182406156
    endloop
  endfacet
  facet normal -0.5837436584827556 0.5643925245934648 0.5836989115667283
    outer loop
      vertex 32.89027772203087 41.423082614450905 4.26098214731506
      vertex 32.89027772203087 40.62295147669889 5.034648199954388
      vertex 33.02626286879182 41.4910419542184 4.331266197731308
    endloop
  endfacet
  facet normal -0.5000000192191635 0.601989620326412 0.6225821052681311
    outer loop
      vertex 32.89027772203087 41.423082614450905 4.26098214731506
      vertex 32.74523390561342 41.364872696071195 4.200781020404138
      vertex 32.74523390561342 40.56474155831918 4.974447073043466
    endloop
  endfacet
  facet normal -0.5837436584827556 0.5643925245934648 0.5836989115667284
    outer loop
      vertex 32.89027772203087 40.62295147669889 5.034648199954388
      vertex 33.02626286879182 40.690910816466385 5.104932250370636
      vertex 33.02626286879182 41.4910419542184 4.331266197731308
    endloop
  endfacet
  facet normal -0.5000000192191634 0.6019896203264121 0.6225821052681311
    outer loop
      vertex 32.89027772203087 41.423082614450905 4.26098214731506
      vertex 32.74523390561342 40.56474155831918 4.974447073043466
      vertex 32.89027772203087 40.62295147669889 5.034648199954388
    endloop
  endfacet
  facet normal -0.41128708836044975 0.6336038996121256 0.655277826074018
    outer loop
      vertex 32.74523390561342 41.364872696071195 4.200781020404138
      vertex 32.5925729213655 40.51685958434159 4.924927182406156
      vertex 32.74523390561342 40.56474155831918 4.974447073043466
    endloop
  endfacet
  facet normal -0.037391195797055056 0.6946316550440677 0.718393180847094
    outer loop
      vertex 31.978800000250338 41.236265235883195 4.067774236543611
      vertex 31.978800000250338 40.43613409813117 4.841440289182939
      vertex 32.104346555918454 41.23953063552049 4.071151336932202
    endloop
  endfacet
  facet normal -0.12434369247355823 0.6897230834288361 0.7133166998798359
    outer loop
      vertex 32.27052894026041 41.25400670765691 4.086122597502808
      vertex 32.104346555918454 41.23953063552049 4.071151336932202
      vertex 32.104346555918454 40.43939949776847 4.84481738957153
    endloop
  endfacet
  facet normal -0.31848664945096494 0.6589211219393726 0.6814610841300159
    outer loop
      vertex 32.5925729213655 41.31699072209361 4.151261129766828
      vertex 32.43381198629737 41.27991255947702 4.112914620521712
      vertex 32.43381198629737 40.479781421725 4.88658067316104
    endloop
  endfacet
  facet normal -0.22252095193183938 0.6776896915323904 0.700871677229207
    outer loop
      vertex 32.43381198629737 41.27991255947702 4.112914620521712
      vertex 32.27052894026041 41.25400670765691 4.086122597502808
      vertex 32.27052894026041 40.453875569904895 4.859788650142136
    endloop
  endfacet
  facet normal -0.03739119579709435 0.6946316550440699 0.7183931808470899
    outer loop
      vertex 32.104346555918454 41.23953063552049 4.071151336932202
      vertex 31.978800000250338 40.43613409813117 4.841440289182939
      vertex 32.104346555918454 40.43939949776847 4.84481738957153
    endloop
  endfacet
  facet normal -0.12434369247355857 0.6897230834288361 0.7133166998798358
    outer loop
      vertex 32.27052894026041 41.25400670765691 4.086122597502808
      vertex 32.104346555918454 40.43939949776847 4.84481738957153
      vertex 32.27052894026041 40.453875569904895 4.859788650142136
    endloop
  endfacet
  facet normal -0.22252095193183916 0.6776896915323904 0.700871677229207
    outer loop
      vertex 32.43381198629737 41.27991255947702 4.112914620521712
      vertex 32.27052894026041 40.453875569904895 4.859788650142136
      vertex 32.43381198629737 40.479781421725 4.88658067316104
    endloop
  endfacet
  facet normal -0.3184866494509649 0.6589211219393726 0.6814610841300159
    outer loop
      vertex 32.5925729213655 41.31699072209361 4.151261129766828
      vertex 32.43381198629737 40.479781421725 4.88658067316104
      vertex 32.5925729213655 40.51685958434159 4.924927182406156
    endloop
  endfacet
  facet normal -0.9396926175566438 0.23774427782832092 0.2458768855940578
    outer loop
      vertex 33.58416231483221 42.05984860358259 4.9195302296919365
      vertex 33.52688003540039 41.95044974582615 4.8063891241376595
      vertex 33.52688003540039 41.15031860807413 5.5800551767769875
    endloop
  endfacet
  facet normal -0.8532908761377501 0.36245887034036783 0.37485763699257263
    outer loop
      vertex 33.454212243407966 41.845559099418026 4.697910444009757
      vertex 33.36688114017248 41.74621911904777 4.595172303636723
      vertex 33.36688114017248 40.946087981295754 5.368838356276051
    endloop
  endfacet
  facet normal -0.9009688718240696 0.3016002817933192 0.31191723585953646
    outer loop
      vertex 33.52688003540039 41.95044974582615 4.8063891241376595
      vertex 33.454212243407966 41.845559099418026 4.697910444009757
      vertex 33.454212243407966 41.04542796166601 5.471576496649085
    endloop
  endfacet
  facet normal -0.7971325121866322 0.4197151571388759 0.43407251108877815
    outer loop
      vertex 33.36688114017248 41.74621911904777 4.595172303636723
      vertex 33.26575466528535 41.653417085636114 4.499195756228367
      vertex 33.26575466528535 40.853285947884096 5.272861808867695
    endloop
  endfacet
  facet normal -0.7330518671150509 0.4728001449876533 0.48897339704608855
    outer loop
      vertex 33.26575466528535 41.653417085636114 4.499195756228367
      vertex 33.151837853640316 41.568075309265915 4.410934661674826
      vertex 33.151837853640316 40.767944171513896 5.184600714314154
    endloop
  endfacet
  facet normal -0.6616858469486867 0.5211862152599314 0.5390146277892907
    outer loop
      vertex 33.151837853640316 41.568075309265915 4.410934661674826
      vertex 33.02626286879182 41.4910419542184 4.331266197731308
      vertex 33.02626286879182 40.690910816466385 5.104932250370636
    endloop
  endfacet
  facet normal -0.9396926175566405 0.23774427782832633 0.24587688559406556
    outer loop
      vertex 33.58416231483221 42.05984860358259 4.9195302296919365
      vertex 33.52688003540039 41.15031860807413 5.5800551767769875
      vertex 33.58416231483221 41.25971746583056 5.6931962823312645
    endloop
  endfacet
  facet normal -0.9009688718240696 0.3016002817933192 0.31191723585953646
    outer loop
      vertex 33.52688003540039 41.95044974582615 4.8063891241376595
      vertex 33.454212243407966 41.04542796166601 5.471576496649085
      vertex 33.52688003540039 41.15031860807413 5.5800551767769875
    endloop
  endfacet
  facet normal -0.8532908761377501 0.36245887034036783 0.37485763699257263
    outer loop
      vertex 33.454212243407966 41.845559099418026 4.697910444009757
      vertex 33.36688114017248 40.946087981295754 5.368838356276051
      vertex 33.454212243407966 41.04542796166601 5.471576496649085
    endloop
  endfacet
  facet normal -0.7971325121866322 0.4197151571388759 0.4340725110887781
    outer loop
      vertex 33.36688114017248 41.74621911904777 4.595172303636723
      vertex 33.26575466528535 40.853285947884096 5.272861808867695
      vertex 33.36688114017248 40.946087981295754 5.368838356276051
    endloop
  endfacet
  facet normal -0.7330518671150509 0.4728001449876533 0.4889733970460886
    outer loop
      vertex 33.26575466528535 41.653417085636114 4.499195756228367
      vertex 33.151837853640316 40.767944171513896 5.184600714314154
      vertex 33.26575466528535 40.853285947884096 5.272861808867695
    endloop
  endfacet
  facet normal -0.6616858469486866 0.5211862152599315 0.5390146277892908
    outer loop
      vertex 33.151837853640316 41.568075309265915 4.410934661674826
      vertex 33.02626286879182 40.690910816466385 5.104932250370636
      vertex 33.151837853640316 40.767944171513896 5.184600714314154
    endloop
  endfacet
  facet normal 1 0 0
    outer loop
      vertex 62.521199999749655 43.40084083664515 6.306394287506784
      vertex 62.521199999749655 43.39499069023482 6.654284496238424
      vertex 62.521199999749655 42.4040630518445 5.27551935081069
    endloop
  endfacet
  facet normal 1 0 0
    outer loop
      vertex 62.521199999749655 43.39499069023482 6.654284496238424
      vertex 62.521199999749655 42.948599907624775 7.085910486556441
      vertex 62.521199999749655 42.4040630518445 5.27551935081069
    endloop
  endfacet
  facet normal 1 0 0
    outer loop
      vertex 62.521199999749655 42.948599907624775 7.085910486556441
      vertex 62.521199999749655 42.600709698893134 7.080060340146111
      vertex 62.521199999749655 42.4040630518445 5.27551935081069
    endloop
  endfacet
  facet normal 0.9993007047314958 0.025991283802390807 0.026880377405078856
    outer loop
      vertex 62.521199999749655 42.4040630518445 5.27551935081069
      vertex 62.521199999749655 41.60393191409248 6.049185403450018
      vertex 62.52589762061834 42.31679341285004 5.185264446512342
    endloop
  endfacet
  facet normal 0.9922392081257642 0.08643350743998571 0.08939017087789146
    outer loop
      vertex 62.54672297313809 42.201277088156125 5.065796611532431
      vertex 62.52589762061834 42.31679341285004 5.185264446512342
      vertex 62.52589762061834 41.51666227509802 5.95893049915167
    endloop
  endfacet
  facet normal 0.9749279080790214 0.15467826289979936 0.15996940030819568
    outer loop
      vertex 62.58399126604199 42.0877761449743 4.948413098976607
      vertex 62.54672297313809 42.201277088156125 5.065796611532431
      vertex 62.54672297313809 41.40114595040411 5.839462664171759
    endloop
  endfacet
  facet normal 1 0 0
    outer loop
      vertex 62.521199999749655 42.600709698893134 7.080060340146111
      vertex 62.521199999749655 41.60393191409248 6.049185403450018
      vertex 62.521199999749655 42.4040630518445 5.27551935081069
    endloop
  endfacet
  facet normal 0.9993007047314958 0.025991283802391952 0.026880377405079803
    outer loop
      vertex 62.52589762061834 42.31679341285004 5.185264446512342
      vertex 62.521199999749655 41.60393191409248 6.049185403450018
      vertex 62.52589762061834 41.51666227509802 5.95893049915167
    endloop
  endfacet
  facet normal 0.9922392081257642 0.08643350743998574 0.08939017087789149
    outer loop
      vertex 62.54672297313809 42.201277088156125 5.065796611532431
      vertex 62.52589762061834 41.51666227509802 5.95893049915167
      vertex 62.54672297313809 41.40114595040411 5.839462664171759
    endloop
  endfacet
  facet normal 0.9749279080790214 0.15467826289979933 0.15996940030819565
    outer loop
      vertex 62.58399126604199 42.0877761449743 4.948413098976607
      vertex 62.54672297313809 41.40114595040411 5.839462664171759
      vertex 62.58399126604199 41.28764500722228 5.722079151615935
    endloop
  endfacet
  facet normal 0.9479273464361473 0.2213857224057818 0.22895874692484366
    outer loop
      vertex 62.63733210325241 41.977418601383505 4.834280513461721
      vertex 62.58399126604199 42.0877761449743 4.948413098976607
      vertex 62.58399126604199 41.28764500722228 5.722079151615935
    endloop
  endfacet
  facet normal 0.9115058589762411 0.28589295447641205 0.29567260210025054
    outer loop
      vertex 62.706215359568596 41.87130124186729 4.724533157589917
      vertex 62.63733210325241 41.977418601383505 4.834280513461721
      vertex 62.63733210325241 41.17728746363148 5.607946566101049
    endloop
  endfacet
  facet normal 0.8660253926882514 0.34755888715758737 0.3594479644913004
    outer loop
      vertex 62.789956450313326 41.77047871089646 4.620261752451325
      vertex 62.706215359568596 41.87130124186729 4.724533157589917
      vertex 62.706215359568596 41.071170104115275 5.498199210229245
    endloop
  endfacet
  facet normal 0.8119380156028881 0.4057705770579991 0.4196509235219942
    outer loop
      vertex 62.8877231092751 41.675953021973484 4.522502587800481
      vertex 62.789956450313326 41.77047871089646 4.620261752451325
      vertex 62.789956450313326 40.970347573144444 5.393927805090653
    endloop
  endfacet
  facet normal 0.7497811947146991 0.45994957554713295 0.47568324335234985
    outer loop
      vertex 62.998543693721295 41.58866362135119 4.432227245880876
      vertex 62.8877231092751 41.675953021973484 4.522502587800481
      vertex 62.8877231092751 40.875821884221466 5.296168640439809
    endloop
  endfacet
  facet normal 0.6801727428522357 0.5095573627400711 0.5269879827455745
    outer loop
      vertex 63.121316816210744 41.50947802382718 4.350332916894466
      vertex 62.998543693721295 41.58866362135119 4.432227245880876
      vertex 62.998543693721295 40.78853248359917 5.205893298520204
    endloop
  endfacet
  facet normal 0.9479273464361503 0.2213857224057746 0.22895874692483822
    outer loop
      vertex 62.63733210325241 41.977418601383505 4.834280513461721
      vertex 62.58399126604199 41.28764500722228 5.722079151615935
      vertex 62.63733210325241 41.17728746363148 5.607946566101049
    endloop
  endfacet
  facet normal 0.9115058589762361 0.28589295447642094 0.29567260210025714
    outer loop
      vertex 62.706215359568596 41.87130124186729 4.724533157589917
      vertex 62.63733210325241 41.17728746363148 5.607946566101049
      vertex 62.706215359568596 41.071170104115275 5.498199210229245
    endloop
  endfacet
  facet normal 0.8660253926882514 0.3475588871575874 0.35944796449130045
    outer loop
      vertex 62.789956450313326 41.77047871089646 4.620261752451325
      vertex 62.706215359568596 41.071170104115275 5.498199210229245
      vertex 62.789956450313326 40.970347573144444 5.393927805090653
    endloop
  endfacet
  facet normal 0.8119380156028881 0.40577057705799907 0.4196509235219942
    outer loop
      vertex 62.8877231092751 41.675953021973484 4.522502587800481
      vertex 62.789956450313326 40.970347573144444 5.393927805090653
      vertex 62.8877231092751 40.875821884221466 5.296168640439809
    endloop
  endfacet
  facet normal 0.7497811947146992 0.4599495755471327 0.4756832433523496
    outer loop
      vertex 62.998543693721295 41.58866362135119 4.432227245880876
      vertex 62.8877231092751 40.875821884221466 5.296168640439809
      vertex 62.998543693721295 40.78853248359917 5.205893298520204
    endloop
  endfacet
  facet normal 0.6801727428522357 0.509557362740071 0.5269879827455745
    outer loop
      vertex 63.121316816210744 41.50947802382718 4.350332916894466
      vertex 62.998543693721295 40.78853248359917 5.205893298520204
      vertex 63.121316816210744 40.70934688607516 5.123998969533794
    endloop
  endfacet
  facet normal 0.6038044037724656 0.5541009564067291 0.5730552958433638
    outer loop
      vertex 63.25482230320573 41.43918321638131 4.2776335085801875
      vertex 63.121316816210744 41.50947802382718 4.350332916894466
      vertex 63.121316816210744 40.70934688607516 5.123998969533794
    endloop
  endfacet
  facet normal 0.5214352123706864 0.5931376318651083 0.6134273135143141
    outer loop
      vertex 63.25482230320573 41.43918321638131 4.2776335085801875
      vertex 63.25482230320573 40.63905207862929 5.0512995612195155
      vertex 63.39773331463337 41.378477816605184 4.214851536403874
    endloop
  endfacet
  facet normal 0.43388373097417926 0.6262794528364679 0.6477028291977582
    outer loop
      vertex 63.54862954303622 41.327965144712635 4.162610958580403
      vertex 63.39773331463337 41.378477816605184 4.214851536403874
      vertex 63.39773331463337 40.578346678853165 4.988517589043202
    endloop
  endfacet
  facet normal 0.6038044037724656 0.5541009564067292 0.5730552958433639
    outer loop
      vertex 63.25482230320573 41.43918321638131 4.2776335085801875
      vertex 63.121316816210744 40.70934688607516 5.123998969533794
      vertex 63.25482230320573 40.63905207862929 5.0512995612195155
    endloop
  endfacet
  facet normal 0.521435212370686 0.5931376318651084 0.6134273135143141
    outer loop
      vertex 63.39773331463337 41.378477816605184 4.214851536403874
      vertex 63.25482230320573 40.63905207862929 5.0512995612195155
      vertex 63.39773331463337 40.578346678853165 4.988517589043202
    endloop
  endfacet
  facet normal 0.43388373097417937 0.6262794528364678 0.6477028291977581
    outer loop
      vertex 63.54862954303622 41.327965144712635 4.162610958580403
      vertex 63.39773331463337 40.578346678853165 4.988517589043202
      vertex 63.54862954303622 40.52783400696062 4.936277011219731
    endloop
  endfacet
  facet normal 0.3420201521979906 0.6531970157485824 0.675541171289811
    outer loop
      vertex 63.706011307686566 41.28814721565682 4.121430962676914
      vertex 63.54862954303622 41.327965144712635 4.162610958580403
      vertex 63.54862954303622 40.52783400696062 4.936277011219731
    endloop
  endfacet
  facet normal 0.2467573877406377 0.673622822211094 0.6966656909822511
    outer loop
      vertex 63.868314477950335 41.25941976228881 4.091720818526669
      vertex 63.706011307686566 41.28814721565682 4.121430962676914
      vertex 63.706011307686566 40.4880160779048 4.895097015316242
    endloop
  endfacet
  facet normal 0.1490422776895273 0.6873538554728414 0.7108664268536937
    outer loop
      vertex 64.03392601624131 41.24206828520718 4.073775792954411
      vertex 63.868314477950335 41.25941976228881 4.091720818526669
      vertex 63.868314477950335 40.45928862453679 4.865386871165997
    endloop
  endfacet
  facet normal 0.04984588228568743 0.6942536615907156 0.7180022572297704
    outer loop
      vertex 64.03392601624131 41.24206828520718 4.073775792954411
      vertex 64.03392601624131 40.441937147455164 4.847441845593739
      vertex 64.20119999974966 41.236265235883195 4.067774236543611
    endloop
  endfacet
  facet normal 0.3420201521979906 0.6531970157485824 0.6755411712898111
    outer loop
      vertex 63.706011307686566 41.28814721565682 4.121430962676914
      vertex 63.54862954303622 40.52783400696062 4.936277011219731
      vertex 63.706011307686566 40.4880160779048 4.895097015316242
    endloop
  endfacet
  facet normal 0.24675738774063807 0.6736228222110939 0.6966656909822511
    outer loop
      vertex 63.868314477950335 41.25941976228881 4.091720818526669
      vertex 63.706011307686566 40.4880160779048 4.895097015316242
      vertex 63.868314477950335 40.45928862453679 4.865386871165997
    endloop
  endfacet
  facet normal 0.1490422776895275 0.6873538554728414 0.7108664268536938
    outer loop
      vertex 64.03392601624131 41.24206828520718 4.073775792954411
      vertex 63.868314477950335 40.45928862453679 4.865386871165997
      vertex 64.03392601624131 40.441937147455164 4.847441845593739
    endloop
  endfacet
  facet normal 0.04984588228571703 0.6942536615907114 0.7180022572297725
    outer loop
      vertex 64.20119999974966 41.236265235883195 4.067774236543611
      vertex 64.03392601624131 40.441937147455164 4.847441845593739
      vertex 64.20119999974966 40.43613409813117 4.841440289182939
    endloop
  endfacet
  facet normal -1 0 0
    outer loop
      vertex 71.76119999974966 43.39499069023482 6.654284496238424
      vertex 71.76119999974966 43.40084083664515 6.306394287506784
      vertex 71.76119999974966 41.60393191409248 6.049185403450018
    endloop
  endfacet
  facet normal -1 0 0
    outer loop
      vertex 71.76119999974966 42.948599907624775 7.085910486556441
      vertex 71.76119999974966 43.39499069023482 6.654284496238424
      vertex 71.76119999974966 41.60393191409248 6.049185403450018
    endloop
  endfacet
  facet normal -1 0 0
    outer loop
      vertex 71.76119999974966 43.40084083664515 6.306394287506784
      vertex 71.76119999974966 42.4040630518445 5.27551935081069
      vertex 71.76119999974966 41.60393191409248 6.049185403450018
    endloop
  endfacet
  facet normal -0.9987569213873603 0.03464875742138948 0.03583400047435501
    outer loop
      vertex 71.76119999974966 42.4040630518445 5.27551935081069
      vertex 71.75285170286894 42.28778793719676 5.155266769664143
      vertex 71.75285170286894 41.48765679944474 5.928932822303471
    endloop
  endfacet
  facet normal -0.9888308244897649 0.10360193236414666 0.10714588255881097
    outer loop
      vertex 71.75285170286894 42.28778793719676 5.155266769664143
      vertex 71.72788977786898 42.172668417724026 5.0362093135705805
      vertex 71.72788977786898 41.37253727997201 5.8098753662099085
    endloop
  endfacet
  facet normal -0.9690772887625689 0.17152543956895566 0.17739287467445
    outer loop
      vertex 71.72788977786898 42.172668417724026 5.0362093135705805
      vertex 71.68656231433152 42.05984860358259 4.9195302296919365
      vertex 71.68656231433152 41.25971746583056 5.6931962823312645
    endloop
  endfacet
  facet normal -0.9987569213873602 0.03464875742139035 0.035834000474356226
    outer loop
      vertex 71.76119999974966 42.4040630518445 5.27551935081069
      vertex 71.75285170286894 41.48765679944474 5.928932822303471
      vertex 71.76119999974966 41.60393191409248 6.049185403450018
    endloop
  endfacet
  facet normal -0.9888308244897649 0.10360193236414666 0.10714588255881097
    outer loop
      vertex 71.75285170286894 42.28778793719676 5.155266769664143
      vertex 71.72788977786898 41.37253727997201 5.8098753662099085
      vertex 71.75285170286894 41.48765679944474 5.928932822303471
    endloop
  endfacet
  facet normal -0.9690772887625706 0.17152543956895147 0.1773928746744441
    outer loop
      vertex 71.72788977786898 42.172668417724026 5.0362093135705805
      vertex 71.68656231433152 41.25971746583056 5.6931962823312645
      vertex 71.72788977786898 41.37253727997201 5.8098753662099085
    endloop
  endfacet
  facet normal -1 0 0
    outer loop
      vertex 71.76119999974966 42.600709698893134 7.080060340146111
      vertex 71.76119999974966 42.948599907624775 7.085910486556441
      vertex 71.76119999974966 41.60393191409248 6.049185403450018
    endloop
  endfacet
  facet normal 0 0.6951177475960141 0.718895901349454
    outer loop
      vertex 64.20119999974966 41.236265235883195 4.067774236543611
      vertex 64.20119999974966 40.43613409813117 4.841440289182939
      vertex 70.08119999974966 41.236265235883195 4.067774236543611
    endloop
  endfacet
  facet normal 0 0.6951177475960141 0.718895901349454
    outer loop
      vertex 70.08119999974966 41.236265235883195 4.067774236543611
      vertex 64.20119999974966 40.43613409813117 4.841440289182939
      vertex 70.08119999974966 40.43613409813117 4.841440289182939
    endloop
  endfacet
  facet normal -0.9396926175566573 0.23774427782829485 0.24587688559403081
    outer loop
      vertex 71.68656231433152 42.05984860358259 4.9195302296919365
      vertex 71.62928003489971 41.95044974582615 4.8063891241376595
      vertex 71.62928003489971 41.15031860807413 5.5800551767769875
    endloop
  endfacet
  facet normal -0.900968871824053 0.30160028179334314 0.31191723585956116
    outer loop
      vertex 71.62928003489971 41.95044974582615 4.8063891241376595
      vertex 71.55661224290728 41.845559099418026 4.697910444009757
      vertex 71.55661224290728 41.04542796166601 5.471576496649085
    endloop
  endfacet
  facet normal -0.8532908761377501 0.36245887034036783 0.37485763699257263
    outer loop
      vertex 71.55661224290728 41.845559099418026 4.697910444009757
      vertex 71.46928113967179 41.74621911904777 4.595172303636723
      vertex 71.46928113967179 40.946087981295754 5.368838356276051
    endloop
  endfacet
  facet normal -0.6616858469486446 0.5211862152599571 0.5390146277893174
    outer loop
      vertex 71.25423785313964 41.568075309265915 4.410934661674826
      vertex 71.12866286829113 41.4910419542184 4.331266197731308
      vertex 71.12866286829113 40.690910816466385 5.104932250370636
    endloop
  endfacet
  facet normal -0.733051867115072 0.4728001449876375 0.48897339704607223
    outer loop
      vertex 71.36815466478467 41.653417085636114 4.499195756228367
      vertex 71.25423785313964 41.568075309265915 4.410934661674826
      vertex 71.25423785313964 40.767944171513896 5.184600714314154
    endloop
  endfacet
  facet normal -0.4112870883604183 0.6336038996121356 0.6552778260740283
    outer loop
      vertex 70.84763390511274 41.364872696071195 4.200781020404138
      vertex 70.69497292086481 41.31699072209361 4.151261129766828
      vertex 70.69497292086481 40.51685958434159 4.924927182406156
    endloop
  endfacet
  facet normal -0.5000000192191635 0.6019896203264121 0.6225821052681311
    outer loop
      vertex 70.84763390511274 41.364872696071195 4.200781020404138
      vertex 70.84763390511274 40.56474155831918 4.974447073043466
      vertex 70.9926777215302 41.423082614450905 4.26098214731506
    endloop
  endfacet
  facet normal -0.5837436584827957 0.5643925245934447 0.5836989115667076
    outer loop
      vertex 71.12866286829113 41.4910419542184 4.331266197731308
      vertex 70.9926777215302 41.423082614450905 4.26098214731506
      vertex 70.9926777215302 40.62295147669889 5.034648199954388
    endloop
  endfacet
  facet normal -0.7971325121866526 0.41971515713885715 0.43407251108875866
    outer loop
      vertex 71.46928113967179 41.74621911904777 4.595172303636723
      vertex 71.36815466478467 41.653417085636114 4.499195756228367
      vertex 71.36815466478467 40.853285947884096 5.272861808867695
    endloop
  endfacet
  facet normal -0.939692617556654 0.2377442778283003 0.2458768855940386
    outer loop
      vertex 71.68656231433152 42.05984860358259 4.9195302296919365
      vertex 71.62928003489971 41.15031860807413 5.5800551767769875
      vertex 71.68656231433152 41.25971746583056 5.6931962823312645
    endloop
  endfacet
  facet normal -0.900968871824053 0.30160028179334314 0.31191723585956116
    outer loop
      vertex 71.62928003489971 41.95044974582615 4.8063891241376595
      vertex 71.55661224290728 41.04542796166601 5.471576496649085
      vertex 71.62928003489971 41.15031860807413 5.5800551767769875
    endloop
  endfacet
  facet normal -0.8532908761377501 0.36245887034036783 0.37485763699257263
    outer loop
      vertex 71.55661224290728 41.845559099418026 4.697910444009757
      vertex 71.46928113967179 40.946087981295754 5.368838356276051
      vertex 71.55661224290728 41.04542796166601 5.471576496649085
    endloop
  endfacet
  facet normal -0.7971325121866526 0.41971515713885715 0.43407251108875866
    outer loop
      vertex 71.46928113967179 41.74621911904777 4.595172303636723
      vertex 71.36815466478467 40.853285947884096 5.272861808867695
      vertex 71.46928113967179 40.946087981295754 5.368838356276051
    endloop
  endfacet
  facet normal -0.733051867115072 0.4728001449876375 0.48897339704607223
    outer loop
      vertex 71.36815466478467 41.653417085636114 4.499195756228367
      vertex 71.25423785313964 40.767944171513896 5.184600714314154
      vertex 71.36815466478467 40.853285947884096 5.272861808867695
    endloop
  endfacet
  facet normal -0.6616858469486445 0.5211862152599573 0.5390146277893175
    outer loop
      vertex 71.25423785313964 41.568075309265915 4.410934661674826
      vertex 71.12866286829113 40.690910816466385 5.104932250370636
      vertex 71.25423785313964 40.767944171513896 5.184600714314154
    endloop
  endfacet
  facet normal -0.411287088360418 0.6336038996121357 0.6552778260740283
    outer loop
      vertex 70.84763390511274 41.364872696071195 4.200781020404138
      vertex 70.69497292086481 40.51685958434159 4.924927182406156
      vertex 70.84763390511274 40.56474155831918 4.974447073043466
    endloop
  endfacet
  facet normal -0.5000000192191634 0.6019896203264121 0.6225821052681311
    outer loop
      vertex 70.9926777215302 41.423082614450905 4.26098214731506
      vertex 70.84763390511274 40.56474155831918 4.974447073043466
      vertex 70.9926777215302 40.62295147669889 5.034648199954388
    endloop
  endfacet
  facet normal -0.5837436584827957 0.5643925245934447 0.5836989115667076
    outer loop
      vertex 71.12866286829113 41.4910419542184 4.331266197731308
      vertex 70.9926777215302 40.62295147669889 5.034648199954388
      vertex 71.12866286829113 40.690910816466385 5.104932250370636
    endloop
  endfacet
  facet normal -0.03739119579705295 0.6946316550440678 0.7183931808470942
    outer loop
      vertex 70.08119999974966 41.236265235883195 4.067774236543611
      vertex 70.08119999974966 40.43613409813117 4.841440289182939
      vertex 70.20674655541778 41.23953063552049 4.071151336932202
    endloop
  endfacet
  facet normal -0.12434369247356344 0.6897230834288357 0.7133166998798354
    outer loop
      vertex 70.37292893975973 41.25400670765691 4.086122597502808
      vertex 70.20674655541778 41.23953063552049 4.071151336932202
      vertex 70.20674655541778 40.43939949776847 4.84481738957153
    endloop
  endfacet
  facet normal -0.22252095193184857 0.6776896915323889 0.7008716772292055
    outer loop
      vertex 70.53621198579668 41.27991255947702 4.112914620521712
      vertex 70.37292893975973 41.25400670765691 4.086122597502808
      vertex 70.37292893975973 40.453875569904895 4.859788650142136
    endloop
  endfacet
  facet normal -0.31848664945096494 0.6589211219393726 0.6814610841300159
    outer loop
      vertex 70.69497292086481 41.31699072209361 4.151261129766828
      vertex 70.53621198579668 41.27991255947702 4.112914620521712
      vertex 70.53621198579668 40.479781421725 4.88658067316104
    endloop
  endfacet
  facet normal -0.037391195797092235 0.6946316550440699 0.71839318084709
    outer loop
      vertex 70.20674655541778 41.23953063552049 4.071151336932202
      vertex 70.08119999974966 40.43613409813117 4.841440289182939
      vertex 70.20674655541778 40.43939949776847 4.84481738957153
    endloop
  endfacet
  facet normal -0.12434369247356382 0.6897230834288357 0.7133166998798354
    outer loop
      vertex 70.37292893975973 41.25400670765691 4.086122597502808
      vertex 70.20674655541778 40.43939949776847 4.84481738957153
      vertex 70.37292893975973 40.453875569904895 4.859788650142136
    endloop
  endfacet
  facet normal -0.22252095193184834 0.6776896915323889 0.7008716772292055
    outer loop
      vertex 70.53621198579668 41.27991255947702 4.112914620521712
      vertex 70.37292893975973 40.453875569904895 4.859788650142136
      vertex 70.53621198579668 40.479781421725 4.88658067316104
    endloop
  endfacet
  facet normal -0.3184866494509649 0.6589211219393726 0.6814610841300159
    outer loop
      vertex 70.69497292086481 41.31699072209361 4.151261129766828
      vertex 70.53621198579668 40.479781421725 4.88658067316104
      vertex 70.69497292086481 40.51685958434159 4.924927182406156
    endloop
  endfacet
  facet normal -0.7071067811865358 2.254295364554646e-16 -0.7071067811865591
    outer loop
      vertex 0.35332886627716587 37.367502357264044 0.0666711337228385
      vertex 0.4199999967670574 0.7122489357918482 3.2329374732853466e-9
      vertex 0 37.70914454109929 0.4199999999999928
    endloop
  endfacet
  facet normal -0.7071067811865721 9.350863999229162e-17 -0.7071067811865229
    outer loop
      vertex 0.35332886627716587 37.367502357264044 0.0666711337228385
      vertex 0.41999999556147904 37.210295428891115 4.438520662120027e-9
      vertex 0.4199999967670574 0.7122489357918482 3.2329374732853466e-9
    endloop
  endfacet
  facet normal -0.7071067811865444 3.3788121095760667e-17 -0.7071067811865508
    outer loop
      vertex 0 0.5341278129680802 0.41999999999999105
      vertex 0 37.70914454109929 0.4199999999999928
      vertex 0.4199999967670574 0.7122489357918482 3.2329374732853466e-9
    endloop
  endfacet
  facet normal 0.7071067811865351 3.3788121095761104e-17 -0.70710678118656
    outer loop
      vertex 96.17999999999999 37.70914454109929 0.4199999999999928
      vertex 96.17999999999999 0.5341278129680802 0.41999999999999105
      vertex 95.82667113372283 37.367502357264044 0.0666711337228385
    endloop
  endfacet
  facet normal 0.7071067811865568 1.0324448129315494e-16 -0.7071067811865382
    outer loop
      vertex 95.76000000443851 37.210295428891115 4.438520662120027e-9
      vertex 95.82667113372283 37.367502357264044 0.0666711337228385
      vertex 95.76000000323293 0.7122489357918482 3.2329374732853466e-9
    endloop
  endfacet
  facet normal 0.7071067811865416 1.585930685512629e-16 -0.7071067811865535
    outer loop
      vertex 95.82667113372283 37.367502357264044 0.0666711337228385
      vertex 96.17999999999999 0.5341278129680802 0.41999999999999105
      vertex 95.76000000323293 0.7122489357918482 3.2329374732853466e-9
    endloop
  endfacet
endsolid OpenSCAD_Model
