solid OpenSCAD_Model
  facet normal -0.546600927020053 0.44858380836616113 0.707106776556787
    outer loop
      vertex 0.8383564054965973 -1.223814569413662 3
      vertex 1.012103334069252 -1.012103334069252 3
      vertex 0.5857864394783974 -0.5857864394783974 2.4
    endloop
  endfacet
  facet normal -0.3333278251580292 0.6236125129918704 0.7071067773790481
    outer loop
      vertex 1.223814569413662 -0.8383564054965973 3
      vertex 1.4653541594743729 -0.709250807762146 3
      vertex 1.234633132815361 -0.15224093198776245 2.4
    endloop
  endfacet
  facet normal -0.20526226445431045 0.6766590026587156 0.7071067790030025
    outer loop
      vertex 1.7274399101734161 -0.6297479644417763 3
      vertex 1.234633132815361 -0.15224093198776245 2.4
      vertex 1.4653541594743729 -0.709250807762146 3
    endloop
  endfacet
  facet normal -0.44858380836616113 0.546600927020053 0.707106776556787
    outer loop
      vertex 1.223814569413662 -0.8383564054965973 3
      vertex 0.5857864394783974 -0.5857864394783974 2.4
      vertex 1.012103334069252 -1.012103334069252 3
    endloop
  endfacet
  facet normal -0.6236125129918704 0.3333278251580292 0.7071067773790481
    outer loop
      vertex 0.8383564054965973 -1.223814569413662 3
      vertex 0.15224093198776245 -1.234633132815361 2.4
      vertex 0.709250807762146 -1.4653541594743729 3
    endloop
  endfacet
  facet normal -0.6766590026587156 0.20526226445431045 0.7071067790030025
    outer loop
      vertex 0.709250807762146 -1.4653541594743729 3
      vertex 0.15224093198776245 -1.234633132815361 2.4
      vertex 0.6297479644417763 -1.7274399101734161 3
    endloop
  endfacet
  facet normal -0.7037018688018957 0.06930856924909602 0.7071067826526367
    outer loop
      vertex 0.6297479644417763 -1.7274399101734161 3
      vertex 0 -2 2.4
      vertex 0.6000000014901161 -2.02947611361742 3
    endloop
  endfacet
  facet normal -0.06930856924909602 0.7037018688018957 0.7071067826526367
    outer loop
      vertex 1.7274399101734161 -0.6297479644417763 3
      vertex 2.02947611361742 -0.6000000014901161 3
      vertex 2 0 2.4
    endloop
  endfacet
  facet normal -0.44858380543957066 0.546600931181571 0.7071067751964993
    outer loop
      vertex 1.223814569413662 -0.8383564054965973 3
      vertex 0.8888595327734947 -0.337060771882534 2.4
      vertex 0.5857864394783974 -0.5857864394783974 2.4
    endloop
  endfacet
  facet normal -0.546600931181571 0.44858380543957066 0.7071067751964993
    outer loop
      vertex 0.8383564054965973 -1.223814569413662 3
      vertex 0.5857864394783974 -0.5857864394783974 2.4
      vertex 0.337060771882534 -0.8888595327734947 2.4
    endloop
  endfacet
  facet normal -0.33332783215419837 0.6236125114258833 0.7071067754621541
    outer loop
      vertex 1.223814569413662 -0.8383564054965973 3
      vertex 1.234633132815361 -0.15224093198776245 2.4
      vertex 0.8888595327734947 -0.337060771882534 2.4
    endloop
  endfacet
  facet normal -0.2052622604748982 0.6766590051824879 0.7071067777430653
    outer loop
      vertex 1.7274399101734161 -0.6297479644417763 3
      vertex 1.6098193526268005 -0.038429439067840576 2.4
      vertex 1.234633132815361 -0.15224093198776245 2.4
    endloop
  endfacet
  facet normal -0.0693085840369535 0.7037018713783141 0.7071067786391609
    outer loop
      vertex 1.7274399101734161 -0.6297479644417763 3
      vertex 2 0 2.4
      vertex 1.6098193526268005 -0.038429439067840576 2.4
    endloop
  endfacet
  facet normal -0.6236125114258833 0.33332783215419837 0.7071067754621541
    outer loop
      vertex 0.8383564054965973 -1.223814569413662 3
      vertex 0.337060771882534 -0.8888595327734947 2.4
      vertex 0.15224093198776245 -1.234633132815361 2.4
    endloop
  endfacet
  facet normal -0.6766590051824879 0.2052622604748982 0.7071067777430653
    outer loop
      vertex 0.6297479644417763 -1.7274399101734161 3
      vertex 0.15224093198776245 -1.234633132815361 2.4
      vertex 0.038429439067840576 -1.6098193526268005 2.4
    endloop
  endfacet
  facet normal -0.7037018713783141 0.0693085840369535 0.7071067786391609
    outer loop
      vertex 0.6297479644417763 -1.7274399101734161 3
      vertex 0.038429439067840576 -1.6098193526268005 2.4
      vertex 0 -2 2.4
    endloop
  endfacet
  facet normal 2.874834126998121e-19 0.7071067803084883 0.7071067820646069
    outer loop
      vertex 2.02947611361742 -0.6000000014901161 3
      vertex 102.12761413661376 0 2.4
      vertex 2 0 2.4
    endloop
  endfacet
  facet normal -0.0980171391808235 0.9951847267853376 0
    outer loop
      vertex 1.6098193526268005 -0.038429439067840576 2.4
      vertex 2 0 2.4
      vertex 1.6098193526268005 -0.038429439067840576 1
    endloop
  endfacet
  facet normal -0.6343932961394977 0.7730104435344091 0
    outer loop
      vertex 0.8888595327734947 -0.337060771882534 2.4
      vertex 0.8888595327734947 -0.337060771882534 1
      vertex 0.5857864394783974 -0.5857864394783974 2.4
    endloop
  endfacet
  facet normal -0.7730104435344091 0.6343932961394977 0
    outer loop
      vertex 0.337060771882534 -0.8888595327734947 2.4
      vertex 0.5857864394783974 -0.5857864394783974 2.4
      vertex 0.337060771882534 -0.8888595327734947 1
    endloop
  endfacet
  facet normal -0.8819212641844241 0.4713967371326908 0
    outer loop
      vertex 0.337060771882534 -0.8888595327734947 2.4
      vertex 0.337060771882534 -0.8888595327734947 1
      vertex 0.15224093198776245 -1.234633132815361 2.4
    endloop
  endfacet
  facet normal -0.4713967371326908 0.8819212641844241 0
    outer loop
      vertex 0.8888595327734947 -0.337060771882534 2.4
      vertex 1.234633132815361 -0.15224093198776245 2.4
      vertex 0.8888595327734947 -0.337060771882534 1
    endloop
  endfacet
  facet normal -0.29028467119332607 0.9569403375708345 0
    outer loop
      vertex 1.234633132815361 -0.15224093198776245 2.4
      vertex 1.6098193526268005 -0.038429439067840576 2.4
      vertex 1.6098193526268005 -0.038429439067840576 1
    endloop
  endfacet
  facet normal -0.9569403375708345 0.29028467119332607 0
    outer loop
      vertex 0.15224093198776245 -1.234633132815361 2.4
      vertex 0.15224093198776245 -1.234633132815361 1
      vertex 0.038429439067840576 -1.6098193526268005 2.4
    endloop
  endfacet
  facet normal -0.9951847267853376 0.0980171391808235 0
    outer loop
      vertex 0.038429439067840576 -1.6098193526268005 2.4
      vertex 0 -2 1
      vertex 0 -2 2.4
    endloop
  endfacet
  facet normal 0 1 0
    outer loop
      vertex 2 0 2.4
      vertex 102.12761413661376 0 1.7746574600418012
      vertex 2 0 1
    endloop
  endfacet
  facet normal -0.7071067803084883 -2.4601767602077297e-19 0.7071067820646068
    outer loop
      vertex 0.6000000014901161 -2.02947611361742 3
      vertex 0 -2 2.4
      vertex 0 -119.00390265882015 2.4
    endloop
  endfacet
  facet normal -1 0 0
    outer loop
      vertex 0 -2 2.4
      vertex 0 -2 1
      vertex 0 -119.00390265882015 2.4
    endloop
  endfacet
  facet normal 1.2940832646280816e-18 0.7071067803084881 0.7071067820646071
    outer loop
      vertex 2.02947611361742 -0.6000000014901161 3
      vertex 102.4 -0.5000000012417635 2.9
      vertex 102.24999999929634 -0.3500000001655684 2.749999999296334
    endloop
  endfacet
  facet normal -3.6137266954035015e-19 0.7071067803084884 0.7071067820646065
    outer loop
      vertex 2.02947611361742 -0.6000000014901161 3
      vertex 102.24999999929634 -0.3500000001655684 2.749999999296334
      vertex 102.21284634029612 -0.29726430272719745 2.6972643019889335
    endloop
  endfacet
  facet normal 1.522630451095944e-19 0.7071067803084882 0.7071067820646069
    outer loop
      vertex 2.02947611361742 -0.6000000014901161 3
      vertex 102.21284634029612 -0.29726430272719745 2.6972643019889335
      vertex 102.12761413661376 0 2.4
    endloop
  endfacet
  facet normal 2.0302919161304117e-19 0.7071067803084886 0.7071067820646065
    outer loop
      vertex 2.02947611361742 -0.6000000014901161 3
      vertex 131.4 -0.5000000012417635 2.9
      vertex 102.4 -0.5000000012417635 2.9
    endloop
  endfacet
  facet normal 0 1 0
    outer loop
      vertex 2 0 2.4
      vertex 102.12761413661376 0 2.4
      vertex 102.12761413661376 0 1.7746574600418012
    endloop
  endfacet
  facet normal 0 0 1
    outer loop
      vertex 1.223814569413662 -0.8383564054965973 3
      vertex 232.78789665549994 -119.99179931730032 3
      vertex 1.4653541594743729 -0.709250807762146 3
    endloop
  endfacet
  facet normal 0 0 1
    outer loop
      vertex 1.223814569413662 -0.8383564054965973 3
      vertex 1.012103334069252 -1.012103334069252 3
      vertex 232.78789665549994 -119.99179931730032 3
    endloop
  endfacet
  facet normal 0 0 1
    outer loop
      vertex 0.8383564054965973 -1.223814569413662 3
      vertex 232.78789665549994 -119.99179931730032 3
      vertex 1.012103334069252 -1.012103334069252 3
    endloop
  endfacet
  facet normal 0 0 1
    outer loop
      vertex 0.709250807762146 -1.4653541594743729 3
      vertex 0.6297479644417763 -1.7274399101734161 3
      vertex 232.78789665549994 -119.99179931730032 3
    endloop
  endfacet
  facet normal 0 0 1
    outer loop
      vertex 0.6297479644417763 -1.7274399101734161 3
      vertex 0.6000000014901161 -2.02947611361742 3
      vertex 232.78789665549994 -119.99179931730032 3
    endloop
  endfacet
  facet normal 0 0 1
    outer loop
      vertex 0.8383564054965973 -1.223814569413662 3
      vertex 0.709250807762146 -1.4653541594743729 3
      vertex 232.78789665549994 -119.99179931730032 3
    endloop
  endfacet
  facet normal 0 0 1
    outer loop
      vertex 1.7274399101734161 -0.6297479644417763 3
      vertex 1.4653541594743729 -0.709250807762146 3
      vertex 232.78789665549994 -119.99179931730032 3
    endloop
  endfacet
  facet normal 0 0 1
    outer loop
      vertex 1.7274399101734161 -0.6297479644417763 3
      vertex 232.78789665549994 -119.99179931730032 3
      vertex 2.02947611361742 -0.6000000014901161 3
    endloop
  endfacet
  facet normal -0.0980171391808235 0.9951847267853376 0
    outer loop
      vertex 2 0 2.4
      vertex 2 0 1
      vertex 1.6098193526268005 -0.038429439067840576 1
    endloop
  endfacet
  facet normal -0.6343932961394977 0.7730104435344091 0
    outer loop
      vertex 0.5857864394783974 -0.5857864394783974 2.4
      vertex 0.8888595327734947 -0.337060771882534 1
      vertex 0.5857864394783974 -0.5857864394783974 1
    endloop
  endfacet
  facet normal -0.7730104435344091 0.6343932961394977 0
    outer loop
      vertex 0.5857864394783974 -0.5857864394783974 2.4
      vertex 0.5857864394783974 -0.5857864394783974 1
      vertex 0.337060771882534 -0.8888595327734947 1
    endloop
  endfacet
  facet normal -0.4713967371326908 0.8819212641844241 0
    outer loop
      vertex 1.234633132815361 -0.15224093198776245 2.4
      vertex 1.234633132815361 -0.15224093198776245 1
      vertex 0.8888595327734947 -0.337060771882534 1
    endloop
  endfacet
  facet normal -0.29028467119332607 0.9569403375708345 0
    outer loop
      vertex 1.234633132815361 -0.15224093198776245 2.4
      vertex 1.6098193526268005 -0.038429439067840576 1
      vertex 1.234633132815361 -0.15224093198776245 1
    endloop
  endfacet
  facet normal -0.8819212641844241 0.4713967371326908 0
    outer loop
      vertex 0.15224093198776245 -1.234633132815361 2.4
      vertex 0.337060771882534 -0.8888595327734947 1
      vertex 0.15224093198776245 -1.234633132815361 1
    endloop
  endfacet
  facet normal -0.9569403375708345 0.29028467119332607 0
    outer loop
      vertex 0.038429439067840576 -1.6098193526268005 2.4
      vertex 0.15224093198776245 -1.234633132815361 1
      vertex 0.038429439067840576 -1.6098193526268005 1
    endloop
  endfacet
  facet normal -0.9951847267853376 0.0980171391808235 0
    outer loop
      vertex 0.038429439067840576 -1.6098193526268005 2.4
      vertex 0.038429439067840576 -1.6098193526268005 1
      vertex 0 -2 1
    endloop
  endfacet
  facet normal -0.5466009274545615 0.4485838023808929 -0.7071067800179215
    outer loop
      vertex 0.337060771882534 -0.8888595327734947 1
      vertex 0.5857864394783974 -0.5857864394783974 1
      vertex 1.17255350202322 -1.4471179395914078 0
    endloop
  endfacet
  facet normal -0.3333278308255977 0.6236125089402461 -0.7071067782805883
    outer loop
      vertex 0.8888595327734947 -0.337060771882534 1
      vertex 1.234633132815361 -0.15224093198776245 1
      vertex 1.619168184697628 -1.0805907249450684 0
    endloop
  endfacet
  facet normal -0.205262260104949 0.6766590039629288 -0.7071067790175012
    outer loop
      vertex 1.234633132815361 -0.15224093198776245 1
      vertex 1.6098193526268005 -0.038429439067840576 1
      vertex 1.8058536276221275 -1.0239603146910667 0
    endloop
  endfacet
  facet normal -0.06930858399477431 0.7037018709500618 -0.7071067790694852
    outer loop
      vertex 1.6098193526268005 -0.038429439067840576 1
      vertex 2 0 1
      vertex 1.8058536276221275 -1.0239603146910667 0
    endloop
  endfacet
  facet normal -0.4485838023808929 0.5466009274545615 -0.7071067800179215
    outer loop
      vertex 0.8888595327734947 -0.337060771882534 1
      vertex 1.4471179395914078 -1.17255350202322 0
      vertex 0.5857864394783974 -0.5857864394783974 1
    endloop
  endfacet
  facet normal -0.6766590039629288 0.205262260104949 -0.7071067790175012
    outer loop
      vertex 0.15224093198776245 -1.234633132815361 1
      vertex 1.0239603146910667 -1.8058536276221275 0
      vertex 0.038429439067840576 -1.6098193526268005 1
    endloop
  endfacet
  facet normal -0.6236125089402461 0.3333278308255977 -0.7071067782805883
    outer loop
      vertex 0.337060771882534 -0.8888595327734947 1
      vertex 1.0805907249450684 -1.619168184697628 0
      vertex 0.15224093198776245 -1.234633132815361 1
    endloop
  endfacet
  facet normal -0.7037018709500618 0.06930858399477431 -0.7071067790694852
    outer loop
      vertex 0.038429439067840576 -1.6098193526268005 1
      vertex 1.0239603146910667 -1.8058536276221275 0
      vertex 0 -2 1
    endloop
  endfacet
  facet normal -0.44858380241434453 0.5466009274177657 -0.7071067800251438
    outer loop
      vertex 0.5857864394783974 -0.5857864394783974 1
      vertex 1.4471179395914078 -1.17255350202322 0
      vertex 1.2963146045804024 -1.2963146045804024 0
    endloop
  endfacet
  facet normal -0.3333278439424323 0.6236124992428952 -0.7071067806496552
    outer loop
      vertex 0.8888595327734947 -0.337060771882534 1
      vertex 1.619168184697628 -1.0805907249450684 0
      vertex 1.4471179395914078 -1.17255350202322 0
    endloop
  endfacet
  facet normal -0.20526226504066816 0.6766590016376478 -0.7071067798098927
    outer loop
      vertex 1.234633132815361 -0.15224093198776245 1
      vertex 1.8058536276221275 -1.0239603146910667 0
      vertex 1.619168184697628 -1.0805907249450684 0
    endloop
  endfacet
  facet normal -0.6236124992428952 0.3333278439424323 -0.7071067806496552
    outer loop
      vertex 0.337060771882534 -0.8888595327734947 1
      vertex 1.17255350202322 -1.4471179395914078 0
      vertex 1.0805907249450684 -1.619168184697628 0
    endloop
  endfacet
  facet normal -0.6766590016376478 0.20526226504066816 -0.7071067798098927
    outer loop
      vertex 0.15224093198776245 -1.234633132815361 1
      vertex 1.0805907249450684 -1.619168184697628 0
      vertex 1.0239603146910667 -1.8058536276221275 0
    endloop
  endfacet
  facet normal -0.703701870125881 0.06930856668328202 -0.7071067815865203
    outer loop
      vertex 0 -2 1
      vertex 1.0239603146910667 -1.8058536276221275 0
      vertex 1 -2.049126848578453 0
    endloop
  endfacet
  facet normal -0.5466009274177657 0.44858380241434453 -0.7071067800251438
    outer loop
      vertex 0.5857864394783974 -0.5857864394783974 1
      vertex 1.2963146045804024 -1.2963146045804024 0
      vertex 1.17255350202322 -1.4471179395914078 0
    endloop
  endfacet
  facet normal -0.06930856455061063 0.7037018700243468 -0.7071067818966036
    outer loop
      vertex 2 0 1
      vertex 2.0491268560290337 -1 0
      vertex 1.8058536276221275 -1.0239603146910667 0
    endloop
  endfacet
  facet normal 7.805601119780828e-19 0.7071067811865475 -0.7071067811865475
    outer loop
      vertex 2 0 1
      vertex 102.60175615287379 -0.5501188729272656 0.44988112707273453
      vertex 2.0491268560290337 -1 0
    endloop
  endfacet
  facet normal -0.7071067811865475 0 -0.7071067811865475
    outer loop
      vertex 0 -2 1
      vertex 1 -2.049126848578453 0
      vertex 1 -118.95477580279112 0
    endloop
  endfacet
  facet normal 0 1 0
    outer loop
      vertex 2 0 1
      vertex 102.12761413661376 0 1.7746574600418012
      vertex 102.13241353494648 0 1.4357218359770396
    endloop
  endfacet
  facet normal 0 1 0
    outer loop
      vertex 2 0 1
      vertex 102.13241353494648 0 1.4357218359770396
      vertex 102.20438050967243 0 1
    endloop
  endfacet
  facet normal 0 0.7071067811865475 -0.7071067811865477
    outer loop
      vertex 2 0 1
      vertex 102.20438050967243 0 1
      vertex 102.60175615287379 -0.5501188729272656 0.44988112707273453
    endloop
  endfacet
  facet normal 7.515932516864165e-19 0.7071067811865476 -0.7071067811865476
    outer loop
      vertex 2.0491268560290337 -1 0
      vertex 102.60175615287379 -0.5501188729272656 0.44988112707273453
      vertex 102.89134948097778 -0.9500000000515604 0.04999999994843973
    endloop
  endfacet
  facet normal 1.3738262657171585e-15 0.7071067811852703 -0.7071067811878249
    outer loop
      vertex 2.0491268560290337 -1 0
      vertex 102.89134948097778 -0.9500000000515604 0.04999999994843973
      vertex 102.94999999985099 -0.950000000149011 0.04999999985098924
    endloop
  endfacet
  facet normal 0 0 -1
    outer loop
      vertex 1.2963146045804024 -1.2963146045804024 0
      vertex 1.4471179395914078 -1.17255350202322 0
      vertex 232.71940926462412 -1.619168184697628 0
    endloop
  endfacet
  facet normal 0 0 -1
    outer loop
      vertex 1.2963146045804024 -1.2963146045804024 0
      vertex 232.71940926462412 -1.619168184697628 0
      vertex 1.17255350202322 -1.4471179395914078 0
    endloop
  endfacet
  facet normal 0 0 -1
    outer loop
      vertex 1.0805907249450684 -1.619168184697628 0
      vertex 1.17255350202322 -1.4471179395914078 0
      vertex 232.71940926462412 -1.619168184697628 0
    endloop
  endfacet
  facet normal 0 0 -1
    outer loop
      vertex 1.0805907249450684 -1.619168184697628 0
      vertex 232.71940926462412 -1.619168184697628 0
      vertex 1.0239603146910667 -1.8058536276221275 0
    endloop
  endfacet
  facet normal 0 0 -1
    outer loop
      vertex 1.0239603146910667 -1.8058536276221275 0
      vertex 232.71940926462412 -1.619168184697628 0
      vertex 1 -2.049126848578453 0
    endloop
  endfacet
  facet normal -9.426193554945354e-20 0.7071067811865492 -0.7071067811865458
    outer loop
      vertex 2.0491268560290337 -1 0
      vertex 102.94999999985099 -0.950000000149011 0.04999999985098924
      vertex 130.850000000149 -0.950000000149011 0.04999999985098924
    endloop
  endfacet
  facet normal 0 0 -1
    outer loop
      vertex 1.8058536276221275 -1.0239603146910667 0
      vertex 232.71940926462412 -1.619168184697628 0
      vertex 1.619168184697628 -1.0805907249450684 0
    endloop
  endfacet
  facet normal 0 0 -1
    outer loop
      vertex 1.4471179395914078 -1.17255350202322 0
      vertex 1.619168184697628 -1.0805907249450684 0
      vertex 232.71940926462412 -1.619168184697628 0
    endloop
  endfacet
  facet normal 0 0 -1
    outer loop
      vertex 1.8058536276221275 -1.0239603146910667 0
      vertex 2.0491268560290337 -1 0
      vertex 232.71940926462412 -1.619168184697628 0
    endloop
  endfacet
  facet normal -1.3241199146830656e-15 0.7071067811882968 -0.7071067811847983
    outer loop
      vertex 2.0491268560290337 -1 0
      vertex 130.850000000149 -0.950000000149011 0.04999999985098924
      vertex 130.90865051902222 -0.9500000000515604 0.04999999994843973
    endloop
  endfacet
  facet normal 0 0 -1
    outer loop
      vertex 1 -2.049126848578453 0
      vertex 232.71940926462412 -1.619168184697628 0
      vertex 1 -118.95477580279112 0
    endloop
  endfacet
  facet normal -0.7071067803084883 0 0.7071067820646069
    outer loop
      vertex 0.6000000014901161 -2.02947611361742 3
      vertex 0 -119.00390265882015 2.4
      vertex 0.6000000014901161 -118.97442653775215 3
    endloop
  endfacet
  facet normal -0.7037018683736435 -0.06930856920691686 0.7071067830829608
    outer loop
      vertex 0.6000000014901161 -118.97442653775215 3
      vertex 0 -119.00390265882015 2.4
      vertex 0.6297479644417763 -119.27646274119616 3
    endloop
  endfacet
  facet normal -0.6766590014391566 -0.20526226408436127 0.7071067802774385
    outer loop
      vertex 0.6297479644417763 -119.27646274119616 3
      vertex 0.15224093198776245 -119.76926952600479 2.4
      vertex 0.709250807762146 -119.5385484918952 3
    endloop
  endfacet
  facet normal -0.6236125111666713 -0.33332782418243995 0.7071067794486197
    outer loop
      vertex 0.709250807762146 -119.5385484918952 3
      vertex 0.15224093198776245 -119.76926952600479 2.4
      vertex 0.8383564054965973 -119.78008808195591 3
    endloop
  endfacet
  facet normal -0.5466009248670838 -0.44858380659926483 0.7071067793419619
    outer loop
      vertex 0.8383564054965973 -119.78008808195591 3
      vertex 0.5857864394783974 -120.41811621934175 2.4
      vertex 1.012103334069252 -119.99179931730032 3
    endloop
  endfacet
  facet normal -0.4485838062131919 -0.5466009243966526 0.7071067799505323
    outer loop
      vertex 1.012103334069252 -119.99179931730032 3
      vertex 0.5857864394783974 -120.41811621934175 2.4
      vertex 1.223814569413662 -120.16554624587297 3
    endloop
  endfacet
  facet normal -0.33332782333283006 -0.6236125095771629 0.7071067812509442
    outer loop
      vertex 1.223814569413662 -120.16554624587297 3
      vertex 1.234633132815361 -120.85166172683239 2.4
      vertex 1.4653541594743729 -120.29465184360743 3
    endloop
  endfacet
  facet normal -0.20526226323475139 -0.6766589986383681 0.7071067832042546
    outer loop
      vertex 1.4653541594743729 -120.29465184360743 3
      vertex 1.234633132815361 -120.85166172683239 2.4
      vertex 1.7274399101734161 -120.3741546869278 3
    endloop
  endfacet
  facet normal -0.06930858639269676 -0.7037018666168926 0.7071067831467518
    outer loop
      vertex 1.7274399101734161 -120.3741546869278 3
      vertex 1.6098193526268005 -120.96547321975231 2.4
      vertex 2.02947611361742 -120.40390265733004 3
    endloop
  endfacet
  facet normal -0.7037018709500619 -0.06930858399477435 0.7071067790694852
    outer loop
      vertex 0.6297479644417763 -119.27646274119616 3
      vertex 0 -119.00390265882015 2.4
      vertex 0.038429439067840576 -119.39408330619335 2.4
    endloop
  endfacet
  facet normal -0.6766590039629289 -0.20526226010494897 0.7071067790175012
    outer loop
      vertex 0.6297479644417763 -119.27646274119616 3
      vertex 0.038429439067840576 -119.39408330619335 2.4
      vertex 0.15224093198776245 -119.76926952600479 2.4
    endloop
  endfacet
  facet normal -0.6236125096006842 -0.3333278311786092 0.7071067775317257
    outer loop
      vertex 0.8383564054965973 -119.78008808195591 3
      vertex 0.15224093198776245 -119.76926952600479 2.4
      vertex 0.337060771882534 -120.11504312604666 2.4
    endloop
  endfacet
  facet normal -0.5466009290286018 -0.44858380367267453 0.7071067779816742
    outer loop
      vertex 0.8383564054965973 -119.78008808195591 3
      vertex 0.337060771882534 -120.11504312604666 2.4
      vertex 0.5857864394783974 -120.41811621934175 2.4
    endloop
  endfacet
  facet normal -0.44858380328660136 -0.5466009285581706 0.7071067785902446
    outer loop
      vertex 1.223814569413662 -120.16554624587297 3
      vertex 0.5857864394783974 -120.41811621934175 2.4
      vertex 0.8888595327734947 -120.66684188693762 2.4
    endloop
  endfacet
  facet normal -0.33332783032899926 -0.6236125080111757 0.7071067793340501
    outer loop
      vertex 1.223814569413662 -120.16554624587297 3
      vertex 0.8888595327734947 -120.66684188693762 2.4
      vertex 1.234633132815361 -120.85166172683239 2.4
    endloop
  endfacet
  facet normal -0.20526225925533914 -0.6766590011621405 0.7071067819443174
    outer loop
      vertex 1.7274399101734161 -120.3741546869278 3
      vertex 1.234633132815361 -120.85166172683239 2.4
      vertex 1.6098193526268005 -120.96547321975231 2.4
    endloop
  endfacet
  facet normal -0.06930858367838846 -0.7037018677377416 0.7071067822973484
    outer loop
      vertex 2.02947611361742 -120.40390265733004 3
      vertex 1.6098193526268005 -120.96547321975231 2.4
      vertex 2 -121.00390265882015 2.4
    endloop
  endfacet
  facet normal -0.9951847267853376 -0.0980171391808235 0
    outer loop
      vertex 0 -119.00390265882015 2.4
      vertex 0 -119.00390265882015 1
      vertex 0.038429439067840576 -119.39408330619335 2.4
    endloop
  endfacet
  facet normal -0.9569403375708345 -0.29028467119332607 0
    outer loop
      vertex 0.038429439067840576 -119.39408330619335 2.4
      vertex 0.15224093198776245 -119.76926952600479 1
      vertex 0.15224093198776245 -119.76926952600479 2.4
    endloop
  endfacet
  facet normal -0.8819212641844241 -0.4713967371326908 0
    outer loop
      vertex 0.15224093198776245 -119.76926952600479 2.4
      vertex 0.15224093198776245 -119.76926952600479 1
      vertex 0.337060771882534 -120.11504312604666 2.4
    endloop
  endfacet
  facet normal -0.7730104435344091 -0.6343932961394977 0
    outer loop
      vertex 0.337060771882534 -120.11504312604666 2.4
      vertex 0.5857864394783974 -120.41811621934175 1
      vertex 0.5857864394783974 -120.41811621934175 2.4
    endloop
  endfacet
  facet normal -0.6343932961394977 -0.7730104435344091 0
    outer loop
      vertex 0.5857864394783974 -120.41811621934175 2.4
      vertex 0.5857864394783974 -120.41811621934175 1
      vertex 0.8888595327734947 -120.66684188693762 2.4
    endloop
  endfacet
  facet normal -0.4713967371326908 -0.8819212641844241 0
    outer loop
      vertex 0.8888595327734947 -120.66684188693762 2.4
      vertex 1.234633132815361 -120.85166172683239 1
      vertex 1.234633132815361 -120.85166172683239 2.4
    endloop
  endfacet
  facet normal -0.29028467119332607 -0.9569403375708345 0
    outer loop
      vertex 1.234633132815361 -120.85166172683239 2.4
      vertex 1.234633132815361 -120.85166172683239 1
      vertex 1.6098193526268005 -120.96547321975231 2.4
    endloop
  endfacet
  facet normal -0.0980171391808235 -0.9951847267853376 0
    outer loop
      vertex 1.6098193526268005 -120.96547321975231 2.4
      vertex 2 -121.00390265882015 1
      vertex 2 -121.00390265882015 2.4
    endloop
  endfacet
  facet normal 0 0 1
    outer loop
      vertex 0.6000000014901161 -2.02947611361742 3
      vertex 0.6000000014901161 -118.97442653775215 3
      vertex 232.78789665549994 -119.99179931730032 3
    endloop
  endfacet
  facet normal 0 0 1
    outer loop
      vertex 0.6000000014901161 -118.97442653775215 3
      vertex 0.6297479644417763 -119.27646274119616 3
      vertex 232.78789665549994 -119.99179931730032 3
    endloop
  endfacet
  facet normal 0 0 1
    outer loop
      vertex 0.6297479644417763 -119.27646274119616 3
      vertex 0.709250807762146 -119.5385484918952 3
      vertex 232.78789665549994 -119.99179931730032 3
    endloop
  endfacet
  facet normal 0 0 1
    outer loop
      vertex 0.709250807762146 -119.5385484918952 3
      vertex 0.8383564054965973 -119.78008808195591 3
      vertex 232.78789665549994 -119.99179931730032 3
    endloop
  endfacet
  facet normal 0 0 1
    outer loop
      vertex 0.8383564054965973 -119.78008808195591 3
      vertex 1.012103334069252 -119.99179931730032 3
      vertex 232.78789665549994 -119.99179931730032 3
    endloop
  endfacet
  facet normal 0 0 1
    outer loop
      vertex 1.012103334069252 -119.99179931730032 3
      vertex 1.223814569413662 -120.16554624587297 3
      vertex 232.78789665549994 -119.99179931730032 3
    endloop
  endfacet
  facet normal 0 0 1
    outer loop
      vertex 1.223814569413662 -120.16554624587297 3
      vertex 1.4653541594743729 -120.29465184360743 3
      vertex 232.78789665549994 -119.99179931730032 3
    endloop
  endfacet
  facet normal 0 0 1
    outer loop
      vertex 1.4653541594743729 -120.29465184360743 3
      vertex 1.7274399101734161 -120.3741546869278 3
      vertex 232.78789665549994 -119.99179931730032 3
    endloop
  endfacet
  facet normal 0 0 1
    outer loop
      vertex 1.7274399101734161 -120.3741546869278 3
      vertex 2.02947611361742 -120.40390265733004 3
      vertex 232.78789665549994 -119.99179931730032 3
    endloop
  endfacet
  facet normal 0 -0.7071067803084882 0.7071067820646066
    outer loop
      vertex 2.02947611361742 -120.40390265733004 3
      vertex 2 -121.00390265882015 2.4
      vertex 231.77052388340235 -120.40390265733004 3
    endloop
  endfacet
  facet normal 0 -1 0
    outer loop
      vertex 2 -121.00390265882015 2.4
      vertex 2 -121.00390265882015 1
      vertex 231.79999999701977 -121.00390265882015 2.4
    endloop
  endfacet
  facet normal -1 0 0
    outer loop
      vertex 0 -2 1
      vertex 0 -119.00390265882015 1
      vertex 0 -119.00390265882015 2.4
    endloop
  endfacet
  facet normal -0.7071067811865476 0 -0.7071067811865476
    outer loop
      vertex 0 -2 1
      vertex 1 -118.95477580279112 0
      vertex 0 -119.00390265882015 1
    endloop
  endfacet
  facet normal -0.9951847267853376 -0.0980171391808235 0
    outer loop
      vertex 0.038429439067840576 -119.39408330619335 2.4
      vertex 0 -119.00390265882015 1
      vertex 0.038429439067840576 -119.39408330619335 1
    endloop
  endfacet
  facet normal -0.9569403375708345 -0.29028467119332607 0
    outer loop
      vertex 0.038429439067840576 -119.39408330619335 2.4
      vertex 0.038429439067840576 -119.39408330619335 1
      vertex 0.15224093198776245 -119.76926952600479 1
    endloop
  endfacet
  facet normal -0.8819212641844241 -0.4713967371326908 0
    outer loop
      vertex 0.337060771882534 -120.11504312604666 2.4
      vertex 0.15224093198776245 -119.76926952600479 1
      vertex 0.337060771882534 -120.11504312604666 1
    endloop
  endfacet
  facet normal -0.7730104435344091 -0.6343932961394977 0
    outer loop
      vertex 0.337060771882534 -120.11504312604666 2.4
      vertex 0.337060771882534 -120.11504312604666 1
      vertex 0.5857864394783974 -120.41811621934175 1
    endloop
  endfacet
  facet normal -0.6343932961394977 -0.7730104435344091 0
    outer loop
      vertex 0.8888595327734947 -120.66684188693762 2.4
      vertex 0.5857864394783974 -120.41811621934175 1
      vertex 0.8888595327734947 -120.66684188693762 1
    endloop
  endfacet
  facet normal -0.4713967371326908 -0.8819212641844241 0
    outer loop
      vertex 0.8888595327734947 -120.66684188693762 2.4
      vertex 0.8888595327734947 -120.66684188693762 1
      vertex 1.234633132815361 -120.85166172683239 1
    endloop
  endfacet
  facet normal -0.29028467119332607 -0.9569403375708345 0
    outer loop
      vertex 1.6098193526268005 -120.96547321975231 2.4
      vertex 1.234633132815361 -120.85166172683239 1
      vertex 1.6098193526268005 -120.96547321975231 1
    endloop
  endfacet
  facet normal -0.0980171391808235 -0.9951847267853376 0
    outer loop
      vertex 1.6098193526268005 -120.96547321975231 2.4
      vertex 1.6098193526268005 -120.96547321975231 1
      vertex 2 -121.00390265882015 1
    endloop
  endfacet
  facet normal -0.7037018706931104 -0.06930858396946682 -0.7071067793276797
    outer loop
      vertex 0 -119.00390265882015 1
      vertex 1.0239603146910667 -119.19804902374744 0
      vertex 0.038429439067840576 -119.39408330619335 1
    endloop
  endfacet
  facet normal -0.6766590032311935 -0.2052622598829795 -0.7071067797821629
    outer loop
      vertex 0.038429439067840576 -119.39408330619335 1
      vertex 1.0239603146910667 -119.19804902374744 0
      vertex 0.15224093198776245 -119.76926952600479 1
    endloop
  endfacet
  facet normal -0.6236125078451267 -0.3333278302402442 -0.7071067795223314
    outer loop
      vertex 0.15224093198776245 -119.76926952600479 1
      vertex 1.0805907249450684 -119.38473446667194 0
      vertex 0.337060771882534 -120.11504312604666 1
    endloop
  endfacet
  facet normal -0.54660092616278 -0.4485838013207552 -0.7071067816890264
    outer loop
      vertex 0.337060771882534 -120.11504312604666 1
      vertex 1.17255350202322 -119.55678471177816 0
      vertex 0.5857864394783974 -120.41811621934175 1
    endloop
  endfacet
  facet normal -0.4485838010891114 -0.5466009258805212 -0.7071067820541685
    outer loop
      vertex 0.5857864394783974 -120.41811621934175 1
      vertex 1.4471179395914078 -119.83134914934635 0
      vertex 0.8888595327734947 -120.66684188693762 1
    endloop
  endfacet
  facet normal -0.33332782973047825 -0.6236125068914218 -0.707106780603726
    outer loop
      vertex 0.8888595327734947 -120.66684188693762 1
      vertex 1.619168184697628 -119.9233119264245 0
      vertex 1.234633132815361 -120.85166172683239 1
    endloop
  endfacet
  facet normal -0.20526225937321357 -0.6766590015507203 -0.7071067815382525
    outer loop
      vertex 1.234633132815361 -120.85166172683239 1
      vertex 1.8058536276221275 -119.9799423366785 0
      vertex 1.6098193526268005 -120.96547321975231 1
    endloop
  endfacet
  facet normal -0.06930858376403884 -0.7037018686073652 -0.7071067814235173
    outer loop
      vertex 1.6098193526268005 -120.96547321975231 1
      vertex 2.0491268560290337 -120.00390265882015 0
      vertex 2 -121.00390265882015 1
    endloop
  endfacet
  facet normal -0.7037018698689297 -0.06930856665797452 -0.7071067818447146
    outer loop
      vertex 0 -119.00390265882015 1
      vertex 1 -118.95477580279112 0
      vertex 1.0239603146910667 -119.19804902374744 0
    endloop
  endfacet
  facet normal -0.6766590009059125 -0.20526226481869866 -0.7071067805745543
    outer loop
      vertex 0.15224093198776245 -119.76926952600479 1
      vertex 1.0239603146910667 -119.19804902374744 0
      vertex 1.0805907249450684 -119.38473446667194 0
    endloop
  endfacet
  facet normal -0.6236124981477756 -0.3333278433570787 -0.7071067818913982
    outer loop
      vertex 0.337060771882534 -120.11504312604666 1
      vertex 1.0805907249450684 -119.38473446667194 0
      vertex 1.17255350202322 -119.55678471177816 0
    endloop
  endfacet
  facet normal -0.546600926125984 -0.4485838013542067 -0.7071067816962485
    outer loop
      vertex 0.5857864394783974 -120.41811621934175 1
      vertex 1.17255350202322 -119.55678471177816 0
      vertex 1.2963146045804024 -119.70758804678917 0
    endloop
  endfacet
  facet normal -0.4485838011225631 -0.5466009258437253 -0.7071067820613908
    outer loop
      vertex 0.5857864394783974 -120.41811621934175 1
      vertex 1.2963146045804024 -119.70758804678917 0
      vertex 1.4471179395914078 -119.83134914934635 0
    endloop
  endfacet
  facet normal -0.3333278428473128 -0.6236124971940707 -0.7071067829727928
    outer loop
      vertex 0.8888595327734947 -120.66684188693762 1
      vertex 1.4471179395914078 -119.83134914934635 0
      vertex 1.619168184697628 -119.9233119264245 0
    endloop
  endfacet
  facet normal -0.20526226430893277 -0.6766589992254395 -0.7071067823306438
    outer loop
      vertex 1.234633132815361 -120.85166172683239 1
      vertex 1.619168184697628 -119.9233119264245 0
      vertex 1.8058536276221275 -119.9799423366785 0
    endloop
  endfacet
  facet normal -0.06930858590499385 -0.7037018680194593 -0.707106781798742
    outer loop
      vertex 1.6098193526268005 -120.96547321975231 1
      vertex 1.8058536276221275 -119.9799423366785 0
      vertex 2.0491268560290337 -120.00390265882015 0
    endloop
  endfacet
  facet normal 0 0 -1
    outer loop
      vertex 1 -118.95477580279112 0
      vertex 232.71940926462412 -1.619168184697628 0
      vertex 1.0239603146910667 -119.19804902374744 0
    endloop
  endfacet
  facet normal 0 0 -1
    outer loop
      vertex 1.0239603146910667 -119.19804902374744 0
      vertex 232.71940926462412 -1.619168184697628 0
      vertex 1.0805907249450684 -119.38473446667194 0
    endloop
  endfacet
  facet normal 0 0 -1
    outer loop
      vertex 1.0805907249450684 -119.38473446667194 0
      vertex 232.71940926462412 -1.619168184697628 0
      vertex 1.17255350202322 -119.55678471177816 0
    endloop
  endfacet
  facet normal 0 0 -1
    outer loop
      vertex 1.17255350202322 -119.55678471177816 0
      vertex 232.71940926462412 -1.619168184697628 0
      vertex 1.2963146045804024 -119.70758804678917 0
    endloop
  endfacet
  facet normal 0 0 -1
    outer loop
      vertex 1.2963146045804024 -119.70758804678917 0
      vertex 232.71940926462412 -1.619168184697628 0
      vertex 1.4471179395914078 -119.83134914934635 0
    endloop
  endfacet
  facet normal 0 0 -1
    outer loop
      vertex 1.4471179395914078 -119.83134914934635 0
      vertex 232.71940926462412 -1.619168184697628 0
      vertex 1.619168184697628 -119.9233119264245 0
    endloop
  endfacet
  facet normal 0 0 -1
    outer loop
      vertex 1.619168184697628 -119.9233119264245 0
      vertex 232.71940926462412 -1.619168184697628 0
      vertex 1.8058536276221275 -119.9799423366785 0
    endloop
  endfacet
  facet normal 0 0 -1
    outer loop
      vertex 1.8058536276221275 -119.9799423366785 0
      vertex 232.71940926462412 -1.619168184697628 0
      vertex 2.0491268560290337 -120.00390265882015 0
    endloop
  endfacet
  facet normal 0 -0.7071067811865475 -0.7071067811865475
    outer loop
      vertex 2 -121.00390265882015 1
      vertex 2.0491268560290337 -120.00390265882015 0
      vertex 231.75087314099073 -120.00390265882015 0
    endloop
  endfacet
  facet normal 0 0.7071067803084886 0.7071067820646064
    outer loop
      vertex 2.02947611361742 -0.6000000014901161 3
      vertex 231.77052388340235 -0.6000000014901161 3
      vertex 131.4 -0.5000000012417635 2.9
    endloop
  endfacet
  facet normal -1.3022828282830974e-18 0.7071067803084881 0.7071067820646071
    outer loop
      vertex 231.77052388340235 -0.6000000014901161 3
      vertex 131.55000000070368 -0.3500000001655684 2.749999999296334
      vertex 131.4 -0.5000000012417635 2.9
    endloop
  endfacet
  facet normal 3.367331981090835e-18 0.707106780308489 0.7071067820646061
    outer loop
      vertex 231.77052388340235 -0.6000000014901161 3
      vertex 131.5871536597039 -0.29726430272719756 2.6972643019889335
      vertex 131.55000000070368 -0.3500000001655684 2.749999999296334
    endloop
  endfacet
  facet normal 0 0.7071067803084882 0.707106782064607
    outer loop
      vertex 231.79999999701977 0 2.4
      vertex 131.67238586338624 0 2.4
      vertex 131.5871536597039 -0.29726430272719756 2.6972643019889335
    endloop
  endfacet
  facet normal 0 1 0
    outer loop
      vertex 231.79999999701977 0 2.4
      vertex 131.67238586338624 0 1.7746574600418012
      vertex 131.67238586338624 0 2.4
    endloop
  endfacet
  facet normal 0 0 1
    outer loop
      vertex 2.02947611361742 -0.6000000014901161 3
      vertex 232.78789665549994 -119.99179931730032 3
      vertex 231.77052388340235 -0.6000000014901161 3
    endloop
  endfacet
  facet normal -9.23416957354146e-19 0.7071067803084883 0.7071067820646069
    outer loop
      vertex 231.77052388340235 -0.6000000014901161 3
      vertex 231.79999999701977 0 2.4
      vertex 131.5871536597039 -0.29726430272719756 2.6972643019889335
    endloop
  endfacet
  facet normal 0.06930857094645958 0.7037018686767157 0.7071067826108428
    outer loop
      vertex 231.77052388340235 -0.6000000014901161 3
      vertex 232.07256007939577 -0.6297479644417763 3
      vertex 231.79999999701977 0 2.4
    endloop
  endfacet
  facet normal 0.20526226408436127 0.6766590014391566 0.7071067802774385
    outer loop
      vertex 232.07256007939577 -0.6297479644417763 3
      vertex 232.33464583009481 -0.709250807762146 3
      vertex 232.5653668642044 -0.15224093198776245 2.4
    endloop
  endfacet
  facet normal 0.33332782418243995 0.6236125111666713 0.7071067794486197
    outer loop
      vertex 232.33464583009481 -0.709250807762146 3
      vertex 232.57618542015553 -0.8383564054965973 3
      vertex 232.5653668642044 -0.15224093198776245 2.4
    endloop
  endfacet
  facet normal 0.44858380659926483 0.5466009248670838 0.7071067793419619
    outer loop
      vertex 232.57618542015553 -0.8383564054965973 3
      vertex 232.78789665549994 -1.012103334069252 3
      vertex 233.21421355754137 -0.5857864394783974 2.4
    endloop
  endfacet
  facet normal 0.5466009243966526 0.4485838062131919 0.7071067799505323
    outer loop
      vertex 232.78789665549994 -1.012103334069252 3
      vertex 232.9616435840726 -1.223814569413662 3
      vertex 233.21421355754137 -0.5857864394783974 2.4
    endloop
  endfacet
  facet normal 0.6236125095771629 0.33332782333283006 0.7071067812509442
    outer loop
      vertex 232.9616435840726 -1.223814569413662 3
      vertex 233.09074918180704 -1.4653541594743729 3
      vertex 233.647759065032 -1.234633132815361 2.4
    endloop
  endfacet
  facet normal 0.6766589986383681 0.20526226323475139 0.7071067832042546
    outer loop
      vertex 233.09074918180704 -1.4653541594743729 3
      vertex 233.1702520251274 -1.7274399101734161 3
      vertex 233.647759065032 -1.234633132815361 2.4
    endloop
  endfacet
  facet normal 0.7037018666168926 0.06930858639269676 0.7071067831467518
    outer loop
      vertex 233.1702520251274 -1.7274399101734161 3
      vertex 233.19999999552965 -2.02947611361742 3
      vertex 233.76157055795193 -1.6098193526268005 2.4
    endloop
  endfacet
  facet normal 0.06930858399477435 0.7037018709500619 0.7071067790694852
    outer loop
      vertex 232.07256007939577 -0.6297479644417763 3
      vertex 232.19018064439297 -0.038429439067840576 2.4
      vertex 231.79999999701977 0 2.4
    endloop
  endfacet
  facet normal 0.20526226010494897 0.6766590039629289 0.7071067790175012
    outer loop
      vertex 232.07256007939577 -0.6297479644417763 3
      vertex 232.5653668642044 -0.15224093198776245 2.4
      vertex 232.19018064439297 -0.038429439067840576 2.4
    endloop
  endfacet
  facet normal 0.3333278311786092 0.6236125096006842 0.7071067775317257
    outer loop
      vertex 232.57618542015553 -0.8383564054965973 3
      vertex 232.91114046424627 -0.337060771882534 2.4
      vertex 232.5653668642044 -0.15224093198776245 2.4
    endloop
  endfacet
  facet normal 0.44858380367267453 0.5466009290286018 0.7071067779816742
    outer loop
      vertex 232.57618542015553 -0.8383564054965973 3
      vertex 233.21421355754137 -0.5857864394783974 2.4
      vertex 232.91114046424627 -0.337060771882534 2.4
    endloop
  endfacet
  facet normal 0.5466009285581706 0.44858380328660136 0.7071067785902446
    outer loop
      vertex 232.9616435840726 -1.223814569413662 3
      vertex 233.46293922513723 -0.8888595327734947 2.4
      vertex 233.21421355754137 -0.5857864394783974 2.4
    endloop
  endfacet
  facet normal 0.6236125080111757 0.33332783032899926 0.7071067793340501
    outer loop
      vertex 232.9616435840726 -1.223814569413662 3
      vertex 233.647759065032 -1.234633132815361 2.4
      vertex 233.46293922513723 -0.8888595327734947 2.4
    endloop
  endfacet
  facet normal 0.6766590011621405 0.20526225925533914 0.7071067819443174
    outer loop
      vertex 233.1702520251274 -1.7274399101734161 3
      vertex 233.76157055795193 -1.6098193526268005 2.4
      vertex 233.647759065032 -1.234633132815361 2.4
    endloop
  endfacet
  facet normal 0.7037018677377416 0.06930858367838846 0.7071067822973484
    outer loop
      vertex 233.19999999552965 -2.02947611361742 3
      vertex 233.79999999701977 -2 2.4
      vertex 233.76157055795193 -1.6098193526268005 2.4
    endloop
  endfacet
  facet normal 0 1 0
    outer loop
      vertex 231.79999999701977 0 2.4
      vertex 231.79999999701977 0 1
      vertex 131.67238586338624 0 1.7746574600418012
    endloop
  endfacet
  facet normal 0.0980171391808235 0.9951847267853376 0
    outer loop
      vertex 231.79999999701977 0 2.4
      vertex 232.19018064439297 -0.038429439067840576 2.4
      vertex 231.79999999701977 0 1
    endloop
  endfacet
  facet normal 0.29028467119332607 0.9569403375708345 0
    outer loop
      vertex 232.19018064439297 -0.038429439067840576 2.4
      vertex 232.5653668642044 -0.15224093198776245 2.4
      vertex 232.5653668642044 -0.15224093198776245 1
    endloop
  endfacet
  facet normal 0.4713967371326908 0.8819212641844241 0
    outer loop
      vertex 232.5653668642044 -0.15224093198776245 2.4
      vertex 232.91114046424627 -0.337060771882534 2.4
      vertex 232.91114046424627 -0.337060771882534 1
    endloop
  endfacet
  facet normal 0.6343932961394977 0.7730104435344091 0
    outer loop
      vertex 232.91114046424627 -0.337060771882534 2.4
      vertex 233.21421355754137 -0.5857864394783974 2.4
      vertex 233.21421355754137 -0.5857864394783974 1
    endloop
  endfacet
  facet normal 0.7730104435344091 0.6343932961394977 0
    outer loop
      vertex 233.21421355754137 -0.5857864394783974 2.4
      vertex 233.46293922513723 -0.8888595327734947 2.4
      vertex 233.21421355754137 -0.5857864394783974 1
    endloop
  endfacet
  facet normal 0.8819212641844241 0.4713967371326908 0
    outer loop
      vertex 233.46293922513723 -0.8888595327734947 2.4
      vertex 233.647759065032 -1.234633132815361 2.4
      vertex 233.647759065032 -1.234633132815361 1
    endloop
  endfacet
  facet normal 0.9569403375708345 0.29028467119332607 0
    outer loop
      vertex 233.647759065032 -1.234633132815361 2.4
      vertex 233.76157055795193 -1.6098193526268005 2.4
      vertex 233.647759065032 -1.234633132815361 1
    endloop
  endfacet
  facet normal 0.9951847267853376 0.0980171391808235 0
    outer loop
      vertex 233.76157055795193 -1.6098193526268005 2.4
      vertex 233.79999999701977 -2 2.4
      vertex 233.79999999701977 -2 1
    endloop
  endfacet
  facet normal 0 0 1
    outer loop
      vertex 231.77052388340235 -0.6000000014901161 3
      vertex 232.78789665549994 -119.99179931730032 3
      vertex 232.07256007939577 -0.6297479644417763 3
    endloop
  endfacet
  facet normal 0 0 1
    outer loop
      vertex 232.07256007939577 -0.6297479644417763 3
      vertex 232.78789665549994 -119.99179931730032 3
      vertex 232.33464583009481 -0.709250807762146 3
    endloop
  endfacet
  facet normal 0 0 1
    outer loop
      vertex 232.33464583009481 -0.709250807762146 3
      vertex 232.78789665549994 -119.99179931730032 3
      vertex 232.57618542015553 -0.8383564054965973 3
    endloop
  endfacet
  facet normal 0 0 1
    outer loop
      vertex 232.57618542015553 -0.8383564054965973 3
      vertex 232.78789665549994 -119.99179931730032 3
      vertex 232.78789665549994 -1.012103334069252 3
    endloop
  endfacet
  facet normal 0 0 1
    outer loop
      vertex 232.78789665549994 -1.012103334069252 3
      vertex 232.78789665549994 -119.99179931730032 3
      vertex 232.9616435840726 -1.223814569413662 3
    endloop
  endfacet
  facet normal 0 0 1
    outer loop
      vertex 232.9616435840726 -1.223814569413662 3
      vertex 232.78789665549994 -119.99179931730032 3
      vertex 233.09074918180704 -1.4653541594743729 3
    endloop
  endfacet
  facet normal 0 0 1
    outer loop
      vertex 233.09074918180704 -1.4653541594743729 3
      vertex 232.78789665549994 -119.99179931730032 3
      vertex 233.1702520251274 -1.7274399101734161 3
    endloop
  endfacet
  facet normal 0 0 1
    outer loop
      vertex 233.1702520251274 -1.7274399101734161 3
      vertex 232.78789665549994 -119.99179931730032 3
      vertex 233.19999999552965 -2.02947611361742 3
    endloop
  endfacet
  facet normal 0.7071067803084882 2.4601767602077297e-19 0.7071067820646068
    outer loop
      vertex 233.19999999552965 -2.02947611361742 3
      vertex 233.79999999701977 -119.00390265882015 2.4
      vertex 233.79999999701977 -2 2.4
    endloop
  endfacet
  facet normal 1 0 0
    outer loop
      vertex 233.79999999701977 -2 2.4
      vertex 233.79999999701977 -119.00390265882015 2.4
      vertex 233.79999999701977 -2 1
    endloop
  endfacet
  facet normal 0 1 0
    outer loop
      vertex 231.79999999701977 0 1
      vertex 131.66758646505355 0 1.4357218359770396
      vertex 131.67238586338624 0 1.7746574600418012
    endloop
  endfacet
  facet normal 0 1 0
    outer loop
      vertex 231.79999999701977 0 1
      vertex 131.59561949032758 0 1
      vertex 131.66758646505355 0 1.4357218359770396
    endloop
  endfacet
  facet normal 0 0.7071067811865482 -0.7071067811865467
    outer loop
      vertex 2.0491268560290337 -1 0
      vertex 130.90865051902222 -0.9500000000515604 0.04999999994843973
      vertex 231.75087314099073 -1 0
    endloop
  endfacet
  facet normal 4.243900630209042e-18 0.7071067811865477 -0.7071067811865472
    outer loop
      vertex 231.75087314099073 -1 0
      vertex 131.1982438471262 -0.5501188729272696 0.4498811270727301
      vertex 131.59561949032758 0 1
    endloop
  endfacet
  facet normal 0 0 -1
    outer loop
      vertex 2.0491268560290337 -1 0
      vertex 231.75087314099073 -1 0
      vertex 232.71940926462412 -1.619168184697628 0
    endloop
  endfacet
  facet normal -1.1821160486114588e-18 0.7071067811865471 -0.7071067811865478
    outer loop
      vertex 231.75087314099073 -1 0
      vertex 130.90865051902222 -0.9500000000515604 0.04999999994843973
      vertex 131.1982438471262 -0.5501188729272696 0.4498811270727301
    endloop
  endfacet
  facet normal 0.0980171391808235 0.9951847267853376 0
    outer loop
      vertex 232.19018064439297 -0.038429439067840576 2.4
      vertex 232.19018064439297 -0.038429439067840576 1
      vertex 231.79999999701977 0 1
    endloop
  endfacet
  facet normal 0.29028467119332607 0.9569403375708345 0
    outer loop
      vertex 232.19018064439297 -0.038429439067840576 2.4
      vertex 232.5653668642044 -0.15224093198776245 1
      vertex 232.19018064439297 -0.038429439067840576 1
    endloop
  endfacet
  facet normal 0.4713967371326908 0.8819212641844241 0
    outer loop
      vertex 232.5653668642044 -0.15224093198776245 2.4
      vertex 232.91114046424627 -0.337060771882534 1
      vertex 232.5653668642044 -0.15224093198776245 1
    endloop
  endfacet
  facet normal 0.6343932961394977 0.7730104435344091 0
    outer loop
      vertex 232.91114046424627 -0.337060771882534 2.4
      vertex 233.21421355754137 -0.5857864394783974 1
      vertex 232.91114046424627 -0.337060771882534 1
    endloop
  endfacet
  facet normal 0.7730104435344091 0.6343932961394977 0
    outer loop
      vertex 233.46293922513723 -0.8888595327734947 2.4
      vertex 233.46293922513723 -0.8888595327734947 1
      vertex 233.21421355754137 -0.5857864394783974 1
    endloop
  endfacet
  facet normal 0.8819212641844241 0.4713967371326908 0
    outer loop
      vertex 233.46293922513723 -0.8888595327734947 2.4
      vertex 233.647759065032 -1.234633132815361 1
      vertex 233.46293922513723 -0.8888595327734947 1
    endloop
  endfacet
  facet normal 0.9569403375708345 0.29028467119332607 0
    outer loop
      vertex 233.76157055795193 -1.6098193526268005 2.4
      vertex 233.76157055795193 -1.6098193526268005 1
      vertex 233.647759065032 -1.234633132815361 1
    endloop
  endfacet
  facet normal 0.9951847267853376 0.0980171391808235 0
    outer loop
      vertex 233.76157055795193 -1.6098193526268005 2.4
      vertex 233.79999999701977 -2 1
      vertex 233.76157055795193 -1.6098193526268005 1
    endloop
  endfacet
  facet normal 0 0.7071067811865476 -0.7071067811865476
    outer loop
      vertex 231.79999999701977 0 1
      vertex 231.75087314099073 -1 0
      vertex 131.59561949032758 0 1
    endloop
  endfacet
  facet normal 0.06930858396946682 0.7037018706931104 -0.7071067793276797
    outer loop
      vertex 231.79999999701977 0 1
      vertex 232.19018064439297 -0.038429439067840576 1
      vertex 231.99414636194706 -1.0239603146910667 0
    endloop
  endfacet
  facet normal 0.2052622598829795 0.6766590032311935 -0.7071067797821629
    outer loop
      vertex 232.19018064439297 -0.038429439067840576 1
      vertex 232.5653668642044 -0.15224093198776245 1
      vertex 231.99414636194706 -1.0239603146910667 0
    endloop
  endfacet
  facet normal 0.3333278302402442 0.6236125078451267 -0.7071067795223314
    outer loop
      vertex 232.5653668642044 -0.15224093198776245 1
      vertex 232.91114046424627 -0.337060771882534 1
      vertex 232.18083180487156 -1.0805907249450684 0
    endloop
  endfacet
  facet normal 0.4485838013207552 0.54660092616278 -0.7071067816890264
    outer loop
      vertex 232.91114046424627 -0.337060771882534 1
      vertex 233.21421355754137 -0.5857864394783974 1
      vertex 232.35288204997778 -1.17255350202322 0
    endloop
  endfacet
  facet normal 0.5466009258805212 0.4485838010891114 -0.7071067820541685
    outer loop
      vertex 233.21421355754137 -0.5857864394783974 1
      vertex 233.46293922513723 -0.8888595327734947 1
      vertex 232.62744648754597 -1.4471179395914078 0
    endloop
  endfacet
  facet normal 0.6236125068914218 0.33332782973047825 -0.707106780603726
    outer loop
      vertex 233.46293922513723 -0.8888595327734947 1
      vertex 233.647759065032 -1.234633132815361 1
      vertex 232.71940926462412 -1.619168184697628 0
    endloop
  endfacet
  facet normal 0.6766590015507203 0.20526225937321357 -0.7071067815382525
    outer loop
      vertex 233.647759065032 -1.234633132815361 1
      vertex 233.76157055795193 -1.6098193526268005 1
      vertex 232.77603967487812 -1.8058536276221275 0
    endloop
  endfacet
  facet normal 0.7037018688643165 0.06930858378934633 -0.7071067811653227
    outer loop
      vertex 233.76157055795193 -1.6098193526268005 1
      vertex 233.79999999701977 -2 1
      vertex 232.79999999701977 -2.049126848578453 0
    endloop
  endfacet
  facet normal 0.06930856665797452 0.7037018698689297 -0.7071067818447146
    outer loop
      vertex 231.79999999701977 0 1
      vertex 231.99414636194706 -1.0239603146910667 0
      vertex 231.75087314099073 -1 0
    endloop
  endfacet
  facet normal 0.20526226481869866 0.6766590009059125 -0.7071067805745543
    outer loop
      vertex 232.5653668642044 -0.15224093198776245 1
      vertex 232.18083180487156 -1.0805907249450684 0
      vertex 231.99414636194706 -1.0239603146910667 0
    endloop
  endfacet
  facet normal 0.3333278433570787 0.6236124981477756 -0.7071067818913982
    outer loop
      vertex 232.91114046424627 -0.337060771882534 1
      vertex 232.35288204997778 -1.17255350202322 0
      vertex 232.18083180487156 -1.0805907249450684 0
    endloop
  endfacet
  facet normal 0.4485838013542067 0.546600926125984 -0.7071067816962485
    outer loop
      vertex 233.21421355754137 -0.5857864394783974 1
      vertex 232.50368538498878 -1.2963146045804024 0
      vertex 232.35288204997778 -1.17255350202322 0
    endloop
  endfacet
  facet normal 0.5466009258437253 0.4485838011225631 -0.7071067820613908
    outer loop
      vertex 233.21421355754137 -0.5857864394783974 1
      vertex 232.62744648754597 -1.4471179395914078 0
      vertex 232.50368538498878 -1.2963146045804024 0
    endloop
  endfacet
  facet normal 0.6236124971940707 0.3333278428473128 -0.7071067829727928
    outer loop
      vertex 233.46293922513723 -0.8888595327734947 1
      vertex 232.71940926462412 -1.619168184697628 0
      vertex 232.62744648754597 -1.4471179395914078 0
    endloop
  endfacet
  facet normal 0.6766589992254395 0.20526226430893277 -0.7071067823306438
    outer loop
      vertex 233.647759065032 -1.234633132815361 1
      vertex 232.77603967487812 -1.8058536276221275 0
      vertex 232.71940926462412 -1.619168184697628 0
    endloop
  endfacet
  facet normal 0.7037018677088748 0.06930858799707575 -0.7071067819027711
    outer loop
      vertex 233.76157055795193 -1.6098193526268005 1
      vertex 232.79999999701977 -2.049126848578453 0
      vertex 232.77603967487812 -1.8058536276221275 0
    endloop
  endfacet
  facet normal 0 0 -1
    outer loop
      vertex 231.75087314099073 -1 0
      vertex 231.99414636194706 -1.0239603146910667 0
      vertex 232.71940926462412 -1.619168184697628 0
    endloop
  endfacet
  facet normal 0 0 -1
    outer loop
      vertex 232.18083180487156 -1.0805907249450684 0
      vertex 232.35288204997778 -1.17255350202322 0
      vertex 232.71940926462412 -1.619168184697628 0
    endloop
  endfacet
  facet normal 0 0 -1
    outer loop
      vertex 231.99414636194706 -1.0239603146910667 0
      vertex 232.18083180487156 -1.0805907249450684 0
      vertex 232.71940926462412 -1.619168184697628 0
    endloop
  endfacet
  facet normal 0 0 -1
    outer loop
      vertex 232.35288204997778 -1.17255350202322 0
      vertex 232.50368538498878 -1.2963146045804024 0
      vertex 232.71940926462412 -1.619168184697628 0
    endloop
  endfacet
  facet normal 0 0 -1
    outer loop
      vertex 232.50368538498878 -1.2963146045804024 0
      vertex 232.62744648754597 -1.4471179395914078 0
      vertex 232.71940926462412 -1.619168184697628 0
    endloop
  endfacet
  facet normal 0 0 -1
    outer loop
      vertex 232.71940926462412 -1.619168184697628 0
      vertex 232.77603967487812 -1.8058536276221275 0
      vertex 232.79999999701977 -2.049126848578453 0
    endloop
  endfacet
  facet normal 0.7071067811865476 0 -0.7071067811865476
    outer loop
      vertex 233.79999999701977 -2 1
      vertex 233.79999999701977 -119.00390265882015 1
      vertex 232.79999999701977 -2.049126848578453 0
    endloop
  endfacet
  facet normal 0 0 -1
    outer loop
      vertex 232.71940926462412 -1.619168184697628 0
      vertex 232.79999999701977 -2.049126848578453 0
      vertex 232.79999999701977 -118.95477580279112 0
    endloop
  endfacet
  facet normal 0 0 1
    outer loop
      vertex 2.02947611361742 -120.40390265733004 3
      vertex 231.77052388340235 -120.40390265733004 3
      vertex 232.78789665549994 -119.99179931730032 3
    endloop
  endfacet
  facet normal 0 -0.7071067803084882 0.7071067820646069
    outer loop
      vertex 2 -121.00390265882015 2.4
      vertex 231.79999999701977 -121.00390265882015 2.4
      vertex 231.77052388340235 -120.40390265733004 3
    endloop
  endfacet
  facet normal 0 0 1
    outer loop
      vertex 233.19999999552965 -2.02947611361742 3
      vertex 232.78789665549994 -119.99179931730032 3
      vertex 233.19999999552965 -118.97442653775215 3
    endloop
  endfacet
  facet normal 0.7071067803084883 0 0.7071067820646069
    outer loop
      vertex 233.19999999552965 -2.02947611361742 3
      vertex 233.19999999552965 -118.97442653775215 3
      vertex 233.79999999701977 -119.00390265882015 2.4
    endloop
  endfacet
  facet normal 0 0 1
    outer loop
      vertex 233.19999999552965 -118.97442653775215 3
      vertex 232.78789665549994 -119.99179931730032 3
      vertex 233.1702520251274 -119.27646274119616 3
    endloop
  endfacet
  facet normal 0 0 1
    outer loop
      vertex 232.78789665549994 -119.99179931730032 3
      vertex 233.09074918180704 -119.5385484918952 3
      vertex 233.1702520251274 -119.27646274119616 3
    endloop
  endfacet
  facet normal 0 0 1
    outer loop
      vertex 232.78789665549994 -119.99179931730032 3
      vertex 232.9616435840726 -119.78008808195591 3
      vertex 233.09074918180704 -119.5385484918952 3
    endloop
  endfacet
  facet normal 0 0 1
    outer loop
      vertex 232.78789665549994 -119.99179931730032 3
      vertex 232.07256007939577 -120.3741546869278 3
      vertex 232.33464583009481 -120.29465184360743 3
    endloop
  endfacet
  facet normal 0 0 1
    outer loop
      vertex 231.77052388340235 -120.40390265733004 3
      vertex 232.07256007939577 -120.3741546869278 3
      vertex 232.78789665549994 -119.99179931730032 3
    endloop
  endfacet
  facet normal 0 0 1
    outer loop
      vertex 232.78789665549994 -119.99179931730032 3
      vertex 232.33464583009481 -120.29465184360743 3
      vertex 232.57618542015553 -120.16554624587297 3
    endloop
  endfacet
  facet normal 0.7037018661886403 -0.06930858635051759 0.7071067835770761
    outer loop
      vertex 233.19999999552965 -118.97442653775215 3
      vertex 233.1702520251274 -119.27646274119616 3
      vertex 233.76157055795193 -119.39408330619335 2.4
    endloop
  endfacet
  facet normal 0.676658997418809 -0.20526226286480218 0.7071067844786904
    outer loop
      vertex 233.1702520251274 -119.27646274119616 3
      vertex 233.09074918180704 -119.5385484918952 3
      vertex 233.647759065032 -119.76926952600479 2.4
    endloop
  endfacet
  facet normal 0.6236125077519638 -0.33332782235724084 0.7071067833205157
    outer loop
      vertex 233.09074918180704 -119.5385484918952 3
      vertex 232.9616435840726 -119.78008808195591 3
      vertex 233.647759065032 -119.76926952600479 2.4
    endloop
  endfacet
  facet normal 0.4485838044462956 -0.5466009222436833 0.707106782735707
    outer loop
      vertex 232.78789665549994 -119.99179931730032 3
      vertex 232.57618542015553 -120.16554624587297 3
      vertex 233.21421355754137 -120.41811621934175 2.4
    endloop
  endfacet
  facet normal 0.33332782235724084 -0.6236125077519638 0.7071067833205157
    outer loop
      vertex 232.33464583009481 -120.29465184360743 3
      vertex 232.5653668642044 -120.85166172683239 2.4
      vertex 232.57618542015553 -120.16554624587297 3
    endloop
  endfacet
  facet normal 0.06930858803557226 -0.7037018659384818 0.7071067836608657
    outer loop
      vertex 231.77052388340235 -120.40390265733004 3
      vertex 232.19018064439297 -120.96547321975231 2.4
      vertex 232.07256007939577 -120.3741546869278 3
    endloop
  endfacet
  facet normal 0.20526226286480218 -0.676658997418809 0.7071067844786904
    outer loop
      vertex 232.33464583009481 -120.29465184360743 3
      vertex 232.07256007939577 -120.3741546869278 3
      vertex 232.5653668642044 -120.85166172683239 2.4
    endloop
  endfacet
  facet normal 0.5466009222436833 -0.4485838044462956 0.707106782735707
    outer loop
      vertex 232.78789665549994 -119.99179931730032 3
      vertex 233.21421355754137 -120.41811621934175 2.4
      vertex 232.9616435840726 -119.78008808195591 3
    endloop
  endfacet
  facet normal 0.06930858367838838 -0.7037018677377416 0.7071067822973484
    outer loop
      vertex 231.77052388340235 -120.40390265733004 3
      vertex 231.79999999701977 -121.00390265882015 2.4
      vertex 232.19018064439297 -120.96547321975231 2.4
    endloop
  endfacet
  facet normal 0.7037018673094895 -0.06930858363620922 0.7071067827276728
    outer loop
      vertex 233.19999999552965 -118.97442653775215 3
      vertex 233.76157055795193 -119.39408330619335 2.4
      vertex 233.79999999701977 -119.00390265882015 2.4
    endloop
  endfacet
  facet normal 0.6766589999425813 -0.2052622588853899 0.7071067832187532
    outer loop
      vertex 233.1702520251274 -119.27646274119616 3
      vertex 233.647759065032 -119.76926952600479 2.4
      vertex 233.76157055795193 -119.39408330619335 2.4
    endloop
  endfacet
  facet normal 0.6236125061859766 -0.3333278293534101 0.7071067814036216
    outer loop
      vertex 232.9616435840726 -119.78008808195591 3
      vertex 233.46293922513723 -120.11504312604666 2.4
      vertex 233.647759065032 -119.76926952600479 2.4
    endloop
  endfacet
  facet normal 0.2052622588853899 -0.6766589999425813 0.7071067832187532
    outer loop
      vertex 232.07256007939577 -120.3741546869278 3
      vertex 232.19018064439297 -120.96547321975231 2.4
      vertex 232.5653668642044 -120.85166172683239 2.4
    endloop
  endfacet
  facet normal 0.3333278293534101 -0.6236125061859766 0.7071067814036216
    outer loop
      vertex 232.57618542015553 -120.16554624587297 3
      vertex 232.5653668642044 -120.85166172683239 2.4
      vertex 232.91114046424627 -120.66684188693762 2.4
    endloop
  endfacet
  facet normal 0.5466009264052013 -0.4485838015197052 0.7071067813754195
    outer loop
      vertex 232.9616435840726 -119.78008808195591 3
      vertex 233.21421355754137 -120.41811621934175 2.4
      vertex 233.46293922513723 -120.11504312604666 2.4
    endloop
  endfacet
  facet normal 0.4485838015197052 -0.5466009264052013 0.7071067813754195
    outer loop
      vertex 232.57618542015553 -120.16554624587297 3
      vertex 232.91114046424627 -120.66684188693762 2.4
      vertex 233.21421355754137 -120.41811621934175 2.4
    endloop
  endfacet
  facet normal 0.9951847267853376 -0.0980171391808235 0
    outer loop
      vertex 233.79999999701977 -119.00390265882015 2.4
      vertex 233.76157055795193 -119.39408330619335 2.4
      vertex 233.79999999701977 -119.00390265882015 1
    endloop
  endfacet
  facet normal 0.9569403375708345 -0.29028467119332607 0
    outer loop
      vertex 233.76157055795193 -119.39408330619335 2.4
      vertex 233.647759065032 -119.76926952600479 2.4
      vertex 233.647759065032 -119.76926952600479 1
    endloop
  endfacet
  facet normal 0.8819212641844241 -0.4713967371326908 0
    outer loop
      vertex 233.647759065032 -119.76926952600479 2.4
      vertex 233.46293922513723 -120.11504312604666 2.4
      vertex 233.647759065032 -119.76926952600479 1
    endloop
  endfacet
  facet normal 0.0980171391808235 -0.9951847267853376 0
    outer loop
      vertex 231.79999999701977 -121.00390265882015 2.4
      vertex 232.19018064439297 -120.96547321975231 1
      vertex 232.19018064439297 -120.96547321975231 2.4
    endloop
  endfacet
  facet normal 0.29028467119332607 -0.9569403375708345 0
    outer loop
      vertex 232.19018064439297 -120.96547321975231 2.4
      vertex 232.19018064439297 -120.96547321975231 1
      vertex 232.5653668642044 -120.85166172683239 2.4
    endloop
  endfacet
  facet normal 0.4713967371326908 -0.8819212641844241 0
    outer loop
      vertex 232.5653668642044 -120.85166172683239 2.4
      vertex 232.5653668642044 -120.85166172683239 1
      vertex 232.91114046424627 -120.66684188693762 2.4
    endloop
  endfacet
  facet normal 0.7730104435344091 -0.6343932961394977 0
    outer loop
      vertex 233.21421355754137 -120.41811621934175 2.4
      vertex 233.46293922513723 -120.11504312604666 1
      vertex 233.46293922513723 -120.11504312604666 2.4
    endloop
  endfacet
  facet normal 0.6343932961394977 -0.7730104435344091 0
    outer loop
      vertex 233.21421355754137 -120.41811621934175 2.4
      vertex 232.91114046424627 -120.66684188693762 2.4
      vertex 232.91114046424627 -120.66684188693762 1
    endloop
  endfacet
  facet normal 0 0 -1
    outer loop
      vertex 2.0491268560290337 -120.00390265882015 0
      vertex 232.71940926462412 -1.619168184697628 0
      vertex 231.75087314099073 -120.00390265882015 0
    endloop
  endfacet
  facet normal 0 -1 0
    outer loop
      vertex 2 -121.00390265882015 1
      vertex 231.79999999701977 -121.00390265882015 1
      vertex 231.79999999701977 -121.00390265882015 2.4
    endloop
  endfacet
  facet normal 0 -0.7071067811865475 -0.7071067811865475
    outer loop
      vertex 2 -121.00390265882015 1
      vertex 231.75087314099073 -120.00390265882015 0
      vertex 231.79999999701977 -121.00390265882015 1
    endloop
  endfacet
  facet normal 1 0 0
    outer loop
      vertex 233.79999999701977 -2 1
      vertex 233.79999999701977 -119.00390265882015 2.4
      vertex 233.79999999701977 -119.00390265882015 1
    endloop
  endfacet
  facet normal 0.7071067811865475 0 -0.7071067811865475
    outer loop
      vertex 232.79999999701977 -2.049126848578453 0
      vertex 233.79999999701977 -119.00390265882015 1
      vertex 232.79999999701977 -118.95477580279112 0
    endloop
  endfacet
  facet normal 0 0 -1
    outer loop
      vertex 232.71940926462412 -1.619168184697628 0
      vertex 232.79999999701977 -118.95477580279112 0
      vertex 232.77603967487812 -119.19804902374744 0
    endloop
  endfacet
  facet normal 0 0 -1
    outer loop
      vertex 232.71940926462412 -1.619168184697628 0
      vertex 232.77603967487812 -119.19804902374744 0
      vertex 232.71940926462412 -119.38473446667194 0
    endloop
  endfacet
  facet normal 0 0 -1
    outer loop
      vertex 232.71940926462412 -1.619168184697628 0
      vertex 231.99414636194706 -119.9799423366785 0
      vertex 231.75087314099073 -120.00390265882015 0
    endloop
  endfacet
  facet normal 0 0 -1
    outer loop
      vertex 232.71940926462412 -1.619168184697628 0
      vertex 232.35288204997778 -119.83134914934635 0
      vertex 232.18083180487156 -119.9233119264245 0
    endloop
  endfacet
  facet normal 0 0 -1
    outer loop
      vertex 232.71940926462412 -1.619168184697628 0
      vertex 232.18083180487156 -119.9233119264245 0
      vertex 231.99414636194706 -119.9799423366785 0
    endloop
  endfacet
  facet normal 0 0 -1
    outer loop
      vertex 232.71940926462412 -1.619168184697628 0
      vertex 232.62744648754597 -119.55678471177816 0
      vertex 232.50368538498878 -119.70758804678917 0
    endloop
  endfacet
  facet normal 0 0 -1
    outer loop
      vertex 232.71940926462412 -1.619168184697628 0
      vertex 232.50368538498878 -119.70758804678917 0
      vertex 232.35288204997778 -119.83134914934635 0
    endloop
  endfacet
  facet normal 0 0 -1
    outer loop
      vertex 232.71940926462412 -1.619168184697628 0
      vertex 232.71940926462412 -119.38473446667194 0
      vertex 232.62744648754597 -119.55678471177816 0
    endloop
  endfacet
  facet normal 0.0980171391808235 -0.9951847267853376 0
    outer loop
      vertex 231.79999999701977 -121.00390265882015 2.4
      vertex 231.79999999701977 -121.00390265882015 1
      vertex 232.19018064439297 -120.96547321975231 1
    endloop
  endfacet
  facet normal 0.9951847267853376 -0.0980171391808235 0
    outer loop
      vertex 233.76157055795193 -119.39408330619335 2.4
      vertex 233.76157055795193 -119.39408330619335 1
      vertex 233.79999999701977 -119.00390265882015 1
    endloop
  endfacet
  facet normal 0.9569403375708345 -0.29028467119332607 0
    outer loop
      vertex 233.76157055795193 -119.39408330619335 2.4
      vertex 233.647759065032 -119.76926952600479 1
      vertex 233.76157055795193 -119.39408330619335 1
    endloop
  endfacet
  facet normal 0.4713967371326908 -0.8819212641844241 0
    outer loop
      vertex 232.91114046424627 -120.66684188693762 2.4
      vertex 232.5653668642044 -120.85166172683239 1
      vertex 232.91114046424627 -120.66684188693762 1
    endloop
  endfacet
  facet normal 0.29028467119332607 -0.9569403375708345 0
    outer loop
      vertex 232.5653668642044 -120.85166172683239 2.4
      vertex 232.19018064439297 -120.96547321975231 1
      vertex 232.5653668642044 -120.85166172683239 1
    endloop
  endfacet
  facet normal 0.7730104435344091 -0.6343932961394977 0
    outer loop
      vertex 233.21421355754137 -120.41811621934175 2.4
      vertex 233.21421355754137 -120.41811621934175 1
      vertex 233.46293922513723 -120.11504312604666 1
    endloop
  endfacet
  facet normal 0.8819212641844241 -0.4713967371326908 0
    outer loop
      vertex 233.46293922513723 -120.11504312604666 2.4
      vertex 233.46293922513723 -120.11504312604666 1
      vertex 233.647759065032 -119.76926952600479 1
    endloop
  endfacet
  facet normal 0.6343932961394977 -0.7730104435344091 0
    outer loop
      vertex 233.21421355754137 -120.41811621934175 2.4
      vertex 232.91114046424627 -120.66684188693762 1
      vertex 233.21421355754137 -120.41811621934175 1
    endloop
  endfacet
  facet normal 0.06930858376403884 -0.7037018686073652 -0.7071067814235173
    outer loop
      vertex 231.79999999701977 -121.00390265882015 1
      vertex 231.75087314099073 -120.00390265882015 0
      vertex 232.19018064439297 -120.96547321975231 1
    endloop
  endfacet
  facet normal 0.7037018686073652 -0.06930858376403884 -0.7071067814235173
    outer loop
      vertex 233.79999999701977 -119.00390265882015 1
      vertex 233.76157055795193 -119.39408330619335 1
      vertex 232.79999999701977 -118.95477580279112 0
    endloop
  endfacet
  facet normal 0.6766590008189849 -0.20526225915124405 -0.707106782302914
    outer loop
      vertex 233.76157055795193 -119.39408330619335 1
      vertex 233.647759065032 -119.76926952600479 1
      vertex 232.77603967487812 -119.19804902374744 0
    endloop
  endfacet
  facet normal 0.6236125057963021 -0.33332782914512465 -0.7071067818454688
    outer loop
      vertex 233.647759065032 -119.76926952600479 1
      vertex 233.46293922513723 -120.11504312604666 1
      vertex 232.71940926462412 -119.38473446667194 0
    endloop
  endfacet
  facet normal 0.33332782914512465 -0.6236125057963021 -0.7071067818454688
    outer loop
      vertex 232.5653668642044 -120.85166172683239 1
      vertex 232.18083180487156 -119.9233119264245 0
      vertex 232.91114046424627 -120.66684188693762 1
    endloop
  endfacet
  facet normal 0.4485838000289737 -0.5466009245887397 -0.7071067837252735
    outer loop
      vertex 233.21421355754137 -120.41811621934175 1
      vertex 232.91114046424627 -120.66684188693762 1
      vertex 232.35288204997778 -119.83134914934635 0
    endloop
  endfacet
  facet normal 0.20526225915124405 -0.6766590008189849 -0.707106782302914
    outer loop
      vertex 232.19018064439297 -120.96547321975231 1
      vertex 231.99414636194706 -119.9799423366785 0
      vertex 232.5653668642044 -120.85166172683239 1
    endloop
  endfacet
  facet normal 0.5466009245887397 -0.4485838000289737 -0.7071067837252735
    outer loop
      vertex 233.21421355754137 -120.41811621934175 1
      vertex 232.62744648754597 -119.55678471177816 0
      vertex 233.46293922513723 -120.11504312604666 1
    endloop
  endfacet
  facet normal 0.5466009245519438 -0.44858380006242526 -0.7071067837324957
    outer loop
      vertex 233.21421355754137 -120.41811621934175 1
      vertex 232.50368538498878 -119.70758804678917 0
      vertex 232.62744648754597 -119.55678471177816 0
    endloop
  endfacet
  facet normal 0.44858380006242526 -0.5466009245519438 -0.7071067837324957
    outer loop
      vertex 233.21421355754137 -120.41811621934175 1
      vertex 232.35288204997778 -119.83134914934635 0
      vertex 232.50368538498878 -119.70758804678917 0
    endloop
  endfacet
  facet normal 0.7037018674519234 -0.06930858797176824 -0.7071067821609657
    outer loop
      vertex 233.76157055795193 -119.39408330619335 1
      vertex 232.77603967487812 -119.19804902374744 0
      vertex 232.79999999701977 -118.95477580279112 0
    endloop
  endfacet
  facet normal 0.6766589984937039 -0.2052622640869632 -0.7071067830953054
    outer loop
      vertex 233.647759065032 -119.76926952600479 1
      vertex 232.71940926462412 -119.38473446667194 0
      vertex 232.77603967487812 -119.19804902374744 0
    endloop
  endfacet
  facet normal 0.6236124960989512 -0.3333278422619592 -0.7071067842145358
    outer loop
      vertex 233.46293922513723 -120.11504312604666 1
      vertex 232.62744648754597 -119.55678471177816 0
      vertex 232.71940926462412 -119.38473446667194 0
    endloop
  endfacet
  facet normal 0.06930858797176824 -0.7037018674519234 -0.7071067821609657
    outer loop
      vertex 232.19018064439297 -120.96547321975231 1
      vertex 231.75087314099073 -120.00390265882015 0
      vertex 231.99414636194706 -119.9799423366785 0
    endloop
  endfacet
  facet normal 0.2052622640869632 -0.6766589984937039 -0.7071067830953054
    outer loop
      vertex 232.5653668642044 -120.85166172683239 1
      vertex 231.99414636194706 -119.9799423366785 0
      vertex 232.18083180487156 -119.9233119264245 0
    endloop
  endfacet
  facet normal 0.3333278422619592 -0.6236124960989512 -0.7071067842145358
    outer loop
      vertex 232.91114046424627 -120.66684188693762 1
      vertex 232.18083180487156 -119.9233119264245 0
      vertex 232.35288204997778 -119.83134914934635 0
    endloop
  endfacet
  facet normal -0.7037018716290322 0.06930858139558899 0.707106778648549
    outer loop
      vertex 102.43119487315417 6.2921634912490845 2.9
      vertex 101.9 6 2.4
      vertex 102.4 5.9754366129636765 2.9
    endloop
  endfacet
  facet normal -0.7071067811865475 4.958599870571413e-16 0.7071067811865475
    outer loop
      vertex 102.4 5.9754366129636765 2.9
      vertex 101.9 6 2.4
      vertex 102.24999999929634 -0.3500000001655684 2.749999999296334
    endloop
  endfacet
  facet normal -0.707106781186537 0 0.7071067811865579
    outer loop
      vertex 102.4 5.9754366129636765 2.9
      vertex 102.24999999929634 -0.3500000001655684 2.749999999296334
      vertex 102.4 -0.5000000012417635 2.9
    endloop
  endfacet
  facet normal 0 0 1
    outer loop
      vertex 103.06798872500659 7.245192863047123 2.9
      vertex 102.8410505220294 7.0589494779706 2.9
      vertex 130.95894947052003 7.0589494779706 2.9
    endloop
  endfacet
  facet normal 0 0 1
    outer loop
      vertex 103.60783650875092 7.468805126845837 2.9
      vertex 103.32690066248179 7.383584171533585 2.9
      vertex 130.95894947052003 7.0589494779706 2.9
    endloop
  endfacet
  facet normal 0 0 1
    outer loop
      vertex 103.06798872500659 7.245192863047123 2.9
      vertex 130.95894947052003 7.0589494779706 2.9
      vertex 103.32690066248179 7.383584171533585 2.9
    endloop
  endfacet
  facet normal 0 0 1
    outer loop
      vertex 103.60783650875092 7.468805126845837 2.9
      vertex 130.95894947052003 7.0589494779706 2.9
      vertex 103.92456338703633 7.5 2.9
    endloop
  endfacet
  facet normal 0 0 1
    outer loop
      vertex 102.65480713695288 6.83201127499342 2.9
      vertex 102.51641582846642 6.573099337518215 2.9
      vertex 130.95894947052003 7.0589494779706 2.9
    endloop
  endfacet
  facet normal 0 0 1
    outer loop
      vertex 102.8410505220294 7.0589494779706 2.9
      vertex 102.65480713695288 6.83201127499342 2.9
      vertex 130.95894947052003 7.0589494779706 2.9
    endloop
  endfacet
  facet normal 0 0 1
    outer loop
      vertex 102.51641582846642 6.573099337518215 2.9
      vertex 102.43119487315417 6.2921634912490845 2.9
      vertex 130.95894947052003 7.0589494779706 2.9
    endloop
  endfacet
  facet normal 0 0 1
    outer loop
      vertex 102.43119487315417 6.2921634912490845 2.9
      vertex 102.4 5.9754366129636765 2.9
      vertex 130.95894947052003 7.0589494779706 2.9
    endloop
  endfacet
  facet normal 0 0 1
    outer loop
      vertex 102.4 5.9754366129636765 2.9
      vertex 102.4 -0.5000000012417635 2.9
      vertex 130.95894947052003 7.0589494779706 2.9
    endloop
  endfacet
  facet normal -0.5466009159564812 0.4485838150569099 0.7071067808644772
    outer loop
      vertex 102.8410505220294 7.0589494779706 2.9
      vertex 102.4857864394784 7.414213560521603 2.4
      vertex 102.65480713695288 6.83201127499342 2.9
    endloop
  endfacet
  facet normal -0.3333278197801306 0.6236125127908743 0.7071067800914347
    outer loop
      vertex 103.06798872500659 7.245192863047123 2.9
      vertex 103.32690066248179 7.383584171533585 2.9
      vertex 103.13463313281537 7.8477590680122375 2.4
    endloop
  endfacet
  facet normal -0.4485838150569099 0.5466009159564812 0.7071067808644772
    outer loop
      vertex 103.06798872500659 7.245192863047123 2.9
      vertex 102.4857864394784 7.414213560521603 2.4
      vertex 102.8410505220294 7.0589494779706 2.9
    endloop
  endfacet
  facet normal -0.20526225968931922 0.6766590027258531 0.7071067803219598
    outer loop
      vertex 103.60783650875092 7.468805126845837 2.9
      vertex 103.5098193526268 7.961570560932159 2.4
      vertex 103.32690066248179 7.383584171533585 2.9
    endloop
  endfacet
  facet normal -0.06930858139558899 0.7037018716290322 0.707106778648549
    outer loop
      vertex 103.60783650875092 7.468805126845837 2.9
      vertex 103.92456338703633 7.5 2.9
      vertex 103.9 8 2.4
    endloop
  endfacet
  facet normal -0.6236125127908743 0.3333278197801306 0.7071067800914347
    outer loop
      vertex 102.65480713695288 6.83201127499342 2.9
      vertex 102.05224093198777 6.765366867184639 2.4
      vertex 102.51641582846642 6.573099337518215 2.9
    endloop
  endfacet
  facet normal -0.6766590027258531 0.20526225968931922 0.7071067803219598
    outer loop
      vertex 102.51641582846642 6.573099337518215 2.9
      vertex 101.93842943906785 6.3901806473731995 2.4
      vertex 102.43119487315417 6.2921634912490845 2.9
    endloop
  endfacet
  facet normal 0 0.7071067811865476 0.7071067811865476
    outer loop
      vertex 103.92456338703633 7.5 2.9
      vertex 129.87543661296368 7.5 2.9
      vertex 103.9 8 2.4
    endloop
  endfacet
  facet normal -0.6766590027273124 0.20526225973012885 0.707106780308717
    outer loop
      vertex 102.51641582846642 6.573099337518215 2.9
      vertex 102.05224093198777 6.765366867184639 2.4
      vertex 101.93842943906785 6.3901806473731995 2.4
    endloop
  endfacet
  facet normal -0.7037018722741759 0.06930858412518817 0.7071067777389646
    outer loop
      vertex 102.43119487315417 6.2921634912490845 2.9
      vertex 101.93842943906785 6.3901806473731995 2.4
      vertex 101.9 6 2.4
    endloop
  endfacet
  facet normal -0.8521900544259021 -0.08393339339423933 0.5164564808489733
    outer loop
      vertex 101.93842943906785 0.6598193496465683 2.4
      vertex 102.21284634029612 -0.29726430272719745 2.6972643019889335
      vertex 102.24999999929634 -0.3500000001655684 2.749999999296334
    endloop
  endfacet
  facet normal -0.707106781186552 0 0.707106781186543
    outer loop
      vertex 101.9 6 2.4
      vertex 101.9 1.0499999970197678 2.4
      vertex 102.24999999929634 -0.3500000001655684 2.749999999296334
    endloop
  endfacet
  facet normal -0.8521900544258598 -0.08393339339419985 0.5164564808490494
    outer loop
      vertex 101.9 1.0499999970197678 2.4
      vertex 101.93842943906785 0.6598193496465683 2.4
      vertex 102.24999999929634 -0.3500000001655684 2.749999999296334
    endloop
  endfacet
  facet normal -0.9612676620440112 -0.27561654868392926 8.344372014790507e-15
    outer loop
      vertex 101.93842943906785 0.6598193496465683 2.4
      vertex 102.12761413661376 0 2.4
      vertex 102.21284634029612 -0.29726430272719745 2.6972643019889335
    endloop
  endfacet
  facet normal -0.33332783183955034 0.623612510837218 0.7071067761296345
    outer loop
      vertex 103.06798872500659 7.245192863047123 2.9
      vertex 103.13463313281537 7.8477590680122375 2.4
      vertex 102.7888595327735 7.662939228117466 2.4
    endloop
  endfacet
  facet normal -0.5466009313299061 0.4485838055613061 0.7071067750046067
    outer loop
      vertex 102.4857864394784 7.414213560521603 2.4
      vertex 102.23706077188254 7.111140467226505 2.4
      vertex 102.65480713695288 6.83201127499342 2.9
    endloop
  endfacet
  facet normal -0.4485838055613061 0.5466009313299061 0.7071067750046067
    outer loop
      vertex 103.06798872500659 7.245192863047123 2.9
      vertex 102.7888595327735 7.662939228117466 2.4
      vertex 102.4857864394784 7.414213560521603 2.4
    endloop
  endfacet
  facet normal -0.20526225973012885 0.6766590027273124 0.707106780308717
    outer loop
      vertex 103.32690066248179 7.383584171533585 2.9
      vertex 103.5098193526268 7.961570560932159 2.4
      vertex 103.13463313281537 7.8477590680122375 2.4
    endloop
  endfacet
  facet normal -0.06930858412518817 0.7037018722741759 0.7071067777389646
    outer loop
      vertex 103.60783650875092 7.468805126845837 2.9
      vertex 103.9 8 2.4
      vertex 103.5098193526268 7.961570560932159 2.4
    endloop
  endfacet
  facet normal -0.623612510837218 0.33332783183955034 0.7071067761296345
    outer loop
      vertex 102.23706077188254 7.111140467226505 2.4
      vertex 102.05224093198777 6.765366867184639 2.4
      vertex 102.65480713695288 6.83201127499342 2.9
    endloop
  endfacet
  facet normal -0.9612676620440112 -0.27561654868392926 -5.611681698586536e-18
    outer loop
      vertex 101.93842943906785 0.6598193496465683 2.4
      vertex 102.12761413661376 0 1.7746574600418012
      vertex 102.12761413661376 0 2.4
    endloop
  endfacet
  facet normal -0.8819212641844241 0.4713967371326908 0
    outer loop
      vertex 102.23706077188254 7.111140467226505 2.4
      vertex 102.23706077188254 7.111140467226505 1
      vertex 102.05224093198777 6.765366867184639 2.4
    endloop
  endfacet
  facet normal -0.9569403375708345 0.29028467119332607 0
    outer loop
      vertex 102.05224093198777 6.765366867184639 2.4
      vertex 101.93842943906785 6.3901806473731995 1
      vertex 101.93842943906785 6.3901806473731995 2.4
    endloop
  endfacet
  facet normal -0.9951847267853376 0.0980171391808235 0
    outer loop
      vertex 101.93842943906785 6.3901806473731995 2.4
      vertex 101.93842943906785 6.3901806473731995 1
      vertex 101.9 6 2.4
    endloop
  endfacet
  facet normal -1 0 0
    outer loop
      vertex 101.9 6 2.4
      vertex 101.9 1.0499999970197678 1
      vertex 101.9 1.0499999970197678 2.4
    endloop
  endfacet
  facet normal -0.9951847267853376 -0.0980171391808235 0
    outer loop
      vertex 101.9 1.0499999970197678 2.4
      vertex 101.93842943906785 0.6598193496465683 1
      vertex 101.93842943906785 0.6598193496465683 2.4
    endloop
  endfacet
  facet normal -0.6343932961394977 0.7730104435344091 0
    outer loop
      vertex 102.7888595327735 7.662939228117466 2.4
      vertex 102.7888595327735 7.662939228117466 1
      vertex 102.4857864394784 7.414213560521603 2.4
    endloop
  endfacet
  facet normal -0.4713967371326908 0.8819212641844241 0
    outer loop
      vertex 102.7888595327735 7.662939228117466 2.4
      vertex 103.13463313281537 7.8477590680122375 2.4
      vertex 102.7888595327735 7.662939228117466 1
    endloop
  endfacet
  facet normal -0.7730104435344091 0.6343932961394977 0
    outer loop
      vertex 102.4857864394784 7.414213560521603 2.4
      vertex 102.23706077188254 7.111140467226505 1
      vertex 102.23706077188254 7.111140467226505 2.4
    endloop
  endfacet
  facet normal -0.29028467119332607 0.9569403375708345 0
    outer loop
      vertex 103.13463313281537 7.8477590680122375 2.4
      vertex 103.5098193526268 7.961570560932159 2.4
      vertex 103.5098193526268 7.961570560932159 1
    endloop
  endfacet
  facet normal -0.0980171391808235 0.9951847267853376 0
    outer loop
      vertex 103.5098193526268 7.961570560932159 2.4
      vertex 103.9 8 2.4
      vertex 103.5098193526268 7.961570560932159 1
    endloop
  endfacet
  facet normal -0.9612676620440113 -0.27561654868392926 0
    outer loop
      vertex 101.93842943906785 0.6598193496465683 2.4
      vertex 101.93842943906785 0.6598193496465683 1
      vertex 102.12761413661376 0 1.7746574600418012
    endloop
  endfacet
  facet normal -0.8819212641844241 0.4713967371326908 0
    outer loop
      vertex 102.05224093198777 6.765366867184639 2.4
      vertex 102.23706077188254 7.111140467226505 1
      vertex 102.05224093198777 6.765366867184639 1
    endloop
  endfacet
  facet normal -0.9569403375708345 0.29028467119332607 0
    outer loop
      vertex 102.05224093198777 6.765366867184639 2.4
      vertex 102.05224093198777 6.765366867184639 1
      vertex 101.93842943906785 6.3901806473731995 1
    endloop
  endfacet
  facet normal -0.9951847267853376 0.0980171391808235 0
    outer loop
      vertex 101.9 6 2.4
      vertex 101.93842943906785 6.3901806473731995 1
      vertex 101.9 6 1
    endloop
  endfacet
  facet normal -1 0 0
    outer loop
      vertex 101.9 6 2.4
      vertex 101.9 6 1
      vertex 101.9 1.0499999970197678 1
    endloop
  endfacet
  facet normal -0.9951847267853376 -0.0980171391808235 0
    outer loop
      vertex 101.9 1.0499999970197678 2.4
      vertex 101.9 1.0499999970197678 1
      vertex 101.93842943906785 0.6598193496465683 1
    endloop
  endfacet
  facet normal -0.9568524952212956 -0.2902580245085384 -0.01354922865631915
    outer loop
      vertex 101.93842943906785 0.6598193496465683 1
      vertex 102.13241353494648 0 1.4357218359770396
      vertex 102.12761413661376 0 1.7746574600418012
    endloop
  endfacet
  facet normal -0.9568524952213009 -0.2902580245085224 -0.013549228656292394
    outer loop
      vertex 101.93842943906785 0.6598193496465683 1
      vertex 102.05224093198777 0.2846331298351288 1
      vertex 102.13241353494648 0 1.4357218359770396
    endloop
  endfacet
  facet normal -0.8727112051452274 -0.46647385800935287 -0.1441433044155542
    outer loop
      vertex 102.05224093198777 0.2846331298351288 1
      vertex 102.20438050967243 0 1
      vertex 102.13241353494648 0 1.4357218359770396
    endloop
  endfacet
  facet normal -0.6343932961394977 0.7730104435344091 0
    outer loop
      vertex 102.4857864394784 7.414213560521603 2.4
      vertex 102.7888595327735 7.662939228117466 1
      vertex 102.4857864394784 7.414213560521603 1
    endloop
  endfacet
  facet normal -0.4713967371326908 0.8819212641844241 0
    outer loop
      vertex 103.13463313281537 7.8477590680122375 2.4
      vertex 103.13463313281537 7.8477590680122375 1
      vertex 102.7888595327735 7.662939228117466 1
    endloop
  endfacet
  facet normal -0.7730104435344091 0.6343932961394977 0
    outer loop
      vertex 102.4857864394784 7.414213560521603 2.4
      vertex 102.4857864394784 7.414213560521603 1
      vertex 102.23706077188254 7.111140467226505 1
    endloop
  endfacet
  facet normal -0.29028467119332607 0.9569403375708345 0
    outer loop
      vertex 103.13463313281537 7.8477590680122375 2.4
      vertex 103.5098193526268 7.961570560932159 1
      vertex 103.13463313281537 7.8477590680122375 1
    endloop
  endfacet
  facet normal -0.0980171391808235 0.9951847267853376 0
    outer loop
      vertex 103.9 8 2.4
      vertex 103.9 8 1
      vertex 103.5098193526268 7.961570560932159 1
    endloop
  endfacet
  facet normal 0 1 0
    outer loop
      vertex 103.9 8 2.4
      vertex 129.9 8 1
      vertex 103.9 8 1
    endloop
  endfacet
  facet normal -0.8700641315374721 -0.4650589676871428 -0.1634275484296129
    outer loop
      vertex 102.05224093198777 0.2846331298351288 1
      vertex 102.60175615287379 -0.5501188729272656 0.44988112707273453
      vertex 102.20438050967243 0 1
    endloop
  endfacet
  facet normal -0.7407573427868511 0.07295822937485369 -0.6677991134119975
    outer loop
      vertex 101.93842943906785 6.3901806473731995 1
      vertex 102.9 7 0
      vertex 101.9 6 1
    endloop
  endfacet
  facet normal -0.7071067811865475 0 -0.7071067811865475
    outer loop
      vertex 101.9 6 1
      vertex 102.9 7 0
      vertex 101.9 1.0499999970197678 1
    endloop
  endfacet
  facet normal -0.7774307876105973 -0.07657024837874335 -0.6242902910813077
    outer loop
      vertex 101.9 1.0499999970197678 1
      vertex 102.9 -0.9499999999999993 0
      vertex 101.93842943906785 0.6598193496465683 1
    endloop
  endfacet
  facet normal -0.3975753636180115 0.7438111884764317 -0.5372883268239541
    outer loop
      vertex 102.7888595327735 7.662939228117466 1
      vertex 103.13463313281537 7.8477590680122375 1
      vertex 102.9 7 0
    endloop
  endfacet
  facet normal -0.2329921862833349 0.768072321823886 -0.5964725891262539
    outer loop
      vertex 103.13463313281537 7.8477590680122375 1
      vertex 103.5098193526268 7.961570560932159 1
      vertex 102.9 7 0
    endloop
  endfacet
  facet normal -0.5480632136153265 0.6678169369376787 -0.5036340463281026
    outer loop
      vertex 102.7888595327735 7.662939228117466 1
      vertex 102.9 7 0
      vertex 102.4857864394784 7.414213560521603 1
    endloop
  endfacet
  facet normal -0.6678169369376787 0.5480632136153265 -0.5036340463281026
    outer loop
      vertex 102.4857864394784 7.414213560521603 1
      vertex 102.9 7 0
      vertex 102.23706077188254 7.111140467226505 1
    endloop
  endfacet
  facet normal -0.07295822937485369 0.7407573427868511 -0.6677991134119975
    outer loop
      vertex 103.5098193526268 7.961570560932159 1
      vertex 103.9 8 1
      vertex 102.9 7 0
    endloop
  endfacet
  facet normal -0.7438111884764317 0.3975753636180115 -0.5372883268239541
    outer loop
      vertex 102.23706077188254 7.111140467226505 1
      vertex 102.9 7 0
      vertex 102.05224093198777 6.765366867184639 1
    endloop
  endfacet
  facet normal -0.768072321823886 0.2329921862833349 -0.5964725891262539
    outer loop
      vertex 102.05224093198777 6.765366867184639 1
      vertex 102.9 7 0
      vertex 101.93842943906785 6.3901806473731995 1
    endloop
  endfacet
  facet normal -0.8717191083407703 -0.2644330945228954 -0.4125299197326395
    outer loop
      vertex 101.93842943906785 0.6598193496465683 1
      vertex 102.9 -0.9499999999999993 0
      vertex 102.05224093198777 0.2846331298351288 1
    endloop
  endfacet
  facet normal 0 0.7071067811865476 -0.7071067811865476
    outer loop
      vertex 103.9 8 1
      vertex 129.9 8 1
      vertex 102.9 7 0
    endloop
  endfacet
  facet normal -0.8700641315374725 -0.4650589676871409 -0.16342754842961613
    outer loop
      vertex 102.05224093198777 0.2846331298351288 1
      vertex 102.9 -0.9499999999999993 0
      vertex 102.60175615287379 -0.5501188729272656 0.44988112707273453
    endloop
  endfacet
  facet normal -0.7071067811865475 0 -0.7071067811865475
    outer loop
      vertex 102.9 7 0
      vertex 102.9 -0.9499999999999993 0
      vertex 101.9 1.0499999970197678 1
    endloop
  endfacet
  facet normal 0 0 -1
    outer loop
      vertex 102.9 7 0
      vertex 130.9 7 0
      vertex 102.9 -0.9499999999999993 0
    endloop
  endfacet
  facet normal -0.8658930478086515 -0.47726999402586684 -0.14980848627228502
    outer loop
      vertex 102.9 -0.9499999999999993 0
      vertex 102.89134948097778 -0.9500000000515604 0.04999999994843973
      vertex 102.60175615287379 -0.5501188729272656 0.44988112707273453
    endloop
  endfacet
  facet normal -1.6615471634917427e-9 -1 -1.318686682880918e-9
    outer loop
      vertex 102.9 -0.9499999999999993 0
      vertex 102.94999999985099 -0.950000000149011 0.04999999985098924
      vertex 102.89134948097778 -0.9500000000515604 0.04999999994843973
    endloop
  endfacet
  facet normal -3.743554987864352e-28 -1 -2.9802338463724244e-9
    outer loop
      vertex 102.9 -0.9499999999999993 0
      vertex 130.850000000149 -0.950000000149011 0.04999999985098924
      vertex 102.94999999985099 -0.950000000149011 0.04999999985098924
    endloop
  endfacet
  facet normal 0 0 1
    outer loop
      vertex 103.92456338703633 7.5 2.9
      vertex 130.95894947052003 7.0589494779706 2.9
      vertex 129.87543661296368 7.5 2.9
    endloop
  endfacet
  facet normal 0 0 1
    outer loop
      vertex 130.95894947052003 7.0589494779706 2.9
      vertex 102.4 -0.5000000012417635 2.9
      vertex 131.4 5.9754366129636765 2.9
    endloop
  endfacet
  facet normal 0 0 1
    outer loop
      vertex 131.4 5.9754366129636765 2.9
      vertex 102.4 -0.5000000012417635 2.9
      vertex 131.4 -0.5000000012417635 2.9
    endloop
  endfacet
  facet normal 0 0 1
    outer loop
      vertex 129.87543661296368 7.5 2.9
      vertex 130.95894947052003 7.0589494779706 2.9
      vertex 130.1921634837985 7.468805126845837 2.9
    endloop
  endfacet
  facet normal 0 0 1
    outer loop
      vertex 130.1921634837985 7.468805126845837 2.9
      vertex 130.95894947052003 7.0589494779706 2.9
      vertex 130.47309933006764 7.383584171533585 2.9
    endloop
  endfacet
  facet normal 0 0 1
    outer loop
      vertex 130.47309933006764 7.383584171533585 2.9
      vertex 130.95894947052003 7.0589494779706 2.9
      vertex 130.73201126754284 7.245192863047123 2.9
    endloop
  endfacet
  facet normal 0 0 1
    outer loop
      vertex 130.95894947052003 7.0589494779706 2.9
      vertex 131.283584164083 6.573099337518215 2.9
      vertex 131.14519285559655 6.83201127499342 2.9
    endloop
  endfacet
  facet normal 0 0 1
    outer loop
      vertex 130.95894947052003 7.0589494779706 2.9
      vertex 131.36880511939526 6.2921634912490845 2.9
      vertex 131.283584164083 6.573099337518215 2.9
    endloop
  endfacet
  facet normal 0 0 1
    outer loop
      vertex 130.95894947052003 7.0589494779706 2.9
      vertex 131.4 5.9754366129636765 2.9
      vertex 131.36880511939526 6.2921634912490845 2.9
    endloop
  endfacet
  facet normal 0.0693085830142244 0.7037018715096587 0.7071067786086938
    outer loop
      vertex 129.87543661296368 7.5 2.9
      vertex 130.1921634837985 7.468805126845837 2.9
      vertex 129.9 8 2.4
    endloop
  endfacet
  facet normal 0.20526225924538016 0.6766590012623822 0.7071067818512828
    outer loop
      vertex 130.1921634837985 7.468805126845837 2.9
      vertex 130.47309933006764 7.383584171533585 2.9
      vertex 130.2901806473732 7.961570560932159 2.4
    endloop
  endfacet
  facet normal 0.3333278186094235 0.6236125106006353 0.7071067825749204
    outer loop
      vertex 130.47309933006764 7.383584171533585 2.9
      vertex 130.73201126754284 7.245192863047123 2.9
      vertex 130.66536686718464 7.8477590680122375 2.4
    endloop
  endfacet
  facet normal 0.44858381293663435 0.5466009133729182 0.707106784206687
    outer loop
      vertex 130.73201126754284 7.245192863047123 2.9
      vertex 130.95894947052003 7.0589494779706 2.9
      vertex 131.3142135605216 7.414213560521603 2.4
    endloop
  endfacet
  facet normal 0.5466009128084007 0.4485838124733469 0.7071067849369714
    outer loop
      vertex 130.95894947052003 7.0589494779706 2.9
      vertex 131.14519285559655 6.83201127499342 2.9
      vertex 131.3142135605216 7.414213560521603 2.4
    endloop
  endfacet
  facet normal 0.6236125086932253 0.3333278175898916 0.7071067847377098
    outer loop
      vertex 131.14519285559655 6.83201127499342 2.9
      vertex 131.283584164083 6.573099337518215 2.9
      vertex 131.74775906801224 6.765366867184639 2.4
    endloop
  endfacet
  facet normal 0.676658997901436 0.20526225822584832 0.7071067853634622
    outer loop
      vertex 131.283584164083 6.573099337518215 2.9
      vertex 131.36880511939526 6.2921634912490845 2.9
      vertex 131.86157056093217 6.3901806473731995 2.4
    endloop
  endfacet
  facet normal 0.7037018650244327 0.0693085972987477 0.7071067836625634
    outer loop
      vertex 131.36880511939526 6.2921634912490845 2.9
      vertex 131.4 5.9754366129636765 2.9
      vertex 131.86157056093217 6.3901806473731995 2.4
    endloop
  endfacet
  facet normal 0.7071067811865476 0 0.7071067811865476
    outer loop
      vertex 131.4 5.9754366129636765 2.9
      vertex 131.4 -0.5000000012417635 2.9
      vertex 131.9 6 2.4
    endloop
  endfacet
  facet normal 0.7071067811865321 9.968840989045651e-15 0.707106781186563
    outer loop
      vertex 131.9 1.0499999970197678 2.4
      vertex 131.4 -0.5000000012417635 2.9
      vertex 131.55000000070368 -0.3500000001655684 2.749999999296334
    endloop
  endfacet
  facet normal 0 0.7071067811865476 0.7071067811865476
    outer loop
      vertex 103.9 8 2.4
      vertex 129.87543661296368 7.5 2.9
      vertex 129.9 8 2.4
    endloop
  endfacet
  facet normal 0.06930858407457317 0.7037018717602732 0.7071067782553537
    outer loop
      vertex 130.1921634837985 7.468805126845837 2.9
      vertex 130.2901806473732 7.961570560932159 2.4
      vertex 129.9 8 2.4
    endloop
  endfacet
  facet normal 0.2052622592861898 0.6766590012638415 0.70710678183804
    outer loop
      vertex 130.47309933006764 7.383584171533585 2.9
      vertex 130.66536686718464 7.8477590680122375 2.4
      vertex 130.2901806473732 7.961570560932159 2.4
    endloop
  endfacet
  facet normal 0.3333278306688432 0.623612508646979 0.7071067786131203
    outer loop
      vertex 130.73201126754284 7.245192863047123 2.9
      vertex 131.0111404672265 7.662939228117466 2.4
      vertex 130.66536686718464 7.8477590680122375 2.4
    endloop
  endfacet
  facet normal 0.44858380344103066 0.546600928746343 0.7071067783468166
    outer loop
      vertex 130.73201126754284 7.245192863047123 2.9
      vertex 131.3142135605216 7.414213560521603 2.4
      vertex 131.0111404672265 7.662939228117466 2.4
    endloop
  endfacet
  facet normal 0.5466009281818255 0.4485838029777431 0.7071067790771011
    outer loop
      vertex 131.3142135605216 7.414213560521603 2.4
      vertex 131.14519285559655 6.83201127499342 2.9
      vertex 131.56293922811747 7.111140467226505 2.4
    endloop
  endfacet
  facet normal 0.6236125067395691 0.33332782964931135 0.7071067807759097
    outer loop
      vertex 131.56293922811747 7.111140467226505 2.4
      vertex 131.14519285559655 6.83201127499342 2.9
      vertex 131.74775906801224 6.765366867184639 2.4
    endloop
  endfacet
  facet normal 0.6766589979028954 0.20526225826665798 0.7071067853502194
    outer loop
      vertex 131.283584164083 6.573099337518215 2.9
      vertex 131.86157056093217 6.3901806473731995 2.4
      vertex 131.74775906801224 6.765366867184639 2.4
    endloop
  endfacet
  facet normal 0.7037018714338297 0.0693085840424213 0.7071067785833768
    outer loop
      vertex 131.4 5.9754366129636765 2.9
      vertex 131.9 6 2.4
      vertex 131.86157056093217 6.3901806473731995 2.4
    endloop
  endfacet
  facet normal 0.7071067811865475 0 0.7071067811865475
    outer loop
      vertex 131.9 6 2.4
      vertex 131.4 -0.5000000012417635 2.9
      vertex 131.9 1.0499999970197678 2.4
    endloop
  endfacet
  facet normal 0.852190054425902 -0.08393339339423969 0.5164564808489736
    outer loop
      vertex 131.86157056093217 0.6598193496465683 2.4
      vertex 131.55000000070368 -0.3500000001655684 2.749999999296334
      vertex 131.5871536597039 -0.29726430272719756 2.6972643019889335
    endloop
  endfacet
  facet normal 0.8521900544258598 -0.08393339339419985 0.5164564808490495
    outer loop
      vertex 131.9 1.0499999970197678 2.4
      vertex 131.55000000070368 -0.3500000001655684 2.749999999296334
      vertex 131.86157056093217 0.6598193496465683 2.4
    endloop
  endfacet
  facet normal 0.9612676620440056 -0.2756165486839484 -5.83193230199074e-14
    outer loop
      vertex 131.86157056093217 0.6598193496465683 2.4
      vertex 131.5871536597039 -0.29726430272719756 2.6972643019889335
      vertex 131.67238586338624 0 2.4
    endloop
  endfacet
  facet normal 0 1 0
    outer loop
      vertex 103.9 8 2.4
      vertex 129.9 8 2.4
      vertex 129.9 8 1
    endloop
  endfacet
  facet normal 0.0980171391808235 0.9951847267853376 0
    outer loop
      vertex 129.9 8 2.4
      vertex 130.2901806473732 7.961570560932159 2.4
      vertex 129.9 8 1
    endloop
  endfacet
  facet normal 0.29028467119332607 0.9569403375708345 0
    outer loop
      vertex 130.2901806473732 7.961570560932159 2.4
      vertex 130.66536686718464 7.8477590680122375 2.4
      vertex 130.66536686718464 7.8477590680122375 1
    endloop
  endfacet
  facet normal 0.4713967371326908 0.8819212641844241 0
    outer loop
      vertex 130.66536686718464 7.8477590680122375 2.4
      vertex 131.0111404672265 7.662939228117466 2.4
      vertex 130.66536686718464 7.8477590680122375 1
    endloop
  endfacet
  facet normal 0.6343932961394977 0.7730104435344091 0
    outer loop
      vertex 131.0111404672265 7.662939228117466 2.4
      vertex 131.3142135605216 7.414213560521603 2.4
      vertex 131.0111404672265 7.662939228117466 1
    endloop
  endfacet
  facet normal 0.7730104435344091 0.6343932961394977 0
    outer loop
      vertex 131.3142135605216 7.414213560521603 2.4
      vertex 131.56293922811747 7.111140467226505 2.4
      vertex 131.56293922811747 7.111140467226505 1
    endloop
  endfacet
  facet normal 0.9612676620440057 -0.2756165486839484 -5.5421215122567725e-18
    outer loop
      vertex 131.86157056093217 0.6598193496465683 2.4
      vertex 131.67238586338624 0 2.4
      vertex 131.67238586338624 0 1.7746574600418012
    endloop
  endfacet
  facet normal 0.8819212641844241 0.4713967371326908 0
    outer loop
      vertex 131.56293922811747 7.111140467226505 2.4
      vertex 131.74775906801224 6.765366867184639 2.4
      vertex 131.56293922811747 7.111140467226505 1
    endloop
  endfacet
  facet normal 0.9569403375708345 0.29028467119332607 0
    outer loop
      vertex 131.74775906801224 6.765366867184639 2.4
      vertex 131.86157056093217 6.3901806473731995 2.4
      vertex 131.86157056093217 6.3901806473731995 1
    endloop
  endfacet
  facet normal 0.9951847267853376 0.0980171391808235 0
    outer loop
      vertex 131.86157056093217 6.3901806473731995 2.4
      vertex 131.9 6 2.4
      vertex 131.86157056093217 6.3901806473731995 1
    endloop
  endfacet
  facet normal 1 0 0
    outer loop
      vertex 131.9 6 2.4
      vertex 131.9 1.0499999970197678 2.4
      vertex 131.9 1.0499999970197678 1
    endloop
  endfacet
  facet normal 0.9951847267853376 -0.0980171391808235 0
    outer loop
      vertex 131.9 1.0499999970197678 2.4
      vertex 131.86157056093217 0.6598193496465683 2.4
      vertex 131.9 1.0499999970197678 1
    endloop
  endfacet
  facet normal 0.9612676620440057 -0.27561654868394836 0
    outer loop
      vertex 131.86157056093217 0.6598193496465683 2.4
      vertex 131.67238586338624 0 1.7746574600418012
      vertex 131.86157056093217 0.6598193496465683 1
    endloop
  endfacet
  facet normal 0.0980171391808235 0.9951847267853376 0
    outer loop
      vertex 130.2901806473732 7.961570560932159 2.4
      vertex 130.2901806473732 7.961570560932159 1
      vertex 129.9 8 1
    endloop
  endfacet
  facet normal 0.29028467119332607 0.9569403375708345 0
    outer loop
      vertex 130.2901806473732 7.961570560932159 2.4
      vertex 130.66536686718464 7.8477590680122375 1
      vertex 130.2901806473732 7.961570560932159 1
    endloop
  endfacet
  facet normal 0.4713967371326908 0.8819212641844241 0
    outer loop
      vertex 131.0111404672265 7.662939228117466 2.4
      vertex 131.0111404672265 7.662939228117466 1
      vertex 130.66536686718464 7.8477590680122375 1
    endloop
  endfacet
  facet normal 0.6343932961394977 0.7730104435344091 0
    outer loop
      vertex 131.3142135605216 7.414213560521603 2.4
      vertex 131.3142135605216 7.414213560521603 1
      vertex 131.0111404672265 7.662939228117466 1
    endloop
  endfacet
  facet normal 0.7730104435344091 0.6343932961394977 0
    outer loop
      vertex 131.3142135605216 7.414213560521603 2.4
      vertex 131.56293922811747 7.111140467226505 1
      vertex 131.3142135605216 7.414213560521603 1
    endloop
  endfacet
  facet normal 0.8819212641844241 0.4713967371326908 0
    outer loop
      vertex 131.74775906801224 6.765366867184639 2.4
      vertex 131.74775906801224 6.765366867184639 1
      vertex 131.56293922811747 7.111140467226505 1
    endloop
  endfacet
  facet normal 0.9569403375708345 0.29028467119332607 0
    outer loop
      vertex 131.74775906801224 6.765366867184639 2.4
      vertex 131.86157056093217 6.3901806473731995 1
      vertex 131.74775906801224 6.765366867184639 1
    endloop
  endfacet
  facet normal 0.9951847267853376 0.0980171391808235 0
    outer loop
      vertex 131.9 6 2.4
      vertex 131.9 6 1
      vertex 131.86157056093217 6.3901806473731995 1
    endloop
  endfacet
  facet normal 1 0 0
    outer loop
      vertex 131.9 6 2.4
      vertex 131.9 1.0499999970197678 1
      vertex 131.9 6 1
    endloop
  endfacet
  facet normal 0.9951847267853376 -0.0980171391808235 0
    outer loop
      vertex 131.86157056093217 0.6598193496465683 2.4
      vertex 131.86157056093217 0.6598193496465683 1
      vertex 131.9 1.0499999970197678 1
    endloop
  endfacet
  facet normal 0.956852495221317 -0.2902580245084714 -0.013549228656239157
    outer loop
      vertex 131.86157056093217 0.6598193496465683 1
      vertex 131.67238586338624 0 1.7746574600418012
      vertex 131.66758646505355 0 1.4357218359770396
    endloop
  endfacet
  facet normal 0.9568524952213004 -0.2902580245085222 -0.013549228656323624
    outer loop
      vertex 131.86157056093217 0.6598193496465683 1
      vertex 131.66758646505355 0 1.4357218359770396
      vertex 131.74775906801224 0.2846331298351288 1
    endloop
  endfacet
  facet normal 0.8727112051452237 -0.4664738580093509 -0.14414330441558207
    outer loop
      vertex 131.74775906801224 0.2846331298351288 1
      vertex 131.66758646505355 0 1.4357218359770396
      vertex 131.59561949032758 0 1
    endloop
  endfacet
  facet normal 0.8700641315374696 -0.46505896768714144 -0.16342754842963028
    outer loop
      vertex 131.74775906801224 0.2846331298351288 1
      vertex 131.59561949032758 0 1
      vertex 131.1982438471262 -0.5501188729272696 0.4498811270727301
    endloop
  endfacet
  facet normal 0.07295822937485369 0.7407573427868511 -0.6677991134119975
    outer loop
      vertex 129.9 8 1
      vertex 130.2901806473732 7.961570560932159 1
      vertex 130.9 7 0
    endloop
  endfacet
  facet normal 0.2329921862833349 0.768072321823886 -0.5964725891262539
    outer loop
      vertex 130.2901806473732 7.961570560932159 1
      vertex 130.66536686718464 7.8477590680122375 1
      vertex 130.9 7 0
    endloop
  endfacet
  facet normal 0.3975753636180115 0.7438111884764317 -0.5372883268239541
    outer loop
      vertex 130.66536686718464 7.8477590680122375 1
      vertex 131.0111404672265 7.662939228117466 1
      vertex 130.9 7 0
    endloop
  endfacet
  facet normal 0.5480632136153265 0.6678169369376787 -0.5036340463281026
    outer loop
      vertex 131.0111404672265 7.662939228117466 1
      vertex 131.3142135605216 7.414213560521603 1
      vertex 130.9 7 0
    endloop
  endfacet
  facet normal 0.6678169369376787 0.5480632136153265 -0.5036340463281026
    outer loop
      vertex 131.3142135605216 7.414213560521603 1
      vertex 131.56293922811747 7.111140467226505 1
      vertex 130.9 7 0
    endloop
  endfacet
  facet normal 0.7438111884764317 0.3975753636180115 -0.5372883268239541
    outer loop
      vertex 131.56293922811747 7.111140467226505 1
      vertex 131.74775906801224 6.765366867184639 1
      vertex 130.9 7 0
    endloop
  endfacet
  facet normal 0.768072321823886 0.2329921862833349 -0.5964725891262539
    outer loop
      vertex 131.74775906801224 6.765366867184639 1
      vertex 131.86157056093217 6.3901806473731995 1
      vertex 130.9 7 0
    endloop
  endfacet
  facet normal 0.8717191083407703 -0.2644330945228954 -0.4125299197326395
    outer loop
      vertex 131.86157056093217 0.6598193496465683 1
      vertex 131.74775906801224 0.2846331298351288 1
      vertex 130.9 -0.9499999999999993 0
    endloop
  endfacet
  facet normal 0.8700641315374582 -0.46505896768719596 -0.16342754842953544
    outer loop
      vertex 131.74775906801224 0.2846331298351288 1
      vertex 131.1982438471262 -0.5501188729272696 0.4498811270727301
      vertex 130.9 -0.9499999999999993 0
    endloop
  endfacet
  facet normal 0.7407573427868511 0.07295822937485369 -0.6677991134119975
    outer loop
      vertex 131.86157056093217 6.3901806473731995 1
      vertex 131.9 6 1
      vertex 130.9 7 0
    endloop
  endfacet
  facet normal 0.7071067811865475 0 -0.7071067811865475
    outer loop
      vertex 131.9 6 1
      vertex 131.9 1.0499999970197678 1
      vertex 130.9 7 0
    endloop
  endfacet
  facet normal 0.7774307876105973 -0.07657024837874335 -0.6242902910813077
    outer loop
      vertex 131.9 1.0499999970197678 1
      vertex 131.86157056093217 0.6598193496465683 1
      vertex 130.9 -0.9499999999999993 0
    endloop
  endfacet
  facet normal 0 0.7071067811865476 -0.7071067811865476
    outer loop
      vertex 102.9 7 0
      vertex 129.9 8 1
      vertex 130.9 7 0
    endloop
  endfacet
  facet normal 0.7071067811865475 0 -0.7071067811865475
    outer loop
      vertex 130.9 7 0
      vertex 131.9 1.0499999970197678 1
      vertex 130.9 -0.9499999999999993 0
    endloop
  endfacet
  facet normal 0 0 -1
    outer loop
      vertex 102.9 -0.9499999999999993 0
      vertex 130.9 7 0
      vertex 130.9 -0.9499999999999993 0
    endloop
  endfacet
  facet normal 0 -1 -2.980233846372425e-9
    outer loop
      vertex 102.9 -0.9499999999999993 0
      vertex 130.9 -0.9499999999999993 0
      vertex 130.850000000149 -0.950000000149011 0.04999999985098924
    endloop
  endfacet
  facet normal 0.865893047808579 -0.47726999402607945 -0.1498084862720264
    outer loop
      vertex 130.9 -0.9499999999999993 0
      vertex 131.1982438471262 -0.5501188729272696 0.4498811270727301
      vertex 130.90865051902222 -0.9500000000515604 0.04999999994843973
    endloop
  endfacet
  facet normal 1.6615471634917429e-9 -1 -1.3186866828804458e-9
    outer loop
      vertex 130.9 -0.9499999999999993 0
      vertex 130.90865051902222 -0.9500000000515604 0.04999999994843973
      vertex 130.850000000149 -0.950000000149011 0.04999999985098924
    endloop
  endfacet
endsolid OpenSCAD_Model
