solid OpenSCAD_Model
  facet normal 0 0.7216097933554252 0.6923000116521311
    outer loop
      vertex 2.8 120.62380316362083 8.055810493854715
      vertex 4.8 119.93088065676628 8.778069136880553
      vertex 5.8 120.62380316362083 8.055810493854715
    endloop
  endfacet
  facet normal -4.566294964722783e-17 0.7216097933554252 0.692300011652131
    outer loop
      vertex 2.8 120.62380316362083 8.055810493854715
      vertex 3.8 119.93088065676628 8.778069136880553
      vertex 4.8 119.93088065676628 8.778069136880553
    endloop
  endfacet
  facet normal 0 -3.6408920665028137e-10 1
    outer loop
      vertex 3.8 119.93088065676628 8.778069136880553
      vertex 3.8 114.3926983938366 8.778069134864161
      vertex 4.8 119.93088065676628 8.778069136880553
    endloop
  endfacet
  facet normal 0 0.722258642184627 -0.691623057589623
    outer loop
      vertex 2.8 120.62380316362083 8.055810493854715
      vertex 5.8 120.62380316362083 8.055810493854715
      vertex 2.8 115.78244176552352 3.000000003815174
    endloop
  endfacet
  facet normal 3.4779660070971185e-17 0.722258642184627 -0.691623057589623
    outer loop
      vertex 5.8 120.62380316362083 8.055810493854715
      vertex 5.8 115.78244176552352 3.000000003815174
      vertex 2.8 115.78244176552352 3.000000003815174
    endloop
  endfacet
  facet normal -0.5855099576449002 -1.3761601674460838e-10 0.810665214190585
    outer loop
      vertex 2.8 120.62380316362083 8.055810493854715
      vertex 2.8 113.70107533624697 8.055810492679534
      vertex 3.8 119.93088065676628 8.778069136880553
    endloop
  endfacet
  facet normal -0.5855099569999235 -2.951544548632379e-10 0.810665214656425
    outer loop
      vertex 3.8 119.93088065676628 8.778069136880553
      vertex 2.8 113.70107533624697 8.055810492679534
      vertex 3.8 114.3926983938366 8.778069134864161
    endloop
  endfacet
  facet normal 0.5855099576449003 -1.3761601674460838e-10 0.810665214190585
    outer loop
      vertex 5.8 120.62380316362083 8.055810493854715
      vertex 4.8 119.93088065676628 8.778069136880553
      vertex 5.8 113.70107533624697 8.055810492679534
    endloop
  endfacet
  facet normal 1 0 0
    outer loop
      vertex 5.8 120.62380316362083 8.055810493854715
      vertex 5.8 113.70107533624697 8.055810492679534
      vertex 5.8 115.78244176552352 3.000000003815174
    endloop
  endfacet
  facet normal 3.022927177211786e-26 -3.6408920665028137e-10 1
    outer loop
      vertex 4.8 119.93088065676628 8.778069136880553
      vertex 3.8 114.3926983938366 8.778069134864161
      vertex 4.8 114.3926983938366 8.778069134864161
    endloop
  endfacet
  facet normal 0.5855099569999234 -2.951544548632379e-10 0.810665214656425
    outer loop
      vertex 4.8 119.93088065676628 8.778069136880553
      vertex 4.8 114.3926983938366 8.778069134864161
      vertex 5.8 113.70107533624697 8.055810492679534
    endloop
  endfacet
  facet normal -1 0 0
    outer loop
      vertex 2.8 120.62380316362083 8.055810493854715
      vertex 2.8 115.78244176552352 3.000000003815174
      vertex 2.8 108.85971393925821 3.000000003797659
    endloop
  endfacet
  facet normal -1 0 0
    outer loop
      vertex 2.8 120.62380316362083 8.055810493854715
      vertex 2.8 108.85971393925821 3.000000003797659
      vertex 2.8 113.70107533624697 8.055810492679534
    endloop
  endfacet
  facet normal 1 0 0
    outer loop
      vertex 5.8 115.78244176552352 3.000000003815174
      vertex 5.8 113.70107533624697 8.055810492679534
      vertex 5.8 108.85971393925821 3.000000003797659
    endloop
  endfacet
  facet normal 0 -0.7222586421846269 0.6916230575896232
    outer loop
      vertex 3.8 114.3926983938366 8.778069134864161
      vertex 5.8 113.70107533624697 8.055810492679534
      vertex 4.8 114.3926983938366 8.778069134864161
    endloop
  endfacet
  facet normal 2.1578888129614532e-17 -0.7222586421846268 0.6916230575896231
    outer loop
      vertex 2.8 113.70107533624697 8.055810492679534
      vertex 5.8 108.85971393925821 3.000000003797659
      vertex 3.8 114.3926983938366 8.778069134864161
    endloop
  endfacet
  facet normal -1.9191674609195606e-17 -0.7222586421846269 0.6916230575896232
    outer loop
      vertex 3.8 114.3926983938366 8.778069134864161
      vertex 5.8 108.85971393925821 3.000000003797659
      vertex 5.8 113.70107533624697 8.055810492679534
    endloop
  endfacet
  facet normal -7.272924437064899e-17 -0.7222586421846269 0.6916230575896231
    outer loop
      vertex 2.8 113.70107533624697 8.055810492679534
      vertex 2.8 108.85971393925821 3.000000003797659
      vertex 5.8 108.85971393925821 3.000000003797659
    endloop
  endfacet
  facet normal -4.566294964722783e-17 0.7216097933554252 0.692300011652131
    outer loop
      vertex 233.2 120.62380316362083 8.055810493854715
      vertex 234.2 119.93088065676628 8.778069136880553
      vertex 235.2 119.93088065676628 8.778069136880553
    endloop
  endfacet
  facet normal 0 0.7216097933554252 0.6923000116521311
    outer loop
      vertex 233.2 120.62380316362083 8.055810493854715
      vertex 235.2 119.93088065676628 8.778069136880553
      vertex 236.2 120.62380316362083 8.055810493854715
    endloop
  endfacet
  facet normal 0 -3.6408920665028137e-10 1
    outer loop
      vertex 234.2 119.93088065676628 8.778069136880553
      vertex 234.2 114.3926983938366 8.778069134864161
      vertex 235.2 119.93088065676628 8.778069136880553
    endloop
  endfacet
  facet normal 0 0.7222586421846274 -0.6916230575896224
    outer loop
      vertex 233.2 120.62380316362083 8.055810493854715
      vertex 236.2 120.62380316362083 8.055810493854715
      vertex 233.2 115.78244176552353 3.000000003815181
    endloop
  endfacet
  facet normal 1.780224035690911e-15 0.722258642184627 -0.691623057589623
    outer loop
      vertex 236.2 120.62380316362083 8.055810493854715
      vertex 236.2 115.78244176552352 3.000000003815174
      vertex 233.2 115.78244176552353 3.000000003815181
    endloop
  endfacet
  facet normal -0.5855099576449002 -1.3761601674460838e-10 0.810665214190585
    outer loop
      vertex 233.2 120.62380316362083 8.055810493854715
      vertex 233.2 113.70107533624697 8.055810492679534
      vertex 234.2 119.93088065676628 8.778069136880553
    endloop
  endfacet
  facet normal -0.5855099569999235 -2.951544548632379e-10 0.810665214656425
    outer loop
      vertex 234.2 119.93088065676628 8.778069136880553
      vertex 233.2 113.70107533624697 8.055810492679534
      vertex 234.2 114.3926983938366 8.778069134864161
    endloop
  endfacet
  facet normal 3.022927177211786e-26 -3.6408920665028137e-10 1
    outer loop
      vertex 235.2 119.93088065676628 8.778069136880553
      vertex 234.2 114.3926983938366 8.778069134864161
      vertex 235.2 114.3926983938366 8.778069134864161
    endloop
  endfacet
  facet normal 0.5855099576449002 -1.3761601674460838e-10 0.810665214190585
    outer loop
      vertex 235.2 119.93088065676628 8.778069136880553
      vertex 236.2 113.70107533624697 8.055810492679534
      vertex 236.2 120.62380316362083 8.055810493854715
    endloop
  endfacet
  facet normal 1 0 0
    outer loop
      vertex 236.2 120.62380316362083 8.055810493854715
      vertex 236.2 113.70107533624697 8.055810492679534
      vertex 236.2 115.78244176552352 3.000000003815174
    endloop
  endfacet
  facet normal 0.5855099569999234 -2.951544548632379e-10 0.810665214656425
    outer loop
      vertex 235.2 119.93088065676628 8.778069136880553
      vertex 235.2 114.3926983938366 8.778069134864161
      vertex 236.2 113.70107533624697 8.055810492679534
    endloop
  endfacet
  facet normal -1 0 0
    outer loop
      vertex 233.2 120.62380316362083 8.055810493854715
      vertex 233.2 115.78244176552353 3.000000003815181
      vertex 233.2 108.85971393925821 3.000000003797659
    endloop
  endfacet
  facet normal -1 0 0
    outer loop
      vertex 233.2 120.62380316362083 8.055810493854715
      vertex 233.2 108.85971393925821 3.000000003797659
      vertex 233.2 113.70107533624697 8.055810492679534
    endloop
  endfacet
  facet normal 1 0 0
    outer loop
      vertex 236.2 115.78244176552352 3.000000003815174
      vertex 236.2 113.70107533624697 8.055810492679534
      vertex 236.2 108.85971393925821 3.000000003797659
    endloop
  endfacet
  facet normal 0 -0.7222586421846269 0.6916230575896232
    outer loop
      vertex 234.2 114.3926983938366 8.778069134864161
      vertex 236.2 113.70107533624697 8.055810492679534
      vertex 235.2 114.3926983938366 8.778069134864161
    endloop
  endfacet
  facet normal 2.1578888129614532e-17 -0.7222586421846268 0.6916230575896231
    outer loop
      vertex 233.2 113.70107533624697 8.055810492679534
      vertex 236.2 108.85971393925821 3.000000003797659
      vertex 234.2 114.3926983938366 8.778069134864161
    endloop
  endfacet
  facet normal -1.9191674609195606e-17 -0.7222586421846269 0.6916230575896232
    outer loop
      vertex 234.2 114.3926983938366 8.778069134864161
      vertex 236.2 108.85971393925821 3.000000003797659
      vertex 236.2 113.70107533624697 8.055810492679534
    endloop
  endfacet
  facet normal -7.272924437064899e-17 -0.7222586421846269 0.6916230575896231
    outer loop
      vertex 233.2 113.70107533624697 8.055810492679534
      vertex 233.2 108.85971393925821 3.000000003797659
      vertex 236.2 108.85971393925821 3.000000003797659
    endloop
  endfacet
  facet normal 2.930499879321396e-28 -2.5294217575966088e-12 1
    outer loop
      vertex 0 120.83603307663407 3.0000000038279566
      vertex 2.8 115.78244176552352 3.000000003815174
      vertex 5.8 115.78244176552352 3.000000003815174
    endloop
  endfacet
  facet normal -1.1419418182562072e-15 -2.530054463506975e-12 1
    outer loop
      vertex 0 120.83603307663407 3.0000000038279566
      vertex 2.8 108.85971393925821 3.000000003797659
      vertex 2.8 115.78244176552352 3.000000003815174
    endloop
  endfacet
  facet normal -1 0 0
    outer loop
      vertex 0 123.34193721839256 1.785336804821334
      vertex 0 2.7189249122923798 2.839360248757984
      vertex 0 122.82332227554414 3.0000000038329873
    endloop
  endfacet
  facet normal -1 0 0
    outer loop
      vertex 0 122.82332227554414 3.0000000038329873
      vertex 0 2.7189249122923798 2.839360248757984
      vertex 0 120.83603307663407 3.0000000038279566
    endloop
  endfacet
  facet normal -6.399472429850688e-17 0.722258642184626 -0.6916230575896238
    outer loop
      vertex 0 123.34193721839256 1.785336804821334
      vertex 238.16063975892342 121.78615391181708 0.16063975892344473
      vertex 0 122.58991154439676 1.0000000000000142
    endloop
  endfacet
  facet normal 0 0.7222586421846352 -0.6916230575896145
    outer loop
      vertex 238.16063975892342 121.78615391181708 0.16063975892344473
      vertex 0.8393602410765679 121.78615391181708 0.16063975892344473
      vertex 0 122.58991154439676 1.0000000000000142
    endloop
  endfacet
  facet normal -1.9182956943780168e-20 0.3926683977298387 -0.919680123425684
    outer loop
      vertex 0.8393602410765679 121.78615391181708 0.16063975892344473
      vertex 238.0000000041514 121.40991485018148 4.1513956716698885e-9
      vertex 0.9999999958486171 121.40991485018148 4.1513956716698885e-9
    endloop
  endfacet
  facet normal 0 -2.5294217575966088e-12 1
    outer loop
      vertex 0 120.83603307663407 3.0000000038279566
      vertex 5.8 115.78244176552352 3.000000003815174
      vertex 239 120.83603307663407 3.0000000038279566
    endloop
  endfacet
  facet normal 1.3711136754365448e-17 -2.5300544635069755e-12 1
    outer loop
      vertex 5.8 115.78244176552352 3.000000003815174
      vertex 5.8 108.85971393925821 3.000000003797659
      vertex 239 120.83603307663407 3.0000000038279566
    endloop
  endfacet
  facet normal -1 -3.5162298407652683e-19 3.3670841601868987e-19
    outer loop
      vertex 0 123.34193721839256 1.785336804821334
      vertex 0 122.58991154439676 1.0000000000000142
      vertex 4.266421588589642e-17 1.254794620950662 1.0000000000000568
    endloop
  endfacet
  facet normal -2.0700001259959137e-15 -2.5302714386252794e-12 1
    outer loop
      vertex 0 120.83603307663407 3.0000000038279566
      vertex 0 3.0951639739279813 3.0000000035300403
      vertex 2.8 108.85971393925821 3.000000003797659
    endloop
  endfacet
  facet normal 0 -2.530326239599279e-12 1
    outer loop
      vertex 2.8 108.85971393925821 3.000000003797659
      vertex 0 3.0951639739279813 3.0000000035300403
      vertex 5.8 108.85971393925821 3.000000003797659
    endloop
  endfacet
  facet normal 2.7746730013290625e-17 -2.5303277611963938e-12 1
    outer loop
      vertex 5.8 108.85971393925821 3.000000003797659
      vertex 0 3.0951639739279813 3.0000000035300403
      vertex 239 120.83603307663407 3.0000000038279566
    endloop
  endfacet
  facet normal -1 0 0
    outer loop
      vertex 0 123.34193721839256 1.785336804821334
      vertex 0 1.1631416057168735 1.2146632028600948
      vertex 0 2.7189249122923798 2.839360248757984
    endloop
  endfacet
  facet normal -1 0 0
    outer loop
      vertex 0 120.83603307663407 3.0000000038279566
      vertex 0 2.7189249122923798 2.839360248757984
      vertex 0 3.0951639739279813 3.0000000035300403
    endloop
  endfacet
  facet normal -1 9.264732295277682e-19 -1.983539854692229e-16
    outer loop
      vertex 0 123.34193721839256 1.785336804821334
      vertex 4.266421588589642e-17 1.254794620950662 1.0000000000000568
      vertex 0 1.1631416057168735 1.2146632028600948
    endloop
  endfacet
  facet normal -2.1016442201998832e-29 2.5303496733227914e-12 -1
    outer loop
      vertex 0.9999999958486171 121.40991485018148 4.1513956716698885e-9
      vertex 238.00000000384838 1.6817565485653176 3.848441565423855e-9
      vertex 0.9999999961516283 1.6817565485653176 3.848441565423855e-9
    endloop
  endfacet
  facet normal 0 -0.3926683977298534 0.9196801234256776
    outer loop
      vertex 0 3.0951639739279813 3.0000000035300403
      vertex 0 2.7189249122923798 2.839360248757984
      vertex 239 3.0951639739279813 3.0000000035300403
    endloop
  endfacet
  facet normal 0 -0.7222586421846244 0.6916230575896256
    outer loop
      vertex 0 2.7189249122923798 2.839360248757984
      vertex 0 1.1631416057168735 1.2146632028600948
      vertex 239 2.7189249122923798 2.839360248757984
    endloop
  endfacet
  facet normal -5.655065086596828e-17 -0.919680122678863 -0.39266839947898946
    outer loop
      vertex 239 1.1631416057168735 1.2146632028600948
      vertex 4.266421588589642e-17 1.254794620950662 1.0000000000000568
      vertex 0.9999999961516283 1.6817565485653176 3.848441565423855e-9
    endloop
  endfacet
  facet normal 0 -0.9196801226788404 -0.3926683994790428
    outer loop
      vertex 0 1.1631416057168735 1.2146632028600948
      vertex 4.266421588589642e-17 1.254794620950662 1.0000000000000568
      vertex 239 1.1631416057168735 1.2146632028600948
    endloop
  endfacet
  facet normal 0 0.7222586421846331 -0.6916230575896168
    outer loop
      vertex 0 123.34193721839256 1.785336804821334
      vertex 239 123.34193721839256 1.785336804821334
      vertex 239 122.58991154439678 1.0000000000000284
    endloop
  endfacet
  facet normal -2.7350636712505777e-17 0.7222586421846288 -0.6916230575896212
    outer loop
      vertex 0 123.34193721839256 1.785336804821334
      vertex 239 122.58991154439678 1.0000000000000284
      vertex 238.16063975892342 121.78615391181708 0.16063975892344473
    endloop
  endfacet
  facet normal -1.9156987544782218e-20 0.39266839772983875 -0.919680123425684
    outer loop
      vertex 238.0000000041514 121.40991485018148 4.1513956716698885e-9
      vertex 0.8393602410765679 121.78615391181708 0.16063975892344473
      vertex 238.16063975892342 121.78615391181708 0.16063975892344473
    endloop
  endfacet
  facet normal 2.3684757858553857e-15 -2.5307340386640975e-12 1
    outer loop
      vertex 239 120.83603307663407 3.0000000038279566
      vertex 233.2 115.78244176552353 3.000000003815181
      vertex 236.2 115.78244176552352 3.000000003815174
    endloop
  endfacet
  facet normal 1 0 0
    outer loop
      vertex 239 123.34193721839256 1.785336804821334
      vertex 239 122.82332227554414 3.0000000038329873
      vertex 239 2.7189249122923798 2.839360248757984
    endloop
  endfacet
  facet normal 1 0 0
    outer loop
      vertex 239 122.82332227554414 3.0000000038329873
      vertex 239 120.83603307663407 3.0000000038279566
      vertex 239 2.7189249122923798 2.839360248757984
    endloop
  endfacet
  facet normal 0 2.5303496733227914e-12 -1
    outer loop
      vertex 0.9999999958486171 121.40991485018148 4.1513956716698885e-9
      vertex 238.0000000041514 121.40991485018148 4.1513956716698885e-9
      vertex 238.00000000384838 1.6817565485653176 3.848441565423855e-9
    endloop
  endfacet
  facet normal -2.5569492267346724e-15 -2.5250811349537767e-12 1
    outer loop
      vertex 0 3.0951639739279813 3.0000000035300403
      vertex 233.2 115.78244176552353 3.000000003815181
      vertex 239 120.83603307663407 3.0000000038279566
    endloop
  endfacet
  facet normal 3.4224499971628145e-16 -2.531080854770061e-12 1
    outer loop
      vertex 0 3.0951639739279813 3.0000000035300403
      vertex 233.2 108.85971393925821 3.000000003797659
      vertex 233.2 115.78244176552353 3.000000003815181
    endloop
  endfacet
  facet normal 1 0 0
    outer loop
      vertex 239 123.34193721839256 1.785336804821334
      vertex 239 1.1631416057168735 1.2146632028600948
      vertex 239 122.58991154439678 1.0000000000000284
    endloop
  endfacet
  facet normal 1.5335502370368598e-15 -2.530271438625279e-12 1
    outer loop
      vertex 239 120.83603307663407 3.0000000038279566
      vertex 236.2 115.78244176552352 3.000000003815174
      vertex 239 3.0951639739279813 3.0000000035300403
    endloop
  endfacet
  facet normal 1.0265812890662443e-14 -2.5300544635069755e-12 1
    outer loop
      vertex 236.2 115.78244176552352 3.000000003815174
      vertex 236.2 108.85971393925821 3.000000003797659
      vertex 239 3.0951639739279813 3.0000000035300403
    endloop
  endfacet
  facet normal 0 -2.530326239599279e-12 1
    outer loop
      vertex 233.2 108.85971393925821 3.000000003797659
      vertex 239 3.0951639739279813 3.0000000035300403
      vertex 236.2 108.85971393925821 3.000000003797659
    endloop
  endfacet
  facet normal 0 -2.530326239599279e-12 1
    outer loop
      vertex 0 3.0951639739279813 3.0000000035300403
      vertex 239 3.0951639739279813 3.0000000035300403
      vertex 233.2 108.85971393925821 3.000000003797659
    endloop
  endfacet
  facet normal 0 -0.3926683977298534 0.9196801234256776
    outer loop
      vertex 0 2.7189249122923798 2.839360248757984
      vertex 239 2.7189249122923798 2.839360248757984
      vertex 239 3.0951639739279813 3.0000000035300403
    endloop
  endfacet
  facet normal 0 -0.9196801226788631 -0.3926683994789895
    outer loop
      vertex 0.9999999961516283 1.6817565485653176 3.848441565423855e-9
      vertex 238.00000000384838 1.6817565485653176 3.848441565423855e-9
      vertex 239 1.254794620950662 1.0000000000000568
    endloop
  endfacet
  facet normal 0 -0.7222586421846244 0.6916230575896256
    outer loop
      vertex 0 1.1631416057168735 1.2146632028600948
      vertex 239 1.1631416057168735 1.2146632028600948
      vertex 239 2.7189249122923798 2.839360248757984
    endloop
  endfacet
  facet normal 2.6486702981934473e-16 -0.9196801226788404 -0.3926683994790428
    outer loop
      vertex 239 1.1631416057168735 1.2146632028600948
      vertex 0.9999999961516283 1.6817565485653176 3.848441565423855e-9
      vertex 239 1.254794620950662 1.0000000000000568
    endloop
  endfacet
  facet normal 1 0 0
    outer loop
      vertex 239 123.34193721839256 1.785336804821334
      vertex 239 2.7189249122923798 2.839360248757984
      vertex 239 1.1631416057168735 1.2146632028600948
    endloop
  endfacet
  facet normal 1 0 0
    outer loop
      vertex 239 120.83603307663407 3.0000000038279566
      vertex 239 3.0951639739279813 3.0000000035300403
      vertex 239 2.7189249122923798 2.839360248757984
    endloop
  endfacet
  facet normal 1 0 0
    outer loop
      vertex 239 1.1631416057168735 1.2146632028600948
      vertex 239 1.254794620950662 1.0000000000000568
      vertex 239 122.58991154439678 1.0000000000000284
    endloop
  endfacet
  facet normal -1 0 0
    outer loop
      vertex 0 143.6917140380515 23.03651114500368
      vertex 0 122.82332227554414 3.0000000038329873
      vertex 0 143.67376812803022 23.864743871758108
    endloop
  endfacet
  facet normal -1 0 0
    outer loop
      vertex 0 143.67376812803022 23.864743871758108
      vertex 0 122.82332227554414 3.0000000038329873
      vertex 0 142.60596136409288 24.887258156606833
    endloop
  endfacet
  facet normal -1 0 0
    outer loop
      vertex 0 142.60596136409288 24.887258156606833
      vertex 0 122.82332227554414 3.0000000038329873
      vertex 0 141.77772863733847 24.869312246585586
    endloop
  endfacet
  facet normal 0 0.9997653377059339 0.021662629612767326
    outer loop
      vertex 0 143.6917140380515 23.03651114500368
      vertex 0 143.67376812803022 23.864743871758108
      vertex 61.14000000059605 143.6917140380515 23.03651114500368
    endloop
  endfacet
  facet normal 0 0.6916230575896233 0.7222586421846268
    outer loop
      vertex 0 143.67376812803022 23.864743871758108
      vertex 0 142.60596136409288 24.887258156606833
      vertex 61.14000000059605 143.67376812803022 23.864743871758108
    endloop
  endfacet
  facet normal 0 -0.02166262961274217 0.9997653377059345
    outer loop
      vertex 0 142.60596136409288 24.887258156606833
      vertex 0 141.77772863733847 24.869312246585586
      vertex 61.14000000059605 142.60596136409288 24.887258156606833
    endloop
  endfacet
  facet normal 1.5179204381166264e-16 0.7222586421846269 -0.6916230575896231
    outer loop
      vertex 0 143.6917140380515 23.03651114500368
      vertex 61.20076898485422 140.84996887920923 20.068890303944357
      vertex 0 123.34193721839256 1.785336804821334
    endloop
  endfacet
  facet normal -2.953731967798683e-16 -0.7222586421846273 0.6916230575896226
    outer loop
      vertex 0 141.77772863733847 24.869312246585586
      vertex 0 120.83603307663407 3.0000000038279566
      vertex 61.14000000059605 139.41637981534655 22.403366996234915
    endloop
  endfacet
  facet normal -1 0 0
    outer loop
      vertex 0 143.6917140380515 23.03651114500368
      vertex 0 123.34193721839256 1.785336804821334
      vertex 0 122.82332227554414 3.0000000038329873
    endloop
  endfacet
  facet normal -1 0 0
    outer loop
      vertex 0 141.77772863733847 24.869312246585586
      vertex 0 122.82332227554414 3.0000000038329873
      vertex 0 120.83603307663407 3.0000000038279566
    endloop
  endfacet
  facet normal 0 0.7222586421846237 -0.6916230575896266
    outer loop
      vertex 0 143.6917140380515 23.03651114500368
      vertex 61.14000000059605 143.6917140380515 23.03651114500368
      vertex 61.14000000059605 141.33036521605956 20.570565894653008
    endloop
  endfacet
  facet normal 0 0.9997653377059339 0.021662629612767326
    outer loop
      vertex 0 143.67376812803022 23.864743871758108
      vertex 61.14000000059605 143.67376812803022 23.864743871758108
      vertex 61.14000000059605 143.6917140380515 23.03651114500368
    endloop
  endfacet
  facet normal -7.027788072882248e-16 0.7222586421846151 -0.6916230575896355
    outer loop
      vertex 0 143.6917140380515 23.03651114500368
      vertex 61.14000000059605 141.33036521605956 20.570565894653008
      vertex 61.15118481218815 141.12362499534282 20.354668073634414
    endloop
  endfacet
  facet normal 2.191959828246593e-15 0.7222586421846481 -0.691623057589601
    outer loop
      vertex 0 143.6917140380515 23.03651114500368
      vertex 61.15118481218815 141.12362499534282 20.354668073634414
      vertex 61.20076898485422 140.84996887920923 20.068890303944357
    endloop
  endfacet
  facet normal 0 0.6916230575896233 0.7222586421846268
    outer loop
      vertex 0 142.60596136409288 24.887258156606833
      vertex 61.14000000059605 142.60596136409288 24.887258156606833
      vertex 61.14000000059605 143.67376812803022 23.864743871758108
    endloop
  endfacet
  facet normal 0 -0.02166262961274217 0.9997653377059345
    outer loop
      vertex 0 141.77772863733847 24.869312246585586
      vertex 61.14000000059605 141.77772863733847 24.869312246585586
      vertex 61.14000000059605 142.60596136409288 24.887258156606833
    endloop
  endfacet
  facet normal 0 -0.7222586421846237 0.6916230575896266
    outer loop
      vertex 0 141.77772863733847 24.869312246585586
      vertex 61.14000000059605 139.41637981534655 22.403366996234915
      vertex 61.14000000059605 141.77772863733847 24.869312246585586
    endloop
  endfacet
  facet normal 1.3298772562653849e-14 0.7222586421846093 -0.6916230575896414
    outer loop
      vertex 0 123.34193721839256 1.785336804821334
      vertex 61.20076898485422 140.84996887920923 20.068890303944357
      vertex 61.28950301557779 140.58108716598866 19.788098420319535
    endloop
  endfacet
  facet normal -2.420002393133803e-14 0.7222586421846648 -0.6916230575895833
    outer loop
      vertex 0 123.34193721839256 1.785336804821334
      vertex 61.28950301557779 140.58108716598866 19.788098420319535
      vertex 61.41650500893593 140.31965211042296 19.515083045571274
    endloop
  endfacet
  facet normal 8.081494312061957e-15 0.7222586421846094 -0.6916230575896412
    outer loop
      vertex 0 123.34193721839256 1.785336804821334
      vertex 61.41650500893593 140.31965211042296 19.515083045571274
      vertex 61.5805127620697 140.0682619754225 19.252557533196338
    endloop
  endfacet
  facet normal 1.641455791558315e-16 0.7222586421846302 -0.6916230575896196
    outer loop
      vertex 0 123.34193721839256 1.785336804821334
      vertex 61.5805127620697 140.0682619754225 19.252557533196338
      vertex 61.779896311461926 139.82941519495796 19.00313098580837
    endloop
  endfacet
  facet normal 5.6252752719675175e-15 0.7222586421846201 -0.69162305758963
    outer loop
      vertex 0 123.34193721839256 1.785336804821334
      vertex 61.779896311461926 139.82941519495796 19.00313098580837
      vertex 62.01267407089472 139.60548552117325 18.769282301387335
    endloop
  endfacet
  facet normal 2.2943371158749116e-14 -0.7222586421846628 0.6916230575895856
    outer loop
      vertex 0 120.83603307663407 3.0000000038279566
      vertex 61.15118481218815 139.20963959462983 22.18746917521632
      vertex 61.14000000059605 139.41637981534655 22.403366996234915
    endloop
  endfacet
  facet normal -8.384941113407829e-15 -0.7222586421846128 0.6916230575896379
    outer loop
      vertex 0 120.83603307663407 3.0000000038279566
      vertex 61.20076898485422 138.9359834784962 21.901691405526265
      vertex 61.15118481218815 139.20963959462983 22.18746917521632
    endloop
  endfacet
  facet normal 7.080477909607353e-15 -0.7222586421846401 0.6916230575896093
    outer loop
      vertex 0 120.83603307663407 3.0000000038279566
      vertex 61.28950301557779 138.66710176527567 21.620899521901443
      vertex 61.20076898485422 138.9359834784962 21.901691405526265
    endloop
  endfacet
  facet normal 4.418476127278177e-15 -0.722258642184634 0.6916230575896155
    outer loop
      vertex 0 120.83603307663407 3.0000000038279566
      vertex 61.41650500893593 138.40566670970995 21.34788414715318
      vertex 61.28950301557779 138.66710176527567 21.620899521901443
    endloop
  endfacet
  facet normal -8.306534631886358e-15 -0.7222586421846149 0.6916230575896355
    outer loop
      vertex 0 120.83603307663407 3.0000000038279566
      vertex 61.5805127620697 138.15427657470948 21.085358634778245
      vertex 61.41650500893593 138.40566670970995 21.34788414715318
    endloop
  endfacet
  facet normal 8.882923540005586e-16 -0.7222586421846298 0.6916230575896202
    outer loop
      vertex 0 120.83603307663407 3.0000000038279566
      vertex 61.779896311461926 137.91542979424494 20.835932087390276
      vertex 61.5805127620697 138.15427657470948 21.085358634778245
    endloop
  endfacet
  facet normal -2.1274395669134147e-15 0.7222586421846298 -0.6916230575896202
    outer loop
      vertex 0 123.34193721839256 1.785336804821334
      vertex 62.01267407089472 139.60548552117325 18.769282301387335
      vertex 62.27653260529041 139.39869848551209 18.55333559174678
    endloop
  endfacet
  facet normal -1.9404697937545766e-15 0.7222586421846335 -0.6916230575896163
    outer loop
      vertex 0 123.34193721839256 1.785336804821334
      vertex 62.27653260529041 139.39869848551209 18.55333559174678
      vertex 62.56884956359863 139.21110921508162 18.357437016268825
    endloop
  endfacet
  facet normal 5.3433461782580565e-15 0.7222586421846138 -0.6916230575896369
    outer loop
      vertex 0 123.34193721839256 1.785336804821334
      vertex 62.56884956359863 139.21110921508162 18.357437016268825
      vertex 62.88671977072954 139.0445820680228 18.183533515219068
    endloop
  endfacet
  facet normal 6.841338238819779e-15 0.7222586421846159 -0.6916230575896345
    outer loop
      vertex 0 123.34193721839256 1.785336804821334
      vertex 62.88671977072954 139.0445820680228 18.183533515219068
      vertex 63.226984083652496 138.90077205696946 18.033353410353953
    endloop
  endfacet
  facet normal -7.432368422070832e-15 0.7222586421846434 -0.6916230575896057
    outer loop
      vertex 0 123.34193721839256 1.785336804821334
      vertex 63.226984083652496 138.90077205696946 18.033353410353953
      vertex 63.586260817945 138.7811084367645 17.908389265651564
    endloop
  endfacet
  facet normal -5.098331816368265e-16 0.7222586421846295 -0.6916230575896203
    outer loop
      vertex 0 123.34193721839256 1.785336804821334
      vertex 63.586260817945 138.7811084367645 17.908389265651564
      vertex 63.96097930520773 138.68678047189226 17.8098830243095
    endloop
  endfacet
  facet normal 7.586450251090036e-15 0.722258642184613 -0.6916230575896376
    outer loop
      vertex 0 123.34193721839256 1.785336804821334
      vertex 63.96097930520773 138.68678047189226 17.8098830243095
      vertex 64.34741542488337 138.61872564642988 17.738813696453555
    endloop
  endfacet
  facet normal -1.4607918732805998e-14 0.7222586421846532 -0.6916230575895955
    outer loop
      vertex 0 123.34193721839256 1.785336804821334
      vertex 64.34741542488337 138.61872564642988 17.738813696453555
      vertex 64.74172861129045 138.57762030621134 17.695887586794555
    endloop
  endfacet
  facet normal -2.1300846508553395e-14 0.7222586421846714 -0.6916230575895768
    outer loop
      vertex 0 123.34193721839256 1.785336804821334
      vertex 64.74172861129045 138.57762030621134 17.695887586794555
      vertex 65.14000000059605 138.5638729857011 17.6815313259145
    endloop
  endfacet
  facet normal -4.178833275291649e-15 -0.722258642184619 0.6916230575896314
    outer loop
      vertex 0 120.83603307663407 3.0000000038279566
      vertex 62.01267407089472 137.69150012046023 20.602083402969242
      vertex 61.779896311461926 137.91542979424494 20.835932087390276
    endloop
  endfacet
  facet normal 1.2405021719435639e-15 -0.7222586421846326 0.6916230575896171
    outer loop
      vertex 0 120.83603307663407 3.0000000038279566
      vertex 62.27653260529041 137.48471308479907 20.386136693328687
      vertex 62.01267407089472 137.69150012046023 20.602083402969242
    endloop
  endfacet
  facet normal 1.6929774641723583e-15 -0.7222586421846307 0.6916230575896192
    outer loop
      vertex 0 120.83603307663407 3.0000000038279566
      vertex 62.56884956359863 137.2971238143686 20.190238117850733
      vertex 62.27653260529041 137.48471308479907 20.386136693328687
    endloop
  endfacet
  facet normal -7.949407768887908e-15 -0.7222586421846149 0.6916230575896356
    outer loop
      vertex 0 120.83603307663407 3.0000000038279566
      vertex 62.88671977072954 137.1305966673098 20.016334616800975
      vertex 62.56884956359863 137.2971238143686 20.190238117850733
    endloop
  endfacet
  facet normal 1.7149253618254465e-14 -0.7222586421846595 0.691623057589589
    outer loop
      vertex 0 120.83603307663407 3.0000000038279566
      vertex 63.226984083652496 136.98678665625647 19.86615451193586
      vertex 62.88671977072954 137.1305966673098 20.016334616800975
    endloop
  endfacet
  facet normal -1.64084897642142e-14 -0.7222586421845943 0.6916230575896569
    outer loop
      vertex 0 120.83603307663407 3.0000000038279566
      vertex 63.586260817945 136.86712303605148 19.74119036723347
      vertex 63.226984083652496 136.98678665625647 19.86615451193586
    endloop
  endfacet
  facet normal 1.7469076774957812e-15 -0.7222586421846305 0.6916230575896193
    outer loop
      vertex 0 120.83603307663407 3.0000000038279566
      vertex 63.96097930520773 136.77279507117925 19.642684125891407
      vertex 63.586260817945 136.86712303605148 19.74119036723347
    endloop
  endfacet
  facet normal 2.470929044849044e-14 -0.7222586421846751 0.6916230575895729
    outer loop
      vertex 0 120.83603307663407 3.0000000038279566
      vertex 64.34741542488337 136.7047402457169 19.571614798035462
      vertex 63.96097930520773 136.77279507117925 19.642684125891407
    endloop
  endfacet
  facet normal -2.2809293044588868e-14 -0.72225864218458 0.6916230575896719
    outer loop
      vertex 0 120.83603307663407 3.0000000038279566
      vertex 64.74172861129045 136.66363490549833 19.528688688376462
      vertex 64.34741542488337 136.7047402457169 19.571614798035462
    endloop
  endfacet
  facet normal 2.1987220609143098e-14 -0.7222586421846687 0.6916230575895795
    outer loop
      vertex 0 120.83603307663407 3.0000000038279566
      vertex 65.14000000059605 136.64988758498808 19.514332427496406
      vertex 64.74172861129045 136.66363490549833 19.528688688376462
    endloop
  endfacet
  facet normal 3.9353601067154275e-17 0.7222586421846268 -0.6916230575896231
    outer loop
      vertex 0 123.34193721839256 1.785336804821334
      vertex 65.14000000059605 138.5638729857011 17.6815313259145
      vertex 79.14000000059605 138.5638729857011 17.6815313259145
    endloop
  endfacet
  facet normal -8.737153371695617e-17 -0.7222586421846272 0.6916230575896227
    outer loop
      vertex 0 120.83603307663407 3.0000000038279566
      vertex 79.14000000059605 136.64988758498808 19.514332427496406
      vertex 65.14000000059605 136.64988758498808 19.514332427496406
    endloop
  endfacet
  facet normal 5.110364294259362e-16 0.7222586421846346 -0.6916230575896152
    outer loop
      vertex 0 123.34193721839256 1.785336804821334
      vertex 79.43892037123442 138.57160865929296 17.689609652748103
      vertex 79.83459271490574 138.60590221640032 17.72542224997175
    endloop
  endfacet
  facet normal -2.5998963584454944e-13 0.7222586421852799 -0.6916230575889412
    outer loop
      vertex 0 123.34193721839256 1.785336804821334
      vertex 79.83459271490574 138.60590221640032 17.72542224997175
      vertex 80.22336187213659 138.66727271804163 17.78951117051772
    endloop
  endfacet
  facet normal 8.079760585290178e-14 0.7222586421844353 -0.6916230575898231
    outer loop
      vertex 0 123.34193721839256 1.785336804821334
      vertex 79.14000000059605 138.5638729857011 17.6815313259145
      vertex 79.43892037123442 138.57160865929296 17.689609652748103
    endloop
  endfacet
  facet normal -3.233547833069639e-16 0.7222586421846277 -0.6916230575896224
    outer loop
      vertex 0 123.34193721839256 1.785336804821334
      vertex 80.22336187213659 138.66727271804163 17.78951117051772
      vertex 98.81205999851227 139.18633373753175 18.33156410388066
    endloop
  endfacet
  facet normal 9.07637798627986e-16 -0.7222586421846113 0.6916230575896396
    outer loop
      vertex 0 120.83603307663407 3.0000000038279566
      vertex 79.43892037123442 136.65762325857997 19.52241075433001
      vertex 79.14000000059605 136.64988758498808 19.514332427496406
    endloop
  endfacet
  facet normal -9.152984960356247e-14 -0.7222586421843995 0.6916230575898604
    outer loop
      vertex 0 120.83603307663407 3.0000000038279566
      vertex 79.83459271490574 136.6919168156873 19.558223351553657
      vertex 79.43892037123442 136.65762325857997 19.52241075433001
    endloop
  endfacet
  facet normal -6.834294819296822e-16 0.7222586421846207 -0.6916230575896296
    outer loop
      vertex 98.81205999851227 139.18633373753175 18.33156410388066
      vertex 81.31018505245447 139.00644002876246 18.14370196653944
      vertex 81.63395921140909 139.16743449448023 18.311827714998152
    endloop
  endfacet
  facet normal -9.594683438976883e-16 0.7222586421846326 -0.691623057589617
    outer loop
      vertex 98.81205999851227 139.18633373753175 18.33156410388066
      vertex 81.93294727057219 139.3499251408101 18.502401821779607
      vertex 82.20417777448893 139.55209828930052 18.713530271174847
    endloop
  endfacet
  facet normal -7.363335172744223e-16 0.7222586421846436 -0.6916230575896055
    outer loop
      vertex 98.81205999851227 139.18633373753175 18.33156410388066
      vertex 81.63395921140909 139.16743449448023 18.311827714998152
      vertex 81.93294727057219 139.3499251408101 18.502401821779607
    endloop
  endfacet
  facet normal -6.607337506367188e-16 0.7222586421846273 -0.6916230575896227
    outer loop
      vertex 100.61251000314951 139.18633373753175 18.33156410388066
      vertex 82.65288629382849 140.00727929836546 19.188873616003782
      vertex 82.8259048461914 140.25576337185765 19.44836434228241
    endloop
  endfacet
  facet normal -7.366305019536393e-16 0.7222586421846273 -0.6916230575896226
    outer loop
      vertex 98.81205999851227 139.18633373753175 18.33156410388066
      vertex 82.44495509564877 139.77194465387305 18.94311477536816
      vertex 82.65288629382849 140.00727929836546 19.188873616003782
    endloop
  endfacet
  facet normal -1.958835063429965e-15 0.722258642184611 -0.6916230575896397
    outer loop
      vertex 98.81205999851227 139.18633373753175 18.33156410388066
      vertex 82.20417777448893 139.55209828930052 18.713530271174847
      vertex 82.44495509564877 139.77194465387305 18.94311477536816
    endloop
  endfacet
  facet normal 1.0302813912062754e-15 0.7222586421846048 -0.6916230575896462
    outer loop
      vertex 98.81205999851227 139.18633373753175 18.33156410388066
      vertex 80.22336187213659 138.66727271804163 17.78951117051772
      vertex 80.60136409848928 138.75511022500797 17.88123945779531
    endloop
  endfacet
  facet normal -5.851494070378422e-15 0.7222586421847436 -0.6916230575895013
    outer loop
      vertex 98.81205999851227 139.18633373753175 18.33156410388066
      vertex 80.60136409848928 138.75511022500797 17.88123945779531
      vertex 80.96484263241291 138.86854176869872 17.999695474881463
    endloop
  endfacet
  facet normal 1.256578946202017e-16 0.7222586421845831 -0.6916230575896689
    outer loop
      vertex 98.81205999851227 139.18633373753175 18.33156410388066
      vertex 80.96484263241291 138.86854176869872 17.999695474881463
      vertex 81.31018505245447 139.00644002876246 18.14370196653944
    endloop
  endfacet
  facet normal -2.0236574627292337e-18 0.7222586421846268 -0.6916230575896233
    outer loop
      vertex 0 123.34193721839256 1.785336804821334
      vertex 98.81205999851227 139.18633373753175 18.33156410388066
      vertex 98.81205999851227 133.23884574462593 12.120630915597118
    endloop
  endfacet
  facet normal 2.9168176327026165e-16 -0.7222586421846287 0.6916230575896212
    outer loop
      vertex 0 120.83603307663407 3.0000000038279566
      vertex 159.06741542369127 136.7047402457169 19.571614798035462
      vertex 79.83459271490574 136.6919168156873 19.558223351553657
    endloop
  endfacet
  facet normal -6.84798856112705e-16 0.722258642184625 -0.6916230575896251
    outer loop
      vertex 108.24802000075579 139.18633373753175 18.33156410388066
      vertex 82.8259048461914 140.25576337185765 19.44836434228241
      vertex 82.96229122579098 140.51492731775366 19.719008008094264
    endloop
  endfacet
  facet normal 9.84291172329061e-16 0.7222586421846424 -0.691623057589607
    outer loop
      vertex 114.38170000165701 139.18633373753175 18.33156410388066
      vertex 82.96229122579098 140.51492731775366 19.719008008094264
      vertex 83.0606899484992 140.78219544840678 19.998114835182285
    endloop
  endfacet
  facet normal 0 0.7222586421846344 -0.6916230575896155
    outer loop
      vertex 98.81205999851227 139.18633373753175 18.33156410388066
      vertex 82.65288629382849 140.00727929836546 19.188873616003782
      vertex 100.61251000314951 139.18633373753175 18.33156410388066
    endloop
  endfacet
  facet normal 0 0.7222586421846326 -0.6916230575896172
    outer loop
      vertex 100.61251000314951 139.18633373753175 18.33156410388066
      vertex 82.8259048461914 140.25576337185765 19.44836434228241
      vertex 106.44757000356913 139.18633373753175 18.33156410388066
    endloop
  endfacet
  facet normal -8.458047038973654e-16 0.7222586421846235 -0.6916230575896264
    outer loop
      vertex 125.19754000008106 139.18633373753175 18.33156410388066
      vertex 83.14000000059605 141.33036521605956 20.570565894653008
      vertex 83.14000000059605 143.6917140380515 23.03651114500368
    endloop
  endfacet
  facet normal -1.956230163251351e-15 0.722258642184613 -0.6916230575896375
    outer loop
      vertex 125.19754000008106 139.18633373753175 18.33156410388066
      vertex 83.120123103261 141.05491154003755 20.282910941792167
      vertex 83.14000000059605 141.33036521605956 20.570565894653008
    endloop
  endfacet
  facet normal 7.394134173007864e-16 0.7222586421846419 -0.6916230575896074
    outer loop
      vertex 125.19754000008106 139.18633373753175 18.33156410388066
      vertex 83.0606899484992 140.78219544840678 19.998114835182285
      vertex 83.120123103261 141.05491154003755 20.282910941792167
    endloop
  endfacet
  facet normal 0 0.7222586421846326 -0.6916230575896172
    outer loop
      vertex 106.44757000356913 139.18633373753175 18.33156410388066
      vertex 82.8259048461914 140.25576337185765 19.44836434228241
      vertex 108.24802000075579 139.18633373753175 18.33156410388066
    endloop
  endfacet
  facet normal 0 0.7222586421846311 -0.6916230575896187
    outer loop
      vertex 108.24802000075579 139.18633373753175 18.33156410388066
      vertex 82.96229122579098 140.51492731775366 19.719008008094264
      vertex 112.35543999820948 139.18633373753175 18.33156410388066
    endloop
  endfacet
  facet normal 0 0.7222586421846311 -0.6916230575896187
    outer loop
      vertex 112.35543999820948 139.18633373753175 18.33156410388066
      vertex 82.96229122579098 140.51492731775366 19.719008008094264
      vertex 114.38170000165701 139.18633373753175 18.33156410388066
    endloop
  endfacet
  facet normal 0 0.7222586421846227 -0.6916230575896275
    outer loop
      vertex 100.61251000314951 139.18633373753175 18.33156410388066
      vertex 106.44757000356913 139.18633373753175 18.33156410388066
      vertex 105.01287999749184 137.00404858941837 16.052614189415465
    endloop
  endfacet
  facet normal 2.2875945084205248e-17 0.7222586421846227 -0.6916230575896275
    outer loop
      vertex 100.61251000314951 139.18633373753175 18.33156410388066
      vertex 105.01287999749184 137.00404858941837 16.052614189415465
      vertex 100.61251000314951 137.00404858941837 16.052614189415465
    endloop
  endfacet
  facet normal 0 0.7222586421846249 -0.6916230575896252
    outer loop
      vertex 100.61251000314951 136.04166201758483 15.047598507821938
      vertex 105.01287999749184 136.04166201758483 15.047598507821938
      vertex 106.44757000356913 134.59866182676512 13.5406803288274
    endloop
  endfacet
  facet normal -1.2799987198293415e-15 0.7222586421846223 -0.6916230575896277
    outer loop
      vertex 100.61251000314951 136.04166201758483 15.047598507821938
      vertex 106.44757000356913 134.59866182676512 13.5406803288274
      vertex 100.61251000314951 134.20123231645948 13.125646597190645
    endloop
  endfacet
  facet normal 0 0.7222586421846133 -0.6916230575896373
    outer loop
      vertex 100.61251000314951 134.20123231645948 13.125646597190645
      vertex 106.44757000356913 134.59866182676512 13.5406803288274
      vertex 105.15327999740839 134.20123231645948 13.125646597190645
    endloop
  endfacet
  facet normal 1.2219314891643172e-20 0.9997653377059339 0.02166262961276733
    outer loop
      vertex 83.14000000059605 143.67376812803022 23.864743871758108
      vertex 155.85999999940395 143.6917140380515 23.03651114500368
      vertex 83.14000000059605 143.6917140380515 23.03651114500368
    endloop
  endfacet
  facet normal 5.820733005430997e-19 0.6916230575896233 0.7222586421846267
    outer loop
      vertex 83.14000000059605 142.60596136409288 24.887258156606833
      vertex 155.85999999940395 143.67376812803022 23.864743871758108
      vertex 83.14000000059605 143.67376812803022 23.864743871758108
    endloop
  endfacet
  facet normal 2.0884719578178737e-15 0.7222586421846526 -0.6916230575895963
    outer loop
      vertex 114.38170000165701 139.18633373753175 18.33156410388066
      vertex 83.0606899484992 140.78219544840678 19.998114835182285
      vertex 119.03886111080647 139.26055180582335 18.409069676665766
    endloop
  endfacet
  facet normal 1.9317173443294877e-14 0.7222586421848475 -0.6916230575893929
    outer loop
      vertex 119.25588277727365 139.2681925149011 18.417048832512684
      vertex 119.03886111080647 139.26055180582335 18.409069676665766
      vertex 83.0606899484992 140.78219544840678 19.998114835182285
    endloop
  endfacet
  facet normal 9.084168956010984e-15 0.7222586421847303 -0.6916230575895149
    outer loop
      vertex 119.25588277727365 139.2681925149011 18.417048832512684
      vertex 83.0606899484992 140.78219544840678 19.998114835182285
      vertex 119.4783099964261 139.27073941792702 18.419708551128323
    endloop
  endfacet
  facet normal -4.235991733067809e-14 0.7222586421841376 -0.6916230575901343
    outer loop
      vertex 119.4783099964261 139.27073941792702 18.419708551128323
      vertex 83.0606899484992 140.78219544840678 19.998114835182285
      vertex 119.6237725019455 139.2695865181166 18.41850458338532
    endloop
  endfacet
  facet normal -5.3176587127497206e-15 0.7222586421845658 -0.6916230575896869
    outer loop
      vertex 119.6237725019455 139.2695865181166 18.41850458338532
      vertex 83.0606899484992 140.78219544840678 19.998114835182285
      vertex 125.19754000008106 139.18633373753175 18.33156410388066
    endloop
  endfacet
  facet normal -7.701002068258345e-21 -0.021662629612742165 0.9997653377059343
    outer loop
      vertex 83.14000000059605 141.77772863733847 24.869312246585586
      vertex 155.85999999940395 142.60596136409288 24.887258156606833
      vertex 83.14000000059605 142.60596136409288 24.887258156606833
    endloop
  endfacet
  facet normal 0 -0.7222586421846237 0.6916230575896265
    outer loop
      vertex 83.14000000059605 141.77772863733847 24.869312246585586
      vertex 83.14000000059605 139.41637981534655 22.403366996234915
      vertex 155.85999999940395 141.77772863733847 24.869312246585586
    endloop
  endfacet
  facet normal 8.110780793844813e-17 -0.7222586421846489 0.6916230575896002
    outer loop
      vertex 83.120123103261 139.14092613932456 22.115712043374074
      vertex 155.87118481099606 139.20963959462983 22.18746917521632
      vertex 83.14000000059605 139.41637981534655 22.403366996234915
    endloop
  endfacet
  facet normal 9.535475412998719e-17 -0.7222586421846424 0.691623057589607
    outer loop
      vertex 83.0606899484992 138.86821004769376 21.830915936764193
      vertex 82.96229122579098 138.60094191704064 21.55180910967617
      vertex 156.0095030143857 138.66710176527567 21.620899521901443
    endloop
  endfacet
  facet normal 1.501442538109865e-16 -0.7222586421846247 0.6916230575896255
    outer loop
      vertex 82.8259048461914 138.34177797114464 21.281165443864317
      vertex 156.13650500774384 138.40566670970995 21.34788414715318
      vertex 82.96229122579098 138.60094191704064 21.55180910967617
    endloop
  endfacet
  facet normal 4.145074441689989e-17 -0.7222586421846064 0.6916230575896446
    outer loop
      vertex 83.0606899484992 138.86821004769376 21.830915936764193
      vertex 155.92076898366213 138.9359834784962 21.901691405526265
      vertex 83.120123103261 139.14092613932456 22.115712043374074
    endloop
  endfacet
  facet normal 2.7743186612312796e-17 -0.7222586421846272 0.6916230575896227
    outer loop
      vertex 82.65288629382849 138.09329389765244 21.02167471758569
      vertex 156.3005127608776 138.15427657470948 21.085358634778245
      vertex 82.8259048461914 138.34177797114464 21.281165443864317
    endloop
  endfacet
  facet normal 3.892448190221233e-17 -0.7222586421846271 0.691623057589623
    outer loop
      vertex 82.44495509564877 137.85795925316003 20.775915876950066
      vertex 156.49989631026983 137.91542979424494 20.835932087390276
      vertex 82.65288629382849 138.09329389765244 21.02167471758569
    endloop
  endfacet
  facet normal 5.2960148957500123e-17 -0.7222586421846101 0.6916230575896407
    outer loop
      vertex 82.20417777448893 137.6381128885875 20.546331372756754
      vertex 156.73267406970263 137.69150012046023 20.602083402969242
      vertex 82.44495509564877 137.85795925316003 20.775915876950066
    endloop
  endfacet
  facet normal 8.402550284587067e-17 -0.7222586421846321 0.6916230575896177
    outer loop
      vertex 81.93294727057219 137.43593974009707 20.335202923361514
      vertex 156.99653260409832 137.48471308479907 20.386136693328687
      vertex 82.20417777448893 137.6381128885875 20.546331372756754
    endloop
  endfacet
  facet normal 4.6121225501049385e-17 -0.7222586421846431 0.6916230575896061
    outer loop
      vertex 81.63395921140909 137.25344909376722 20.14462881658006
      vertex 157.28884956240654 137.2971238143686 20.190238117850733
      vertex 81.93294727057219 137.43593974009707 20.335202923361514
    endloop
  endfacet
  facet normal 6.1661341451296555e-15 0.722258642184648 -0.6916230575896011
    outer loop
      vertex 114.38170000165701 139.18633373753175 18.33156410388066
      vertex 117.85024777799845 139.10773769125717 18.249486629683688
      vertex 117.67106500267982 139.06444036042853 18.20427143474282
    endloop
  endfacet
  facet normal 1.50336004804978e-15 0.7222586421845496 -0.6916230575897038
    outer loop
      vertex 114.38170000165701 139.18633373753175 18.33156410388066
      vertex 118.03483611345291 139.14594122118697 18.28938239277452
      vertex 117.85024777799845 139.10773769125717 18.249486629683688
    endloop
  endfacet
  facet normal 6.073552503717747e-15 0.7222586421847472 -0.6916230575894974
    outer loop
      vertex 114.38170000165701 139.18633373753175 18.33156410388066
      vertex 118.22483000159264 139.17905094506492 18.323958718634074
      vertex 118.03483611345291 139.14594122118697 18.28938239277452
    endloop
  endfacet
  facet normal 5.889586432687462e-15 0.7222586421847007 -0.6916230575895458
    outer loop
      vertex 114.38170000165701 139.18633373753175 18.33156410388066
      vertex 118.42022944241762 139.20706686804402 18.353215612643602
      vertex 118.22483000159264 139.17905094506492 18.323958718634074
    endloop
  endfacet
  facet normal 1.1732973642596549e-14 0.7222586421841564 -0.6916230575901144
    outer loop
      vertex 114.38170000165701 139.18633373753175 18.33156410388066
      vertex 118.62103444337845 139.22998898497133 18.37715306942185
      vertex 118.42022944241762 139.20706686804402 18.353215612643602
    endloop
  endfacet
  facet normal -8.489271476861153e-15 0.7222586421850956 -0.6916230575891336
    outer loop
      vertex 114.38170000165701 139.18633373753175 18.33156410388066
      vertex 118.82724499702454 139.24781729584674 18.39577108896882
      vertex 118.62103444337845 139.22998898497133 18.37715306942185
    endloop
  endfacet
  facet normal 1.9001080908542107e-14 0.7222586421841447 -0.6916230575901264
    outer loop
      vertex 114.38170000165701 139.18633373753175 18.33156410388066
      vertex 119.03886111080647 139.26055180582335 18.409069676665766
      vertex 118.82724499702454 139.24781729584674 18.39577108896882
    endloop
  endfacet
  facet normal -4.142128640427582e-14 0.7222586421846356 -0.691623057589614
    outer loop
      vertex 106.44757000356913 139.18633373753175 18.33156410388066
      vertex 105.01287999749184 136.04166201758483 15.047598507821938
      vertex 105.01287999749184 137.00404858941837 16.052614189415465
    endloop
  endfacet
  facet normal 0 0.7222586421846271 -0.6916230575896227
    outer loop
      vertex 108.24802000075579 139.18633373753175 18.33156410388066
      vertex 112.35543999820948 139.18633373753175 18.33156410388066
      vertex 108.24802000075579 136.92804613228935 15.973245187924924
    endloop
  endfacet
  facet normal 1.0317093114312519e-17 0.722258642184627 -0.6916230575896228
    outer loop
      vertex 112.35543999820948 139.18633373753175 18.33156410388066
      vertex 110.35969000309706 136.92804613228935 15.973245187924924
      vertex 108.24802000075579 136.92804613228935 15.973245187924924
    endloop
  endfacet
  facet normal 2.4679124360667343e-15 0.7222586421846261 -0.691623057589624
    outer loop
      vertex 106.44757000356913 139.18633373753175 18.33156410388066
      vertex 106.44757000356913 134.59866182676512 13.5406803288274
      vertex 105.01287999749184 136.04166201758483 15.047598507821938
    endloop
  endfacet
  facet normal 0 0.722258642184626 -0.6916230575896238
    outer loop
      vertex 108.24802000075579 135.9614268298959 14.963809286106887
      vertex 110.60385999828577 135.9614268298959 14.963809286106887
      vertex 111.03984250128269 134.229267253984 13.15492334799874
    endloop
  endfacet
  facet normal -9.391309422287839e-16 0.722258642184626 -0.691623057589624
    outer loop
      vertex 110.60385999828577 135.9614268298959 14.963809286106887
      vertex 110.68681000173092 135.96069735670068 14.963047500747479
      vertex 111.03984250128269 134.229267253984 13.15492334799874
    endloop
  endfacet
  facet normal 1.5883864049709703e-13 0.7222586421846415 -0.6916230575896077
    outer loop
      vertex 110.68681000173092 135.96069735670068 14.963047500747479
      vertex 110.76749999821186 135.95850894742094 14.960762155431745
      vertex 111.03984250128269 134.229267253984 13.15492334799874
    endloop
  endfacet
  facet normal -2.1320382184641857e-13 0.7222586421846134 -0.691623057589637
    outer loop
      vertex 110.76749999821186 135.95850894742094 14.960762155431745
      vertex 110.84593000262976 135.95486159690375 14.956953244778433
      vertex 111.03984250128269 134.229267253984 13.15492334799874
    endloop
  endfacet
  facet normal 6.448178981713547e-14 0.7222586421846284 -0.6916230575896214
    outer loop
      vertex 110.84593000262976 135.95486159690375 14.956953244778433
      vertex 110.92210000008345 135.94975530514907 14.951620768787556
      vertex 111.03984250128269 134.229267253984 13.15492334799874
    endloop
  endfacet
  facet normal 2.2561132280160262e-13 0.7222586421846338 -0.691623057589616
    outer loop
      vertex 110.92210000008345 135.94975530514907 14.951620768787556
      vertex 110.99600999802351 135.94319007215688 14.944764727459102
      vertex 111.03984250128269 134.229267253984 13.15492334799874
    endloop
  endfacet
  facet normal -1.6208141468374527e-13 0.722258642184629 -0.691623057589621
    outer loop
      vertex 110.99600999802351 135.94319007215688 14.944764727459102
      vertex 111.06765999644995 135.93516590308025 14.936385126174322
      vertex 111.03984250128269 134.229267253984 13.15492334799874
    endloop
  endfacet
  facet normal -1.6502720399430564e-15 0.7222586421846249 -0.6916230575896253
    outer loop
      vertex 108.24802000075579 135.9614268298959 14.963809286106887
      vertex 111.03984250128269 134.229267253984 13.15492334799874
      vertex 108.24802000075579 134.20546504701935 13.130066817415155
    endloop
  endfacet
  facet normal 0 0.7222586421845307 -0.6916230575897234
    outer loop
      vertex 108.24802000075579 134.20546504701935 13.130066817415155
      vertex 111.03984250128269 134.229267253984 13.15492334799874
      vertex 110.55499000102282 134.20546504701935 13.130066817415155
    endloop
  endfacet
  facet normal -1.6945488019432192e-13 0.7222586421846291 -0.6916230575896208
    outer loop
      vertex 111.06765999644995 135.93516590308025 14.936385126174322
      vertex 111.13705000281334 135.92568278761314 14.926481954170725
      vertex 111.03984250128269 134.229267253984 13.15492334799874
    endloop
  endfacet
  facet normal 3.172554807770142e-13 0.7222586421846158 -0.6916230575896347
    outer loop
      vertex 111.13705000281334 135.92568278761314 14.926481954170725
      vertex 111.20418000221252 135.9147407360615 14.915055222210803
      vertex 111.03984250128269 134.229267253984 13.15492334799874
    endloop
  endfacet
  facet normal -1.1688631186679038e-13 0.722258642184636 -0.6916230575896135
    outer loop
      vertex 111.20418000221252 135.9147407360615 14.915055222210803
      vertex 111.26905000209808 135.90233974327242 14.902104924913303
      vertex 111.03984250128269 134.229267253984 13.15492334799874
    endloop
  endfacet
  facet normal -1.0523847815238144e-13 0.7222586421846353 -0.6916230575896144
    outer loop
      vertex 111.26905000209808 135.90233974327242 14.902104924913303
      vertex 111.33166000247002 135.88847980924587 14.887631062278238
      vertex 111.03984250128269 134.229267253984 13.15492334799874
    endloop
  endfacet
  facet normal 7.674798871986012e-14 0.72225864218462 -0.6916230575896304
    outer loop
      vertex 111.33166000247002 135.88847980924587 14.887631062278238
      vertex 111.39201000332832 135.8731609339818 14.871633634305596
      vertex 111.03984250128269 134.229267253984 13.15492334799874
    endloop
  endfacet
  facet normal 1.555096748538068e-14 0.7222586421846261 -0.6916230575896238
    outer loop
      vertex 111.39201000332832 135.8731609339818 14.871633634305596
      vertex 111.45009999722242 135.85638311748028 14.854112640995382
      vertex 111.03984250128269 134.229267253984 13.15492334799874
    endloop
  endfacet
  facet normal -1.1136261300603144e-13 0.7222586421846415 -0.6916230575896078
    outer loop
      vertex 111.45009999722242 135.85638311748028 14.854112640995382
      vertex 111.50592999905348 135.83814636489427 14.835068087728843
      vertex 111.03984250128269 134.229267253984 13.15492334799874
    endloop
  endfacet
  facet normal 2.2885182422914044e-13 0.7222586421845942 -0.691623057589657
    outer loop
      vertex 111.50592999905348 135.83814636489427 14.835068087728843
      vertex 111.5595000013709 135.81845066591777 14.814499963743486
      vertex 111.03984250128269 134.229267253984 13.15492334799874
    endloop
  endfacet
  facet normal 1.9382254319237465e-14 0.722258642184627 -0.6916230575896227
    outer loop
      vertex 111.5595000013709 135.81845066591777 14.814499963743486
      vertex 111.61080999672413 135.79729603085678 14.792408279801798
      vertex 111.03984250128269 134.229267253984 13.15492334799874
    endloop
  endfacet
  facet normal 3.739216526029061e-14 0.722258642184624 -0.6916230575896262
    outer loop
      vertex 111.61080999672413 135.79729603085678 14.792408279801798
      vertex 111.6598600000143 135.77468245455833 14.768793030522545
      vertex 111.03984250128269 134.229267253984 13.15492334799874
    endloop
  endfacet
  facet normal -1.178884134941499e-13 0.7222586421846537 -0.691623057589595
    outer loop
      vertex 111.6598600000143 135.77468245455833 14.768793030522545
      vertex 111.70664999634027 135.7506099370224 14.743654215905714
      vertex 111.03984250128269 134.229267253984 13.15492334799874
    endloop
  endfacet
  facet normal -2.594452802330139e-13 0.7222586421846835 -0.691623057589564
    outer loop
      vertex 111.70664999634027 135.7506099370224 14.743654215905714
      vertex 111.7511800006032 135.725078483402 14.716991841332558
      vertex 111.03984250128269 134.229267253984 13.15492334799874
    endloop
  endfacet
  facet normal 1.502514185347467e-13 0.7222586421845902 -0.6916230575896612
    outer loop
      vertex 111.7511800006032 135.725078483402 14.716991841332558
      vertex 111.79337444156408 135.69822448827762 14.688948343009415
      vertex 111.03984250128269 134.229267253984 13.15492334799874
    endloop
  endfacet
  facet normal 1.8964601779432814e-13 0.7222586421845806 -0.6916230575896715
    outer loop
      vertex 111.79337444156408 135.69822448827762 14.688948343009415
      vertex 111.83315777778625 135.6701981923229 14.659680616551242
      vertex 111.03984250128269 134.229267253984 13.15492334799874
    endloop
  endfacet
  facet normal 4.700877688900693e-14 0.7222586421846181 -0.6916230575896322
    outer loop
      vertex 111.83315777778625 135.6701981923229 14.659680616551242
      vertex 111.87053000181913 135.6409995955379 14.629188661958025
      vertex 111.03984250128269 134.229267253984 13.15492334799874
    endloop
  endfacet
  facet normal -9.041045297477502e-15 0.7222586421846339 -0.6916230575896157
    outer loop
      vertex 111.87053000181913 135.6409995955379 14.629188661958025
      vertex 111.90549111366272 135.61062869792255 14.597472479229772
      vertex 111.03984250128269 134.229267253984 13.15492334799874
    endloop
  endfacet
  facet normal -6.749704968758722e-14 0.7222586421846514 -0.6916230575895974
    outer loop
      vertex 111.90549111366272 135.61062869792255 14.597472479229772
      vertex 111.93804111331701 135.5790854994769 14.564532068366482
      vertex 111.03984250128269 134.229267253984 13.15492334799874
    endloop
  endfacet
  facet normal -1.2826866339229153e-13 0.7222586421846707 -0.6916230575895773
    outer loop
      vertex 111.93804111331701 135.5790854994769 14.564532068366482
      vertex 111.96818000078201 135.5463700002009 14.530367429368155
      vertex 111.03984250128269 134.229267253984 13.15492334799874
    endloop
  endfacet
  facet normal -1.913005293135061e-13 0.722258642184692 -0.691623057589555
    outer loop
      vertex 111.96818000078201 135.5463700002009 14.530367429368155
      vertex 111.99590777605772 135.5124822000946 14.494978562234792
      vertex 111.03984250128269 134.229267253984 13.15492334799874
    endloop
  endfacet
  facet normal 2.1590770129061264e-13 0.7222586421845469 -0.6916230575897068
    outer loop
      vertex 111.99590777605772 135.5124822000946 14.494978562234792
      vertex 112.02122444659472 135.47742209400496 14.458365461585146
      vertex 111.03984250128269 134.229267253984 13.15492334799874
    endloop
  endfacet
  facet normal 8.939125922448122e-14 0.7222586421845945 -0.6916230575896569
    outer loop
      vertex 112.02122444659472 135.47742209400496 14.458365461585146
      vertex 112.04412999749184 135.441189692238 14.420528138181709
      vertex 111.03984250128269 134.229267253984 13.15492334799874
    endloop
  endfacet
  facet normal -6.292020482537022e-14 0.7222586421846542 -0.6916230575895946
    outer loop
      vertex 111.03984250128269 134.229267253984 13.15492334799874
      vertex 112.04412999749184 135.441189692238 14.420528138181709
      vertex 112.06462444365025 135.4037849896407 14.381466586643228
    endloop
  endfacet
  facet normal -2.8453531415469104e-14 0.7222586421846405 -0.6916230575896088
    outer loop
      vertex 111.03984250128269 134.229267253984 13.15492334799874
      vertex 112.06462444365025 135.4037849896407 14.381466586643228
      vertex 112.08270777761936 135.3652079862131 14.341180806969717
    endloop
  endfacet
  facet normal -1.508454519359952e-14 0.7222586421846335 -0.6916230575896161
    outer loop
      vertex 111.03984250128269 134.229267253984 13.15492334799874
      vertex 112.08270777761936 135.3652079862131 14.341180806969717
      vertex 112.09837999939919 135.32545867680219 14.299670793779924
    endloop
  endfacet
  facet normal -2.3825961305384065e-13 0.7222586421847375 -0.6916230575895075
    outer loop
      vertex 111.03984250128269 134.229267253984 13.15492334799874
      vertex 112.09837999939919 135.32545867680219 14.299670793779924
      vertex 112.11164110898972 135.28453707171394 14.256936557836333
    endloop
  endfacet
  facet normal 2.4573787447358033e-13 0.7222586421845036 -0.6916230575897518
    outer loop
      vertex 111.03984250128269 134.229267253984 13.15492334799874
      vertex 112.11164110898972 135.28453707171394 14.256936557836333
      vertex 112.12249111384153 135.24244316064235 14.212978088376467
    endloop
  endfacet
  facet normal 3.484579814835091e-14 0.7222586421846102 -0.6916230575896405
    outer loop
      vertex 111.03984250128269 134.229267253984 13.15492334799874
      vertex 112.12249111384153 135.24244316064235 14.212978088376467
      vertex 112.13092999905348 135.19917695389344 14.167795396162802
    endloop
  endfacet
  facet normal 1.359106331648604e-13 0.722258642184555 -0.6916230575896982
    outer loop
      vertex 111.03984250128269 134.229267253984 13.15492334799874
      vertex 112.13092999905348 135.19917695389344 14.167795396162802
      vertex 112.13695777952671 135.15473844116121 14.121388470432862
    endloop
  endfacet
  facet normal -6.387472896577703e-14 0.7222586421846685 -0.6916230575895796
    outer loop
      vertex 111.03984250128269 134.229267253984 13.15492334799874
      vertex 112.13695777952671 135.15473844116121 14.121388470432862
      vertex 112.14057444781065 135.10912763275167 14.073757321949124
    endloop
  endfacet
  facet normal 2.8795804462005526e-14 0.7222586421846139 -0.6916230575896368
    outer loop
      vertex 111.03984250128269 134.229267253984 13.15492334799874
      vertex 112.14057444781065 135.10912763275167 14.073757321949124
      vertex 112.14177999645472 135.0623445183588 14.02490193994911
    endloop
  endfacet
  facet normal -1.1234199295274402e-13 0.7222586421846922 -0.691623057589555
    outer loop
      vertex 111.31410250067711 134.2715822903055 13.199112737496634
      vertex 112.14177999645472 135.0623445183588 14.02490193994911
      vertex 112.13688249886036 134.9697803767276 13.928237650758788
    endloop
  endfacet
  facet normal 4.286507944734797e-14 0.7222586421841131 -0.6916230575901597
    outer loop
      vertex 110.55499000102282 134.20546504701935 13.130066817415155
      vertex 111.03984250128269 134.229267253984 13.15492334799874
      vertex 110.88802000135183 134.21604380738796 13.14111416613494
    endloop
  endfacet
  facet normal 6.144901674691164e-14 0.7222586421838333 -0.6916230575904518
    outer loop
      vertex 110.55499000102282 134.20546504701935 13.130066817415155
      vertex 110.88802000135183 134.21604380738796 13.14111416613494
      vertex 110.72640249878168 134.20810973839974 13.132828655940415
    endloop
  endfacet
  facet normal -4.39424728518611e-15 0.7222586421846349 -0.691623057589615
    outer loop
      vertex 111.03984250128269 134.229267253984 13.15492334799874
      vertex 112.14177999645472 135.0623445183588 14.02490193994911
      vertex 111.18186999857426 134.24778008334084 13.17425620691305
    endloop
  endfacet
  facet normal -4.850304076865484e-14 0.7222586421846596 -0.6916230575895889
    outer loop
      vertex 111.18186999857426 134.24778008334084 13.17425620691305
      vertex 112.14177999645472 135.0623445183588 14.02490193994911
      vertex 111.31410250067711 134.2715822903055 13.199112737496634
    endloop
  endfacet
  facet normal -5.625261226379825e-15 0.7222586421846257 -0.6916230575896244
    outer loop
      vertex 111.43654000014067 134.30067388003096 13.229492945130737
      vertex 112.13688249886036 134.9697803767276 13.928237650758788
      vertex 112.12218999862671 134.88250561785722 13.837097038618985
    endloop
  endfacet
  facet normal -7.387354346246953e-14 0.7222586421846617 -0.6916230575895868
    outer loop
      vertex 111.54918249696493 134.33505484221124 13.265396819052853
      vertex 112.12218999862671 134.88250561785722 13.837097038618985
      vertex 112.09770250320435 134.80052023659465 13.751480098148456
    endloop
  endfacet
  facet normal 1.6573834830977924e-13 0.7222586421845482 -0.6916230575897052
    outer loop
      vertex 111.65202999860048 134.37472519230533 13.306824375406741
      vertex 112.09770250320435 134.80052023659465 13.751480098148456
      vertex 112.06341999769211 134.72382423293988 13.671386829347192
    endloop
  endfacet
  facet normal -1.1572843937616221e-13 0.7222586421846695 -0.6916230575895785
    outer loop
      vertex 112.01934249699116 134.65241761204592 13.596817237596447
      vertex 111.74508249759674 134.4196849148542 13.353775598048642
      vertex 112.06341999769211 134.72382423293988 13.671386829347192
    endloop
  endfacet
  facet normal 8.421247028609092e-14 0.7222586421845808 -0.6916230575896712
    outer loop
      vertex 111.43654000014067 134.30067388003096 13.229492945130737
      vertex 111.31410250067711 134.2715822903055 13.199112737496634
      vertex 112.13688249886036 134.9697803767276 13.928237650758788
    endloop
  endfacet
  facet normal -3.747505071651922e-14 0.7222586421846438 -0.6916230575896055
    outer loop
      vertex 111.43654000014067 134.30067388003096 13.229492945130737
      vertex 112.12218999862671 134.88250561785722 13.837097038618985
      vertex 111.54918249696493 134.33505484221124 13.265396819052853
    endloop
  endfacet
  facet normal -1.704678012379344e-13 0.7222586421847165 -0.6916230575895296
    outer loop
      vertex 111.54918249696493 134.33505484221124 13.265396819052853
      vertex 112.09770250320435 134.80052023659465 13.751480098148456
      vertex 111.65202999860048 134.37472519230533 13.306824375406741
    endloop
  endfacet
  facet normal -4.362782267087851e-14 0.7222586421846292 -0.6916230575896208
    outer loop
      vertex 112.01934249699116 134.65241761204592 13.596817237596447
      vertex 111.82834000140429 134.46993402016392 13.40625049774107
      vertex 111.74508249759674 134.4196849148542 13.353775598048642
    endloop
  endfacet
  facet normal -8.734227718256995e-13 0.7222586421850442 -0.6916230575891873
    outer loop
      vertex 111.9654700011015 134.5863003687598 13.527771317514969
      vertex 111.82834000140429 134.46993402016392 13.40625049774107
      vertex 112.01934249699116 134.65241761204592 13.596817237596447
    endloop
  endfacet
  facet normal -5.117015485856168e-13 0.7222586421848408 -0.6916230575893997
    outer loop
      vertex 111.9654700011015 134.5863003687598 13.527771317514969
      vertex 111.90180250257254 134.52547250308146 13.464249069102763
      vertex 111.82834000140429 134.46993402016392 13.40625049774107
    endloop
  endfacet
  facet normal 4.755237294712051e-13 0.7222586421843735 -0.6916230575898876
    outer loop
      vertex 111.74508249759674 134.4196849148542 13.353775598048642
      vertex 111.65202999860048 134.37472519230533 13.306824375406741
      vertex 112.06341999769211 134.72382423293988 13.671386829347192
    endloop
  endfacet
  facet normal 2.5255108940235743e-16 -0.7222586421844939 0.6916230575897621
    outer loop
      vertex 79.83459271490574 136.6919168156873 19.558223351553657
      vertex 159.06741542369127 136.7047402457169 19.571614798035462
      vertex 80.22336187213659 136.7532873173286 19.622312272099627
    endloop
  endfacet
  facet normal -3.1045527167916995e-17 -0.72225864218462 0.6916230575896303
    outer loop
      vertex 81.31018505245447 137.09245462804944 19.976503068121346
      vertex 157.60671976953745 137.1305966673098 20.016334616800975
      vertex 81.63395921140909 137.25344909376722 20.14462881658006
    endloop
  endfacet
  facet normal -1.6111272239247707e-16 -0.7222586421846477 0.6916230575896012
    outer loop
      vertex 80.60136409848928 136.84112482429495 19.714040559377217
      vertex 158.3062608167529 136.86712303605148 19.74119036723347
      vertex 80.96484263241291 136.95455636798573 19.83249657646337
    endloop
  endfacet
  facet normal 8.952946713742161e-17 -0.7222586421846545 0.6916230575895943
    outer loop
      vertex 80.96484263241291 136.95455636798573 19.83249657646337
      vertex 157.9469840824604 136.98678665625647 19.86615451193586
      vertex 81.31018505245447 137.09245462804944 19.976503068121346
    endloop
  endfacet
  facet normal -1.312189605657662e-16 -0.7222586421846064 0.6916230575896445
    outer loop
      vertex 80.22336187213659 136.7532873173286 19.622312272099627
      vertex 158.68097930401564 136.77279507117925 19.642684125891407
      vertex 80.60136409848928 136.84112482429495 19.714040559377217
    endloop
  endfacet
  facet normal 1.375832994789187e-14 0.722258642184637 -0.6916230575896127
    outer loop
      vertex 114.38170000165701 139.18633373753175 18.33156410388066
      vertex 116.43220277875662 138.53468476292224 17.651050204846186
      vertex 116.30166999995708 138.44554319823905 17.557960096348822
    endloop
  endfacet
  facet normal 1.1498758220817837e-14 0.7222586421846342 -0.6916230575896153
    outer loop
      vertex 114.38170000165701 139.18633373753175 18.33156410388066
      vertex 116.30166999995708 138.44554319823905 17.557960096348822
      vertex 116.17739083617926 138.35197197620278 17.460244117921192
    endloop
  endfacet
  facet normal -4.918878056933591e-14 0.722258642184583 -0.691623057589669
    outer loop
      vertex 114.38170000165701 139.18633373753175 18.33156410388066
      vertex 116.06021333485842 138.25463525066516 17.35859584224555
      vertex 115.95013750344515 138.15353302677917 17.253015274703145
    endloop
  endfacet
  facet normal 1.7829933422144983e-14 0.7222586421846411 -0.6916230575896083
    outer loop
      vertex 114.38170000165701 139.18633373753175 18.33156410388066
      vertex 116.17739083617926 138.35197197620278 17.460244117921192
      vertex 116.06021333485842 138.25463525066516 17.35859584224555
    endloop
  endfacet
  facet normal -4.421372766295707e-15 0.7222586421846212 -0.691623057589629
    outer loop
      vertex 114.38170000165701 139.18633373753175 18.33156410388066
      vertex 115.75129083544016 137.94003206335023 17.030057242493058
      vertex 115.66251999884844 137.82763332380725 16.91267977782538
    endloop
  endfacet
  facet normal -5.565958276466384e-14 0.7222586421845982 -0.691623057589653
    outer loop
      vertex 114.38170000165701 139.18633373753175 18.33156410388066
      vertex 115.66251999884844 137.82763332380725 16.91267977782538
      vertex 115.58085083216429 137.7114690859159 16.79137002129093
    endloop
  endfacet
  facet normal 3.4951263536346706e-15 0.7222586421846217 -0.6916230575896286
    outer loop
      vertex 114.38170000165701 139.18633373753175 18.33156410388066
      vertex 115.95013750344515 138.15353302677917 17.253015274703145
      vertex 115.84716333448887 138.04866529423887 17.14350240453149
    endloop
  endfacet
  facet normal 4.954639484211986e-14 0.7222586421846494 -0.6916230575895995
    outer loop
      vertex 114.38170000165701 139.18633373753175 18.33156410388066
      vertex 115.84716333448887 138.04866529423887 17.14350240453149
      vertex 115.75129083544016 137.94003206335023 17.030057242493058
    endloop
  endfacet
  facet normal 2.3887190722235137e-14 0.7222586421846294 -0.6916230575896205
    outer loop
      vertex 114.38170000165701 139.18633373753175 18.33156410388066
      vertex 115.58085083216429 137.7114690859159 16.79137002129093
      vertex 115.5062833353877 137.59153933937023 16.666127962127227
    endloop
  endfacet
  facet normal 3.0373632015818495e-14 0.7222586421846312 -0.6916230575896186
    outer loop
      vertex 114.38170000165701 139.18633373753175 18.33156410388066
      vertex 115.5062833353877 137.59153933937023 16.666127962127227
      vertex 115.43881750106812 137.46784409447622 16.536953611096763
    endloop
  endfacet
  facet normal 3.4440078440795066e-14 0.7222586421846329 -0.6916230575896167
    outer loop
      vertex 114.38170000165701 139.18633373753175 18.33156410388066
      vertex 115.3784533366561 137.34038334608087 16.403846962818285
      vertex 115.32519083470106 137.20915708903118 16.26680801191055
    endloop
  endfacet
  facet normal 4.69942621021507e-14 0.7222586421846358 -0.6916230575896138
    outer loop
      vertex 114.38170000165701 139.18633373753175 18.33156410388066
      vertex 115.43881750106812 137.46784409447622 16.536953611096763
      vertex 115.3784533366561 137.34038334608087 16.403846962818285
    endloop
  endfacet
  facet normal -1.4825702218481187e-13 0.7222586421846897 -0.6916230575895576
    outer loop
      vertex 114.38170000165701 139.18633373753175 18.33156410388066
      vertex 112.15222860872746 136.67055889828208 15.704352504297376
      vertex 112.05636999756098 136.68746505008255 15.722007517544832
    endloop
  endfacet
  facet normal 8.708765840468196e-14 0.7222586421845899 -0.6916230575896619
    outer loop
      vertex 114.38170000165701 139.18633373753175 18.33156410388066
      vertex 112.24586444348097 136.65173810543166 15.684698040583648
      vertex 112.15222860872746 136.67055889828208 15.704352504297376
    endloop
  endfacet
  facet normal -5.17739268141789e-14 0.7222586421846452 -0.6916230575896039
    outer loop
      vertex 114.38170000165701 139.18633373753175 18.33156410388066
      vertex 112.33727750182152 136.63100267153135 15.663044126403648
      vertex 112.24586444348097 136.65173810543166 15.684698040583648
    endloop
  endfacet
  facet normal 3.53284409148455e-14 0.7222586421846126 -0.6916230575896379
    outer loop
      vertex 114.38170000165701 139.18633373753175 18.33156410388066
      vertex 112.42646777629852 136.60835259142812 15.63939075637613
      vertex 112.33727750182152 136.63100267153135 15.663044126403648
    endloop
  endfacet
  facet normal 8.645484666277879e-14 0.722258642184594 -0.6916230575896575
    outer loop
      vertex 114.38170000165701 139.18633373753175 18.33156410388066
      vertex 112.51343527436256 136.58378787027496 15.613737935882341
      vertex 112.42646777629852 136.60835259142812 15.63939075637613
    endloop
  endfacet
  facet normal -5.811598477122162e-14 0.7222586421846433 -0.6916230575896061
    outer loop
      vertex 114.38170000165701 139.18633373753175 18.33156410388066
      vertex 112.59818000346422 136.5573085080719 15.58608566492228
      vertex 112.51343527436256 136.58378787027496 15.613737935882341
    endloop
  endfacet
  facet normal 3.2531803831407725e-14 0.7222586421846151 -0.6916230575896355
    outer loop
      vertex 114.38170000165701 139.18633373753175 18.33156410388066
      vertex 112.68070194125175 136.52891449966594 15.5564339381147
      vertex 112.59818000346422 136.5573085080719 15.58608566492228
    endloop
  endfacet
  facet normal -8.116815477953033e-14 0.7222586421846483 -0.6916230575896006
    outer loop
      vertex 114.38170000165701 139.18633373753175 18.33156410388066
      vertex 112.7610011100769 136.49860584505709 15.524782755459604
      vertex 112.68070194125175 136.52891449966594 15.5564339381147
    endloop
  endfacet
  facet normal 2.3859672743125367e-14 0.7222586421846178 -0.6916230575896325
    outer loop
      vertex 114.38170000165701 139.18633373753175 18.33156410388066
      vertex 112.83907750248909 136.4663825493983 15.491132122338243
      vertex 112.7610011100769 136.49860584505709 15.524782755459604
    endloop
  endfacet
  facet normal 3.101390779215696e-14 0.7222586421846163 -0.6916230575896342
    outer loop
      vertex 114.38170000165701 139.18633373753175 18.33156410388066
      vertex 112.91493111103773 136.4322446126896 15.455482038750603
      vertex 112.83907750248909 136.4663825493983 15.491132122338243
    endloop
  endfacet
  facet normal -1.3302995172088321e-13 0.7222586421846576 -0.6916230575895909
    outer loop
      vertex 114.38170000165701 139.18633373753175 18.33156410388066
      vertex 112.98856194317341 136.396192034931 15.41783250469669
      vertex 112.91493111103773 136.4322446126896 15.455482038750603
    endloop
  endfacet
  facet normal 1.117282544370439e-14 0.7222586421846239 -0.6916230575896263
    outer loop
      vertex 114.38170000165701 139.18633373753175 18.33156410388066
      vertex 115.2790300026536 137.07416533363312 16.12583676913605
      vertex 112.98856194317341 136.396192034931 15.41783250469669
    endloop
  endfacet
  facet normal -1.4142572719409073e-13 0.7222586421845929 -0.6916230575896587
    outer loop
      vertex 114.38170000165701 139.18633373753175 18.33156410388066
      vertex 115.32519083470106 137.20915708903118 16.26680801191055
      vertex 115.2790300026536 137.07416533363312 16.12583676913605
    endloop
  endfacet
  facet normal -6.924232637681068e-15 0.72225864218465 -0.691623057589599
    outer loop
      vertex 115.2790300026536 137.07416533363312 16.12583676913605
      vertex 115.23997083306313 136.93540807473374 15.980933229113539
      vertex 113.05996999889612 136.3582248109695 15.378183514795268
    endloop
  endfacet
  facet normal -6.182842605380076e-15 0.7222586421846433 -0.6916230575896061
    outer loop
      vertex 115.23997083306313 136.93540807473374 15.980933229113539
      vertex 115.20801333338022 136.79288530718003 15.832097386461768
      vertex 113.19611778110266 136.27654642959072 15.292887172831108
    endloop
  endfacet
  facet normal -1.6258012117461175e-15 0.7222586421846061 -0.6916230575896447
    outer loop
      vertex 114.38170000165701 139.18633373753175 18.33156410388066
      vertex 117.1659500002861 138.9039855419376 18.03670923729507
      vertex 117.0083894431591 138.8403129920546 17.97021629881035
    endloop
  endfacet
  facet normal -2.155960250514098e-14 0.7222586421845545 -0.6916230575896988
    outer loop
      vertex 114.38170000165701 139.18633373753175 18.33156410388066
      vertex 116.85623444616795 138.77154664127278 17.898403928475602
      vertex 116.70948500186205 138.6976864844391 17.821272120909576
    endloop
  endfacet
  facet normal 3.6575226263837094e-14 0.7222586421846867 -0.6916230575895606
    outer loop
      vertex 114.38170000165701 139.18633373753175 18.33156410388066
      vertex 116.70948500186205 138.6976864844391 17.821272120909576
      vertex 116.56814111024141 138.6187325267066 17.738820881493517
    endloop
  endfacet
  facet normal 4.644052839365099e-15 0.7222586421846291 -0.6916230575896207
    outer loop
      vertex 114.38170000165701 139.18633373753175 18.33156410388066
      vertex 117.0083894431591 138.8403129920546 17.97021629881035
      vertex 116.85623444616795 138.77154664127278 17.898403928475602
    endloop
  endfacet
  facet normal -4.110832124721793e-15 0.7222586421845583 -0.6916230575896948
    outer loop
      vertex 114.38170000165701 139.18633373753175 18.33156410388066
      vertex 117.49728778004646 139.01604922354807 18.153736802570684
      vertex 117.32891611009836 138.96256428576874 18.097882738548513
    endloop
  endfacet
  facet normal 1.8892719567222976e-14 0.722258642184703 -0.6916230575895436
    outer loop
      vertex 114.38170000165701 139.18633373753175 18.33156410388066
      vertex 117.32891611009836 138.96256428576874 18.097882738548513
      vertex 117.1659500002861 138.9039855419376 18.03670923729507
    endloop
  endfacet
  facet normal 6.1907799447119285e-15 0.7222586421846484 -0.6916230575896006
    outer loop
      vertex 114.38170000165701 139.18633373753175 18.33156410388066
      vertex 117.67106500267982 139.06444036042853 18.20427143474282
      vertex 117.49728778004646 139.01604922354807 18.153736802570684
    endloop
  endfacet
  facet normal -8.445462195799369e-15 0.7222586421846037 -0.6916230575896471
    outer loop
      vertex 114.38170000165701 139.18633373753175 18.33156410388066
      vertex 116.56814111024141 138.6187325267066 17.738820881493517
      vertex 116.43220277875662 138.53468476292224 17.651050204846186
    endloop
  endfacet
  facet normal -5.941970074781266e-15 0.7222586421846094 -0.6916230575896413
    outer loop
      vertex 117.96224222332239 137.95059314379873 17.041086128157048
      vertex 121.89971499890089 136.9002015772565 15.944167252639872
      vertex 117.8766975030303 137.90015519158933 16.98841401655295
    endloop
  endfacet
  facet normal -1.9143912469694643e-14 0.7222586421845841 -0.6916230575896677
    outer loop
      vertex 117.8766975030303 137.90015519158933 16.98841401655295
      vertex 121.89971499890089 136.9002015772565 15.944167252639872
      vertex 117.79418555647135 137.84623875245427 16.93210933773436
    endloop
  endfacet
  facet normal -1.2997654872040213e-14 0.7222586421846048 -0.6916230575896462
    outer loop
      vertex 118.23707305639982 138.08103613555576 17.177307118876023
      vertex 118.33474888652563 138.11756017098043 17.21544899390959
      vertex 121.89971499890089 136.9002015772565 15.944167252639872
    endloop
  endfacet
  facet normal -1.375793036579647e-14 0.7222586421846037 -0.6916230575896473
    outer loop
      vertex 118.14243000000715 138.04103361835843 17.135532682009206
      vertex 118.23707305639982 138.08103613555576 17.177307118876023
      vertex 121.89971499890089 136.9002015772565 15.944167252639872
    endloop
  endfacet
  facet normal 2.2557138239113833e-14 0.722258642184661 -0.6916230575895876
    outer loop
      vertex 118.0508197247982 137.9975526245414 17.090125688690378
      vertex 118.14243000000715 138.04103361835843 17.135532682009206
      vertex 121.89971499890089 136.9002015772565 15.944167252639872
    endloop
  endfacet
  facet normal 2.521550967636079e-14 0.7222586421846653 -0.691623057589583
    outer loop
      vertex 118.0508197247982 137.9975526245414 17.090125688690378
      vertex 121.89971499890089 136.9002015772565 15.944167252639872
      vertex 117.96224222332239 137.95059314379873 17.041086128157048
    endloop
  endfacet
  facet normal 9.060859364798196e-15 0.7222586421846425 -0.6916230575896067
    outer loop
      vertex 117.56541138887405 137.6640744606512 16.7418760414201
      vertex 121.89971499890089 136.9002015772565 15.944167252639872
      vertex 117.49672555923462 137.59761179160995 16.672469394879144
    endloop
  endfacet
  facet normal -4.241259318930634e-15 0.7222586421846025 -0.6916230575896487
    outer loop
      vertex 117.49672555923462 137.59761179160995 16.672469394879144
      vertex 121.89971499890089 136.9002015772565 15.944167252639872
      vertex 117.43220250308514 137.52858243204838 16.600382365737048
    endloop
  endfacet
  facet normal -1.56386318054053e-14 0.7222586421845635 -0.6916230575896891
    outer loop
      vertex 117.3718422204256 137.4569863819665 16.52561495399381
      vertex 117.43220250308514 137.52858243204838 16.600382365737048
      vertex 121.89971499890089 136.9002015772565 15.944167252639872
    endloop
  endfacet
  facet normal 1.3344364933964674e-14 0.7222586421846763 -0.6916230575895714
    outer loop
      vertex 117.3718422204256 137.4569863819665 16.52561495399381
      vertex 121.89971499890089 136.9002015772565 15.944167252639872
      vertex 117.31564471870661 137.3828236413643 16.448167159649422
    endloop
  endfacet
  facet normal -7.763489207601436e-15 0.7222586421846077 -0.691623057589643
    outer loop
      vertex 117.79418555647135 137.84623875245427 16.93210933773436
      vertex 121.89971499890089 136.9002015772565 15.944167252639872
      vertex 117.71470639109612 137.78884383669953 16.872172102463765
    endloop
  endfacet
  facet normal 2.923507109917808e-14 0.7222586421846912 -0.6916230575895561
    outer loop
      vertex 117.71470639109612 137.78884383669953 16.872172102463765
      vertex 121.89971499890089 136.9002015772565 15.944167252639872
      vertex 117.63825999945402 137.7279704443251 16.80860231074115
    endloop
  endfacet
  facet normal 4.389089623909349e-15 0.72225864218463 -0.6916230575896201
    outer loop
      vertex 117.56541138887405 137.6640744606512 16.7418760414201
      vertex 117.63825999945402 137.7279704443251 16.80860231074115
      vertex 121.89971499890089 136.9002015772565 15.944167252639872
    endloop
  endfacet
  facet normal 1.7941850927440647e-15 0.722258642184627 -0.6916230575896228
    outer loop
      vertex 117.26360999792814 137.30609421024178 16.3680389827039
      vertex 121.89971499890089 136.9002015772565 15.944167252639872
      vertex 117.21573805809021 137.22679808859894 16.285230423157223
    endloop
  endfacet
  facet normal 9.18974917573394e-15 0.7222586421846778 -0.6916230575895699
    outer loop
      vertex 117.21573805809021 137.22679808859894 16.285230423157223
      vertex 121.89971499890089 136.9002015772565 15.944167252639872
      vertex 117.17202889174223 137.1449352764358 16.19974148100941
    endloop
  endfacet
  facet normal -1.6876003633669863e-15 0.7222586421846081 -0.6916230575896428
    outer loop
      vertex 117.31564471870661 137.3828236413643 16.448167159649422
      vertex 121.89971499890089 136.9002015772565 15.944167252639872
      vertex 117.26360999792814 137.30609421024178 16.3680389827039
    endloop
  endfacet
  facet normal -4.935108985230895e-15 0.7222586421845473 -0.6916230575897062
    outer loop
      vertex 117.1324824988842 137.0605057789053 16.111572161641703
      vertex 117.17202889174223 137.1449352764358 16.19974148100941
      vertex 121.89971499890089 136.9002015772565 15.944167252639872
    endloop
  endfacet
  facet normal 9.617818934465805e-16 0.7222586421846312 -0.6916230575896186
    outer loop
      vertex 117.1324824988842 137.0605057789053 16.111572161641703
      vertex 121.89971499890089 136.9002015772565 15.944167252639872
      vertex 117.0970988869667 136.97350958570152 16.0207224542916
    endloop
  endfacet
  facet normal 1.312054023546619e-15 0.7222586421846422 -0.6916230575896072
    outer loop
      vertex 117.0970988869667 136.97350958570152 16.0207224542916
      vertex 121.89971499890089 136.9002015772565 15.944167252639872
      vertex 117.06587805598974 136.8839467071304 15.927192369721595
    endloop
  endfacet
  facet normal 9.857851767271795e-16 0.7222586421846886 -0.6916230575895588
    outer loop
      vertex 117.06587805598974 136.8839467071304 15.927192369721595
      vertex 121.89971499890089 136.9002015772565 15.944167252639872
      vertex 117.03881999850273 136.791817138039 15.830981902550455
    endloop
  endfacet
  facet normal 1.071453076881644e-16 0.7222586421845557 -0.6916230575896974
    outer loop
      vertex 117.03881999850273 136.791817138039 15.830981902550455
      vertex 121.92604000121355 136.80656945714503 15.846387678644348
      vertex 117.01592472195625 136.69712087327423 15.73209104739692
    endloop
  endfacet
  facet normal -2.282876183291e-15 0.7222586421846449 -0.6916230575896044
    outer loop
      vertex 117.01592472195625 136.69712087327423 15.73209104739692
      vertex 121.94831500202417 136.71009745541866 15.7456424298978
      vertex 116.99719221889973 136.59985792314217 15.63051981502349
    endloop
  endfacet
  facet normal 3.340175829659302e-14 0.7222586421845772 -0.6916230575896749
    outer loop
      vertex 115.23997083306313 136.93540807473374 15.980933229113539
      vertex 113.12915527820587 136.31834294080505 15.33653506904632
      vertex 113.05996999889612 136.3582248109695 15.378183514795268
    endloop
  endfacet
  facet normal 1.6838177539123816e-14 0.722258642184615 -0.6916230575896356
    outer loop
      vertex 115.2790300026536 137.07416533363312 16.12583676913605
      vertex 113.05996999889612 136.3582248109695 15.378183514795268
      vertex 112.98856194317341 136.396192034931 15.41783250469669
    endloop
  endfacet
  facet normal -1.5544982376518216e-14 0.7222586421846573 -0.6916230575895915
    outer loop
      vertex 115.23997083306313 136.93540807473374 15.980933229113539
      vertex 113.19611778110266 136.27654642959072 15.292887172831108
      vertex 113.12915527820587 136.31834294080505 15.33653506904632
    endloop
  endfacet
  facet normal -1.1424519998200451e-14 0.7222586421846531 -0.6916230575895956
    outer loop
      vertex 115.20801333338022 136.79288530718003 15.832097386461768
      vertex 113.2608575001359 136.23283527732647 15.247239826149617
      vertex 113.19611778110266 136.27654642959072 15.292887172831108
    endloop
  endfacet
  facet normal -3.8657889060871736e-14 0.7222586421846929 -0.6916230575895539
    outer loop
      vertex 115.18315750360489 136.64659704127797 15.679329251943237
      vertex 113.38366860896349 136.13966903934224 15.149946770625334
      vertex 113.32337444275618 136.1872094788593 15.199593023620615
    endloop
  endfacet
  facet normal 4.136619498781099e-14 0.7222586421845382 -0.6916230575897158
    outer loop
      vertex 115.18315750360489 136.64659704127797 15.679329251943237
      vertex 113.32337444275618 136.1872094788593 15.199593023620615
      vertex 113.2608575001359 136.23283527732647 15.247239826149617
    endloop
  endfacet
  facet normal -6.981352765527066e-15 0.7222586421846456 -0.6916230575896035
    outer loop
      vertex 115.20801333338022 136.79288530718003 15.832097386461768
      vertex 115.18315750360489 136.64659704127797 15.679329251943237
      vertex 113.2608575001359 136.23283527732647 15.247239826149617
    endloop
  endfacet
  facet normal 3.504032526596745e-14 0.722258642184568 -0.6916230575896846
    outer loop
      vertex 115.18315750360489 136.64659704127797 15.679329251943237
      vertex 115.16540333628654 136.49654327187454 15.522628820176699
      vertex 113.38366860896349 136.13966903934224 15.149946770625334
    endloop
  endfacet
  facet normal 1.3235667153173728e-14 0.7222586421846201 -0.6916230575896302
    outer loop
      vertex 113.38366860896349 136.13966903934224 15.149946770625334
      vertex 115.16540333628654 136.49654327187454 15.522628820176699
      vertex 113.44173999875784 136.09021395877525 15.098301067163789
    endloop
  endfacet
  facet normal 1.1190819369245967e-14 0.7222586421846241 -0.6916230575896258
    outer loop
      vertex 113.44173999875784 136.09021395877525 15.098301067163789
      vertex 115.16540333628654 136.49654327187454 15.522628820176699
      vertex 113.49712750315666 136.03926689082454 15.045097288432622
    endloop
  endfacet
  facet normal -9.787801217204536e-15 0.7222586421846396 -0.6916230575896098
    outer loop
      vertex 113.54935000091791 135.98726433009637 14.990791263655865
      vertex 115.15475083142519 136.3427239989698 15.36199609116214
      vertex 113.59840749949217 135.93420627143777 14.935382987452257
    endloop
  endfacet
  facet normal 4.1373862139978846e-14 0.722258642184529 -0.6916230575897253
    outer loop
      vertex 113.49712750315666 136.03926689082454 15.045097288432622
      vertex 115.15475083142519 136.3427239989698 15.36199609116214
      vertex 113.54935000091791 135.98726433009637 14.990791263655865
    endloop
  endfacet
  facet normal -1.2950768589505083e-14 0.7222586421846533 -0.6916230575895954
    outer loop
      vertex 113.59840749949217 135.93420627143777 14.935382987452257
      vertex 115.1511999964714 136.18513922256372 15.197431064899583
      vertex 113.64429999887943 135.88009272515473 14.878872470584291
    endloop
  endfacet
  facet normal -7.633018943323083e-15 0.7222586421846572 -0.6916230575895916
    outer loop
      vertex 113.49712750315666 136.03926689082454 15.045097288432622
      vertex 115.16540333628654 136.49654327187454 15.522628820176699
      vertex 115.15475083142519 136.3427239989698 15.36199609116214
    endloop
  endfacet
  facet normal -5.9026172610045214e-15 0.7222586421846323 -0.6916230575896173
    outer loop
      vertex 113.59840749949217 135.93420627143777 14.935382987452257
      vertex 115.15475083142519 136.3427239989698 15.36199609116214
      vertex 115.1511999964714 136.18513922256372 15.197431064899583
    endloop
  endfacet
  facet normal -4.733328358578905e-15 0.7222586421846294 -0.6916230575896204
    outer loop
      vertex 113.72659000009298 135.7686991491033 14.762544693330327
      vertex 115.1511999964714 136.18513922256372 15.197431064899583
      vertex 115.15474139153957 136.02809006889666 15.03342538689467
    endloop
  endfacet
  facet normal 4.207712531563746e-14 0.7222586421845527 -0.6916230575897004
    outer loop
      vertex 113.6870274990797 135.82492368094125 14.821259702289488
      vertex 115.1511999964714 136.18513922256372 15.197431064899583
      vertex 113.72659000009298 135.7686991491033 14.762544693330327
    endloop
  endfacet
  facet normal -2.8294927156377694e-14 0.7222586421846896 -0.6916230575895576
    outer loop
      vertex 113.64429999887943 135.88009272515473 14.878872470584291
      vertex 115.1511999964714 136.18513922256372 15.197431064899583
      vertex 113.6870274990797 135.82492368094125 14.821259702289488
    endloop
  endfacet
  facet normal -1.6882025333045242e-15 0.7222586421846214 -0.6916230575896289
    outer loop
      vertex 113.72659000009298 135.7686991491033 14.762544693330327
      vertex 115.15474139153957 136.02809006889666 15.03342538689467
      vertex 113.76298750191927 135.71141911933492 14.702727432944322
    endloop
  endfacet
  facet normal -4.852231178078503e-14 0.7222586421847198 -0.691623057589526
    outer loop
      vertex 113.76298750191927 135.71141911933492 14.702727432944322
      vertex 115.15474139153957 136.02809006889666 15.03342538689467
      vertex 113.79621999710798 135.65308359678912 14.641807926512719
    endloop
  endfacet
  facet normal 3.2249427025709536e-14 0.7222586421845266 -0.6916230575897279
    outer loop
      vertex 113.79621999710798 135.65308359678912 14.641807926512719
      vertex 115.16536555439234 135.87492322678384 14.873473988227211
      vertex 113.82628750056028 135.59369257631283 14.579786168654266
    endloop
  endfacet
  facet normal -1.1469851387581094e-14 0.7222586421846557 -0.691623057589593
    outer loop
      vertex 113.79621999710798 135.65308359678912 14.641807926512719
      vertex 115.15474139153957 136.02809006889666 15.03342538689467
      vertex 115.16536555439234 135.87492322678384 14.873473988227211
    endloop
  endfacet
  facet normal 2.2234044661394783e-14 0.7222586421845694 -0.6916230575896831
    outer loop
      vertex 113.85318999737501 135.53324606821212 14.516662170131461
      vertex 115.16536555439234 135.87492322678384 14.873473988227211
      vertex 115.18307249993086 135.7256386962252 14.717576868897197
    endloop
  endfacet
  facet normal -2.3157076291993247e-14 0.7222586421846529 -0.6916230575895961
    outer loop
      vertex 113.82628750056028 135.59369257631283 14.579786168654266
      vertex 115.16536555439234 135.87492322678384 14.873473988227211
      vertex 113.85318999737501 135.53324606821212 14.516662170131461
    endloop
  endfacet
  facet normal -1.9818151175249896e-14 0.7222586421846748 -0.6916230575895729
    outer loop
      vertex 113.87692750245333 135.47174406218096 14.452435920181813
      vertex 115.18307249993086 135.7256386962252 14.717576868897197
      vertex 113.89750000089407 135.40918656337237 14.387107424186567
    endloop
  endfacet
  facet normal 1.9885402885478076e-14 0.7222586421845771 -0.691623057589675
    outer loop
      vertex 113.85318999737501 135.53324606821212 14.516662170131461
      vertex 115.18307249993086 135.7256386962252 14.717576868897197
      vertex 113.87692750245333 135.47174406218096 14.452435920181813
    endloop
  endfacet
  facet normal -1.2371174666905471e-14 0.7222586421846601 -0.6916230575895885
    outer loop
      vertex 113.89750000089407 135.40918656337237 14.387107424186567
      vertex 115.20786222070456 135.5802364772208 14.565734028904636
      vertex 113.91490750014782 135.34557357178633 14.320676682145717
    endloop
  endfacet
  facet normal -1.2602217383613375e-14 0.7222586421846608 -0.6916230575895878
    outer loop
      vertex 113.89750000089407 135.40918656337237 14.387107424186567
      vertex 115.18307249993086 135.7256386962252 14.717576868897197
      vertex 115.20786222070456 135.5802364772208 14.565734028904636
    endloop
  endfacet
  facet normal 5.31959976170247e-16 0.7222586421846262 -0.6916230575896242
    outer loop
      vertex 115.20786222070456 135.5802364772208 14.565734028904636
      vertex 115.23973472416401 135.43871656461764 14.417945462868275
      vertex 113.91490750014782 135.34557357178633 14.320676682145717
    endloop
  endfacet
  facet normal 8.180869563591517e-15 0.7222586421845739 -0.6916230575896785
    outer loop
      vertex 115.23973472416401 135.43871656461764 14.417945462868275
      vertex 113.92915000021458 135.28090508742284 14.253143694059276
      vertex 113.91490750014782 135.34557357178633 14.320676682145717
    endloop
  endfacet
  facet normal -2.512768203806037e-14 0.7222586421847061 -0.6916230575895402
    outer loop
      vertex 115.23973472416401 135.43871656461764 14.417945462868275
      vertex 113.94022750109434 135.21518111028192 14.18450845992723
      vertex 113.92915000021458 135.28090508742284 14.253143694059276
    endloop
  endfacet
  facet normal 3.74060358398413e-15 0.7222586421846924 -0.6916230575895547
    outer loop
      vertex 113.94022750109434 135.21518111028192 14.18450845992723
      vertex 115.27869000285864 135.30107896356867 14.274211176169366
      vertex 113.94814000278711 135.14840164036355 14.11477097974958
    endloop
  endfacet
  facet normal 1.7951856140879143e-14 0.7222586421845865 -0.6916230575896654
    outer loop
      vertex 115.23973472416401 135.43871656461764 14.417945462868275
      vertex 115.27869000285864 135.30107896356867 14.274211176169366
      vertex 113.94022750109434 135.21518111028192 14.18450845992723
    endloop
  endfacet
  facet normal 3.030234043689552e-14 0.7222586421845816 -0.6916230575896704
    outer loop
      vertex 113.94814000278711 135.14840164036355 14.11477097974958
      vertex 115.27869000285864 135.30107896356867 14.274211176169366
      vertex 113.95288749784231 135.08056667251472 14.043931248145093
    endloop
  endfacet
  facet normal 1.8462048582831258e-14 0.7222586421845673 -0.6916230575896855
    outer loop
      vertex 113.95288749784231 135.08056667251472 14.043931248145093
      vertex 115.32472805678844 135.16732367922694 14.13453117418915
      vertex 113.9544700011611 135.01167621188844 13.971989270495001
    endloop
  endfacet
  facet normal -4.994311076552474e-15 0.7222586421846658 -0.6916230575895822
    outer loop
      vertex 113.9544700011611 135.01167621188844 13.971989270495001
      vertex 115.32472805678844 135.16732367922694 14.13453117418915
      vertex 113.95188916474581 134.91769866602186 13.873848970040008
    endloop
  endfacet
  facet normal 3.975169595617295e-15 0.7222586421846008 -0.6916230575896505
    outer loop
      vertex 113.95188916474581 134.91769866602186 13.873848970040008
      vertex 115.37784888595343 135.03745070128645 13.998905446165132
      vertex 113.94414666295052 134.8261836789863 13.778280307962426
    endloop
  endfacet
  facet normal 4.64811519577e-15 0.7222586421845631 -0.6916230575896898
    outer loop
      vertex 113.94414666295052 134.8261836789863 13.778280307962426
      vertex 115.43805249780416 134.91146002974716 13.867333992097322
      vertex 113.9312425032258 134.73713125078177 13.685283284262276
    endloop
  endfacet
  facet normal -1.601733611606384e-14 0.7222586421846484 -0.6916230575896007
    outer loop
      vertex 115.43805249780416 134.91146002974716 13.867333992097322
      vertex 113.91317666321993 134.65054139171428 13.594857909702029
      vertex 113.9312425032258 134.73713125078177 13.685283284262276
    endloop
  endfacet
  facet normal 8.119162187213818e-15 0.7222586421846455 -0.6916230575896036
    outer loop
      vertex 113.95288749784231 135.08056667251472 14.043931248145093
      vertex 115.27869000285864 135.30107896356867 14.274211176169366
      vertex 115.32472805678844 135.16732367922694 14.13453117418915
    endloop
  endfacet
  facet normal -9.614570750035142e-15 0.7222586421846781 -0.6916230575895697
    outer loop
      vertex 113.95188916474581 134.91769866602186 13.873848970040008
      vertex 115.32472805678844 135.16732367922694 14.13453117418915
      vertex 115.37784888595343 135.03745070128645 13.998905446165132
    endloop
  endfacet
  facet normal -2.2657571722468578e-15 0.722258642184621 -0.6916230575896292
    outer loop
      vertex 113.94414666295052 134.8261836789863 13.778280307962426
      vertex 115.37784888595343 135.03745070128645 13.998905446165132
      vertex 115.43805249780416 134.91146002974716 13.867333992097322
    endloop
  endfacet
  facet normal -1.4397527871101395e-15 0.7222586421846078 -0.691623057589643
    outer loop
      vertex 115.43805249780416 134.91146002974716 13.867333992097322
      vertex 115.50533889234066 134.78935167491508 13.739816822748203
      vertex 113.91317666321993 134.65054139171428 13.594857909702029
    endloop
  endfacet
  facet normal -6.839254138215619e-15 0.7222586421846374 -0.6916230575896122
    outer loop
      vertex 113.88994916528463 134.56641409147784 13.507004173519206
      vertex 113.91317666321993 134.65054139171428 13.594857909702029
      vertex 115.50533889234066 134.78935167491508 13.739816822748203
    endloop
  endfacet
  facet normal -1.1661330634172668e-14 0.7222586421846494 -0.6916230575895995
    outer loop
      vertex 113.88994916528463 134.56641409147784 13.507004173519206
      vertex 115.57970805466175 134.67112563163724 13.61635393273653
      vertex 113.86156000196934 134.48474935522543 13.421722081095055
    endloop
  endfacet
  facet normal 1.7891704788256126e-14 0.7222586421845465 -0.6916230575897069
    outer loop
      vertex 113.82800916582346 134.40554717780407 13.339011627048315
      vertex 115.6611599996686 134.5567818947606 13.496945316681064
      vertex 113.78929666429758 134.3288075643667 13.258872816760253
    endloop
  endfacet
  facet normal -8.133477682842104e-15 0.7222586421846975 -0.6916230575895495
    outer loop
      vertex 113.86156000196934 134.48474935522543 13.421722081095055
      vertex 115.6611599996686 134.5567818947606 13.496945316681064
      vertex 113.82800916582346 134.40554717780407 13.339011627048315
    endloop
  endfacet
  facet normal -5.347944865912886e-15 0.722258642184625 -0.6916230575896251
    outer loop
      vertex 113.78929666429758 134.3288075643667 13.258872816760253
      vertex 115.74969471991062 134.4463204694382 13.381590979963043
      vertex 113.7454224973917 134.2545305149134 13.181305650230847
    endloop
  endfacet
  facet normal -8.752195868787473e-15 0.7222586421846597 -0.6916230575895888
    outer loop
      vertex 113.69638666510582 134.18271602944412 13.106310127460112
      vertex 115.8453122228384 134.339741360823 13.270290927963721
      vertex 113.64218916743994 134.1133641028059 13.033886243066796
    endloop
  endfacet
  facet normal -5.330085070094608e-15 0.7222586421846374 -0.6916230575896122
    outer loop
      vertex 113.7454224973917 134.2545305149134 13.181305650230847
      vertex 115.8453122228384 134.339741360823 13.270290927963721
      vertex 113.69638666510582 134.18271602944412 13.106310127460112
    endloop
  endfacet
  facet normal 7.025570566343224e-15 0.722258642184521 -0.6916230575897339
    outer loop
      vertex 115.94801250100136 134.23704455860906 13.163045149920599
      vertex 113.58282999694347 134.04647474015167 12.96403400243215
      vertex 113.64218916743994 134.1133641028059 13.033886243066796
    endloop
  endfacet
  facet normal -1.2745991332276238e-14 0.7222586421846579 -0.6916230575895908
    outer loop
      vertex 113.88994916528463 134.56641409147784 13.507004173519206
      vertex 115.50533889234066 134.78935167491508 13.739816822748203
      vertex 115.57970805466175 134.67112563163724 13.61635393273653
    endloop
  endfacet
  facet normal 2.955420499086004e-16 0.7222586421845968 -0.6916230575896546
    outer loop
      vertex 113.86156000196934 134.48474935522543 13.421722081095055
      vertex 115.57970805466175 134.67112563163724 13.61635393273653
      vertex 115.6611599996686 134.5567818947606 13.496945316681064
    endloop
  endfacet
  facet normal -8.50643848454122e-15 0.7222586421846502 -0.6916230575895986
    outer loop
      vertex 113.78929666429758 134.3288075643667 13.258872816760253
      vertex 115.6611599996686 134.5567818947606 13.496945316681064
      vertex 115.74969471991062 134.4463204694382 13.381590979963043
    endloop
  endfacet
  facet normal -3.499959310484832e-15 0.7222586421846158 -0.6916230575896346
    outer loop
      vertex 113.7454224973917 134.2545305149134 13.181305650230847
      vertex 115.74969471991062 134.4463204694382 13.381590979963043
      vertex 115.8453122228384 134.339741360823 13.270290927963721
    endloop
  endfacet
  facet normal -8.314325972436422e-15 0.7222586421846577 -0.691623057589591
    outer loop
      vertex 115.8453122228384 134.339741360823 13.270290927963721
      vertex 115.94801250100136 134.23704455860906 13.163045149920599
      vertex 113.64218916743994 134.1133641028059 13.033886243066796
    endloop
  endfacet
  facet normal -7.359386425648985e-15 0.7222586421846062 -0.6916230575896447
    outer loop
      vertex 115.94801250100136 134.23704455860906 13.163045149920599
      vertex 116.05779555439949 134.1382300627963 13.059853645833677
      vertex 113.58282999694347 134.04647474015167 12.96403400243215
    endloop
  endfacet
  facet normal -6.054747910406934e-16 0.7222586421846124 -0.6916230575896382
    outer loop
      vertex 116.99719221889973 136.59985792314217 15.63051981502349
      vertex 121.96654000133276 136.61078556692442 15.641931501018966
      vertex 116.98262249678373 136.50002828248978 15.526268200048918
    endloop
  endfacet
  facet normal -5.432448503257367e-16 0.7222586421847008 -0.6916230575895458
    outer loop
      vertex 116.98262249678373 136.50002828248978 15.526268200048918
      vertex 121.98071499913931 136.5086338019683 15.535254902770355
      vertex 116.97221555560827 136.3976319513171 15.419336202473197
    endloop
  endfacet
  facet normal 3.2530457548461026e-15 0.7222586421845701 -0.6916230575896826
    outer loop
      vertex 116.97221555560827 136.3976319513171 15.419336202473197
      vertex 121.9908400028944 136.4036421605503 15.425612635151957
      vertex 116.96597138792276 136.29266893477705 15.309723827677587
    endloop
  endfacet
  facet normal -2.4872936170085262e-15 0.7222586421846384 -0.6916230575896108
    outer loop
      vertex 116.96597138792276 136.29266893477705 15.309723827677587
      vertex 121.99691499769688 136.29581063236446 15.313004687401282
      vertex 116.96389000117779 136.18513922256372 15.197431064899583
    endloop
  endfacet
  facet normal -2.2887863855828823e-15 0.7222586421846342 -0.6916230575896155
    outer loop
      vertex 116.96389000117779 136.18513922256372 15.197431064899583
      vertex 121.99691499769688 136.29581063236446 15.313004687401282
      vertex 116.96592416614294 136.07858931080875 15.086161503041367
    endloop
  endfacet
  facet normal 3.058557142729002e-16 0.7222586421846221 -0.6916230575896282
    outer loop
      vertex 116.96592416614294 136.07858931080875 15.086161503041367
      vertex 121.99690555781126 136.07949072908553 15.08710284982483
      vertex 116.97202666848898 135.9746844717557 14.977654177920634
    endloop
  endfacet
  facet normal -4.87091841194926e-16 0.7222586421846272 -0.6916230575896228
    outer loop
      vertex 116.97202666848898 135.9746844717557 14.977654177920634
      vertex 121.9908022210002 135.97640892097468 14.979455011969975
      vertex 116.98219750076532 135.87342471055754 14.871909094918628
    endloop
  endfacet
  facet normal -2.3962128777845987e-15 0.722258642184638 -0.6916230575896115
    outer loop
      vertex 116.98219750076532 135.87342471055754 14.871909094918628
      vertex 121.98063000291586 135.87589380338414 14.87448755671626
      vertex 116.99643666297197 135.7748100220613 14.768926248654097
    endloop
  endfacet
  facet normal -5.8716469140282934e-15 0.7222586421846245 -0.6916230575896255
    outer loop
      vertex 116.99643666297197 135.7748100220613 14.768926248654097
      vertex 119.87249249964952 134.14470942115457 13.066620008693782
      vertex 117.01474417001009 135.67884040626697 14.668705639127047
    endloop
  endfacet
  facet normal 8.295338649798722e-15 0.7222586421846375 -0.6916230575896121
    outer loop
      vertex 117.01474417001009 135.67884040626697 14.668705639127047
      vertex 119.7484555542469 134.13627353821659 13.057810456598084
      vertex 117.03711999952793 135.58551586317455 14.571247266337473
    endloop
  endfacet
  facet normal -1.7590372096960714e-14 0.7222586421846143 -0.6916230575896362
    outer loop
      vertex 117.03711999952793 135.58551586317455 14.571247266337473
      vertex 119.7484555542469 134.13627353821659 13.057810456598084
      vertex 117.06356416642666 135.49483639793704 14.476551135666632
    endloop
  endfacet
  facet normal 3.445718367831311e-14 0.7222586421846611 -0.6916230575895874
    outer loop
      vertex 117.06356416642666 135.49483639793704 14.476551135666632
      vertex 119.62114138901234 134.131212010515 13.052524727493164
      vertex 117.09407666325569 135.40680200540143 14.38461724173326
    endloop
  endfacet
  facet normal 2.1821114390490787e-14 0.7222586421846455 -0.6916230575896036
    outer loop
      vertex 117.09407666325569 135.40680200540143 14.38461724173326
      vertex 119.49054999649525 134.12952483804978 13.050762821379024
      vertex 117.12865749746561 135.32141268556774 14.295445584537369
    endloop
  endfacet
  facet normal -1.6689412556104973e-13 0.7222586421844703 -0.6916230575897867
    outer loop
      vertex 117.12865749746561 135.32141268556774 14.295445584537369
      vertex 119.35797527432442 134.13119894767686 13.052511086033988
      vertex 117.16730666905642 135.23866843843592 14.20903616407896
    endloop
  endfacet
  facet normal -1.718569318110937e-13 0.7222586421844706 -0.6916230575897864
    outer loop
      vertex 117.21002416312695 135.15856926400608 14.125388980358025
      vertex 119.10299749672413 134.14459184530568 13.06649722479866
      vertex 117.25681000202894 135.08111516743108 14.044504038755818
    endloop
  endfacet
  facet normal 5.0607575349635143e-14 0.7222586421846785 -0.6916230575895692
    outer loop
      vertex 117.25681000202894 135.08111516743108 14.044504038755818
      vertex 118.98059444129467 134.1563106281544 13.078735093527122
      vertex 117.30766416341066 135.00630614355802 13.966381333891086
    endloop
  endfacet
  facet normal 2.0098919796479685e-13 0.7222586421848136 -0.6916230575894282
    outer loop
      vertex 117.16730666905642 135.23866843843592 14.20903616407896
      vertex 119.22879111021757 134.1362212817112 13.057755885380118
      vertex 117.21002416312695 135.15856926400608 14.125388980358025
    endloop
  endfacet
  facet normal -6.166353090938962e-14 0.7222586421845627 -0.6916230575896901
    outer loop
      vertex 116.99643666297197 135.7748100220613 14.768926248654097
      vertex 120.44351889193058 134.2375041025545 13.163525049458983
      vertex 120.33586805313826 134.21219645889352 13.137096398553133
    endloop
  endfacet
  facet normal 5.172727642962283e-14 0.722258642184692 -0.6916230575895549
    outer loop
      vertex 116.99643666297197 135.7748100220613 14.768926248654097
      vertex 120.74680805206299 134.33367313403784 13.26395390783371
      vertex 120.64898888766766 134.29824244012667 13.226953804099267
    endloop
  endfacet
  facet normal 7.482995803169645e-15 0.72225864218464 -0.6916230575896094
    outer loop
      vertex 116.99643666297197 135.7748100220613 14.768926248654097
      vertex 120.64898888766766 134.29824244012667 13.226953804099267
      vertex 120.54789250344038 134.2661860962989 13.193477517974358
    endloop
  endfacet
  facet normal -3.970324206823939e-14 0.7222586421845856 -0.6916230575896661
    outer loop
      vertex 116.99643666297197 135.7748100220613 14.768926248654097
      vertex 120.54789250344038 134.2661860962989 13.193477517974358
      vertex 120.44351889193058 134.2375041025545 13.163525049458983
    endloop
  endfacet
  facet normal 2.679130727977037e-14 0.7222586421846554 -0.6916230575895933
    outer loop
      vertex 117.30766416341066 135.00630614355802 13.966381333891086
      vertex 118.8615819439292 134.1713776354103 13.094469496946758
      vertex 117.36258666962385 134.93414219238687 13.891020865763835
    endloop
  endfacet
  facet normal 7.53132989796391e-14 0.7222586421846846 -0.691623057589563
    outer loop
      vertex 117.36258666962385 134.93414219238687 13.891020865763835
      vertex 118.74595999717712 134.18979286707338 13.113700435057567
      vertex 117.42157749831676 134.86462331907063 13.818422639755312
    endloop
  endfacet
  facet normal -2.2113253121046074e-13 0.7222586421844245 -0.6916230575898346
    outer loop
      vertex 117.42157749831676 134.86462331907063 13.818422639755312
      vertex 118.63372860848904 134.2115563231437 13.136427907859535
      vertex 117.48463666439056 134.79774951845627 13.748586650484263
    endloop
  endfacet
  facet normal 3.246915688048679e-14 0.7222586421846692 -0.6916230575895789
    outer loop
      vertex 117.48463666439056 134.79774951845627 13.748586650484263
      vertex 118.52488777786493 134.23666800362122 13.162651915352676
      vertex 117.55176416784525 134.73352079054385 13.681512897950697
    endloop
  endfacet
  facet normal 1.1472682828075514e-13 0.722258642184735 -0.6916230575895103
    outer loop
      vertex 117.55176416784525 134.73352079054385 13.681512897950697
      vertex 118.41943749785423 134.26512790850592 13.192372457536983
      vertex 117.62296000123024 134.67193713533334 13.617201382154605
    endloop
  endfacet
  facet normal 1.4584822909378624e-13 0.7222586421847486 -0.691623057589496
    outer loop
      vertex 117.62296000123024 134.67193713533334 13.617201382154605
      vertex 118.31737777590752 134.29693603779782 13.225589534412464
      vertex 117.69789528101683 134.61334321593682 13.556012033131026
    endloop
  endfacet
  facet normal 2.5499609154279626e-13 0.722258642184841 -0.6916230575893996
    outer loop
      vertex 117.69789528101683 134.61334321593682 13.556012033131026
      vertex 118.21870861202478 134.33209239149693 13.262303145979104
      vertex 117.77622111141682 134.55809751579451 13.498319213417368
    endloop
  endfacet
  facet normal -5.913100389787048e-13 0.7222586421840677 -0.6916230575902071
    outer loop
      vertex 117.77622111141682 134.55809751579451 13.498319213417368
      vertex 118.12342999875546 134.37059696960324 13.302513292236924
      vertex 117.85793749988079 134.50620004521238 13.444122933776129
    endloop
  endfacet
  facet normal 6.879454323571395e-13 0.7222586421852659 -0.6916230575889557
    outer loop
      vertex 117.85793749988079 134.50620004521238 13.444122933776129
      vertex 118.12342999875546 134.37059696960324 13.302513292236924
      vertex 118.03154194355011 134.41244977211676 13.346219973185903
    endloop
  endfacet
  facet normal 1.2480475391231783e-12 0.722258642185763 -0.6916230575884367
    outer loop
      vertex 117.85793749988079 134.50620004521238 13.444122933776129
      vertex 118.03154194355011 134.41244977211676 13.346219973185903
      vertex 117.94304444640875 134.45765079388448 13.39342318344481
    endloop
  endfacet
  facet normal -2.481977937403358e-13 0.7222586421843972 -0.6916230575898629
    outer loop
      vertex 117.36258666962385 134.93414219238687 13.891020865763835
      vertex 118.8615819439292 134.1713776354103 13.094469496946758
      vertex 118.74595999717712 134.18979286707338 13.113700435057567
    endloop
  endfacet
  facet normal 4.346480710358361e-15 0.722258642184628 -0.6916230575896221
    outer loop
      vertex 117.21002416312695 135.15856926400608 14.125388980358025
      vertex 119.22879111021757 134.1362212817112 13.057755885380118
      vertex 119.10299749672413 134.14459184530568 13.06649722479866
    endloop
  endfacet
  facet normal 1.5614221474078116e-14 0.7222586421846471 -0.6916230575896022
    outer loop
      vertex 117.25681000202894 135.08111516743108 14.044504038755818
      vertex 119.10299749672413 134.14459184530568 13.06649722479866
      vertex 118.98059444129467 134.1563106281544 13.078735093527122
    endloop
  endfacet
  facet normal 1.3356286954431558e-14 0.722258642184643 -0.6916230575896061
    outer loop
      vertex 117.30766416341066 135.00630614355802 13.966381333891086
      vertex 118.98059444129467 134.1563106281544 13.078735093527122
      vertex 118.8615819439292 134.1713776354103 13.094469496946758
    endloop
  endfacet
  facet normal 6.565682473756488e-14 0.7222586421846734 -0.6916230575895745
    outer loop
      vertex 117.69789528101683 134.61334321593682 13.556012033131026
      vertex 118.31737777590752 134.29693603779782 13.225589534412464
      vertex 118.21870861202478 134.33209239149693 13.262303145979104
    endloop
  endfacet
  facet normal -2.0956541699476057e-13 0.7222586421844058 -0.6916230575898539
    outer loop
      vertex 117.77622111141682 134.55809751579451 13.498319213417368
      vertex 118.21870861202478 134.33209239149693 13.262303145979104
      vertex 118.12342999875546 134.37059696960324 13.302513292236924
    endloop
  endfacet
  facet normal 1.3839750833627032e-13 0.722258642184743 -0.6916230575895018
    outer loop
      vertex 117.42157749831676 134.86462331907063 13.818422639755312
      vertex 118.74595999717712 134.18979286707338 13.113700435057567
      vertex 118.63372860848904 134.2115563231437 13.136427907859535
    endloop
  endfacet
  facet normal 1.699584526775726e-13 0.722258642184791 -0.6916230575894518
    outer loop
      vertex 117.48463666439056 134.79774951845627 13.748586650484263
      vertex 118.63372860848904 134.2115563231437 13.136427907859535
      vertex 118.52488777786493 134.23666800362122 13.162651915352676
    endloop
  endfacet
  facet normal -1.0845317873160377e-13 0.7222586421845373 -0.6916230575897166
    outer loop
      vertex 117.55176416784525 134.73352079054385 13.681512897950697
      vertex 118.52488777786493 134.23666800362122 13.162651915352676
      vertex 118.41943749785423 134.26512790850592 13.192372457536983
    endloop
  endfacet
  facet normal -1.611329532851639e-13 0.7222586421844769 -0.6916230575897797
    outer loop
      vertex 117.62296000123024 134.67193713533334 13.617201382154605
      vertex 118.41943749785423 134.26512790850592 13.192372457536983
      vertex 118.31737777590752 134.29693603779782 13.225589534412464
    endloop
  endfacet
  facet normal 7.330562142217117e-14 0.7222586421846914 -0.6916230575895559
    outer loop
      vertex 116.99643666297197 135.7748100220613 14.768926248654097
      vertex 119.9932522252202 134.15651965417595 13.078953378399014
      vertex 119.87249249964952 134.14470942115457 13.066620008693782
    endloop
  endfacet
  facet normal 1.6467710151384828e-14 0.7222586421846438 -0.6916230575896055
    outer loop
      vertex 117.01474417001009 135.67884040626697 14.668705639127047
      vertex 119.87249249964952 134.14470942115457 13.066620008693782
      vertex 119.7484555542469 134.13627353821659 13.057810456598084
    endloop
  endfacet
  facet normal -1.6206337379730952e-14 0.7222586421846152 -0.6916230575896353
    outer loop
      vertex 117.06356416642666 135.49483639793704 14.476551135666632
      vertex 119.7484555542469 134.13627353821659 13.057810456598084
      vertex 119.62114138901234 134.131212010515 13.052524727493164
    endloop
  endfacet
  facet normal -5.017955618266494e-14 0.7222586421845811 -0.6916230575896709
    outer loop
      vertex 117.09407666325569 135.40680200540143 14.38461724173326
      vertex 119.62114138901234 134.131212010515 13.052524727493164
      vertex 119.49054999649525 134.12952483804978 13.050762821379024
    endloop
  endfacet
  facet normal -9.575437145365183e-14 0.7222586421845338 -0.6916230575897201
    outer loop
      vertex 117.12865749746561 135.32141268556774 14.295445584537369
      vertex 119.49054999649525 134.12952483804978 13.050762821379024
      vertex 119.35797527432442 134.13119894767686 13.052511086033988
    endloop
  endfacet
  facet normal 1.0749877683996122e-13 0.7222586421847297 -0.6916230575895158
    outer loop
      vertex 117.16730666905642 135.23866843843592 14.20903616407896
      vertex 119.35797527432442 134.13119894767686 13.052511086033988
      vertex 119.22879111021757 134.1362212817112 13.057755885380118
    endloop
  endfacet
  facet normal 3.845631360704511e-14 0.7222586421846645 -0.6916230575895836
    outer loop
      vertex 116.99643666297197 135.7748100220613 14.768926248654097
      vertex 120.33586805313826 134.21219645889352 13.137096398553133
      vertex 120.22494000196457 134.19026317046894 13.114191570638063
    endloop
  endfacet
  facet normal 1.046698141787019e-14 0.7222586421846374 -0.6916230575896121
    outer loop
      vertex 116.99643666297197 135.7748100220613 14.768926248654097
      vertex 120.22494000196457 134.19026317046894 13.114191570638063
      vertex 120.11073472350836 134.17170423728075 13.094810565713772
    endloop
  endfacet
  facet normal -4.539249686272932e-14 0.7222586421845858 -0.6916230575896659
    outer loop
      vertex 116.99643666297197 135.7748100220613 14.768926248654097
      vertex 120.11073472350836 134.17170423728075 13.094810565713772
      vertex 119.9932522252202 134.15651965417595 13.078953378399014
    endloop
  endfacet
  facet normal -1.4343347355353147e-14 0.7222586421846358 -0.691623057589614
    outer loop
      vertex 105.15327999740839 134.20123231645948 13.125646597190645
      vertex 106.44757000356913 134.59866182676512 13.5406803288274
      vertex 105.15327999740839 133.23884574462593 12.120630915597118
    endloop
  endfacet
  facet normal -2.8028860557058564e-17 0.7222586421846292 -0.6916230575896207
    outer loop
      vertex 106.44757000356913 134.59866182676512 13.5406803288274
      vertex 106.44757000356913 133.23884574462593 12.120630915597118
      vertex 105.15327999740839 133.23884574462593 12.120630915597118
    endloop
  endfacet
  facet normal -1.5868874664190546e-14 -0.7222586421845475 0.6916230575897059
    outer loop
      vertex 0 120.83603307663407 3.0000000038279566
      vertex 159.46172861009836 136.66363490549833 19.528688688376462
      vertex 159.06741542369127 136.7047402457169 19.571614798035462
    endloop
  endfacet
  facet normal 1.8617273230196313e-14 -0.7222586421847218 0.6916230575895239
    outer loop
      vertex 0 120.83603307663407 3.0000000038279566
      vertex 159.85999999940395 136.64988758498808 19.514332427496406
      vertex 159.46172861009836 136.66363490549833 19.528688688376462
    endloop
  endfacet
  facet normal -8.737153371695616e-17 -0.722258642184627 0.6916230575896232
    outer loop
      vertex 0 120.83603307663407 3.0000000038279566
      vertex 173.85999999940395 136.64988758498808 19.514332427496406
      vertex 159.85999999940395 136.64988758498808 19.514332427496406
    endloop
  endfacet
  facet normal -1.473923175808025e-14 0.7222586421847015 -0.6916230575895452
    outer loop
      vertex 116.05779555439949 134.1382300627963 13.059853645833677
      vertex 113.51830916851759 133.9820479363285 12.896753400174923
      vertex 113.58282999694347 134.04647474015167 12.96403400243215
    endloop
  endfacet
  facet normal -2.515639894442487e-15 0.7222586421846212 -0.6916230575896289
    outer loop
      vertex 113.51830916851759 133.9820479363285 12.896753400174923
      vertex 116.56466555595398 133.7839184859905 12.689847765367666
      vertex 113.44862666726112 133.92008370164237 12.832044447057605
    endloop
  endfacet
  facet normal 7.790233422422928e-15 0.722258642184734 -0.6916230575895111
    outer loop
      vertex 113.37378250062466 133.8605820206343 12.769907126936467
      vertex 113.44862666726112 133.92008370164237 12.832044447057605
      vertex 116.56466555595398 133.7839184859905 12.689847765367666
    endloop
  endfacet
  facet normal -4.440528928898959e-15 0.7222586421844905 -0.6916230575897655
    outer loop
      vertex 113.37378250062466 133.8605820206343 12.769907126936467
      vertex 116.56466555595398 133.7839184859905 12.689847765367666
      vertex 113.29377666860819 133.8035429087632 12.710341455955238
    endloop
  endfacet
  facet normal -1.954871881130313e-15 0.7222586421846888 -0.6916230575895586
    outer loop
      vertex 113.20860916376114 133.74896635572318 12.653347423351427
      vertex 113.29377666860819 133.8035429087632 12.710341455955238
      vertex 116.56466555595398 133.7839184859905 12.689847765367666
    endloop
  endfacet
  facet normal -2.396223965692215e-15 0.722258642184709 -0.6916230575895373
    outer loop
      vertex 113.11828000098467 133.6968523666672 12.598925034506287
      vertex 113.20860916376114 133.74896635572318 12.653347423351427
      vertex 116.56466555595398 133.7839184859905 12.689847765367666
    endloop
  endfacet
  facet normal 5.101960670754654e-15 0.7222586421845438 -0.6916230575897097
    outer loop
      vertex 113.11828000098467 133.6968523666672 12.598925034506287
      vertex 116.70600000023842 133.70718002682366 12.609710160478755
      vertex 113.02321361005306 133.6473763443353 12.547257461660081
    endloop
  endfacet
  facet normal 1.2323132455472763e-15 0.7222586421846439 -0.6916230575896054
    outer loop
      vertex 112.92381444573402 133.6007275221017 12.498542320317945
      vertex 113.02321361005306 133.6473763443353 12.547257461660081
      vertex 116.85287222266197 133.6353924348266 12.534742722432071
    endloop
  endfacet
  facet normal 4.441585886413883e-16 0.7222586421845831 -0.6916230575896687
    outer loop
      vertex 112.92381444573402 133.6007275221017 12.498542320317945
      vertex 117.00528222322464 133.56855571515229 12.46494545660886
      vertex 112.82008250057697 133.55690589996635 12.452779610479872
    endloop
  endfacet
  facet normal -1.0169603819568943e-15 0.7222586421846399 -0.6916230575896095
    outer loop
      vertex 112.71201777458191 133.5159114779293 12.409969332145877
      vertex 112.82008250057697 133.55690589996635 12.452779610479872
      vertex 117.16323000192642 133.50666985749476 12.400318352246636
    endloop
  endfacet
  facet normal -1.1187472216947978e-15 0.7222586421846163 -0.691623057589634
    outer loop
      vertex 112.71201777458191 133.5159114779293 12.409969332145877
      vertex 117.16323000192642 133.50666985749476 12.400318352246636
      vertex 112.59962027519941 133.47774426114353 12.370111490697191
    endloop
  endfacet
  facet normal 2.284807289853641e-15 0.722258642184569 -0.6916230575896833
    outer loop
      vertex 116.05779555439949 134.1382300627963 13.059853645833677
      vertex 116.17466139048338 134.04329788369077 12.960716426465453
      vertex 113.51830916851759 133.9820479363285 12.896753400174923
    endloop
  endfacet
  facet normal -8.884768553049979e-16 0.722258642184635 -0.6916230575896147
    outer loop
      vertex 113.51830916851759 133.9820479363285 12.896753400174923
      vertex 116.17466139048338 134.04329788369077 12.960716426465453
      vertex 116.29861000180244 133.95224801613946 12.865633486434675
    endloop
  endfacet
  facet normal -5.247477380391867e-16 0.7222586421846513 -0.6916230575895977
    outer loop
      vertex 113.51830916851759 133.9820479363285 12.896753400174923
      vertex 116.29861000180244 133.95224801613946 12.865633486434675
      vertex 116.42886888980865 133.8656078174801 12.775155542480057
    endloop
  endfacet
  facet normal -3.841524064165431e-15 0.7222586421846116 -0.6916230575896393
    outer loop
      vertex 113.51830916851759 133.9820479363285 12.896753400174923
      vertex 116.42886888980865 133.8656078174801 12.775155542480057
      vertex 116.56466555595398 133.7839184859905 12.689847765367666
    endloop
  endfacet
  facet normal 4.9449736614145235e-15 0.72225864218457 -0.6916230575896825
    outer loop
      vertex 113.11828000098467 133.6968523666672 12.598925034506287
      vertex 116.56466555595398 133.7839184859905 12.689847765367666
      vertex 116.70600000023842 133.70718002682366 12.609710160478755
    endloop
  endfacet
  facet normal 1.3089150528863043e-15 0.7222586421846557 -0.6916230575895931
    outer loop
      vertex 113.02321361005306 133.6473763443353 12.547257461660081
      vertex 116.70600000023842 133.70718002682366 12.609710160478755
      vertex 116.85287222266197 133.6353924348266 12.534742722432071
    endloop
  endfacet
  facet normal 1.344273643988644e-15 0.7222586421846378 -0.6916230575896117
    outer loop
      vertex 112.92381444573402 133.6007275221017 12.498542320317945
      vertex 116.85287222266197 133.6353924348266 12.534742722432071
      vertex 117.00528222322464 133.56855571515229 12.46494545660886
    endloop
  endfacet
  facet normal -1.0484924909645199e-16 0.7222586421846775 -0.6916230575895701
    outer loop
      vertex 112.82008250057697 133.55690589996635 12.452779610479872
      vertex 117.00528222322464 133.56855571515229 12.46494545660886
      vertex 117.16323000192642 133.50666985749476 12.400318352246636
    endloop
  endfacet
  facet normal -1.6470029945892977e-15 0.7222586421846563 -0.6916230575895924
    outer loop
      vertex 112.59962027519941 133.47774426114353 12.370111490697191
      vertex 117.16323000192642 133.50666985749476 12.400318352246636
      vertex 117.32671555876732 133.44973487215998 12.340861420107885
    endloop
  endfacet
  facet normal -2.3769260260663077e-15 0.7222586421845973 -0.6916230575896538
    outer loop
      vertex 112.59962027519941 133.47774426114353 12.370111490697191
      vertex 117.32671555876732 133.44973487215998 12.340861420107885
      vertex 117.49573888629675 133.39775075399496 12.28657465481136
    endloop
  endfacet
  facet normal 8.443904934922123e-16 0.7222586421846917 -0.6916230575895556
    outer loop
      vertex 112.59962027519941 133.47774426114353 12.370111490697191
      vertex 117.49573888629675 133.39775075399496 12.28657465481136
      vertex 117.67029999941587 133.35071750299971 12.23745805635707
    endloop
  endfacet
  facet normal -1.4262158501992644e-14 0.7222586421844033 -0.6916230575898566
    outer loop
      vertex 112.59962027519941 133.47774426114353 12.370111490697191
      vertex 117.67029999941587 133.35071750299971 12.23745805635707
      vertex 117.85039889067411 133.3086351243272 12.193511630126252
    endloop
  endfacet
  facet normal -2.316166455615906e-15 0.7222586421845806 -0.6916230575896714
    outer loop
      vertex 112.59962027519941 133.47774426114353 12.370111490697191
      vertex 117.85039889067411 133.3086351243272 12.193511630126252
      vertex 118.03603555262089 133.27150361282446 12.154735370737662
    endloop
  endfacet
  facet normal 4.950911329773787e-15 0.7222586421846722 -0.6916230575895759
    outer loop
      vertex 112.59962027519941 133.47774426114353 12.370111490697191
      vertex 118.03603555262089 133.27150361282446 12.154735370737662
      vertex 118.22721000015736 133.2393229633385 12.121129272810059
    endloop
  endfacet
  facet normal 8.264162115492144e-15 0.7222586421847093 -0.6916230575895371
    outer loop
      vertex 112.59962027519941 133.47774426114353 12.370111490697191
      vertex 118.22721000015736 133.2393229633385 12.121129272810059
      vertex 118.42392222583294 133.2120931913283 12.092693352487174
    endloop
  endfacet
  facet normal 4.6957482078514494e-14 0.7222586421851159 -0.6916230575891125
    outer loop
      vertex 112.59962027519941 133.47774426114353 12.370111490697191
      vertex 118.42392222583294 133.2120931913283 12.092693352487174
      vertex 118.62617222219706 133.1898142813349 12.06942759362527
    endloop
  endfacet
  facet normal -1.0106510472116401e-13 0.7222586421836331 -0.6916230575906609
    outer loop
      vertex 112.59962027519941 133.47774426114353 12.370111490697191
      vertex 118.62617222219706 133.1898142813349 12.06942759362527
      vertex 118.83395999670029 133.1724862436642 12.051332006986847
    endloop
  endfacet
  facet normal 4.975661996791238e-13 0.722258642189486 -0.6916230575845487
    outer loop
      vertex 112.59962027519941 133.47774426114353 12.370111490697191
      vertex 118.83395999670029 133.1724862436642 12.051332006986847
      vertex 119.04728555679321 133.1601090731633 12.03840658719065
    endloop
  endfacet
  facet normal 1.1042716899375342e-15 -0.7222586421846244 0.6916230575896258
    outer loop
      vertex 0 120.83603307663407 3.0000000038279566
      vertex 174.15892037004232 136.65762325857997 19.52241075433001
      vertex 173.85999999940395 136.64988758498808 19.514332427496406
    endloop
  endfacet
  facet normal -1.12517755491357e-12 -0.7222586421785825 0.6916230575959352
    outer loop
      vertex 0 120.83603307663407 3.0000000038279566
      vertex 174.55459271371365 136.6919168156873 19.558223351553657
      vertex 174.15892037004232 136.65762325857997 19.52241075433001
    endloop
  endfacet
  facet normal 0 0.7222586421846268 -0.6916230575896232
    outer loop
      vertex 0 123.34193721839256 1.785336804821334
      vertex 98.81205999851227 133.23884574462593 12.120630915597118
      vertex 239 123.34193721839256 1.785336804821334
    endloop
  endfacet
  facet normal 3.735277206689309e-18 0.7222586421846274 -0.6916230575896225
    outer loop
      vertex 125.19754000008106 139.18633373753175 18.33156410388066
      vertex 83.14000000059605 143.6917140380515 23.03651114500368
      vertex 155.85999999940395 143.6917140380515 23.03651114500368
    endloop
  endfacet
  facet normal 1.3476100849209908e-13 0.7222586421890519 -0.6916230575850022
    outer loop
      vertex 119.6237725019455 139.2695865181166 18.41850458338532
      vertex 125.19754000008106 139.18633373753175 18.33156410388066
      vertex 119.76720000058413 139.26612782899133 18.41489269091882
    endloop
  endfacet
  facet normal -1.3031274796756389e-14 0.7222586421842407 -0.6916230575900264
    outer loop
      vertex 119.76720000058413 139.26612782899133 18.41489269091882
      vertex 125.19754000008106 139.18633373753175 18.33156410388066
      vertex 119.90859249979258 139.2603633402452 18.40887286296632
    endloop
  endfacet
  facet normal -2.6849254546307933e-14 0.7222586421837685 -0.6916230575905196
    outer loop
      vertex 119.90859249979258 139.2603633402452 18.40887286296632
      vertex 125.19754000008106 139.18633373753175 18.33156410388066
      vertex 120.04794999957085 139.25229306218418 18.400445110290313
    endloop
  endfacet
  facet normal 1.0097663338399553e-14 0.7222586421851482 -0.6916230575890786
    outer loop
      vertex 120.04794999957085 139.25229306218418 18.400445110290313
      vertex 125.19754000008106 139.18633373753175 18.33156410388066
      vertex 120.18527249991894 139.24191698450235 18.389609422128316
    endloop
  endfacet
  facet normal 4.5948130243851915e-15 0.7222586421849109 -0.6916230575893264
    outer loop
      vertex 120.18527249991894 139.24191698450235 18.389609422128316
      vertex 125.19754000008106 139.18633373753175 18.33156410388066
      vertex 120.32056000083685 139.22923511750565 18.376365809242806
    endloop
  endfacet
  facet normal -9.267388761090915e-15 0.7222586421841571 -0.6916230575901137
    outer loop
      vertex 120.32056000083685 139.22923511750565 18.376365809242806
      vertex 125.19754000008106 139.18633373753175 18.33156410388066
      vertex 120.45381250232458 139.21424745088808 18.360714260871305
    endloop
  endfacet
  facet normal -5.7163202243644334e-15 0.7222586421844458 -0.6916230575898124
    outer loop
      vertex 120.45381250232458 139.21424745088808 18.360714260871305
      vertex 125.19754000008106 139.18633373753175 18.33156410388066
      vertex 120.58502999693155 139.19695399495566 18.342654787776304
    endloop
  endfacet
  facet normal -4.422521441303592e-15 0.7222586421847146 -0.6916230575895315
    outer loop
      vertex 120.58502999693155 139.19695399495566 18.342654787776304
      vertex 125.19754000008106 139.18633373753175 18.33156410388066
      vertex 120.71421249955893 139.1773547394024 18.3221873791953
    endloop
  endfacet
  facet normal -5.5239064726119304e-15 0.7222586421849777 -0.6916230575892568
    outer loop
      vertex 120.71421249955893 139.1773547394024 18.3221873791953
      vertex 125.19754000008106 139.18633373753175 18.33156410388066
      vertex 120.84136000275612 139.1554496945343 18.299312045890787
    endloop
  endfacet
  facet normal -3.5544401726380857e-16 0.7222586421846289 -0.6916230575896211
    outer loop
      vertex 120.84136000275612 139.1554496945343 18.299312045890787
      vertex 125.19754000008106 139.18633373753175 18.33156410388066
      vertex 120.96647249907255 139.13123885519832 18.27402878248153
    endloop
  endfacet
  facet normal 6.816737700484587e-15 0.7222586421843654 -0.6916230575898962
    outer loop
      vertex 120.96647249907255 139.13123885519832 18.27402878248153
      vertex 125.19754000008106 139.18633373753175 18.33156410388066
      vertex 121.08955000340939 139.10472221624147 18.246337583586275
    endloop
  endfacet
  facet normal -1.9915345828956143e-15 0.7222586421845775 -0.6916230575896748
    outer loop
      vertex 125.19754000008106 139.18633373753175 18.33156410388066
      vertex 121.21059250086546 139.07589978796977 18.216238459967514
      vertex 121.08955000340939 139.10472221624147 18.246337583586275
    endloop
  endfacet
  facet normal 0 0.9997653377059339 0.02166262961276733
    outer loop
      vertex 83.14000000059605 143.67376812803022 23.864743871758108
      vertex 155.85999999940395 143.67376812803022 23.864743871758108
      vertex 155.85999999940395 143.6917140380515 23.03651114500368
    endloop
  endfacet
  facet normal 0 0.6916230575896233 0.7222586421846267
    outer loop
      vertex 83.14000000059605 142.60596136409288 24.887258156606833
      vertex 155.85999999940395 142.60596136409288 24.887258156606833
      vertex 155.85999999940395 143.67376812803022 23.864743871758108
    endloop
  endfacet
  facet normal 0 -0.021662629612742165 0.9997653377059343
    outer loop
      vertex 83.14000000059605 141.77772863733847 24.869312246585586
      vertex 155.85999999940395 141.77772863733847 24.869312246585586
      vertex 155.85999999940395 142.60596136409288 24.887258156606833
    endloop
  endfacet
  facet normal -1.103512184518011e-18 -0.7222586421846237 0.6916230575896265
    outer loop
      vertex 155.85999999940395 141.77772863733847 24.869312246585586
      vertex 83.14000000059605 139.41637981534655 22.403366996234915
      vertex 155.85999999940395 139.41637981534655 22.403366996234915
    endloop
  endfacet
  facet normal 0 -0.7222586421846625 0.6916230575895859
    outer loop
      vertex 83.14000000059605 139.41637981534655 22.403366996234915
      vertex 155.87118481099606 139.20963959462983 22.18746917521632
      vertex 155.85999999940395 139.41637981534655 22.403366996234915
    endloop
  endfacet
  facet normal 8.289993022009344e-18 -0.7222586421846121 0.6916230575896387
    outer loop
      vertex 83.120123103261 139.14092613932456 22.115712043374074
      vertex 155.92076898366213 138.9359834784962 21.901691405526265
      vertex 155.87118481099606 139.20963959462983 22.18746917521632
    endloop
  endfacet
  facet normal 1.0739784548088459e-16 -0.7222586421846403 0.6916230575896091
    outer loop
      vertex 83.0606899484992 138.86821004769376 21.830915936764193
      vertex 156.0095030143857 138.66710176527567 21.620899521901443
      vertex 155.92076898366213 138.9359834784962 21.901691405526265
    endloop
  endfacet
  facet normal 8.41596169315585e-17 -0.7222586421846365 0.691623057589613
    outer loop
      vertex 82.96229122579098 138.60094191704064 21.55180910967617
      vertex 156.13650500774384 138.40566670970995 21.34788414715318
      vertex 156.0095030143857 138.66710176527567 21.620899521901443
    endloop
  endfacet
  facet normal 1.2230132306627068e-16 -0.7222586421846094 0.6916230575896414
    outer loop
      vertex 82.8259048461914 138.34177797114464 21.281165443864317
      vertex 156.3005127608776 138.15427657470948 21.085358634778245
      vertex 156.13650500774384 138.40566670970995 21.34788414715318
    endloop
  endfacet
  facet normal 3.049077663968173e-17 -0.7222586421846287 0.6916230575896212
    outer loop
      vertex 82.65288629382849 138.09329389765244 21.02167471758569
      vertex 156.49989631026983 137.91542979424494 20.835932087390276
      vertex 156.3005127608776 138.15427657470948 21.085358634778245
    endloop
  endfacet
  facet normal 2.2096011063336113e-17 -0.7222586421846167 0.6916230575896337
    outer loop
      vertex 82.44495509564877 137.85795925316003 20.775915876950066
      vertex 156.73267406970263 137.69150012046023 20.602083402969242
      vertex 156.49989631026983 137.91542979424494 20.835932087390276
    endloop
  endfacet
  facet normal 8.55052660315038e-17 -0.7222586421846319 0.6916230575896181
    outer loop
      vertex 82.20417777448893 137.6381128885875 20.546331372756754
      vertex 156.99653260409832 137.48471308479907 20.386136693328687
      vertex 156.73267406970263 137.69150012046023 20.602083402969242
    endloop
  endfacet
  facet normal 8.517560065621555e-17 -0.722258642184633 0.6916230575896167
    outer loop
      vertex 81.93294727057219 137.43593974009707 20.335202923361514
      vertex 157.28884956240654 137.2971238143686 20.190238117850733
      vertex 156.99653260409832 137.48471308479907 20.386136693328687
    endloop
  endfacet
  facet normal 5.182355682955851e-18 -0.7222586421846093 0.6916230575896415
    outer loop
      vertex 81.63395921140909 137.25344909376722 20.14462881658006
      vertex 157.60671976953745 137.1305966673098 20.016334616800975
      vertex 157.28884956240654 137.2971238143686 20.190238117850733
    endloop
  endfacet
  facet normal 1.8678955888549747e-13 0.7222586421849394 -0.6916230575892967
    outer loop
      vertex 120.10704194754362 138.2491414589648 17.352858701919764
      vertex 120.22256000339985 138.23051067243756 17.33340266089811
      vertex 120.93572194129229 138.0052475070381 17.098161417578858
    endloop
  endfacet
  facet normal -2.8585343952139645e-14 0.7222586421845975 -0.6916230575896539
    outer loop
      vertex 119.22533555328846 138.28452720331512 17.389811865043384
      vertex 119.350306391716 138.28974492339765 17.395260705102643
      vertex 121.83491499722004 137.07894617778786 16.13082938175907
    endloop
  endfacet
  facet normal -1.1756563949105913e-14 0.7222586421846132 -0.6916230575896375
    outer loop
      vertex 119.74003110826015 138.2847093307115 17.390002059809973
      vertex 119.86577749997377 138.27624078810177 17.3811584013757
      vertex 121.60204000025988 137.47610975858544 16.54558540448589
    endloop
  endfacet
  facet normal 3.9807206524489055e-14 0.7222586421846638 -0.6916230575895845
    outer loop
      vertex 119.61087527871132 138.28979045524676 17.39530825379429
      vertex 119.74003110826015 138.2847093307115 17.390002059809973
      vertex 121.70734000205994 137.32576396904983 16.388580017495755
    endloop
  endfacet
  facet normal -3.7964184850875e-14 0.7222586421845837 -0.6916230575896682
    outer loop
      vertex 119.4783099964261 138.2914841617075 17.397076983328645
      vertex 119.61087527871132 138.28979045524676 17.39530825379429
      vertex 121.75391499698162 137.24633125185971 16.305628811874143
    endloop
  endfacet
  facet normal -6.465892543927625e-14 0.7222586421845598 -0.6916230575896932
    outer loop
      vertex 119.350306391716 138.28974492339765 17.395260705102643
      vertex 119.4783099964261 138.2914841617075 17.397076983328645
      vertex 121.79643999785185 137.16405865820772 16.219711936882746
    endloop
  endfacet
  facet normal -6.296840684331339e-14 0.7222586421845437 -0.69162305758971
    outer loop
      vertex 120.44336777925491 138.18308684515964 17.28387818550491
      vertex 120.54865749925375 138.15429380956192 17.25380975651462
      vertex 120.93572194129229 138.0052475070381 17.098161417578858
    endloop
  endfacet
  facet normal -3.227370096950095e-13 0.7222586421841998 -0.6916230575900693
    outer loop
      vertex 120.33466861397028 138.20849246783584 17.31040915542649
      vertex 120.44336777925491 138.18308684515964 17.28387818550491
      vertex 120.93572194129229 138.0052475070381 17.098161417578858
    endloop
  endfacet
  facet normal -3.0615638029445406e-15 0.7222586421846521 -0.6916230575895967
    outer loop
      vertex 120.22256000339985 138.23051067243756 17.33340266089811
      vertex 120.33466861397028 138.20849246783584 17.31040915542649
      vertex 120.93572194129229 138.0052475070381 17.098161417578858
    endloop
  endfacet
  facet normal -1.637063720437961e-14 0.7222586421846088 -0.6916230575896422
    outer loop
      vertex 119.9881144464016 138.26438483257053 17.36877728387271
      vertex 120.10704194754362 138.2491414589648 17.352858701919764
      vertex 121.34284000098705 137.74272276343115 16.824008086835043
    endloop
  endfacet
  facet normal 4.8628773581712623e-14 0.7222586421846805 -0.691623057589567
    outer loop
      vertex 119.86577749997377 138.27624078810177 17.3811584013757
      vertex 119.9881144464016 138.26438483257053 17.36877728387271
      vertex 121.48053999990225 137.61509602166154 16.690728092471907
    endloop
  endfacet
  facet normal 4.813329593158168e-13 0.72225864218522 -0.6916230575890037
    outer loop
      vertex 120.54865749925375 138.15429380956192 17.25380975651462
      vertex 120.65053778141737 138.1221133610427 17.22020386845562
      vertex 120.93572194129229 138.0052475070381 17.098161417578858
    endloop
  endfacet
  facet normal -5.593064820117521e-13 0.7222586421840699 -0.6916230575902047
    outer loop
      vertex 120.74900861084461 138.086545489296 17.18306051056541
      vertex 120.84407000243664 138.0475902046278 17.142379693606493
      vertex 120.93572194129229 138.0052475070381 17.098161417578858
    endloop
  endfacet
  facet normal 3.713520406544945e-13 0.7222586421850916 -0.6916230575891378
    outer loop
      vertex 120.65053778141737 138.1221133610427 17.22020386845562
      vertex 120.74900861084461 138.086545489296 17.18306051056541
      vertex 120.93572194129229 138.0052475070381 17.098161417578858
    endloop
  endfacet
  facet normal 4.832030655046909e-14 0.7222586421847144 -0.6916230575895317
    outer loop
      vertex 120.10704194754362 138.2491414589648 17.352858701919764
      vertex 120.93572194129229 138.0052475070381 17.098161417578858
      vertex 121.02396444231272 137.9595173862209 17.05040567172002
    endloop
  endfacet
  facet normal -2.829420640186102e-13 0.7222586421842128 -0.6916230575900557
    outer loop
      vertex 120.10704194754362 138.2491414589648 17.352858701919764
      vertex 121.02396444231272 137.9595173862209 17.05040567172002
      vertex 121.10879749804735 137.91039985763518 16.999112472173714
    endloop
  endfacet
  facet normal 7.75430810390704e-14 0.7222586421847231 -0.6916230575895225
    outer loop
      vertex 120.10704194754362 138.2491414589648 17.352858701919764
      vertex 121.10879749804735 137.91039985763518 16.999112472173714
      vertex 121.19022110849619 137.857894905822 16.944281802796205
    endloop
  endfacet
  facet normal -1.1007791685656859e-14 0.7222586421846058 -0.6916230575896452
    outer loop
      vertex 120.10704194754362 138.2491414589648 17.352858701919764
      vertex 121.19022110849619 137.857894905822 16.944281802796205
      vertex 121.26823528110981 137.80200254108732 16.88591367434998
    endloop
  endfacet
  facet normal 1.1467750395198908e-13 0.7222586421847611 -0.6916230575894831
    outer loop
      vertex 120.10704194754362 138.2491414589648 17.352858701919764
      vertex 121.26823528110981 137.80200254108732 16.88591367434998
      vertex 121.34284000098705 137.74272276343115 16.824008086835043
    endloop
  endfacet
  facet normal -3.445396206802216e-14 0.7222586421845849 -0.6916230575896669
    outer loop
      vertex 119.9881144464016 138.26438483257053 17.36877728387271
      vertex 121.34284000098705 137.74272276343115 16.824008086835043
      vertex 121.41371499747038 137.68032933077728 16.75885092433837
    endloop
  endfacet
  facet normal -2.2932078951052215e-15 0.722258642184583 -0.691623057589669
    outer loop
      vertex 125.19754000008106 139.18633373753175 18.33156410388066
      vertex 121.32959999889135 139.04477156007724 18.18373140086276
      vertex 121.21059250086546 139.07589978796977 18.216238459967514
    endloop
  endfacet
  facet normal -1.4740123287700042e-14 0.7222586421847451 -0.6916230575894995
    outer loop
      vertex 125.19754000008106 139.18633373753175 18.33156410388066
      vertex 121.44657249748707 139.01133754286985 18.148816417034503
      vertex 121.32959999889135 139.04477156007724 18.18373140086276
    endloop
  endfacet
  facet normal -6.418857104415154e-15 0.7222586421846602 -0.6916230575895884
    outer loop
      vertex 125.19754000008106 139.18633373753175 18.33156410388066
      vertex 121.5615099966526 138.9755977311946 18.111493503101485
      vertex 121.44657249748707 139.01133754286985 18.148816417034503
    endloop
  endfacet
  facet normal -6.7171271471542806e-18 0.7222586421846071 -0.6916230575896437
    outer loop
      vertex 125.19754000008106 139.18633373753175 18.33156410388066
      vertex 121.67441249638796 138.9375521198985 18.071762653682484
      vertex 121.5615099966526 138.9755977311946 18.111493503101485
    endloop
  endfacet
  facet normal 4.2923965826373726e-15 0.7222586421845782 -0.691623057589674
    outer loop
      vertex 125.19754000008106 139.18633373753175 18.33156410388066
      vertex 121.78527999669313 138.89720071928753 18.02962387953997
      vertex 121.67441249638796 138.9375521198985 18.071762653682484
    endloop
  endfacet
  facet normal -5.3987300967307325e-15 0.722258642184633 -0.6916230575896168
    outer loop
      vertex 125.19754000008106 139.18633373753175 18.33156410388066
      vertex 121.8937269449234 138.8546670517649 17.98520617452722
      vertex 121.78527999669313 138.89720071928753 18.02962387953997
    endloop
  endfacet
  facet normal -1.0124168298208422e-14 0.722258642184655 -0.6916230575895937
    outer loop
      vertex 125.19754000008106 139.18633373753175 18.33156410388066
      vertex 121.99934777617455 138.81008849097987 17.938652997287363
      vertex 121.8937269449234 138.8546670517649 17.98520617452722
    endloop
  endfacet
  facet normal -9.837680534455785e-15 0.7222586421846541 -0.6916230575895945
    outer loop
      vertex 125.19754000008106 139.18633373753175 18.33156410388066
      vertex 122.10214249789715 138.76346502662645 17.889964337057897
      vertex 121.99934777617455 138.81008849097987 17.938652997287363
    endloop
  endfacet
  facet normal 3.733216487317452e-15 0.7222586421846066 -0.6916230575896445
    outer loop
      vertex 125.19754000008106 139.18633373753175 18.33156410388066
      vertex 122.20211111009121 138.71479666385764 17.839140199220083
      vertex 122.10214249789715 138.76346502662645 17.889964337057897
    endloop
  endfacet
  facet normal -5.258211236587711e-15 0.7222586421846341 -0.6916230575896157
    outer loop
      vertex 125.19754000008106 139.18633373753175 18.33156410388066
      vertex 122.29925361275673 138.66408340267344 17.786180583773906
      vertex 122.20211111009121 138.71479666385764 17.839140199220083
    endloop
  endfacet
  facet normal 7.402658474301685e-15 0.7222586421846318 -0.691623057589618
    outer loop
      vertex 118.53919889032841 138.1801728068177 17.28083506923945
      vertex 118.6459730565548 138.2062614072303 17.308079269535746
      vertex 121.89971499890089 136.9002015772565 15.944167252639872
    endloop
  endfacet
  facet normal 5.3650061407145545e-14 0.7222586421846899 -0.6916230575895573
    outer loop
      vertex 118.53919889032841 138.1801728068177 17.28083506923945
      vertex 121.89971499890089 136.9002015772565 15.944167252639872
      vertex 118.43545749783516 138.1506057297854 17.249958312491145
    endloop
  endfacet
  facet normal -5.615564609175945e-14 0.7222586421845443 -0.6916230575897092
    outer loop
      vertex 118.33474888652563 138.11756017098043 17.21544899390959
      vertex 118.43545749783516 138.1506057297854 17.249958312491145
      vertex 121.89971499890089 136.9002015772565 15.944167252639872
    endloop
  endfacet
  facet normal 5.990310560709092e-14 0.722258642184685 -0.6916230575895623
    outer loop
      vertex 118.98449221998453 138.26365632298504 17.36801650480635
      vertex 121.89971499890089 136.9002015772565 15.944167252639872
      vertex 118.86861972510815 138.2480031627375 17.351669984628572
    endloop
  endfacet
  facet normal -1.9454010875663886e-14 0.7222586421845998 -0.6916230575896515
    outer loop
      vertex 118.75577999651432 138.22887152587023 17.331690907998784
      vertex 118.86861972510815 138.2480031627375 17.351669984628572
      vertex 121.89971499890089 136.9002015772565 15.944167252639872
    endloop
  endfacet
  facet normal -2.0364169870454235e-14 0.7222586421845988 -0.6916230575896525
    outer loop
      vertex 118.75577999651432 138.22887152587023 17.331690907998784
      vertex 121.89971499890089 136.9002015772565 15.944167252639872
      vertex 118.6459730565548 138.2062614072303 17.308079269535746
    endloop
  endfacet
  facet normal 4.434088270374983e-15 0.7222586421846374 -0.6916230575896121
    outer loop
      vertex 119.10339750349522 138.27583100145992 17.38073046315087
      vertex 119.22533555328846 138.28452720331512 17.389811865043384
      vertex 121.86934000253677 136.99099381575314 16.038981151884364
    endloop
  endfacet
  facet normal 2.8019503488480562e-14 0.7222586421846617 -0.6916230575895866
    outer loop
      vertex 118.98449221998453 138.26365632298504 17.36801650480635
      vertex 119.10339750349522 138.27583100145992 17.38073046315087
      vertex 121.86934000253677 136.99099381575314 16.038981151884364
    endloop
  endfacet
  facet normal 1.0037281212697613e-14 0.7222586421846384 -0.691623057589611
    outer loop
      vertex 119.9881144464016 138.26438483257053 17.36877728387271
      vertex 121.41371499747038 137.68032933077728 16.75885092433837
      vertex 121.48053999990225 137.61509602166154 16.690728092471907
    endloop
  endfacet
  facet normal 1.3292664444344095e-14 0.7222586421846392 -0.6916230575896102
    outer loop
      vertex 119.86577749997377 138.27624078810177 17.3811584013757
      vertex 121.48053999990225 137.61509602166154 16.690728092471907
      vertex 121.54331500083208 137.54702283093093 16.619639585854415
    endloop
  endfacet
  facet normal 1.2420898383679214e-14 0.722258642184638 -0.6916230575896115
    outer loop
      vertex 119.86577749997377 138.27624078810177 17.3811584013757
      vertex 121.54331500083208 137.54702283093093 16.619639585854415
      vertex 121.60204000025988 137.47610975858544 16.54558540448589
    endloop
  endfacet
  facet normal -3.3918811109982194e-14 0.7222586421845894 -0.6916230575896624
    outer loop
      vertex 119.74003110826015 138.2847093307115 17.390002059809973
      vertex 121.60204000025988 137.47610975858544 16.54558540448589
      vertex 121.65671499818563 137.40235680462507 16.468565548366342
    endloop
  endfacet
  facet normal 1.1803630870633427e-14 0.7222586421846362 -0.6916230575896133
    outer loop
      vertex 119.74003110826015 138.2847093307115 17.390002059809973
      vertex 121.65671499818563 137.40235680462507 16.468565548366342
      vertex 121.70734000205994 137.32576396904983 16.388580017495755
    endloop
  endfacet
  facet normal -2.490435951523704e-14 0.7222586421845955 -0.6916230575896559
    outer loop
      vertex 119.61087527871132 138.28979045524676 17.39530825379429
      vertex 121.70734000205994 137.32576396904983 16.388580017495755
      vertex 121.75391499698162 137.24633125185971 16.305628811874143
    endloop
  endfacet
  facet normal 3.9832855606339634e-15 0.7222586421846272 -0.6916230575896227
    outer loop
      vertex 119.4783099964261 138.2914841617075 17.397076983328645
      vertex 121.75391499698162 137.24633125185971 16.305628811874143
      vertex 121.79643999785185 137.16405865820772 16.219711936882746
    endloop
  endfacet
  facet normal -2.720523861123639e-14 0.7222586421845987 -0.6916230575896526
    outer loop
      vertex 119.350306391716 138.28974492339765 17.395260705102643
      vertex 121.79643999785185 137.16405865820772 16.219711936882746
      vertex 121.83491499722004 137.07894617778786 16.13082938175907
    endloop
  endfacet
  facet normal 1.066737507457377e-13 0.7222586421847373 -0.6916230575895077
    outer loop
      vertex 119.22533555328846 138.28452720331512 17.389811865043384
      vertex 121.83491499722004 137.07894617778786 16.13082938175907
      vertex 121.86934000253677 136.99099381575314 16.038981151884364
    endloop
  endfacet
  facet normal -1.2238653468643612e-13 0.7222586421844984 -0.6916230575897573
    outer loop
      vertex 118.98449221998453 138.26365632298504 17.36801650480635
      vertex 121.86934000253677 136.99099381575314 16.038981151884364
      vertex 121.89971499890089 136.9002015772565 15.944167252639872
    endloop
  endfacet
  facet normal -1.0000800000621893e-15 0.7222586421847311 -0.6916230575895143
    outer loop
      vertex 117.03881999850273 136.791817138039 15.830981902550455
      vertex 121.89971499890089 136.9002015772565 15.944167252639872
      vertex 121.92604000121355 136.80656945714503 15.846387678644348
    endloop
  endfacet
  facet normal -2.046979799430601e-15 0.7222586421846018 -0.6916230575896491
    outer loop
      vertex 117.01592472195625 136.69712087327423 15.73209104739692
      vertex 121.92604000121355 136.80656945714503 15.846387678644348
      vertex 121.94831500202417 136.71009745541866 15.7456424298978
    endloop
  endfacet
  facet normal -5.863779504072609e-16 0.7222586421846083 -0.6916230575896424
    outer loop
      vertex 116.99719221889973 136.59985792314217 15.63051981502349
      vertex 121.94831500202417 136.71009745541866 15.7456424298978
      vertex 121.96654000133276 136.61078556692442 15.641931501018966
    endloop
  endfacet
  facet normal -1.50135205429972e-14 0.72225864218466 -0.6916230575895888
    outer loop
      vertex 125.19754000008106 139.18633373753175 18.33156410388066
      vertex 122.39356999844313 138.61132524307385 17.731085490719366
      vertex 122.29925361275673 138.66408340267344 17.786180583773906
    endloop
  endfacet
  facet normal 5.953015562141858e-14 0.7222586421844859 -0.6916230575897703
    outer loop
      vertex 125.19754000008106 139.18633373753175 18.33156410388066
      vertex 122.48506027460098 138.55652218505884 17.673854920056478
      vertex 122.39356999844313 138.61132524307385 17.731085490719366
    endloop
  endfacet
  facet normal -1.443040238572754e-14 0.7222586421846383 -0.6916230575896113
    outer loop
      vertex 125.19754000008106 139.18633373753175 18.33156410388066
      vertex 122.5737244412303 138.49967422862846 17.614488871785227
      vertex 122.48506027460098 138.55652218505884 17.673854920056478
    endloop
  endfacet
  facet normal -1.07873375977053e-14 0.7222586421846315 -0.6916230575896181
    outer loop
      vertex 125.19754000008106 139.18633373753175 18.33156410388066
      vertex 122.65956249833107 138.4407813737827 17.55298734590562
      vertex 122.5737244412303 138.49967422862846 17.614488871785227
    endloop
  endfacet
  facet normal -1.0616411906740547e-14 0.7222586421846312 -0.6916230575896187
    outer loop
      vertex 125.19754000008106 139.18633373753175 18.33156410388066
      vertex 122.7425744459033 138.37984361536854 17.489350337036406
      vertex 122.65956249833107 138.4407813737827 17.55298734590562
    endloop
  endfacet
  facet normal -2.0240202641213134e-14 0.7222586421846455 -0.6916230575896037
    outer loop
      vertex 125.19754000008106 139.18633373753175 18.33156410388066
      vertex 122.82276027649641 138.316860963692 17.42357785594008
      vertex 122.7425744459033 138.37984361536854 17.489350337036406
    endloop
  endfacet
  facet normal -3.857481603392557e-16 0.7222586421846197 -0.6916230575896306
    outer loop
      vertex 125.19754000008106 139.18633373753175 18.33156410388066
      vertex 122.90011999756098 138.25183340844706 17.355669891854156
      vertex 122.82276027649641 138.316860963692 17.42357785594008
    endloop
  endfacet
  facet normal -1.1481415768848381e-14 0.7222586421846325 -0.6916230575896172
    outer loop
      vertex 125.19754000008106 139.18633373753175 18.33156410388066
      vertex 122.974653609097 138.18476095993972 17.28562645554112
      vertex 122.90011999756098 138.25183340844706 17.355669891854156
    endloop
  endfacet
  facet normal -1.1443063817031058e-14 0.7222586421846323 -0.6916230575896175
    outer loop
      vertex 125.19754000008106 139.18633373753175 18.33156410388066
      vertex 123.04636111110449 138.115643607864 17.213447536238476
      vertex 122.974653609097 138.18476095993972 17.28562645554112
    endloop
  endfacet
  facet normal -2.3745141949302835e-14 0.7222586421846438 -0.6916230575896054
    outer loop
      vertex 125.19754000008106 139.18633373753175 18.33156410388066
      vertex 123.11524250358343 138.0444813625259 17.139133144708723
      vertex 123.04636111110449 138.115643607864 17.213447536238476
    endloop
  endfacet
  facet normal 1.4424149382620682e-15 0.7222586421846219 -0.6916230575896283
    outer loop
      vertex 125.19754000008106 139.18633373753175 18.33156410388066
      vertex 123.18129777908325 137.97127421361938 17.062683270189368
      vertex 123.11524250358343 138.0444813625259 17.139133144708723
    endloop
  endfacet
  facet normal 7.397650328657257e-15 0.7222586421846174 -0.691623057589633
    outer loop
      vertex 125.19754000008106 139.18633373753175 18.33156410388066
      vertex 123.24452694505453 137.89602216629748 16.984097918061657
      vertex 123.18129777908325 137.97127421361938 17.062683270189368
    endloop
  endfacet
  facet normal -1.3452944952162836e-14 0.7222586421846323 -0.6916230575896175
    outer loop
      vertex 125.19754000008106 139.18633373753175 18.33156410388066
      vertex 123.30493000149727 137.8187252205602 16.903377088325584
      vertex 123.24452694505453 137.89602216629748 16.984097918061657
    endloop
  endfacet
  facet normal 2.5604110859599064e-14 0.7222586421846069 -0.6916230575896439
    outer loop
      vertex 125.19754000008106 139.18633373753175 18.33156410388066
      vertex 123.36229111254215 137.73970843753295 16.820860240755543
      vertex 123.30493000149727 137.8187252205602 16.903377088325584
    endloop
  endfacet
  facet normal -4.868261943845878e-14 0.7222586421846514 -0.6916230575895975
    outer loop
      vertex 125.19754000008106 139.18633373753175 18.33156410388066
      vertex 123.41637444496155 137.65931071412834 16.73690128377205
      vertex 123.36229111254215 137.73970843753295 16.820860240755543
    endloop
  endfacet
  facet normal -2.252051966897974e-14 0.7222586421846376 -0.6916230575896118
    outer loop
      vertex 125.19754000008106 139.18633373753175 18.33156410388066
      vertex 123.46717999875546 137.57753205034632 16.651500217375094
      vertex 123.41637444496155 137.65931071412834 16.73690128377205
    endloop
  endfacet
  facet normal 1.4040396650353027e-14 0.7222586421846184 -0.6916230575896317
    outer loop
      vertex 125.19754000008106 139.18633373753175 18.33156410388066
      vertex 123.51470778137445 137.4943724513399 16.564657046945932
      vertex 123.46717999875546 137.57753205034632 16.651500217375094
    endloop
  endfacet
  facet normal 7.307024164143453e-14 0.7222586421845898 -0.691623057589662
    outer loop
      vertex 125.19754000008106 139.18633373753175 18.33156410388066
      vertex 123.55895777791739 137.40983190680308 16.476371761722064
      vertex 123.51470778137445 137.4943724513399 16.564657046945932
    endloop
  endfacet
  facet normal -6.293489278231988e-14 0.7222586421846509 -0.6916230575895979
    outer loop
      vertex 125.19754000008106 139.18633373753175 18.33156410388066
      vertex 123.59993000328541 137.32391042188888 16.386644367084735
      vertex 123.55895777791739 137.40983190680308 16.476371761722064
    endloop
  endfacet
  facet normal 4.307648662344692e-15 0.7222586421846228 -0.6916230575896274
    outer loop
      vertex 125.19754000008106 139.18633373753175 18.33156410388066
      vertex 123.63762444257736 137.2366079914443 16.2954748576527
      vertex 123.59993000328541 137.32391042188888 16.386644367084735
    endloop
  endfacet
  facet normal 5.1091769318401266e-14 0.7222586421846048 -0.6916230575896463
    outer loop
      vertex 125.19754000008106 139.18633373753175 18.33156410388066
      vertex 123.67204111069441 137.1479246257753 16.202863244188457
      vertex 123.63762444257736 137.2366079914443 16.2954748576527
    endloop
  endfacet
  facet normal -1.1459626317076669e-13 0.7222586421846651 -0.6916230575895834
    outer loop
      vertex 125.19754000008106 139.18633373753175 18.33156410388066
      vertex 123.70318000018597 137.05786031972892 16.108809521310754
      vertex 123.67204111069441 137.1479246257753 16.202863244188457
    endloop
  endfacet
  facet normal -2.1537499799896644e-14 0.7222586421846335 -0.6916230575896161
    outer loop
      vertex 125.19754000008106 139.18633373753175 18.33156410388066
      vertex 123.73104111105204 136.96641507330514 16.013313689019597
      vertex 123.70318000018597 137.05786031972892 16.108809521310754
    endloop
  endfacet
  facet normal 9.350289624178359e-15 0.7222586421846232 -0.6916230575896269
    outer loop
      vertex 125.19754000008106 139.18633373753175 18.33156410388066
      vertex 123.75562444329262 136.87358888135097 15.916375741933727
      vertex 123.73104111105204 136.96641507330514 16.013313689019597
    endloop
  endfacet
  facet normal 7.047616304477924e-14 0.7222586421846049 -0.6916230575896462
    outer loop
      vertex 125.19754000008106 139.18633373753175 18.33156410388066
      vertex 123.77692999690771 136.7793817541724 15.81799569081565
      vertex 123.75562444329262 136.87358888135097 15.916375741933727
    endloop
  endfacet
  facet normal -9.817402280182017e-14 0.7222586421846527 -0.6916230575895962
    outer loop
      vertex 125.19754000008106 139.18633373753175 18.33156410388066
      vertex 123.7949577793479 136.68379368146344 15.718173524902866
      vertex 123.77692999690771 136.7793817541724 15.81799569081565
    endloop
  endfacet
  facet normal -2.999911803330453e-14 0.7222586421846339 -0.6916230575896156
    outer loop
      vertex 125.19754000008106 139.18633373753175 18.33156410388066
      vertex 123.80970777571201 136.5868246735301 15.616909254957875
      vertex 123.7949577793479 136.68379368146344 15.718173524902866
    endloop
  endfacet
  facet normal 8.886130857572656e-14 0.7222586421846031 -0.6916230575896479
    outer loop
      vertex 125.19754000008106 139.18633373753175 18.33156410388066
      vertex 123.82118000090122 136.48847472006634 15.514202870218178
      vertex 123.80970777571201 136.5868246735301 15.616909254957875
    endloop
  endfacet
  facet normal 9.812314023964495e-14 0.722258642184602 -0.6916230575896491
    outer loop
      vertex 125.19754000008106 139.18633373753175 18.33156410388066
      vertex 123.82937444746494 136.38874383137818 15.410054381446265
      vertex 123.82118000090122 136.48847472006634 15.514202870218178
    endloop
  endfacet
  facet normal -4.571805077287149e-14 0.7222586421846359 -0.6916230575896137
    outer loop
      vertex 125.19754000008106 139.18633373753175 18.33156410388066
      vertex 123.8342911079526 136.28763199715965 15.304463777879654
      vertex 123.82937444746494 136.38874383137818 15.410054381446265
    endloop
  endfacet
  facet normal 2.7796412553961485e-14 0.722258642184618 -0.6916230575896324
    outer loop
      vertex 125.19754000008106 139.18633373753175 18.33156410388066
      vertex 123.83592999726534 136.18513922256372 15.197431064899583
      vertex 123.8342911079526 136.28763199715965 15.304463777879654
    endloop
  endfacet
  facet normal -1.3907694362394106e-13 0.7222586421846543 -0.6916230575895944
    outer loop
      vertex 125.19754000008106 139.18633373753175 18.33156410388066
      vertex 123.83237916976213 136.02988617564094 15.035301052554018
      vertex 123.83592999726534 136.18513922256372 15.197431064899583
    endloop
  endfacet
  facet normal 1.1752400859747825e-13 0.722258642184602 -0.6916230575896491
    outer loop
      vertex 125.19754000008106 139.18633373753175 18.33156410388066
      vertex 123.82172666490078 135.87835905723068 14.877062009485456
      vertex 123.83237916976213 136.02988617564094 15.035301052554018
    endloop
  endfacet
  facet normal -1.9346342959217268e-16 0.7222586421846037 -0.6916230575896474
    outer loop
      vertex 116.98262249678373 136.50002828248978 15.526268200048918
      vertex 121.96654000133276 136.61078556692442 15.641931501018966
      vertex 121.98071499913931 136.5086338019683 15.535254902770355
    endloop
  endfacet
  facet normal 3.123711828226177e-15 0.7222586421846217 -0.6916230575896286
    outer loop
      vertex 116.97221555560827 136.3976319513171 15.419336202473197
      vertex 121.98071499913931 136.5086338019683 15.535254902770355
      vertex 121.9908400028944 136.4036421605503 15.425612635151957
    endloop
  endfacet
  facet normal -2.5623902173820453e-15 0.7222586421846959 -0.6916230575895509
    outer loop
      vertex 116.96597138792276 136.29266893477705 15.309723827677587
      vertex 121.9908400028944 136.4036421605503 15.425612635151957
      vertex 121.99691499769688 136.29581063236446 15.313004687401282
    endloop
  endfacet
  facet normal 2.203638197809443e-15 0.7222586421845845 -0.6916230575896675
    outer loop
      vertex 116.96592416614294 136.07858931080875 15.086161503041367
      vertex 121.99691499769688 136.29581063236446 15.313004687401282
      vertex 121.9989399984479 136.18513922256372 15.197431064899583
    endloop
  endfacet
  facet normal 3.03903411184668e-16 0.7222586421846273 -0.6916230575896226
    outer loop
      vertex 116.96592416614294 136.07858931080875 15.086161503041367
      vertex 121.9989399984479 136.18513922256372 15.197431064899583
      vertex 121.99690555781126 136.07949072908553 15.08710284982483
    endloop
  endfacet
  facet normal -4.966846036979497e-16 0.7222586421846404 -0.691623057589609
    outer loop
      vertex 116.97202666848898 135.9746844717557 14.977654177920634
      vertex 121.99690555781126 136.07949072908553 15.08710284982483
      vertex 121.9908022210002 135.97640892097468 14.979455011969975
    endloop
  endfacet
  facet normal -2.431790554530434e-15 0.7222586421846724 -0.6916230575895755
    outer loop
      vertex 116.98219750076532 135.87342471055754 14.871909094918628
      vertex 121.9908022210002 135.97640892097468 14.979455011969975
      vertex 121.98063000291586 135.87589380338414 14.87448755671626
    endloop
  endfacet
  facet normal -7.879274310532854e-16 0.7222586421846 -0.6916230575896511
    outer loop
      vertex 116.99643666297197 135.7748100220613 14.768926248654097
      vertex 121.98063000291586 135.87589380338414 14.87448755671626
      vertex 121.9663888886571 135.7779453814669 14.772200489444941
    endloop
  endfacet
  facet normal -8.057578481068641e-16 0.7222586421846134 -0.691623057589637
    outer loop
      vertex 116.99643666297197 135.7748100220613 14.768926248654097
      vertex 121.9663888886571 135.7779453814669 14.772200489444941
      vertex 121.94807888567448 135.682563644917 14.672593799393518
    endloop
  endfacet
  facet normal 5.006099033975303e-16 0.722258642184647 -0.691623057589602
    outer loop
      vertex 116.99643666297197 135.7748100220613 14.768926248654097
      vertex 121.94807888567448 135.682563644917 14.672593799393518
      vertex 121.92570000141859 135.5897485988874 14.575667491943236
    endloop
  endfacet
  facet normal -7.207484510214987e-15 0.7222586421845487 -0.6916230575897045
    outer loop
      vertex 116.99643666297197 135.7748100220613 14.768926248654097
      vertex 121.92570000141859 135.5897485988874 14.575667491943236
      vertex 121.89925222098827 135.49950024337812 14.481421567094102
    endloop
  endfacet
  facet normal 7.235975546869552e-15 0.7222586421846718 -0.6916230575895762
    outer loop
      vertex 116.99643666297197 135.7748100220613 14.768926248654097
      vertex 121.89925222098827 135.49950024337812 14.481421567094102
      vertex 121.8687355518341 135.4118185732362 14.389856019464865
    endloop
  endfacet
  facet normal 3.3250239776708292e-15 0.722258642184643 -0.6916230575896064
    outer loop
      vertex 116.99643666297197 135.7748100220613 14.768926248654097
      vertex 121.7954955548048 135.24415531481924 14.214766082772307
      vertex 121.75277221947908 135.16417371623825 14.131241682946502
    endloop
  endfacet
  facet normal -1.22915880747184e-15 0.7222586421846175 -0.6916230575896328
    outer loop
      vertex 116.99643666297197 135.7748100220613 14.768926248654097
      vertex 121.8687355518341 135.4118185732362 14.389856019464865
      vertex 121.83415000140667 135.32670359876755 14.300970859818015
    endloop
  endfacet
  facet normal 5.831334411027835e-15 0.7222586421846543 -0.6916230575895946
    outer loop
      vertex 116.99643666297197 135.7748100220613 14.768926248654097
      vertex 121.83415000140667 135.32670359876755 14.300970859818015
      vertex 121.7954955548048 135.24415531481924 14.214766082772307
    endloop
  endfacet
  facet normal 4.900379167264267e-14 0.7222586421847288 -0.6916230575895166
    outer loop
      vertex 116.99643666297197 135.7748100220613 14.768926248654097
      vertex 121.47812221944332 134.80276609144403 13.753825433597115
      vertex 121.41098555922508 134.73818463598496 13.686383329378167
    endloop
  endfacet
  facet normal -1.7270593202382387e-14 0.7222586421845936 -0.691623057589658
    outer loop
      vertex 116.99643666297197 135.7748100220613 14.768926248654097
      vertex 121.41098555922508 134.73818463598496 13.686383329378167
      vertex 121.33978000283241 134.6761698658932 13.621621602379122
    endloop
  endfacet
  facet normal -1.2187100254658567e-14 0.7222586421845852 -0.6916230575896665
    outer loop
      vertex 116.99643666297197 135.7748100220613 14.768926248654097
      vertex 121.75277221947908 135.16417371623825 14.131241682946502
      vertex 121.7059800028801 135.08675881333056 14.050397671103084
    endloop
  endfacet
  facet normal -7.511657307387896e-15 0.7222586421846007 -0.6916230575896505
    outer loop
      vertex 116.99643666297197 135.7748100220613 14.768926248654097
      vertex 121.7059800028801 135.08675881333056 14.050397671103084
      vertex 121.65511889010668 135.0119105957902 13.972234036479563
    endloop
  endfacet
  facet normal -4.272117576622298e-15 0.7222586421846098 -0.691623057589641
    outer loop
      vertex 116.99643666297197 135.7748100220613 14.768926248654097
      vertex 121.65511889010668 135.0119105957902 13.972234036479563
      vertex 121.60018888860941 134.93962906877016 13.89675078445719
    endloop
  endfacet
  facet normal 1.895131139508644e-14 0.7222586421846717 -0.6916230575895762
    outer loop
      vertex 116.99643666297197 135.7748100220613 14.768926248654097
      vertex 121.60018888860941 134.93962906877016 13.89675078445719
      vertex 121.54118999838829 134.86991423742344 13.823947920417204
    endloop
  endfacet
  facet normal -2.482423279042501e-14 0.7222586421845661 -0.6916230575896867
    outer loop
      vertex 116.99643666297197 135.7748100220613 14.768926248654097
      vertex 121.54118999838829 134.86991423742344 13.823947920417204
      vertex 121.47812221944332 134.80276609144403 13.753825433597115
    endloop
  endfacet
  facet normal -4.333078472946991e-14 0.7222586421845595 -0.6916230575896936
    outer loop
      vertex 116.99643666297197 135.7748100220613 14.768926248654097
      vertex 121.10531249642372 134.5091394414345 13.447192531154265
      vertex 121.02060221880674 134.46021133688373 13.396097146219205
    endloop
  endfacet
  facet normal 1.7964582269557632e-14 0.7222586421846604 -0.6916230575895881
    outer loop
      vertex 116.99643666297197 135.7748100220613 14.768926248654097
      vertex 121.33978000283241 134.6761698658932 13.621621602379122
      vertex 121.26490139216185 134.61711870593925 13.559954759234223
    endloop
  endfacet
  facet normal 6.829207706741771e-15 0.7222586421846409 -0.6916230575896084
    outer loop
      vertex 116.99643666297197 135.7748100220613 14.768926248654097
      vertex 121.26490139216185 134.61711870593925 13.559954759234223
      vertex 121.18674555420876 134.5614418960687 13.501811733698851
    endloop
  endfacet
  facet normal -2.889831775718362e-14 0.7222586421845822 -0.6916230575896697
    outer loop
      vertex 116.99643666297197 135.7748100220613 14.768926248654097
      vertex 121.18674555420876 134.5614418960687 13.501811733698851
      vertex 121.10531249642372 134.5091394414345 13.447192531154265
    endloop
  endfacet
  facet normal 9.910753607464518e-14 0.7222586421847681 -0.6916230575894758
    outer loop
      vertex 116.99643666297197 135.7748100220613 14.768926248654097
      vertex 121.02060221880674 134.46021133688373 13.396097146219205
      vertex 120.93261472135782 134.4146575824164 13.348525578893678
    endloop
  endfacet
  facet normal -1.5031042501546772e-14 0.7222586421846101 -0.6916230575896406
    outer loop
      vertex 116.99643666297197 135.7748100220613 14.768926248654097
      vertex 120.93261472135782 134.4146575824164 13.348525578893678
      vertex 120.84134999662638 134.37247818318542 13.30447783455893
    endloop
  endfacet
  facet normal -3.14299953160314e-14 0.7222586421845881 -0.6916230575896636
    outer loop
      vertex 116.99643666297197 135.7748100220613 14.768926248654097
      vertex 120.84134999662638 134.37247818318542 13.30447783455893
      vertex 120.74680805206299 134.33367313403784 13.26395390783371
    endloop
  endfacet
  facet normal -7.282792354485598e-15 0.7222586421846269 -0.6916230575896232
    outer loop
      vertex 125.19754000008106 139.18633373753175 18.33156410388066
      vertex 125.19754000008106 133.23884574462593 12.120630915597118
      vertex 123.82172666490078 135.87835905723068 14.877062009485456
    endloop
  endfacet
  facet normal -6.286586138414635e-14 0.722258642184613 -0.6916230575896376
    outer loop
      vertex 123.82172666490078 135.87835905723068 14.877062009485456
      vertex 125.19754000008106 133.23884574462593 12.120630915597118
      vertex 123.80397249758244 135.73055786217998 14.72271393031265
    endloop
  endfacet
  facet normal 7.070089155109212e-14 0.7222586421846487 -0.6916230575896003
    outer loop
      vertex 123.80397249758244 135.73055786217998 14.72271393031265
      vertex 125.19754000008106 133.23884574462593 12.120630915597118
      vertex 123.7791166678071 135.58648260079482 14.572256825798085
    endloop
  endfacet
  facet normal -9.689241367767436e-14 0.7222586421846001 -0.6916230575896508
    outer loop
      vertex 123.7791166678071 135.58648260079482 14.572256825798085
      vertex 125.19754000008106 133.23884574462593 12.120630915597118
      vertex 123.7471591681242 135.4461332627692 14.425690685179276
    endloop
  endfacet
  facet normal 3.34954098820378e-14 0.7222586421846403 -0.6916230575896091
    outer loop
      vertex 123.66193916648626 135.17661236710262 14.144231306391411
      vertex 125.19754000008106 133.23884574462593 12.120630915597118
      vertex 123.60867666453123 135.04744080946165 14.009338068222355
    endloop
  endfacet
  facet normal -5.792237170977787e-14 0.7222586421846019 -0.6916230575896493
    outer loop
      vertex 123.60867666453123 135.04744080946165 14.009338068222355
      vertex 125.19754000008106 133.23884574462593 12.120630915597118
      vertex 123.54831250011921 134.9219951803332 13.878335799330301
    endloop
  endfacet
  facet normal -3.3926114658013985e-15 0.7222586421846274 -0.6916230575896226
    outer loop
      vertex 123.54831250011921 134.9219951803332 13.878335799330301
      vertex 125.19754000008106 133.23884574462593 12.120630915597118
      vertex 123.48084666579962 134.8002754797173 13.751224499715242
    endloop
  endfacet
  facet normal 2.707806977725156e-14 0.7222586421846434 -0.6916230575896057
    outer loop
      vertex 123.48084666579962 134.8002754797173 13.751224499715242
      vertex 125.19754000008106 133.23884574462593 12.120630915597118
      vertex 123.40627916902304 134.68228170246095 13.628004163995932
    endloop
  endfacet
  facet normal -6.439867879000097e-14 0.7222586421845891 -0.6916230575896626
    outer loop
      vertex 123.40627916902304 134.68228170246095 13.628004163995932
      vertex 125.19754000008106 133.23884574462593 12.120630915597118
      vertex 123.32461000233889 134.56801385371713 13.508674797553631
    endloop
  endfacet
  facet normal 7.60439895251665e-14 0.7222586421846546 -0.6916230575895941
    outer loop
      vertex 123.7471591681242 135.4461332627692 14.425690685179276
      vertex 125.19754000008106 133.23884574462593 12.120630915597118
      vertex 123.70809999853373 135.30950984810315 14.283015508456224
    endloop
  endfacet
  facet normal 2.599046824432228e-14 0.7222586421846373 -0.6916230575896121
    outer loop
      vertex 123.66193916648626 135.17661236710262 14.144231306391411
      vertex 123.70809999853373 135.30950984810315 14.283015508456224
      vertex 125.19754000008106 133.23884574462593 12.120630915597118
    endloop
  endfacet
  facet normal 0 0.7222586421846248 -0.6916230575896255
    outer loop
      vertex 126.79657000303268 139.18633373753175 18.33156410388066
      vertex 130.4340099990368 139.18633373753175 18.33156410388066
      vertex 126.79657000303268 135.67864290749148 14.668499392102966
    endloop
  endfacet
  facet normal -1.9865806316147297e-14 0.722258642184635 -0.6916230575896145
    outer loop
      vertex 130.4340099990368 139.18633373753175 18.33156410388066
      vertex 126.7935200035572 135.53629823769336 14.519849536083242
      vertex 126.79521444439888 135.5853621699954 14.571086765287554
    endloop
  endfacet
  facet normal 1.6779080200442485e-13 0.7222586421845454 -0.6916230575897082
    outer loop
      vertex 130.4340099990368 139.18633373753175 18.33156410388066
      vertex 126.79521444439888 135.5853621699954 14.571086765287554
      vertex 126.79623111337423 135.63281039154379 14.620636715500382
    endloop
  endfacet
  facet normal -3.364656169672909e-13 0.722258642184789 -0.6916230575894539
    outer loop
      vertex 130.4340099990368 139.18633373753175 18.33156410388066
      vertex 126.79623111337423 135.63281039154379 14.620636715500382
      vertex 126.79657000303268 135.67864290749148 14.668499392102966
    endloop
  endfacet
  facet normal 1.7523727506144278e-13 0.7222586421845422 -0.6916230575897115
    outer loop
      vertex 130.4340099990368 139.18633373753175 18.33156410388066
      vertex 126.78809777647257 135.43332325113428 14.412313251462642
      vertex 126.79114777594805 135.48561859979066 14.466925033268687
    endloop
  endfacet
  facet normal 4.122541237851183e-14 0.7222586421846079 -0.691623057589643
    outer loop
      vertex 130.4340099990368 139.18633373753175 18.33156410388066
      vertex 126.79114777594805 135.48561859979066 14.466925033268687
      vertex 126.7935200035572 135.53629823769336 14.519849536083242
    endloop
  endfacet
  facet normal 5.090886938356774e-14 0.7222586421846017 -0.6916230575896494
    outer loop
      vertex 130.4340099990368 139.18633373753175 18.33156410388066
      vertex 126.77996444702148 135.3238854267136 14.298027856257335
      vertex 126.78436999768019 135.37941219172427 14.356014190665107
    endloop
  endfacet
  facet normal -1.0690643698170269e-13 0.7222586421846765 -0.6916230575895714
    outer loop
      vertex 130.4340099990368 139.18633373753175 18.33156410388066
      vertex 126.78436999768019 135.37941219172427 14.356014190665107
      vertex 126.78809777647257 135.43332325113428 14.412313251462642
    endloop
  endfacet
  facet normal 0 0.7222586421846269 -0.6916230575896233
    outer loop
      vertex 132.5457699969411 139.18633373753175 18.33156410388066
      vertex 136.30578999966383 139.18633373753175 18.33156410388066
      vertex 132.5457699969411 133.23884574462593 12.120630915597118
    endloop
  endfacet
  facet normal -1.6345344162587238e-13 0.7222586421846999 -0.6916230575895468
    outer loop
      vertex 130.4340099990368 139.18633373753175 18.33156410388066
      vertex 126.76912000030279 135.20798477473724 14.176993361229805
      vertex 126.7748811095953 135.26674295610223 14.238354248239311
    endloop
  endfacet
  facet normal 9.308462882444023e-15 0.7222586421846199 -0.6916230575896303
    outer loop
      vertex 130.4340099990368 139.18633373753175 18.33156410388066
      vertex 126.7748811095953 135.26674295610223 14.238354248239311
      vertex 126.77996444702148 135.3238854267136 14.298027856257335
    endloop
  endfacet
  facet normal 3.4871431736993757e-14 0.7222586421846119 -0.6916230575896387
    outer loop
      vertex 130.4340099990368 139.18633373753175 18.33156410388066
      vertex 126.75556444376707 135.08562128489925 14.049209755617575
      vertex 126.76268111169338 135.14761088261858 14.113945195228816
    endloop
  endfacet
  facet normal 7.640219115213307e-14 0.7222586421845962 -0.6916230575896551
    outer loop
      vertex 130.4340099990368 139.18633373753175 18.33156410388066
      vertex 126.76268111169338 135.14761088261858 14.113945195228816
      vertex 126.76912000030279 135.20798477473724 14.176993361229805
    endloop
  endfacet
  facet normal -9.240741005757888e-14 0.7222586421846652 -0.6916230575895831
    outer loop
      vertex 130.4340099990368 139.18633373753175 18.33156410388066
      vertex 126.73929777741432 134.95679496235263 13.914677044801884
      vertex 126.74776999652386 135.02201597642627 13.982787037014852
    endloop
  endfacet
  facet normal -1.5064823196678897e-13 0.7222586421846917 -0.6916230575895554
    outer loop
      vertex 130.4340099990368 139.18633373753175 18.33156410388066
      vertex 126.74776999652386 135.02201597642627 13.982787037014852
      vertex 126.75556444376707 135.08562128489925 14.049209755617575
    endloop
  endfacet
  facet normal 5.2450312654827266e-14 0.7222586421846078 -0.6916230575896429
    outer loop
      vertex 130.4340099990368 139.18633373753175 18.33156410388066
      vertex 126.73014777898788 134.88995823752532 13.844879773597427
      vertex 126.73929777741432 134.95679496235263 13.914677044801884
    endloop
  endfacet
  facet normal -1.70780417806406e-13 0.7222586421846933 -0.6916230575895537
    outer loop
      vertex 130.4340099990368 139.18633373753175 18.33156410388066
      vertex 126.7098144441843 134.75143766591572 13.70022340497654
      vertex 126.72032000124454 134.82150580709734 13.773395228782732
    endloop
  endfacet
  facet normal 2.1235444946245942e-13 0.7222586421845432 -0.6916230575897107
    outer loop
      vertex 130.4340099990368 139.18633373753175 18.33156410388066
      vertex 126.72032000124454 134.82150580709734 13.773395228782732
      vertex 126.73014777898788 134.88995823752532 13.844879773597427
    endloop
  endfacet
  facet normal 1.2334296364019502e-13 0.7222586421845761 -0.6916230575896759
    outer loop
      vertex 130.4340099990368 139.18633373753175 18.33156410388066
      vertex 126.6867699995637 134.60645426159746 13.5488179311522
      vertex 126.69863110780716 134.67975381913342 13.625364307560119
    endloop
  endfacet
  facet normal 9.116742173283962e-14 0.7222586421845926 -0.6916230575896588
    outer loop
      vertex 130.4340099990368 139.18633373753175 18.33156410388066
      vertex 126.69863110780716 134.67975381913342 13.625364307560119
      vertex 126.7098144441843 134.75143766591572 13.70022340497654
    endloop
  endfacet
  facet normal 3.013129974954763e-13 0.7222586421845038 -0.6916230575897517
    outer loop
      vertex 131.0229900032282 137.64739635457067 16.724459175224347
      vertex 131.01316222548485 137.57903786836414 16.653072735909582
      vertex 127.25430999696255 133.23884574462593 12.120630915597118
    endloop
  endfacet
  facet normal 3.6758240159014044e-14 0.7222586421846133 -0.6916230575896374
    outer loop
      vertex 131.01316222548485 137.57903786836414 16.653072735909582
      vertex 131.00401221960783 137.51138330165892 16.5824213963542
      vertex 127.25430999696255 133.23884574462593 12.120630915597118
    endloop
  endfacet
  facet normal 8.757277471540752e-14 0.722258642184592 -0.6916230575896597
    outer loop
      vertex 131.00401221960783 137.51138330165892 16.5824213963542
      vertex 130.9955400004983 137.444432654455 16.51250515655819
      vertex 127.25430999696255 133.23884574462593 12.120630915597118
    endloop
  endfacet
  facet normal -1.9011342457316427e-13 0.7222586421847101 -0.6916230575895361
    outer loop
      vertex 130.9955400004983 137.444432654455 16.51250515655819
      vertex 130.98774555325508 137.3781859215994 16.443324011140312
      vertex 127.25430999696255 133.23884574462593 12.120630915597118
    endloop
  endfacet
  facet normal 4.076742144748421e-13 0.7222586421844663 -0.6916230575897906
    outer loop
      vertex 131.044678889215 137.78622508548756 16.869437353132
      vertex 127.25430999696255 133.23884574462593 12.120630915597118
      vertex 131.05653999745846 137.856695325045 16.94302908634365
    endloop
  endfacet
  facet normal -2.2775964122788666e-13 0.7222586421847197 -0.691623057589526
    outer loop
      vertex 131.044678889215 137.78622508548756 16.869437353132
      vertex 131.03349555283785 137.71645876027847 16.796580714298486
      vertex 127.25430999696255 133.23884574462593 12.120630915597118
    endloop
  endfacet
  facet normal -1.7389527335796214e-13 0.722258642184698 -0.6916230575895488
    outer loop
      vertex 131.03349555283785 137.71645876027847 16.796580714298486
      vertex 131.0229900032282 137.64739635457067 16.724459175224347
      vertex 127.25430999696255 133.23884574462593 12.120630915597118
    endloop
  endfacet
  facet normal -1.188703590363326e-13 0.7222586421846794 -0.6916230575895683
    outer loop
      vertex 130.98774555325508 137.3781859215994 16.443324011140312
      vertex 130.98062888532877 137.31264311339808 16.37487797086306
      vertex 127.25430999696255 133.23884574462593 12.120630915597118
    endloop
  endfacet
  facet normal 9.336158903150611e-16 0.722258642184627 -0.6916230575896231
    outer loop
      vertex 130.98062888532877 137.31264311339808 16.37487797086306
      vertex 130.97418999671936 137.24780421954506 16.307167024963938
      vertex 127.25430999696255 133.23884574462593 12.120630915597118
    endloop
  endfacet
  facet normal 1.399871855230744e-13 0.7222586421845653 -0.6916230575896875
    outer loop
      vertex 130.97418999671936 137.24780421954506 16.307167024963938
      vertex 130.96842888742685 137.18366924519333 16.240191178824197
      vertex 127.25430999696255 133.23884574462593 12.120630915597118
    endloop
  endfacet
  facet normal -1.1977330819640523e-13 0.7222586421846822 -0.6916230575895652
    outer loop
      vertex 130.96842888742685 137.18366924519333 16.240191178824197
      vertex 130.96334555745125 137.12023818518992 16.173950427062586
      vertex 127.25430999696255 133.23884574462593 12.120630915597118
    endloop
  endfacet
  facet normal 2.2786236095956175e-13 0.7222586421845234 -0.6916230575897313
    outer loop
      vertex 130.96334555745125 137.12023818518992 16.173950427062586
      vertex 130.95893999934196 137.05751104984077 16.108444780441594
      vertex 127.25430999696255 133.23884574462593 12.120630915597118
    endloop
  endfacet
  facet normal 6.346782003367473e-14 0.7222586421845996 -0.6916230575896516
    outer loop
      vertex 130.95893999934196 137.05751104984077 16.108444780441594
      vertex 130.95521222054958 136.99548782883994 16.04367422819874
      vertex 127.25430999696255 133.23884574462593 12.120630915597118
    endloop
  endfacet
  facet normal 4.216744144221685e-14 0.7222586421846097 -0.6916230575896412
    outer loop
      vertex 130.95521222054958 136.99548782883994 16.04367422819874
      vertex 130.9521622210741 136.9341685324934 15.979638781096504
      vertex 127.25430999696255 133.23884574462593 12.120630915597118
    endloop
  endfacet
  facet normal -2.0145736535822443e-13 0.7222586421847261 -0.6916230575895194
    outer loop
      vertex 130.9521622210741 136.9341685324934 15.979638781096504
      vertex 130.94979000091553 136.87355315049518 15.916338428372399
      vertex 127.25430999696255 133.23884574462593 12.120630915597118
    endloop
  endfacet
  facet normal -7.542392804524869e-14 0.722258642184665 -0.6916230575895833
    outer loop
      vertex 130.94979000091553 136.87355315049518 15.916338428372399
      vertex 130.94809555262327 136.81364168799826 15.853773175407675
      vertex 127.25430999696255 133.23884574462593 12.120630915597118
    endloop
  endfacet
  facet normal 2.9775614256898285e-14 0.7222586421846129 -0.6916230575896376
    outer loop
      vertex 130.94809555262327 136.81364168799826 15.853773175407675
      vertex 130.9470788910985 136.75443413984962 15.79194301682108
      vertex 127.25430999696255 133.23884574462593 12.120630915597118
    endloop
  endfacet
  facet normal 9.034960757989076e-14 0.7222586421845825 -0.6916230575896694
    outer loop
      vertex 130.9470788910985 136.75443413984962 15.79194301682108
      vertex 130.94674000144005 136.69593051635528 15.730847963375112
      vertex 127.25430999696255 133.23884574462593 12.120630915597118
    endloop
  endfacet
  facet normal -1.2896229537593935e-17 0.7222586421846287 -0.6916230575896212
    outer loop
      vertex 130.94674000144005 136.69593051635528 15.730847963375112
      vertex 130.94674000144005 133.23884574462593 12.120630915597118
      vertex 127.25430999696255 133.23884574462593 12.120630915597118
    endloop
  endfacet
  facet normal 4.7757892216501346e-14 0.7222586421846123 -0.6916230575896384
    outer loop
      vertex 133.52893000096083 134.20123231645948 13.125646597190645
      vertex 132.5457699969411 133.23884574462593 12.120630915597118
      vertex 136.30578999966383 139.18633373753175 18.33156410388066
    endloop
  endfacet
  facet normal 2.748846570353049e-17 -0.7222586421846761 0.6916230575895718
    outer loop
      vertex 81.31018505245447 137.09245462804944 19.976503068121346
      vertex 157.9469840824604 136.98678665625647 19.86615451193586
      vertex 157.60671976953745 137.1305966673098 20.016334616800975
    endloop
  endfacet
  facet normal 1.75321250906873e-17 -0.7222586421845723 0.6916230575896802
    outer loop
      vertex 80.96484263241291 136.95455636798573 19.83249657646337
      vertex 158.3062608167529 136.86712303605148 19.74119036723347
      vertex 157.9469840824604 136.98678665625647 19.86615451193586
    endloop
  endfacet
  facet normal -1.737670582296015e-16 -0.7222586421846298 0.6916230575896202
    outer loop
      vertex 80.60136409848928 136.84112482429495 19.714040559377217
      vertex 158.68097930401564 136.77279507117925 19.642684125891407
      vertex 158.3062608167529 136.86712303605148 19.74119036723347
    endloop
  endfacet
  facet normal -6.253515945762319e-17 -0.7222586421847386 0.6916230575895065
    outer loop
      vertex 80.22336187213659 136.7532873173286 19.622312272099627
      vertex 159.06741542369127 136.7047402457169 19.571614798035462
      vertex 158.68097930401564 136.77279507117925 19.642684125891407
    endloop
  endfacet
  facet normal 0 0.7222586421846275 -0.6916230575896225
    outer loop
      vertex 125.19754000008106 139.18633373753175 18.33156410388066
      vertex 156.13650500774384 140.31965211042296 19.515083045571274
      vertex 126.79657000303268 139.18633373753175 18.33156410388066
    endloop
  endfacet
  facet normal 0 0.7222586421846274 -0.6916230575896223
    outer loop
      vertex 126.79657000303268 139.18633373753175 18.33156410388066
      vertex 156.13650500774384 140.31965211042296 19.515083045571274
      vertex 130.4340099990368 139.18633373753175 18.33156410388066
    endloop
  endfacet
  facet normal 0 0.7222586421846326 -0.6916230575896171
    outer loop
      vertex 130.4340099990368 139.18633373753175 18.33156410388066
      vertex 156.3005127608776 140.0682619754225 19.252557533196338
      vertex 132.5457699969411 139.18633373753175 18.33156410388066
    endloop
  endfacet
  facet normal 0 0.7222586421846326 -0.6916230575896171
    outer loop
      vertex 132.5457699969411 139.18633373753175 18.33156410388066
      vertex 156.3005127608776 140.0682619754225 19.252557533196338
      vertex 136.30578999966383 139.18633373753175 18.33156410388066
    endloop
  endfacet
  facet normal 1.1547560844822055e-15 0.7222586421846237 -0.6916230575896264
    outer loop
      vertex 125.19754000008106 139.18633373753175 18.33156410388066
      vertex 155.85999999940395 143.6917140380515 23.03651114500368
      vertex 155.85999999940395 141.33036521605956 20.570565894653008
    endloop
  endfacet
  facet normal 0 0.7222586421846341 -0.6916230575896155
    outer loop
      vertex 136.30578999966383 139.18633373753175 18.33156410388066
      vertex 156.49989631026983 139.82941519495796 19.00313098580837
      vertex 138.1062399968505 139.18633373753175 18.33156410388066
    endloop
  endfacet
  facet normal 2.4592613135782587e-15 0.7222586421846151 -0.6916230575896354
    outer loop
      vertex 125.19754000008106 139.18633373753175 18.33156410388066
      vertex 155.85999999940395 141.33036521605956 20.570565894653008
      vertex 155.87118481099606 141.12362499534282 20.354668073634414
    endloop
  endfacet
  facet normal -1.881635327637229e-15 0.7222586421846479 -0.6916230575896014
    outer loop
      vertex 125.19754000008106 139.18633373753175 18.33156410388066
      vertex 155.87118481099606 141.12362499534282 20.354668073634414
      vertex 155.92076898366213 140.84996887920923 20.068890303944357
    endloop
  endfacet
  facet normal 3.023710618674543e-15 0.7222586421846042 -0.6916230575896467
    outer loop
      vertex 125.19754000008106 139.18633373753175 18.33156410388066
      vertex 155.92076898366213 140.84996887920923 20.068890303944357
      vertex 156.0095030143857 140.58108716598866 19.788098420319535
    endloop
  endfacet
  facet normal -3.504908000598141e-15 0.7222586421846733 -0.6916230575895747
    outer loop
      vertex 125.19754000008106 139.18633373753175 18.33156410388066
      vertex 156.0095030143857 140.58108716598866 19.788098420319535
      vertex 156.13650500774384 140.31965211042296 19.515083045571274
    endloop
  endfacet
  facet normal 1.6101205839861667e-15 0.7222586421846099 -0.6916230575896409
    outer loop
      vertex 130.4340099990368 139.18633373753175 18.33156410388066
      vertex 156.13650500774384 140.31965211042296 19.515083045571274
      vertex 156.3005127608776 140.0682619754225 19.252557533196338
    endloop
  endfacet
  facet normal 0 0.722258642184625 -0.691623057589625
    outer loop
      vertex 133.52893000096083 134.20123231645948 13.125646597190645
      vertex 136.30578999966383 139.18633373753175 18.33156410388066
      vertex 136.30578999966383 134.20123231645948 13.125646597190645
    endloop
  endfacet
  facet normal 5.575508385880145e-17 0.722258642184625 -0.6916230575896251
    outer loop
      vertex 138.1062399968505 139.18633373753175 18.33156410388066
      vertex 140.88931000232697 134.20123231645948 13.125646597190645
      vertex 138.1062399968505 134.20123231645948 13.125646597190645
    endloop
  endfacet
  facet normal 3.4025326228720446e-15 -0.7222586421846464 0.6916230575896025
    outer loop
      vertex 0 120.83603307663407 3.0000000038279566
      vertex 239 141.77772863733847 24.869312246585586
      vertex 174.55459271371365 136.6919168156873 19.558223351553657
    endloop
  endfacet
  facet normal 6.482092728401713e-16 0.7222586421846252 -0.6916230575896247
    outer loop
      vertex 138.1062399968505 139.18633373753175 18.33156410388066
      vertex 156.49989631026983 139.82941519495796 19.00313098580837
      vertex 140.88931000232697 134.20123231645948 13.125646597190645
    endloop
  endfacet
  facet normal -2.7897334849319527e-15 0.7222586421846209 -0.6916230575896294
    outer loop
      vertex 122.27716249972582 133.71301559595986 12.61580421734169
      vertex 125.19754000008106 133.23884574462593 12.120630915597118
      vertex 122.13002444803715 133.64047586790286 12.540051327214691
    endloop
  endfacet
  facet normal -1.4558466579891432e-14 0.722258642184559 -0.6916230575896939
    outer loop
      vertex 121.81919000297785 133.51040462339085 12.404218550360909
      vertex 121.97736694663763 133.57293887704654 12.46952277155443
      vertex 125.19754000008106 133.23884574462593 12.120630915597118
    endloop
  endfacet
  facet normal 5.131825518840899e-15 0.7222586421846499 -0.6916230575895993
    outer loop
      vertex 121.97736694663763 133.57293887704654 12.46952277155443
      vertex 122.13002444803715 133.64047586790286 12.540051327214691
      vertex 125.19754000008106 133.23884574462593 12.120630915597118
    endloop
  endfacet
  facet normal 3.2585604400752945e-14 0.7222586421846743 -0.6916230575895737
    outer loop
      vertex 122.9269166663289 134.14820173356134 13.070267013791906
      vertex 125.19754000008106 133.23884574462593 12.120630915597118
      vertex 122.80973916500807 134.05256351707428 12.970392482972109
    endloop
  endfacet
  facet normal -2.2990649065258403e-14 0.722258642184617 -0.6916230575896334
    outer loop
      vertex 123.32461000233889 134.56801385371713 13.508674797553631
      vertex 125.19754000008106 133.23884574462593 12.120630915597118
      vertex 123.23583916574717 134.45747193348586 13.393236400388325
    endloop
  endfacet
  facet normal 4.8803574636428545e-16 0.7222586421846351 -0.6916230575896145
    outer loop
      vertex 123.13996666669846 134.35065593661415 13.281688967118768
      vertex 123.23583916574717 134.45747193348586 13.393236400388325
      vertex 125.19754000008106 133.23884574462593 12.120630915597118
    endloop
  endfacet
  facet normal 1.4033323602862555e-14 0.7222586421846471 -0.691623057589602
    outer loop
      vertex 123.13996666669846 134.35065593661415 13.281688967118768
      vertex 125.19754000008106 133.23884574462593 12.120630915597118
      vertex 123.03699249774218 134.24756587340798 13.174032508507466
    endloop
  endfacet
  facet normal -1.4964135681172456e-14 0.7222586421846173 -0.6916230575896329
    outer loop
      vertex 122.9269166663289 134.14820173356134 13.070267013791906
      vertex 123.03699249774218 134.24756587340798 13.174032508507466
      vertex 125.19754000008106 133.23884574462593 12.120630915597118
    endloop
  endfacet
  facet normal -3.638314754219719e-14 0.7222586421845774 -0.6916230575896748
    outer loop
      vertex 122.68546000123024 133.9606512342527 12.874408926810553
      vertex 122.80973916500807 134.05256351707428 12.970392482972109
      vertex 125.19754000008106 133.23884574462593 12.120630915597118
    endloop
  endfacet
  facet normal 9.92146788837914e-15 0.7222586421846545 -0.6916230575895943
    outer loop
      vertex 122.68546000123024 133.9606512342527 12.874408926810553
      vertex 125.19754000008106 133.23884574462593 12.120630915597118
      vertex 122.55488027632236 133.87310328428777 12.78298302252086
    endloop
  endfacet
  facet normal 2.1526466613885217e-14 0.7222586421846775 -0.6916230575895702
    outer loop
      vertex 122.55488027632236 133.87310328428777 12.78298302252086
      vertex 125.19754000008106 133.23884574462593 12.120630915597118
      vertex 122.41878110915422 133.7905580715235 12.696781452697905
    endloop
  endfacet
  facet normal -6.243588440973458e-15 0.7222586421846107 -0.69162305758964
    outer loop
      vertex 122.27716249972582 133.71301559595986 12.61580421734169
      vertex 122.41878110915422 133.7905580715235 12.696781452697905
      vertex 125.19754000008106 133.23884574462593 12.120630915597118
    endloop
  endfacet
  facet normal -2.6859861505322184e-18 0.7222586421846356 -0.6916230575896138
    outer loop
      vertex 133.52893000096083 134.20123231645948 13.125646597190645
      vertex 133.52893000096083 133.23884574462593 12.120630915597118
      vertex 132.5457699969411 133.23884574462593 12.120630915597118
    endloop
  endfacet
  facet normal 0 0.7222586421846269 -0.6916230575896233
    outer loop
      vertex 98.81205999851227 133.23884574462593 12.120630915597118
      vertex 105.15327999740839 133.23884574462593 12.120630915597118
      vertex 239 123.34193721839256 1.785336804821334
    endloop
  endfacet
  facet normal 3.4660633075899196e-16 0.7222586421846289 -0.691623057589621
    outer loop
      vertex 136.30578999966383 139.18633373753175 18.33156410388066
      vertex 156.3005127608776 140.0682619754225 19.252557533196338
      vertex 156.49989631026983 139.82941519495796 19.00313098580837
    endloop
  endfacet
  facet normal 4.975597699793058e-15 0.7222586421846187 -0.6916230575896317
    outer loop
      vertex 140.88931000232697 134.20123231645948 13.125646597190645
      vertex 156.49989631026983 139.82941519495796 19.00313098580837
      vertex 156.73267406970263 139.60548552117325 18.769282301387335
    endloop
  endfacet
  facet normal -2.5585060471703127e-15 0.7222586421846301 -0.6916230575896198
    outer loop
      vertex 140.88931000232697 134.20123231645948 13.125646597190645
      vertex 156.73267406970263 139.60548552117325 18.769282301387335
      vertex 156.99653260409832 139.39869848551209 18.55333559174678
    endloop
  endfacet
  facet normal -3.2314360996372003e-15 0.7222586421846309 -0.691623057589619
    outer loop
      vertex 140.88931000232697 134.20123231645948 13.125646597190645
      vertex 156.99653260409832 139.39869848551209 18.55333559174678
      vertex 157.28884956240654 139.21110921508162 18.357437016268825
    endloop
  endfacet
  facet normal 6.515812501550692e-15 0.7222586421846157 -0.6916230575896348
    outer loop
      vertex 140.88931000232697 134.20123231645948 13.125646597190645
      vertex 157.28884956240654 139.21110921508162 18.357437016268825
      vertex 157.60671976953745 139.0445820680228 18.183533515219068
    endloop
  endfacet
  facet normal 6.830844265569662e-15 0.7222586421846159 -0.6916230575896345
    outer loop
      vertex 140.88931000232697 134.20123231645948 13.125646597190645
      vertex 157.60671976953745 139.0445820680228 18.183533515219068
      vertex 157.9469840824604 138.90077205696946 18.033353410353953
    endloop
  endfacet
  facet normal -8.533832121901444e-15 0.7222586421846421 -0.6916230575896072
    outer loop
      vertex 140.88931000232697 134.20123231645948 13.125646597190645
      vertex 157.9469840824604 138.90077205696946 18.033353410353953
      vertex 158.3062608167529 138.7811084367645 17.908389265651564
    endloop
  endfacet
  facet normal -1.108768265225171e-15 0.7222586421846277 -0.6916230575896223
    outer loop
      vertex 140.88931000232697 134.20123231645948 13.125646597190645
      vertex 158.3062608167529 138.7811084367645 17.908389265651564
      vertex 158.68097930401564 138.68678047189226 17.8098830243095
    endloop
  endfacet
  facet normal 7.125906622421392e-15 0.7222586421846138 -0.6916230575896367
    outer loop
      vertex 140.88931000232697 134.20123231645948 13.125646597190645
      vertex 158.68097930401564 138.68678047189226 17.8098830243095
      vertex 159.06741542369127 138.61872564642988 17.738813696453555
    endloop
  endfacet
  facet normal -1.353140405811251e-14 0.722258642184653 -0.6916230575895959
    outer loop
      vertex 140.88931000232697 134.20123231645948 13.125646597190645
      vertex 159.06741542369127 138.61872564642988 17.738813696453555
      vertex 159.46172861009836 138.57762030621134 17.695887586794555
    endloop
  endfacet
  facet normal -2.265936897262405e-14 0.7222586421846734 -0.6916230575895747
    outer loop
      vertex 140.88931000232697 134.20123231645948 13.125646597190645
      vertex 159.46172861009836 138.57762030621134 17.695887586794555
      vertex 159.85999999940395 138.5638729857011 17.6815313259145
    endloop
  endfacet
  facet normal 7.47112812846863e-18 0.7222586421846249 -0.6916230575896251
    outer loop
      vertex 140.88931000232697 134.20123231645948 13.125646597190645
      vertex 159.85999999940395 138.5638729857011 17.6815313259145
      vertex 173.85999999940395 138.5638729857011 17.6815313259145
    endloop
  endfacet
  facet normal 8.556501233851176e-14 0.7222586421843084 -0.6916230575899559
    outer loop
      vertex 140.88931000232697 134.20123231645948 13.125646597190645
      vertex 173.85999999940395 138.5638729857011 17.6815313259145
      vertex 174.15892037004232 138.57160865929296 17.689609652748103
    endloop
  endfacet
  facet normal -1.921092960465235e-15 0.7222586421846356 -0.691623057589614
    outer loop
      vertex 140.88931000232697 134.20123231645948 13.125646597190645
      vertex 239 143.6917140380515 23.03651114500368
      vertex 140.88931000232697 133.23884574462593 12.120630915597118
    endloop
  endfacet
  facet normal 0 0.7222586421846268 -0.6916230575896232
    outer loop
      vertex 105.15327999740839 133.23884574462593 12.120630915597118
      vertex 106.44757000356913 133.23884574462593 12.120630915597118
      vertex 239 123.34193721839256 1.785336804821334
    endloop
  endfacet
  facet normal 0 0.7222586421846269 -0.6916230575896232
    outer loop
      vertex 106.44757000356913 133.23884574462593 12.120630915597118
      vertex 110.7441700026393 133.23884574462593 12.120630915597118
      vertex 239 123.34193721839256 1.785336804821334
    endloop
  endfacet
  facet normal 8.334878812898284e-14 0.7222586421851435 -0.6916230575890836
    outer loop
      vertex 110.7441700026393 133.23884574462593 12.120630915597118
      vertex 110.91289360821247 133.24025934467505 12.122107131349154
      vertex 239 123.34193721839256 1.785336804821334
    endloop
  endfacet
  facet normal 8.814950059885247e-15 0.7222586421846822 -0.6916230575895653
    outer loop
      vertex 110.91289360821247 133.24025934467505 12.122107131349154
      vertex 111.0772844478488 133.24450014997547 12.126535783986505
      vertex 239 123.34193721839256 1.785336804821334
    endloop
  endfacet
  facet normal -1.6608107676428515e-14 0.7222586421845251 -0.6916230575897294
    outer loop
      vertex 111.0772844478488 133.24450014997547 12.126535783986505
      vertex 111.23734249919653 133.25156815022117 12.13391686274668
      vertex 239 123.34193721839256 1.785336804821334
    endloop
  endfacet
  facet normal 9.538177704369967e-15 0.7222586421846863 -0.6916230575895611
    outer loop
      vertex 111.23734249919653 133.25156815022117 12.13391686274668
      vertex 111.39306777715683 133.26146335571815 12.144250378392172
      vertex 239 123.34193721839256 1.785336804821334
    endloop
  endfacet
  facet normal -2.279274115478812e-14 0.7222586421844873 -0.6916230575897688
    outer loop
      vertex 111.54446027427912 133.27418576131342 12.157536325541734
      vertex 239 123.34193721839256 1.785336804821334
      vertex 111.39306777715683 133.26146335571815 12.144250378392172
    endloop
  endfacet
  facet normal -1.2618811816394825e-14 0.7222586421845515 -0.6916230575897018
    outer loop
      vertex 112.48289000242949 133.44240424445604 12.333206080752582
      vertex 239 123.34193721839256 1.785336804821334
      vertex 112.36182694137096 133.40989142786682 12.299253102312043
    endloop
  endfacet
  facet normal 7.116658375470859e-15 0.7222586421846698 -0.6916230575895783
    outer loop
      vertex 112.48289000242949 133.44240424445604 12.333206080752582
      vertex 112.59962027519941 133.47774426114353 12.370111490697191
      vertex 239 123.34193721839256 1.785336804821334
    endloop
  endfacet
  facet normal 1.216904868898836e-15 0.7222586421846341 -0.6916230575896155
    outer loop
      vertex 111.83424694091082 133.30811217795178 12.192965519734308
      vertex 111.97264111042023 133.32931618899488 12.215108766777327
      vertex 239 123.34193721839256 1.785336804821334
    endloop
  endfacet
  facet normal -1.5035403093117854e-14 0.722258642184535 -0.6916230575897191
    outer loop
      vertex 111.54446027427912 133.27418576131342 12.157536325541734
      vertex 111.69151999801397 133.28973537215995 12.173774709576605
      vertex 239 123.34193721839256 1.785336804821334
    endloop
  endfacet
  facet normal -1.691570196919205e-14 0.7222586421845235 -0.6916230575897312
    outer loop
      vertex 111.69151999801397 133.28973537215995 12.173774709576605
      vertex 111.83424694091082 133.30811217795178 12.192965519734308
      vertex 239 123.34193721839256 1.785336804821334
    endloop
  endfacet
  facet normal 1.4180109959336514e-14 0.722258642184713 -0.6916230575895332
    outer loop
      vertex 111.97264111042023 133.32931618899488 12.215108766777327
      vertex 112.10670249909163 133.35334740013624 12.240204445324409
      vertex 239 123.34193721839256 1.785336804821334
    endloop
  endfacet
  facet normal -5.354308461411677e-15 0.7222586421845946 -0.6916230575896568
    outer loop
      vertex 112.23643111437559 133.3802058165289 12.268252560756814
      vertex 239 123.34193721839256 1.785336804821334
      vertex 112.10670249909163 133.35334740013624 12.240204445324409
    endloop
  endfacet
  facet normal 2.3816522770856737e-14 0.7222586421847708 -0.6916230575894728
    outer loop
      vertex 112.23643111437559 133.3802058165289 12.268252560756814
      vertex 112.36182694137096 133.40989142786682 12.299253102312043
      vertex 239 123.34193721839256 1.785336804821334
    endloop
  endfacet
  facet normal -6.133550464386368e-15 0.7222586421845908 -0.6916230575896609
    outer loop
      vertex 112.59962027519941 133.47774426114353 12.370111490697191
      vertex 119.04728555679321 133.1601090731633 12.03840658719065
      vertex 239 123.34193721839256 1.785336804821334
    endloop
  endfacet
  facet normal 9.787889831178988e-14 0.7222586421851986 -0.6916230575890261
    outer loop
      vertex 119.04728555679321 133.1601090731633 12.03840658719065
      vertex 119.26614888757467 133.15268276983215 12.030651334236687
      vertex 239 123.34193721839256 1.785336804821334
    endloop
  endfacet
  facet normal -1.787459151821757e-14 0.7222586421845227 -0.691623057589732
    outer loop
      vertex 119.49054999649525 133.15020733367078 12.028066248124944
      vertex 119.71496027708054 133.1527087048476 12.030678418048936
      vertex 239 123.34193721839256 1.785336804821334
    endloop
  endfacet
  facet normal -3.2520674811329704e-14 0.7222586421844372 -0.6916230575898211
    outer loop
      vertex 119.26614888757467 133.15268276983215 12.030651334236687
      vertex 119.49054999649525 133.15020733367078 12.028066248124944
      vertex 239 123.34193721839256 1.785336804821334
    endloop
  endfacet
  facet normal 1.8455374473238352e-14 0.722258642184734 -0.6916230575895113
    outer loop
      vertex 119.71496027708054 133.1527087048476 12.030678418048936
      vertex 119.93385110795498 133.1602128132251 12.03851492243966
      vertex 239 123.34193721839256 1.785336804821334
    endloop
  endfacet
  facet normal -3.3087301907279335e-14 0.7222586421844377 -0.6916230575898207
    outer loop
      vertex 120.55740694701672 133.21274158732643 12.093370469318472
      vertex 120.75422000139952 133.24025665481255 12.122104322338622
      vertex 239 123.34193721839256 1.785336804821334
    endloop
  endfacet
  facet normal 2.8260916077661665e-14 0.7222586421847899 -0.691623057589453
    outer loop
      vertex 120.35507444292307 133.190229257041 12.069860950765054
      vertex 120.55740694701672 133.21274158732643 12.093370469318472
      vertex 239 123.34193721839256 1.785336804821334
    endloop
  endfacet
  facet normal 7.421654558214455e-15 0.7222586421846696 -0.6916230575895784
    outer loop
      vertex 120.35507444292307 133.190229257041 12.069860950765054
      vertex 239 123.34193721839256 1.785336804821334
      vertex 120.14722249656916 133.17271966395623 12.051575766678368
    endloop
  endfacet
  facet normal -9.29585965030866e-15 0.722258642184573 -0.6916230575896793
    outer loop
      vertex 119.93385110795498 133.1602128132251 12.03851492243966
      vertex 120.14722249656916 133.17271966395623 12.051575766678368
      vertex 239 123.34193721839256 1.785336804821334
    endloop
  endfacet
  facet normal 2.7077401718887284e-14 0.7222586421847814 -0.6916230575894616
    outer loop
      vertex 120.75422000139952 133.24025665481255 12.122104322338622
      vertex 120.94551361352205 133.27277446980528 12.156062520588009
      vertex 239 123.34193721839256 1.785336804821334
    endloop
  endfacet
  facet normal 1.75021668900756e-14 0.7222586421847257 -0.6916230575895199
    outer loop
      vertex 121.31154250353575 133.35281831139275 12.23965192048697
      vertex 239 123.34193721839256 1.785336804821334
      vertex 121.13128777593374 133.3102950168457 12.195245047922874
    endloop
  endfacet
  facet normal -2.576572319561611e-14 0.722258642184481 -0.6916230575897755
    outer loop
      vertex 120.94551361352205 133.27277446980528 12.156062520588009
      vertex 121.13128777593374 133.3102950168457 12.195245047922874
      vertex 239 123.34193721839256 1.785336804821334
    endloop
  endfacet
  facet normal -4.7329757218071894e-15 0.722258642184601 -0.6916230575896504
    outer loop
      vertex 121.4862777814269 133.40034434314046 12.289283127517798
      vertex 121.65549360960722 133.45287311208884 12.344138669015365
      vertex 239 123.34193721839256 1.785336804821334
    endloop
  endfacet
  facet normal 3.3848841848803475e-15 0.722258642184646 -0.6916230575896031
    outer loop
      vertex 121.81919000297785 133.51040462339085 12.404218550360909
      vertex 239 123.34193721839256 1.785336804821334
      vertex 121.65549360960722 133.45287311208884 12.344138669015365
    endloop
  endfacet
  facet normal 2.246043207497957e-15 0.72225864218464 -0.6916230575896095
    outer loop
      vertex 121.31154250353575 133.35281831139275 12.23965192048697
      vertex 121.4862777814269 133.40034434314046 12.289283127517798
      vertex 239 123.34193721839256 1.785336804821334
    endloop
  endfacet
  facet normal -4.179943371533137e-14 0.7222586421843974 -0.6916230575898629
    outer loop
      vertex 121.81919000297785 133.51040462339085 12.404218550360909
      vertex 125.19754000008106 133.23884574462593 12.120630915597118
      vertex 239 123.34193721839256 1.785336804821334
    endloop
  endfacet
  facet normal 0 0.7222586421846268 -0.6916230575896231
    outer loop
      vertex 125.19754000008106 133.23884574462593 12.120630915597118
      vertex 127.25430999696255 133.23884574462593 12.120630915597118
      vertex 239 123.34193721839256 1.785336804821334
    endloop
  endfacet
  facet normal 0 -0.7222586421846273 0.6916230575896226
    outer loop
      vertex 0 120.83603307663407 3.0000000038279566
      vertex 239 120.83603307663407 3.0000000038279566
      vertex 239 141.77772863733847 24.869312246585586
    endloop
  endfacet
  facet normal 0 0.7222586421846269 -0.6916230575896232
    outer loop
      vertex 127.25430999696255 133.23884574462593 12.120630915597118
      vertex 130.94674000144005 133.23884574462593 12.120630915597118
      vertex 239 123.34193721839256 1.785336804821334
    endloop
  endfacet
  facet normal 0 0.7222586421846268 -0.6916230575896232
    outer loop
      vertex 130.94674000144005 133.23884574462593 12.120630915597118
      vertex 132.5457699969411 133.23884574462593 12.120630915597118
      vertex 239 123.34193721839256 1.785336804821334
    endloop
  endfacet
  facet normal 0 0.7222586421846268 -0.6916230575896232
    outer loop
      vertex 132.5457699969411 133.23884574462593 12.120630915597118
      vertex 133.52893000096083 133.23884574462593 12.120630915597118
      vertex 239 123.34193721839256 1.785336804821334
    endloop
  endfacet
  facet normal 0 0.7222586421846269 -0.6916230575896232
    outer loop
      vertex 133.52893000096083 133.23884574462593 12.120630915597118
      vertex 140.88931000232697 133.23884574462593 12.120630915597118
      vertex 239 123.34193721839256 1.785336804821334
    endloop
  endfacet
  facet normal -7.606720975678747e-16 0.7222586421846301 -0.6916230575896198
    outer loop
      vertex 140.88931000232697 134.20123231645948 13.125646597190645
      vertex 174.15892037004232 138.57160865929296 17.689609652748103
      vertex 239 143.6917140380515 23.03651114500368
    endloop
  endfacet
  facet normal 0 0.7222586421846237 -0.6916230575896266
    outer loop
      vertex 239 143.6917140380515 23.03651114500368
      vertex 177.85999999940395 141.33036521605956 20.570565894653008
      vertex 177.85999999940395 143.6917140380515 23.03651114500368
    endloop
  endfacet
  facet normal 0 0.9997653377059339 0.021662629612767326
    outer loop
      vertex 239 143.6917140380515 23.03651114500368
      vertex 177.85999999940395 143.6917140380515 23.03651114500368
      vertex 177.85999999940395 143.67376812803022 23.864743871758108
    endloop
  endfacet
  facet normal 8.534831602907285e-16 0.7222586421846127 -0.6916230575896378
    outer loop
      vertex 239 143.6917140380515 23.03651114500368
      vertex 177.8401231020689 141.05491154003755 20.282910941792167
      vertex 177.85999999940395 141.33036521605956 20.570565894653008
    endloop
  endfacet
  facet normal -1.813034702882954e-15 0.7222586421846426 -0.6916230575896065
    outer loop
      vertex 239 143.6917140380515 23.03651114500368
      vertex 177.7806899473071 140.78219544840678 19.998114835182285
      vertex 177.8401231020689 141.05491154003755 20.282910941792167
    endloop
  endfacet
  facet normal -1.7786652588655705e-15 0.7222586421846428 -0.6916230575896065
    outer loop
      vertex 239 143.6917140380515 23.03651114500368
      vertex 177.68229122459888 140.51492731775366 19.719008008094264
      vertex 177.7806899473071 140.78219544840678 19.998114835182285
    endloop
  endfacet
  facet normal 0 0.6916230575896233 0.7222586421846268
    outer loop
      vertex 239 143.67376812803022 23.864743871758108
      vertex 177.85999999940395 143.67376812803022 23.864743871758108
      vertex 177.85999999940395 142.60596136409288 24.887258156606833
    endloop
  endfacet
  facet normal -1.8323664949785935e-16 0.7222586421846272 -0.6916230575896228
    outer loop
      vertex 239 143.6917140380515 23.03651114500368
      vertex 177.16495509445667 139.77194465387305 18.94311477536816
      vertex 177.3728862926364 140.00727929836546 19.188873616003782
    endloop
  endfacet
  facet normal 2.3551731308129722e-15 0.7222586421846083 -0.6916230575896426
    outer loop
      vertex 239 143.6917140380515 23.03651114500368
      vertex 176.92417777329683 139.55209828930052 18.713530271174847
      vertex 177.16495509445667 139.77194465387305 18.94311477536816
    endloop
  endfacet
  facet normal 5.087580628966837e-15 0.7222586421845948 -0.6916230575896565
    outer loop
      vertex 239 143.6917140380515 23.03651114500368
      vertex 174.9433618709445 138.66727271804163 17.78951117051772
      vertex 175.3213640972972 138.75511022500797 17.88123945779531
    endloop
  endfacet
  facet normal 8.284189767428855e-15 0.7222586421845737 -0.6916230575896787
    outer loop
      vertex 239 143.6917140380515 23.03651114500368
      vertex 175.68484263122082 138.86854176869872 17.999695474881463
      vertex 176.03018505126238 139.00644002876246 18.14370196653944
    endloop
  endfacet
  facet normal -2.334026784589437e-14 0.7222586421847687 -0.6916230575894751
    outer loop
      vertex 239 143.6917140380515 23.03651114500368
      vertex 175.3213640972972 138.75511022500797 17.88123945779531
      vertex 175.68484263122082 138.86854176869872 17.999695474881463
    endloop
  endfacet
  facet normal -2.875924736226574e-15 0.722258642184645 -0.6916230575896042
    outer loop
      vertex 239 143.6917140380515 23.03651114500368
      vertex 176.353959210217 139.16743449448023 18.311827714998152
      vertex 176.6529472693801 139.3499251408101 18.502401821779607
    endloop
  endfacet
  facet normal -1.077616703567202e-15 0.7222586421846319 -0.691623057589618
    outer loop
      vertex 239 143.6917140380515 23.03651114500368
      vertex 176.6529472693801 139.3499251408101 18.502401821779607
      vertex 176.92417777329683 139.55209828930052 18.713530271174847
    endloop
  endfacet
  facet normal 1.0179629281812439e-15 0.7222586421846197 -0.6916230575896306
    outer loop
      vertex 239 143.6917140380515 23.03651114500368
      vertex 176.03018505126238 139.00644002876246 18.14370196653944
      vertex 176.353959210217 139.16743449448023 18.311827714998152
    endloop
  endfacet
  facet normal -9.320668928373365e-15 0.7222586421847143 -0.6916230575895319
    outer loop
      vertex 239 143.6917140380515 23.03651114500368
      vertex 174.15892037004232 138.57160865929296 17.689609652748103
      vertex 174.55459271371365 138.60590221640032 17.72542224997175
    endloop
  endfacet
  facet normal 4.3019687954783265e-14 0.7222586421843641 -0.6916230575898974
    outer loop
      vertex 239 143.6917140380515 23.03651114500368
      vertex 174.55459271371365 138.60590221640032 17.72542224997175
      vertex 174.9433618709445 138.66727271804163 17.78951117051772
    endloop
  endfacet
  facet normal 1.154320512659686e-16 0.7222586421846251 -0.691623057589625
    outer loop
      vertex 239 143.6917140380515 23.03651114500368
      vertex 177.5459048449993 140.25576337185765 19.44836434228241
      vertex 177.68229122459888 140.51492731775366 19.719008008094264
    endloop
  endfacet
  facet normal -1.8759669308857478e-16 0.7222586421846268 -0.6916230575896232
    outer loop
      vertex 239 143.6917140380515 23.03651114500368
      vertex 177.3728862926364 140.00727929836546 19.188873616003782
      vertex 177.5459048449993 140.25576337185765 19.44836434228241
    endloop
  endfacet
  facet normal 0 -0.02166262961274217 0.9997653377059345
    outer loop
      vertex 239 142.60596136409288 24.887258156606833
      vertex 177.85999999940395 142.60596136409288 24.887258156606833
      vertex 177.85999999940395 141.77772863733847 24.869312246585586
    endloop
  endfacet
  facet normal 0 -0.7222586421846237 0.6916230575896266
    outer loop
      vertex 239 141.77772863733847 24.869312246585586
      vertex 177.85999999940395 141.77772863733847 24.869312246585586
      vertex 177.85999999940395 139.41637981534655 22.403366996234915
    endloop
  endfacet
  facet normal 2.055494696881563e-15 -0.7222586421846486 0.6916230575896003
    outer loop
      vertex 239 141.77772863733847 24.869312246585586
      vertex 177.85999999940395 139.41637981534655 22.403366996234915
      vertex 177.8401231020689 139.14092613932456 22.115712043374074
    endloop
  endfacet
  facet normal -1.843377788533695e-15 -0.7222586421846064 0.6916230575896444
    outer loop
      vertex 239 141.77772863733847 24.869312246585586
      vertex 177.8401231020689 139.14092613932456 22.115712043374074
      vertex 177.7806899473071 138.86821004769376 21.830915936764193
    endloop
  endfacet
  facet normal 1.7949731881021457e-15 -0.7222586421846429 0.6916230575896064
    outer loop
      vertex 239 141.77772863733847 24.869312246585586
      vertex 177.7806899473071 138.86821004769376 21.830915936764193
      vertex 177.68229122459888 138.60094191704064 21.55180910967617
    endloop
  endfacet
  facet normal 1.3601885710630669e-16 -0.7222586421846268 0.6916230575896234
    outer loop
      vertex 239 141.77772863733847 24.869312246585586
      vertex 177.3728862926364 138.09329389765244 21.02167471758569
      vertex 177.16495509445667 137.85795925316003 20.775915876950066
    endloop
  endfacet
  facet normal -2.2537959162514174e-15 -0.7222586421846097 0.691623057589641
    outer loop
      vertex 239 141.77772863733847 24.869312246585586
      vertex 177.16495509445667 137.85795925316003 20.775915876950066
      vertex 176.92417777329683 137.6381128885875 20.546331372756754
    endloop
  endfacet
  facet normal -5.184121503682913e-15 -0.7222586421845965 0.6916230575896549
    outer loop
      vertex 239 141.77772863733847 24.869312246585586
      vertex 175.3213640972972 136.84112482429495 19.714040559377217
      vertex 174.9433618709445 136.7532873173286 19.622312272099627
    endloop
  endfacet
  facet normal 5.323617017717708e-15 -0.7222586421846594 0.6916230575895889
    outer loop
      vertex 239 141.77772863733847 24.869312246585586
      vertex 176.03018505126238 137.09245462804944 19.976503068121346
      vertex 175.68484263122082 136.95455636798573 19.83249657646337
    endloop
  endfacet
  facet normal 4.676118115398415e-15 -0.7222586421846561 0.6916230575895926
    outer loop
      vertex 239 141.77772863733847 24.869312246585586
      vertex 175.68484263122082 136.95455636798573 19.83249657646337
      vertex 175.3213640972972 136.84112482429495 19.714040559377217
    endloop
  endfacet
  facet normal 2.9471139350550763e-15 -0.7222586421846442 0.6916230575896051
    outer loop
      vertex 239 141.77772863733847 24.869312246585586
      vertex 176.6529472693801 137.43593974009707 20.335202923361514
      vertex 176.353959210217 137.25344909376722 20.14462881658006
    endloop
  endfacet
  facet normal 1.0570408057375512e-15 -0.7222586421846332 0.6916230575896167
    outer loop
      vertex 239 141.77772863733847 24.869312246585586
      vertex 176.92417777329683 137.6381128885875 20.546331372756754
      vertex 176.6529472693801 137.43593974009707 20.335202923361514
    endloop
  endfacet
  facet normal -1.2102204896102618e-15 -0.7222586421846182 0.6916230575896322
    outer loop
      vertex 239 141.77772863733847 24.869312246585586
      vertex 176.353959210217 137.25344909376722 20.14462881658006
      vertex 176.03018505126238 137.09245462804944 19.976503068121346
    endloop
  endfacet
  facet normal -4.409739269734569e-14 -0.7222586421843685 0.6916230575898928
    outer loop
      vertex 239 141.77772863733847 24.869312246585586
      vertex 174.9433618709445 136.7532873173286 19.622312272099627
      vertex 174.55459271371365 136.6919168156873 19.558223351553657
    endloop
  endfacet
  facet normal -1.0783477160654301e-16 -0.7222586421846248 0.6916230575896252
    outer loop
      vertex 239 141.77772863733847 24.869312246585586
      vertex 177.68229122459888 138.60094191704064 21.55180910967617
      vertex 177.5459048449993 138.34177797114464 21.281165443864317
    endloop
  endfacet
  facet normal 1.3630519368599682e-16 -0.7222586421846275 0.6916230575896224
    outer loop
      vertex 239 141.77772863733847 24.869312246585586
      vertex 177.5459048449993 138.34177797114464 21.281165443864317
      vertex 177.3728862926364 138.09329389765244 21.02167471758569
    endloop
  endfacet
  facet normal 2.6378279067767136e-17 0.722258642184627 -0.691623057589623
    outer loop
      vertex 140.88931000232697 133.23884574462593 12.120630915597118
      vertex 239 143.6917140380515 23.03651114500368
      vertex 239 123.34193721839256 1.785336804821334
    endloop
  endfacet
  facet normal 1.4533669919808016e-20 0.9997653377059339 0.021662629612767326
    outer loop
      vertex 239 143.6917140380515 23.03651114500368
      vertex 177.85999999940395 143.67376812803022 23.864743871758108
      vertex 239 143.67376812803022 23.864743871758108
    endloop
  endfacet
  facet normal 6.923187833560301e-19 0.6916230575896233 0.7222586421846268
    outer loop
      vertex 239 143.67376812803022 23.864743871758108
      vertex 177.85999999940395 142.60596136409288 24.887258156606833
      vertex 239 142.60596136409288 24.887258156606833
    endloop
  endfacet
  facet normal -9.159582440122786e-21 -0.02166262961274217 0.9997653377059345
    outer loop
      vertex 239 142.60596136409288 24.887258156606833
      vertex 177.85999999940395 141.77772863733847 24.869312246585586
      vertex 239 141.77772863733847 24.869312246585586
    endloop
  endfacet
  facet normal 1 0 0
    outer loop
      vertex 239 143.6917140380515 23.03651114500368
      vertex 239 143.67376812803022 23.864743871758108
      vertex 239 120.83603307663407 3.0000000038279566
    endloop
  endfacet
  facet normal 1 0 0
    outer loop
      vertex 239 143.67376812803022 23.864743871758108
      vertex 239 142.60596136409288 24.887258156606833
      vertex 239 120.83603307663407 3.0000000038279566
    endloop
  endfacet
  facet normal 1 0 0
    outer loop
      vertex 239 142.60596136409288 24.887258156606833
      vertex 239 141.77772863733847 24.869312246585586
      vertex 239 120.83603307663407 3.0000000038279566
    endloop
  endfacet
  facet normal 1 0 0
    outer loop
      vertex 239 143.6917140380515 23.03651114500368
      vertex 239 122.82332227554414 3.0000000038329873
      vertex 239 123.34193721839256 1.785336804821334
    endloop
  endfacet
  facet normal 1 0 0
    outer loop
      vertex 239 143.6917140380515 23.03651114500368
      vertex 239 120.83603307663407 3.0000000038279566
      vertex 239 122.82332227554414 3.0000000038329873
    endloop
  endfacet
  facet normal 2.9790115147122273e-18 0.6916230575896455 0.7222586421846054
    outer loop
      vertex 98.81205999851227 139.6196889228425 17.91659026932689
      vertex 98.81205999851227 139.18633373753175 18.33156410388066
      vertex 100.61251000314951 139.18633373753175 18.33156410388066
    endloop
  endfacet
  facet normal 0 0.6916230575896455 0.7222586421846054
    outer loop
      vertex 98.81205999851227 139.6196889228425 17.91659026932689
      vertex 100.61251000314951 139.18633373753175 18.33156410388066
      vertex 100.61251000314951 139.6196889228425 17.91659026932689
    endloop
  endfacet
  facet normal 0 0.7222586421846271 -0.6916230575896228
    outer loop
      vertex 98.81205999851227 139.6196889228425 17.91659026932689
      vertex 100.61251000314951 139.6196889228425 17.91659026932689
      vertex 100.61251000314951 137.43740377472915 15.637640354861695
    endloop
  endfacet
  facet normal 1 0 0
    outer loop
      vertex 100.61251000314951 139.6196889228425 17.91659026932689
      vertex 100.61251000314951 139.18633373753175 18.33156410388066
      vertex 100.61251000314951 137.00404858941837 16.052614189415465
    endloop
  endfacet
  facet normal -1 0 0
    outer loop
      vertex 98.81205999851227 139.6196889228425 17.91659026932689
      vertex 98.81205999851227 133.6722009299367 11.705657081043348
      vertex 98.81205999851227 139.18633373753175 18.33156410388066
    endloop
  endfacet
  facet normal 1 0 0
    outer loop
      vertex 100.61251000314951 139.6196889228425 17.91659026932689
      vertex 100.61251000314951 137.00404858941837 16.052614189415465
      vertex 100.61251000314951 137.43740377472915 15.637640354861695
    endloop
  endfacet
  facet normal 1.9210606222892408e-18 0.6916230575896218 0.7222586421846281
    outer loop
      vertex 100.61251000314951 137.43740377472915 15.637640354861695
      vertex 100.61251000314951 137.00404858941837 16.052614189415465
      vertex 105.01287999749184 137.00404858941837 16.052614189415465
    endloop
  endfacet
  facet normal 0 0.6916230575896218 0.7222586421846281
    outer loop
      vertex 100.61251000314951 137.43740377472915 15.637640354861695
      vertex 105.01287999749184 137.00404858941837 16.052614189415465
      vertex 105.01287999749184 137.43740377472915 15.637640354861695
    endloop
  endfacet
  facet normal 0 0.7222586421846254 -0.6916230575896245
    outer loop
      vertex 100.61251000314951 137.43740377472915 15.637640354861695
      vertex 105.01287999749184 137.43740377472915 15.637640354861695
      vertex 105.01287999749184 136.47501720289557 14.632624673268168
    endloop
  endfacet
  facet normal 3.3228762740238946e-15 0.7222586421846284 -0.6916230575896215
    outer loop
      vertex 98.81205999851227 139.6196889228425 17.91659026932689
      vertex 100.61251000314951 137.43740377472915 15.637640354861695
      vertex 98.81205999851227 133.6722009299367 11.705657081043348
    endloop
  endfacet
  facet normal 1.613234282246906e-14 0.7222586421846254 -0.6916230575896245
    outer loop
      vertex 100.61251000314951 137.43740377472915 15.637640354861695
      vertex 100.61251000314951 136.47501720289557 14.632624673268168
      vertex 98.81205999851227 133.6722009299367 11.705657081043348
    endloop
  endfacet
  facet normal 1 0 0
    outer loop
      vertex 100.61251000314951 136.47501720289557 14.632624673268168
      vertex 100.61251000314951 136.04166201758483 15.047598507821938
      vertex 100.61251000314951 134.20123231645948 13.125646597190645
    endloop
  endfacet
  facet normal -1 0 0
    outer loop
      vertex 98.81205999851227 139.18633373753175 18.33156410388066
      vertex 98.81205999851227 133.6722009299367 11.705657081043348
      vertex 98.81205999851227 133.23884574462593 12.120630915597118
    endloop
  endfacet
  facet normal 1 0 0
    outer loop
      vertex 100.61251000314951 136.47501720289557 14.632624673268168
      vertex 100.61251000314951 134.20123231645948 13.125646597190645
      vertex 100.61251000314951 134.63458750177028 12.710672762636875
    endloop
  endfacet
  facet normal -8.450614743385803e-15 0.722258642184633 -0.6916230575896166
    outer loop
      vertex 100.61251000314951 136.47501720289557 14.632624673268168
      vertex 100.61251000314951 134.63458750177028 12.710672762636875
      vertex 98.81205999851227 133.6722009299367 11.705657081043348
    endloop
  endfacet
  facet normal 4.5495732428420576e-18 0.7222586421846254 -0.6916230575896245
    outer loop
      vertex 100.61251000314951 137.43740377472915 15.637640354861695
      vertex 105.01287999749184 136.47501720289557 14.632624673268168
      vertex 100.61251000314951 136.47501720289557 14.632624673268168
    endloop
  endfacet
  facet normal 0 -0.6916230575896454 -0.7222586421846054
    outer loop
      vertex 100.61251000314951 136.47501720289557 14.632624673268168
      vertex 105.01287999749184 136.47501720289557 14.632624673268168
      vertex 100.61251000314951 136.04166201758483 15.047598507821938
    endloop
  endfacet
  facet normal 0 -0.6916230575896454 -0.7222586421846054
    outer loop
      vertex 100.61251000314951 136.04166201758483 15.047598507821938
      vertex 105.01287999749184 136.47501720289557 14.632624673268168
      vertex 105.01287999749184 136.04166201758483 15.047598507821938
    endloop
  endfacet
  facet normal 2.5421225383326487e-18 0.6916230575895982 0.7222586421846507
    outer loop
      vertex 100.61251000314951 134.63458750177028 12.710672762636875
      vertex 100.61251000314951 134.20123231645948 13.125646597190645
      vertex 105.15327999740839 134.20123231645948 13.125646597190645
    endloop
  endfacet
  facet normal 0 0.6916230575895982 0.7222586421846507
    outer loop
      vertex 100.61251000314951 134.63458750177028 12.710672762636875
      vertex 105.15327999740839 134.20123231645948 13.125646597190645
      vertex 105.15327999740839 134.63458750177028 12.710672762636875
    endloop
  endfacet
  facet normal 2.9790115270399038e-18 0.6916230575896454 0.7222586421846054
    outer loop
      vertex 106.44757000356913 139.6196889228425 17.91659026932689
      vertex 106.44757000356913 139.18633373753175 18.33156410388066
      vertex 108.24802000075579 139.18633373753175 18.33156410388066
    endloop
  endfacet
  facet normal 0 0.6916230575896454 0.7222586421846054
    outer loop
      vertex 106.44757000356913 139.6196889228425 17.91659026932689
      vertex 108.24802000075579 139.18633373753175 18.33156410388066
      vertex 108.24802000075579 139.6196889228425 17.91659026932689
    endloop
  endfacet
  facet normal 0 0.6916230575896456 0.7222586421846054
    outer loop
      vertex 112.35543999820948 139.6196889228425 17.91659026932689
      vertex 114.38170000165701 139.18633373753175 18.33156410388066
      vertex 114.38170000165701 139.6196889228425 17.91659026932689
    endloop
  endfacet
  facet normal 2.6470252022703502e-18 0.6916230575896456 0.7222586421846054
    outer loop
      vertex 112.35543999820948 139.6196889228425 17.91659026932689
      vertex 112.35543999820948 139.18633373753175 18.33156410388066
      vertex 114.38170000165701 139.18633373753175 18.33156410388066
    endloop
  endfacet
  facet normal -0.28668597105296817 0.6625919102437925 0.6919415542377106
    outer loop
      vertex 117.85024777799845 139.54109287656794 17.834512795129918
      vertex 118.03483611345291 139.14594122118697 18.28938239277452
      vertex 118.03483611345291 139.57929640649775 17.87440855822075
    endloop
  endfacet
  facet normal -0.24433187607441087 0.6706611175343546 0.7003681887132862
    outer loop
      vertex 118.03483611345291 139.57929640649775 17.87440855822075
      vertex 118.22483000159264 139.17905094506492 18.323958718634074
      vertex 118.22483000159264 139.6124061303757 17.908984884080304
    endloop
  endfacet
  facet normal -0.2029901814938273 0.6772240001566985 0.7072217755618552
    outer loop
      vertex 118.22483000159264 139.6124061303757 17.908984884080304
      vertex 118.42022944241762 139.20706686804402 18.353215612643602
      vertex 118.42022944241762 139.64042205335483 17.938241778089832
    endloop
  endfacet
  facet normal -0.16284505827969317 0.6823910339442125 0.7126176841662237
    outer loop
      vertex 118.42022944241762 139.64042205335483 17.938241778089832
      vertex 118.62103444337845 139.22998898497133 18.37715306942185
      vertex 118.62103444337845 139.66334417028207 17.96217923486808
    endloop
  endfacet
  facet normal -0.2443318760744109 0.6706611175343546 0.7003681887132862
    outer loop
      vertex 118.03483611345291 139.57929640649775 17.87440855822075
      vertex 118.03483611345291 139.14594122118697 18.28938239277452
      vertex 118.22483000159264 139.17905094506492 18.323958718634074
    endloop
  endfacet
  facet normal -0.28668597105296817 0.6625919102437925 0.6919415542377106
    outer loop
      vertex 117.85024777799845 139.54109287656794 17.834512795129918
      vertex 117.85024777799845 139.10773769125717 18.249486629683688
      vertex 118.03483611345291 139.14594122118697 18.28938239277452
    endloop
  endfacet
  facet normal -0.20299018149373296 0.6772240001567352 0.7072217755618472
    outer loop
      vertex 118.22483000159264 139.6124061303757 17.908984884080304
      vertex 118.22483000159264 139.17905094506492 18.323958718634074
      vertex 118.42022944241762 139.20706686804402 18.353215612643602
    endloop
  endfacet
  facet normal -0.16284505827988113 0.6823910339441445 0.712617684166246
    outer loop
      vertex 118.42022944241762 139.64042205335483 17.938241778089832
      vertex 118.42022944241762 139.20706686804402 18.353215612643602
      vertex 118.62103444337845 139.22998898497133 18.37715306942185
    endloop
  endfacet
  facet normal -0.12404031204056236 0.6862817768734656 0.7166807683482783
    outer loop
      vertex 118.62103444337845 139.66334417028207 17.96217923486808
      vertex 118.82724499702454 139.24781729584674 18.39577108896882
      vertex 118.82724499702454 139.68117248115755 17.98079725441505
    endloop
  endfacet
  facet normal -0.08668147742046606 0.6890198417793537 0.719540116398356
    outer loop
      vertex 118.82724499702454 139.68117248115755 17.98079725441505
      vertex 119.03886111080647 139.26055180582335 18.409069676665766
      vertex 119.03886111080647 139.69390699113413 17.994095842111996
    endloop
  endfacet
  facet normal -0.05083924998035567 0.6907286846871726 0.7213246528517956
    outer loop
      vertex 119.25588277727365 139.70154770021188 18.002074997958914
      vertex 119.03886111080647 139.69390699113413 17.994095842111996
      vertex 119.25588277727365 139.2681925149011 18.417048832512684
    endloop
  endfacet
  facet normal -0.016553716059895626 0.6915282899145567 0.7221596767560877
    outer loop
      vertex 119.25588277727365 139.70154770021188 18.002074997958914
      vertex 119.4783099964261 139.27073941792702 18.419708551128323
      vertex 119.4783099964261 139.70409460323782 18.004734716574553
    endloop
  endfacet
  facet normal -0.12404031204037609 0.6862817768735288 0.7166807683482502
    outer loop
      vertex 118.62103444337845 139.66334417028207 17.96217923486808
      vertex 118.62103444337845 139.22998898497133 18.37715306942185
      vertex 118.82724499702454 139.24781729584674 18.39577108896882
    endloop
  endfacet
  facet normal -0.08668147742055794 0.6890198417793246 0.7195401163983727
    outer loop
      vertex 118.82724499702454 139.68117248115755 17.98079725441505
      vertex 118.82724499702454 139.24781729584674 18.39577108896882
      vertex 119.03886111080647 139.26055180582335 18.409069676665766
    endloop
  endfacet
  facet normal -0.05083924998035575 0.6907286846871724 0.7213246528517955
    outer loop
      vertex 119.03886111080647 139.69390699113413 17.994095842111996
      vertex 119.03886111080647 139.26055180582335 18.409069676665766
      vertex 119.25588277727365 139.2681925149011 18.417048832512684
    endloop
  endfacet
  facet normal -0.016553716059807225 0.6915282899145815 0.7221596767560663
    outer loop
      vertex 119.25588277727365 139.70154770021188 18.002074997958914
      vertex 119.25588277727365 139.2681925149011 18.417048832512684
      vertex 119.4783099964261 139.27073941792702 18.419708551128323
    endloop
  endfacet
  facet normal 0 0.7222586421846272 -0.6916230575896228
    outer loop
      vertex 106.44757000356913 139.6196889228425 17.91659026932689
      vertex 108.24802000075579 139.6196889228425 17.91659026932689
      vertex 108.24802000075579 137.3614013176001 15.558271353371154
    endloop
  endfacet
  facet normal 1 0 0
    outer loop
      vertex 108.24802000075579 139.6196889228425 17.91659026932689
      vertex 108.24802000075579 139.18633373753175 18.33156410388066
      vertex 108.24802000075579 136.92804613228935 15.973245187924924
    endloop
  endfacet
  facet normal 1 0 0
    outer loop
      vertex 105.01287999749184 137.43740377472915 15.637640354861695
      vertex 105.01287999749184 137.00404858941837 16.052614189415465
      vertex 105.01287999749184 136.04166201758483 15.047598507821938
    endloop
  endfacet
  facet normal 1 0 0
    outer loop
      vertex 108.24802000075579 139.6196889228425 17.91659026932689
      vertex 108.24802000075579 136.92804613228935 15.973245187924924
      vertex 108.24802000075579 137.3614013176001 15.558271353371154
    endloop
  endfacet
  facet normal -1 0 0
    outer loop
      vertex 106.44757000356913 139.6196889228425 17.91659026932689
      vertex 106.44757000356913 133.6722009299367 11.705657081043348
      vertex 106.44757000356913 139.18633373753175 18.33156410388066
    endloop
  endfacet
  facet normal -0.8532411369217507 0.36069290427484924 0.37666987013863074
    outer loop
      vertex 112.35543999820948 139.6196889228425 17.91659026932689
      vertex 110.35969000309706 137.3614013176001 15.558271353371154
      vertex 112.35543999820948 139.18633373753175 18.33156410388066
    endloop
  endfacet
  facet normal 2.5399618735556634e-18 0.6916230575896455 0.7222586421846054
    outer loop
      vertex 108.24802000075579 137.3614013176001 15.558271353371154
      vertex 108.24802000075579 136.92804613228935 15.973245187924924
      vertex 110.35969000309706 136.92804613228935 15.973245187924924
    endloop
  endfacet
  facet normal 0 0.6916230575896455 0.7222586421846054
    outer loop
      vertex 108.24802000075579 137.3614013176001 15.558271353371154
      vertex 110.35969000309706 136.92804613228935 15.973245187924924
      vertex 110.35969000309706 137.3614013176001 15.558271353371154
    endloop
  endfacet
  facet normal -0.8532411369217506 0.36069290427484907 0.3766698701386308
    outer loop
      vertex 112.35543999820948 139.18633373753175 18.33156410388066
      vertex 110.35969000309706 137.3614013176001 15.558271353371154
      vertex 110.35969000309706 136.92804613228935 15.973245187924924
    endloop
  endfacet
  facet normal -1.1182715787743586e-14 0.7222586421846319 -0.6916230575896178
    outer loop
      vertex 112.35543999820948 139.6196889228425 17.91659026932689
      vertex 112.05636999756098 137.12082023539335 15.307033682991062
      vertex 110.35969000309706 137.3614013176001 15.558271353371154
    endloop
  endfacet
  facet normal 1 0 0
    outer loop
      vertex 105.01287999749184 137.43740377472915 15.637640354861695
      vertex 105.01287999749184 136.04166201758483 15.047598507821938
      vertex 105.01287999749184 136.47501720289557 14.632624673268168
    endloop
  endfacet
  facet normal 3.3261317208612708e-15 0.7222586421846285 -0.6916230575896215
    outer loop
      vertex 106.44757000356913 139.6196889228425 17.91659026932689
      vertex 108.24802000075579 137.3614013176001 15.558271353371154
      vertex 106.44757000356913 133.6722009299367 11.705657081043348
    endloop
  endfacet
  facet normal -1 0 0
    outer loop
      vertex 106.44757000356913 139.18633373753175 18.33156410388066
      vertex 106.44757000356913 133.6722009299367 11.705657081043348
      vertex 106.44757000356913 134.59866182676512 13.5406803288274
    endloop
  endfacet
  facet normal -1.7069441039970742e-14 0.7222586421846332 -0.6916230575896164
    outer loop
      vertex 108.24802000075579 137.3614013176001 15.558271353371154
      vertex 108.24802000075579 136.3947820152067 14.548835451553117
      vertex 106.44757000356913 133.6722009299367 11.705657081043348
    endloop
  endfacet
  facet normal 1 0 0
    outer loop
      vertex 108.24802000075579 136.3947820152067 14.548835451553117
      vertex 108.24802000075579 135.9614268298959 14.963809286106887
      vertex 108.24802000075579 134.20546504701935 13.130066817415155
    endloop
  endfacet
  facet normal 1 0 0
    outer loop
      vertex 108.24802000075579 136.3947820152067 14.548835451553117
      vertex 108.24802000075579 134.20546504701935 13.130066817415155
      vertex 108.24802000075579 134.63882023233012 12.715092982861385
    endloop
  endfacet
  facet normal 9.46822545432225e-15 0.7222586421846248 -0.6916230575896253
    outer loop
      vertex 108.24802000075579 136.3947820152067 14.548835451553117
      vertex 108.24802000075579 134.63882023233012 12.715092982861385
      vertex 106.44757000356913 133.6722009299367 11.705657081043348
    endloop
  endfacet
  facet normal 0 0.7222586421846332 -0.6916230575896165
    outer loop
      vertex 108.24802000075579 137.3614013176001 15.558271353371154
      vertex 110.35969000309706 137.3614013176001 15.558271353371154
      vertex 108.24802000075579 136.3947820152067 14.548835451553117
    endloop
  endfacet
  facet normal -1.4320928772549786e-17 0.7222586421846332 -0.6916230575896165
    outer loop
      vertex 110.35969000309706 137.3614013176001 15.558271353371154
      vertex 110.60385999828577 136.3947820152067 14.548835451553117
      vertex 108.24802000075579 136.3947820152067 14.548835451553117
    endloop
  endfacet
  facet normal 0 -0.6916230575896217 -0.7222586421846281
    outer loop
      vertex 108.24802000075579 136.3947820152067 14.548835451553117
      vertex 110.60385999828577 136.3947820152067 14.548835451553117
      vertex 108.24802000075579 135.9614268298959 14.963809286106887
    endloop
  endfacet
  facet normal 0 -0.6916230575896217 -0.7222586421846281
    outer loop
      vertex 108.24802000075579 135.9614268298959 14.963809286106887
      vertex 110.60385999828577 136.3947820152067 14.548835451553117
      vertex 110.60385999828577 135.9614268298959 14.963809286106887
    endloop
  endfacet
  facet normal -3.709111253535412e-16 0.7222586421846331 -0.6916230575896166
    outer loop
      vertex 110.35969000309706 137.3614013176001 15.558271353371154
      vertex 110.68681000173092 136.39405254201145 14.548073666193709
      vertex 110.60385999828577 136.3947820152067 14.548835451553117
    endloop
  endfacet
  facet normal 1.6017538105820392e-13 0.7222586421846592 -0.6916230575895893
    outer loop
      vertex 110.35969000309706 137.3614013176001 15.558271353371154
      vertex 110.76749999821186 136.3918641327317 14.545788320877975
      vertex 110.68681000173092 136.39405254201145 14.548073666193709
    endloop
  endfacet
  facet normal -2.1608642266516887e-13 0.7222586421845834 -0.6916230575896686
    outer loop
      vertex 110.35969000309706 137.3614013176001 15.558271353371154
      vertex 110.84593000262976 136.38821678221453 14.541979410224663
      vertex 110.76749999821186 136.3918641327317 14.545788320877975
    endloop
  endfacet
  facet normal 6.754136715249501e-14 0.7222586421846512 -0.6916230575895979
    outer loop
      vertex 110.35969000309706 137.3614013176001 15.558271353371154
      vertex 110.92210000008345 136.38311049045984 14.536646934233787
      vertex 110.84593000262976 136.38821678221453 14.541979410224663
    endloop
  endfacet
  facet normal -5.5199580968547813e-14 0.7222586421846174 -0.6916230575896329
    outer loop
      vertex 110.35969000309706 137.3614013176001 15.558271353371154
      vertex 110.99600999802351 136.37654525746768 14.529790892905332
      vertex 110.92210000008345 136.38311049045984 14.536646934233787
    endloop
  endfacet
  facet normal 1.365597175303446e-13 0.722258642184677 -0.6916230575895709
    outer loop
      vertex 110.35969000309706 137.3614013176001 15.558271353371154
      vertex 111.06765999644995 136.36852108839102 14.521411291620552
      vertex 110.99600999802351 136.37654525746768 14.529790892905332
    endloop
  endfacet
  facet normal 1.40076030292584e-13 0.7222586421846783 -0.6916230575895697
    outer loop
      vertex 110.35969000309706 137.3614013176001 15.558271353371154
      vertex 111.13705000281334 136.3590379729239 14.511508119616956
      vertex 111.06765999644995 136.36852108839102 14.521411291620552
    endloop
  endfacet
  facet normal -3.3361105190184043e-13 0.7222586421845031 -0.6916230575897523
    outer loop
      vertex 110.35969000309706 137.3614013176001 15.558271353371154
      vertex 111.20418000221252 136.3480959213723 14.500081387657033
      vertex 111.13705000281334 136.3590379729239 14.511508119616956
    endloop
  endfacet
  facet normal -1.1626988212928986e-14 0.7222586421846305 -0.6916230575896192
    outer loop
      vertex 110.35969000309706 137.3614013176001 15.558271353371154
      vertex 112.05636999756098 137.12082023539335 15.307033682991062
      vertex 111.20418000221252 136.3480959213723 14.500081387657033
    endloop
  endfacet
  facet normal 2.35655271026275e-13 0.7222586421845689 -0.6916230575896838
    outer loop
      vertex 111.61080999672413 136.2306512161676 14.377434445248028
      vertex 112.05636999756098 137.12082023539335 15.307033682991062
      vertex 112.15222860872746 137.10391408359283 15.289378669743606
    endloop
  endfacet
  facet normal -9.945894498182023e-14 0.7222586421846683 -0.6916230575895799
    outer loop
      vertex 111.61080999672413 136.2306512161676 14.377434445248028
      vertex 112.15222860872746 137.10391408359283 15.289378669743606
      vertex 112.24586444348097 137.08509329074244 15.269724206029878
    endloop
  endfacet
  facet normal 1.6101164042127275e-13 0.7222586421845395 -0.6916230575897144
    outer loop
      vertex 111.20418000221252 136.3480959213723 14.500081387657033
      vertex 112.05636999756098 137.12082023539335 15.307033682991062
      vertex 111.26905000209808 136.3356949285832 14.487131090359533
    endloop
  endfacet
  facet normal -9.311954638466842e-14 0.7222586421846614 -0.6916230575895871
    outer loop
      vertex 111.26905000209808 136.3356949285832 14.487131090359533
      vertex 112.05636999756098 137.12082023539335 15.307033682991062
      vertex 111.33166000247002 136.32183499455664 14.472657227724468
    endloop
  endfacet
  facet normal 6.287814219074013e-14 0.7222586421845937 -0.6916230575896577
    outer loop
      vertex 111.33166000247002 136.32183499455664 14.472657227724468
      vertex 112.05636999756098 137.12082023539335 15.307033682991062
      vertex 111.39201000332832 136.30651611929258 14.456659799751826
    endloop
  endfacet
  facet normal 8.722565701349787e-15 0.7222586421846149 -0.6916230575896357
    outer loop
      vertex 111.39201000332832 136.30651611929258 14.456659799751826
      vertex 112.05636999756098 137.12082023539335 15.307033682991062
      vertex 111.45009999722242 136.28973830279105 14.439138806441612
    endloop
  endfacet
  facet normal -1.0291322897370975e-13 0.7222586421846539 -0.6916230575895949
    outer loop
      vertex 111.45009999722242 136.28973830279105 14.439138806441612
      vertex 112.05636999756098 137.12082023539335 15.307033682991062
      vertex 111.50592999905348 136.27150155020504 14.420094253175073
    endloop
  endfacet
  facet normal 2.0196745362078228e-13 0.7222586421845593 -0.6916230575896937
    outer loop
      vertex 111.50592999905348 136.27150155020504 14.420094253175073
      vertex 112.05636999756098 137.12082023539335 15.307033682991062
      vertex 111.5595000013709 136.25180585122854 14.399526129189717
    endloop
  endfacet
  facet normal -3.1681643461284974e-13 0.7222586421847013 -0.6916230575895456
    outer loop
      vertex 111.5595000013709 136.25180585122854 14.399526129189717
      vertex 112.05636999756098 137.12082023539335 15.307033682991062
      vertex 111.61080999672413 136.2306512161676 14.377434445248028
    endloop
  endfacet
  facet normal 3.428926771121844e-14 0.7222586421846208 -0.6916230575896295
    outer loop
      vertex 111.61080999672413 136.2306512161676 14.377434445248028
      vertex 112.24586444348097 137.08509329074244 15.269724206029878
      vertex 111.6598600000143 136.20803763986913 14.353819195968775
    endloop
  endfacet
  facet normal 2.0887539160554207e-13 0.7222586421845496 -0.6916230575897037
    outer loop
      vertex 111.6598600000143 136.20803763986913 14.353819195968775
      vertex 112.33727750182152 137.06435785684212 15.248070291849878
      vertex 111.70664999634027 136.18396512233318 14.328680381351944
    endloop
  endfacet
  facet normal 8.733011319372916e-14 0.7222586421845881 -0.6916230575896636
    outer loop
      vertex 111.70664999634027 136.18396512233318 14.328680381351944
      vertex 112.42646777629852 137.0417077767389 15.22441692182236
      vertex 111.7511800006032 136.15843366871275 14.302018006778788
    endloop
  endfacet
  facet normal -1.8532263214646922e-13 0.7222586421847037 -0.691623057589543
    outer loop
      vertex 111.7511800006032 136.15843366871275 14.302018006778788
      vertex 112.51343527436256 137.01714305558573 15.198764101328571
      vertex 111.79337444156408 136.1315796735884 14.273974508455645
    endloop
  endfacet
  facet normal -0.012714180172653671 -0.6915671547661918 -0.7222002631342165
    outer loop
      vertex 110.60385999828577 136.3947820152067 14.548835451553117
      vertex 110.68681000173092 136.39405254201145 14.548073666193709
      vertex 110.60385999828577 135.9614268298959 14.963809286106887
    endloop
  endfacet
  facet normal -0.03918372603616538 -0.6910919069282464 -0.7217039640962234
    outer loop
      vertex 110.68681000173092 136.39405254201145 14.548073666193709
      vertex 110.76749999821186 136.3918641327317 14.545788320877975
      vertex 110.68681000173092 135.96069735670068 14.963047500747479
    endloop
  endfacet
  facet normal -0.06708821706400137 -0.6900648638094941 -0.7206314278927597
    outer loop
      vertex 110.76749999821186 136.3918641327317 14.545788320877975
      vertex 110.84593000262976 136.38821678221453 14.541979410224663
      vertex 110.76749999821186 135.95850894742094 14.960762155431745
    endloop
  endfacet
  facet normal -0.09647651571361869 -0.6883968165832987 -0.7188894941739933
    outer loop
      vertex 110.84593000262976 136.38821678221453 14.541979410224663
      vertex 110.92210000008345 136.38311049045984 14.536646934233787
      vertex 110.84593000262976 135.95486159690375 14.956953244778433
    endloop
  endfacet
  facet normal -0.12738692217354625 -0.6859884737294769 -0.7163744732815746
    outer loop
      vertex 110.92210000008345 136.38311049045984 14.536646934233787
      vertex 110.99600999802351 136.37654525746768 14.529790892905332
      vertex 110.92210000008345 135.94975530514907 14.951620768787556
    endloop
  endfacet
  facet normal -0.15984322536250425 -0.682730453872146 -0.7129721387692826
    outer loop
      vertex 110.99600999802351 136.37654525746768 14.529790892905332
      vertex 111.06765999644995 136.36852108839102 14.521411291620552
      vertex 110.99600999802351 135.94319007215688 14.944764727459102
    endloop
  endfacet
  facet normal -0.1938507102979724 -0.6785036877125306 -0.7085581471392934
    outer loop
      vertex 111.06765999644995 136.36852108839102 14.521411291620552
      vertex 111.13705000281334 136.3590379729239 14.511508119616956
      vertex 111.06765999644995 135.93516590308025 14.936385126174322
    endloop
  endfacet
  facet normal -0.01271418017265393 -0.6915671547661918 -0.7222002631342165
    outer loop
      vertex 110.68681000173092 136.39405254201145 14.548073666193709
      vertex 110.68681000173092 135.96069735670068 14.963047500747479
      vertex 110.60385999828577 135.9614268298959 14.963809286106887
    endloop
  endfacet
  facet normal -0.039183726036165295 -0.6910919069282464 -0.7217039640962234
    outer loop
      vertex 110.76749999821186 136.3918641327317 14.545788320877975
      vertex 110.76749999821186 135.95850894742094 14.960762155431745
      vertex 110.68681000173092 135.96069735670068 14.963047500747479
    endloop
  endfacet
  facet normal -0.06708821706400142 -0.6900648638094941 -0.7206314278927597
    outer loop
      vertex 110.84593000262976 136.38821678221453 14.541979410224663
      vertex 110.84593000262976 135.95486159690375 14.956953244778433
      vertex 110.76749999821186 135.95850894742094 14.960762155431745
    endloop
  endfacet
  facet normal -0.096476515713619 -0.6883968165832987 -0.7188894941739933
    outer loop
      vertex 110.92210000008345 136.38311049045984 14.536646934233787
      vertex 110.92210000008345 135.94975530514907 14.951620768787556
      vertex 110.84593000262976 135.95486159690375 14.956953244778433
    endloop
  endfacet
  facet normal -0.12738692217380565 -0.6859884737294304 -0.716374473281573
    outer loop
      vertex 110.99600999802351 136.37654525746768 14.529790892905332
      vertex 110.99600999802351 135.94319007215688 14.944764727459102
      vertex 110.92210000008345 135.94975530514907 14.951620768787556
    endloop
  endfacet
  facet normal -0.1598432253622404 -0.6827304538721989 -0.7129721387692911
    outer loop
      vertex 111.06765999644995 136.36852108839102 14.521411291620552
      vertex 111.06765999644995 135.93516590308025 14.936385126174322
      vertex 110.99600999802351 135.94319007215688 14.944764727459102
    endloop
  endfacet
  facet normal -0.22939016345806792 -0.6731806199037168 -0.7029992929546435
    outer loop
      vertex 111.13705000281334 136.3590379729239 14.511508119616956
      vertex 111.20418000221252 136.3480959213723 14.500081387657033
      vertex 111.13705000281334 135.92568278761314 14.926481954170725
    endloop
  endfacet
  facet normal -0.26641366936170063 -0.6666269597350835 -0.696155337070394
    outer loop
      vertex 111.20418000221252 136.3480959213723 14.500081387657033
      vertex 111.26905000209808 136.3356949285832 14.487131090359533
      vertex 111.20418000221252 135.9147407360615 14.915055222210803
    endloop
  endfacet
  facet normal -0.304838127021183 -0.6587046889386852 -0.6878821476709563
    outer loop
      vertex 111.26905000209808 136.3356949285832 14.487131090359533
      vertex 111.33166000247002 136.32183499455664 14.472657227724468
      vertex 111.26905000209808 135.90233974327242 14.902104924913303
    endloop
  endfacet
  facet normal -0.34454031231015264 -0.6492760314090915 -0.6780358458303534
    outer loop
      vertex 111.33166000247002 136.32183499455664 14.472657227724468
      vertex 111.39201000332832 136.30651611929258 14.456659799751826
      vertex 111.33166000247002 135.88847980924587 14.887631062278238
    endloop
  endfacet
  facet normal -0.3853522515611943 -0.6382086975502147 -0.6664782821577735
    outer loop
      vertex 111.39201000332832 136.30651611929258 14.456659799751826
      vertex 111.45009999722242 136.28973830279105 14.439138806441612
      vertex 111.39201000332832 135.8731609339818 14.871633634305596
    endloop
  endfacet
  facet normal -0.42705774340738334 -0.6253824130070164 -0.6530838547210572
    outer loop
      vertex 111.45009999722242 136.28973830279105 14.439138806441612
      vertex 111.50592999905348 136.27150155020504 14.420094253175073
      vertex 111.45009999722242 135.85638311748028 14.854112640995382
    endloop
  endfacet
  facet normal -0.4693922680770865 -0.6106960707405118 -0.6377469779242771
    outer loop
      vertex 111.50592999905348 136.27150155020504 14.420094253175073
      vertex 111.5595000013709 136.25180585122854 14.399526129189717
      vertex 111.50592999905348 135.83814636489427 14.835068087728843
    endloop
  endfacet
  facet normal -0.512043446026496 -0.5940762306570407 -0.6203909586298251
    outer loop
      vertex 111.5595000013709 136.25180585122854 14.399526129189717
      vertex 111.61080999672413 136.2306512161676 14.377434445248028
      vertex 111.5595000013709 135.81845066591777 14.814499963743486
    endloop
  endfacet
  facet normal -0.5546577573660404 -0.575484735352773 -0.600975949243914
    outer loop
      vertex 111.61080999672413 136.2306512161676 14.377434445248028
      vertex 111.6598600000143 136.20803763986913 14.353819195968775
      vertex 111.61080999672413 135.79729603085678 14.792408279801798
    endloop
  endfacet
  facet normal -0.596849320808883 -0.5549260728815989 -0.5795066366196177
    outer loop
      vertex 111.6598600000143 136.20803763986913 14.353819195968775
      vertex 111.70664999634027 136.18396512233318 14.328680381351944
      vertex 111.6598600000143 135.77468245455833 14.768793030522545
    endloop
  endfacet
  facet normal -0.6382124408745851 -0.5324531340624077 -0.5560382543854551
    outer loop
      vertex 111.70664999634027 136.18396512233318 14.328680381351944
      vertex 111.7511800006032 136.15843366871275 14.302018006778788
      vertex 111.70664999634027 135.7506099370224 14.743654215905714
    endloop
  endfacet
  facet normal -0.6771379024435408 -0.5089350745731578 -0.5314784576476981
    outer loop
      vertex 111.7511800006032 136.15843366871275 14.302018006778788
      vertex 111.79337444156408 136.1315796735884 14.273974508455645
      vertex 111.7511800006032 135.725078483402 14.716991841332558
    endloop
  endfacet
  facet normal -0.7135850267666345 -0.4845294200221304 -0.505991749643687
    outer loop
      vertex 111.79337444156408 136.1315796735884 14.273974508455645
      vertex 111.83315777778625 136.1035533776337 14.244706781997472
      vertex 111.79337444156408 135.69822448827762 14.688948343009415
    endloop
  endfacet
  facet normal -0.7487679050152788 -0.4584300845153867 -0.4787363387400691
    outer loop
      vertex 111.83315777778625 136.1035533776337 14.244706781997472
      vertex 111.87053000181913 136.0743547808487 14.214214827404255
      vertex 111.83315777778625 135.6701981923229 14.659680616551242
    endloop
  endfacet
  facet normal -0.7823343966853644 -0.430783400563036 -0.44986503927544064
    outer loop
      vertex 111.87053000181913 136.0743547808487 14.214214827404255
      vertex 111.90549111366272 136.04398388323335 14.182498644676002
      vertex 111.87053000181913 135.6409995955379 14.629188661958025
    endloop
  endfacet
  facet normal -0.8139595140999326 -0.40177877562846864 -0.41957564855540697
    outer loop
      vertex 111.90549111366272 136.04398388323335 14.182498644676002
      vertex 111.93804111331701 136.01244068478766 14.149558233812712
      vertex 111.90549111366272 135.61062869792255 14.597472479229772
    endloop
  endfacet
  facet normal -0.8433601626629799 -0.37164275773408534 -0.38810474959329777
    outer loop
      vertex 111.93804111331701 136.01244068478766 14.149558233812712
      vertex 111.96818000078201 135.97972518551168 14.115393594814385
      vertex 111.93804111331701 135.5790854994769 14.564532068366482
    endloop
  endfacet
  facet normal -0.8703075486668838 -0.34063033868924464 -0.35571862911280056
    outer loop
      vertex 111.96818000078201 135.97972518551168 14.115393594814385
      vertex 111.99590777605772 135.94583738540535 14.080004727681022
      vertex 111.96818000078201 135.5463700002009 14.530367429368155
    endloop
  endfacet
  facet normal -0.8946359258832032 -0.30901433398623945 -0.3227021870241113
    outer loop
      vertex 111.99590777605772 135.94583738540535 14.080004727681022
      vertex 112.02122444659472 135.91077727931574 14.043391627031376
      vertex 111.99590777605772 135.5124822000946 14.494978562234792
    endloop
  endfacet
  facet normal -0.9162470958085567 -0.27707360546232096 -0.28934663740658106
    outer loop
      vertex 112.02122444659472 135.91077727931574 14.043391627031376
      vertex 112.04412999749184 135.87454487754877 14.005554303627939
      vertex 112.02122444659472 135.47742209400496 14.458365461585146
    endloop
  endfacet
  facet normal -0.19385071029770495 -0.6785036877125903 -0.7085581471393093
    outer loop
      vertex 111.06765999644995 135.93516590308025 14.936385126174322
      vertex 111.13705000281334 136.3590379729239 14.511508119616956
      vertex 111.13705000281334 135.92568278761314 14.926481954170725
    endloop
  endfacet
  facet normal -0.22939016345860785 -0.6731806199035827 -0.7029992929545956
    outer loop
      vertex 111.20418000221252 136.3480959213723 14.500081387657033
      vertex 111.20418000221252 135.9147407360615 14.915055222210803
      vertex 111.13705000281334 135.92568278761314 14.926481954170725
    endloop
  endfacet
  facet normal -0.2664136693614294 -0.6666269597351582 -0.6961553370704263
    outer loop
      vertex 111.26905000209808 136.3356949285832 14.487131090359533
      vertex 111.26905000209808 135.90233974327242 14.902104924913303
      vertex 111.20418000221252 135.9147407360615 14.915055222210803
    endloop
  endfacet
  facet normal -0.3048381270211833 -0.6587046889386851 -0.6878821476709562
    outer loop
      vertex 111.33166000247002 136.32183499455664 14.472657227724468
      vertex 111.33166000247002 135.88847980924587 14.887631062278238
      vertex 111.26905000209808 135.90233974327242 14.902104924913303
    endloop
  endfacet
  facet normal -0.3445403123101525 -0.6492760314090915 -0.6780358458303534
    outer loop
      vertex 111.39201000332832 136.30651611929258 14.456659799751826
      vertex 111.39201000332832 135.8731609339818 14.871633634305596
      vertex 111.33166000247002 135.88847980924587 14.887631062278238
    endloop
  endfacet
  facet normal -0.3853522515611944 -0.6382086975502147 -0.6664782821577735
    outer loop
      vertex 111.45009999722242 136.28973830279105 14.439138806441612
      vertex 111.45009999722242 135.85638311748028 14.854112640995382
      vertex 111.39201000332832 135.8731609339818 14.871633634305596
    endloop
  endfacet
  facet normal -0.42705774340738367 -0.6253824130070162 -0.6530838547210571
    outer loop
      vertex 111.50592999905348 136.27150155020504 14.420094253175073
      vertex 111.50592999905348 135.83814636489427 14.835068087728843
      vertex 111.45009999722242 135.85638311748028 14.854112640995382
    endloop
  endfacet
  facet normal -0.4693922680770864 -0.6106960707405119 -0.6377469779242773
    outer loop
      vertex 111.5595000013709 136.25180585122854 14.399526129189717
      vertex 111.5595000013709 135.81845066591777 14.814499963743486
      vertex 111.50592999905348 135.83814636489427 14.835068087728843
    endloop
  endfacet
  facet normal -0.5120434460267389 -0.5940762306569204 -0.62039095862974
    outer loop
      vertex 111.61080999672413 136.2306512161676 14.377434445248028
      vertex 111.61080999672413 135.79729603085678 14.792408279801798
      vertex 111.5595000013709 135.81845066591777 14.814499963743486
    endloop
  endfacet
  facet normal -0.5546577573660407 -0.5754847353527729 -0.6009759492439138
    outer loop
      vertex 111.6598600000143 136.20803763986913 14.353819195968775
      vertex 111.6598600000143 135.77468245455833 14.768793030522545
      vertex 111.61080999672413 135.79729603085678 14.792408279801798
    endloop
  endfacet
  facet normal -0.5968493208086658 -0.5549260728817295 -0.5795066366197161
    outer loop
      vertex 111.70664999634027 136.18396512233318 14.328680381351944
      vertex 111.70664999634027 135.7506099370224 14.743654215905714
      vertex 111.6598600000143 135.77468245455833 14.768793030522545
    endloop
  endfacet
  facet normal -0.6382124408743837 -0.5324531340625414 -0.5560382543855581
    outer loop
      vertex 111.7511800006032 136.15843366871275 14.302018006778788
      vertex 111.7511800006032 135.725078483402 14.716991841332558
      vertex 111.70664999634027 135.7506099370224 14.743654215905714
    endloop
  endfacet
  facet normal -0.6771379024437264 -0.5089350745730223 -0.5314784576475915
    outer loop
      vertex 111.79337444156408 136.1315796735884 14.273974508455645
      vertex 111.79337444156408 135.69822448827762 14.688948343009415
      vertex 111.7511800006032 135.725078483402 14.716991841332558
    endloop
  endfacet
  facet normal -0.7135850267666345 -0.4845294200221304 -0.505991749643687
    outer loop
      vertex 111.83315777778625 136.1035533776337 14.244706781997472
      vertex 111.83315777778625 135.6701981923229 14.659680616551242
      vertex 111.79337444156408 135.69822448827762 14.688948343009415
    endloop
  endfacet
  facet normal -0.7487679050154318 -0.4584300845152512 -0.47873633873995897
    outer loop
      vertex 111.87053000181913 136.0743547808487 14.214214827404255
      vertex 111.87053000181913 135.6409995955379 14.629188661958025
      vertex 111.83315777778625 135.6701981923229 14.659680616551242
    endloop
  endfacet
  facet normal -0.7823343966853644 -0.430783400563036 -0.44986503927544064
    outer loop
      vertex 111.90549111366272 136.04398388323335 14.182498644676002
      vertex 111.90549111366272 135.61062869792255 14.597472479229772
      vertex 111.87053000181913 135.6409995955379 14.629188661958025
    endloop
  endfacet
  facet normal -0.8139595140998143 -0.40177877562859704 -0.4195756485555135
    outer loop
      vertex 111.93804111331701 136.01244068478766 14.149558233812712
      vertex 111.93804111331701 135.5790854994769 14.564532068366482
      vertex 111.90549111366272 135.61062869792255 14.597472479229772
    endloop
  endfacet
  facet normal -0.8433601626629799 -0.3716427577340852 -0.3881047495932977
    outer loop
      vertex 111.96818000078201 135.97972518551168 14.115393594814385
      vertex 111.96818000078201 135.5463700002009 14.530367429368155
      vertex 111.93804111331701 135.5790854994769 14.564532068366482
    endloop
  endfacet
  facet normal -0.8703075486667988 -0.3406303386893599 -0.3557186291128976
    outer loop
      vertex 111.99590777605772 135.94583738540535 14.080004727681022
      vertex 111.99590777605772 135.5124822000946 14.494978562234792
      vertex 111.96818000078201 135.5463700002009 14.530367429368155
    endloop
  endfacet
  facet normal -0.8946359258832725 -0.30901433398613304 -0.32270218702402137
    outer loop
      vertex 112.02122444659472 135.91077727931574 14.043391627031376
      vertex 112.02122444659472 135.47742209400496 14.458365461585146
      vertex 111.99590777605772 135.5124822000946 14.494978562234792
    endloop
  endfacet
  facet normal 3.66427717684049e-18 0.6916230575896217 0.722258642184628
    outer loop
      vertex 108.24802000075579 134.63882023233012 12.715092982861385
      vertex 108.24802000075579 134.20546504701935 13.130066817415155
      vertex 110.55499000102282 134.20546504701935 13.130066817415155
    endloop
  endfacet
  facet normal 0 0.6916230575896217 0.722258642184628
    outer loop
      vertex 108.24802000075579 134.63882023233012 12.715092982861385
      vertex 110.55499000102282 134.20546504701935 13.130066817415155
      vertex 110.55499000102282 134.63882023233012 12.715092982861385
    endloop
  endfacet
  facet normal -0.022302575382316378 0.6914510278567612 0.7220789923596619
    outer loop
      vertex 110.55499000102282 134.63882023233012 12.715092982861385
      vertex 110.72640249878168 134.20810973839974 13.132828655940415
      vertex 110.72640249878168 134.64146492371054 12.717854821386645
    endloop
  endfacet
  facet normal -0.07080221278010439 0.6898873425355757 0.720446043277803
    outer loop
      vertex 110.72640249878168 134.64146492371054 12.717854821386645
      vertex 110.88802000135183 134.21604380738796 13.14111416613494
      vertex 110.88802000135183 134.64939899269876 12.72614033158117
    endloop
  endfacet
  facet normal -0.12494599196984874 0.6862031842955189 0.7165986944959924
    outer loop
      vertex 111.03984250128269 134.66262243929478 12.73994951344497
      vertex 110.88802000135183 134.64939899269876 12.72614033158117
      vertex 111.03984250128269 134.229267253984 13.15492334799874
    endloop
  endfacet
  facet normal -0.022302575382201904 0.6914510278567866 0.7220789923596411
    outer loop
      vertex 110.55499000102282 134.63882023233012 12.715092982861385
      vertex 110.55499000102282 134.20546504701935 13.130066817415155
      vertex 110.72640249878168 134.20810973839974 13.132828655940415
    endloop
  endfacet
  facet normal -0.0708022127801043 0.6898873425355757 0.7204460432778029
    outer loop
      vertex 110.72640249878168 134.64146492371054 12.717854821386645
      vertex 110.72640249878168 134.20810973839974 13.132828655940415
      vertex 110.88802000135183 134.21604380738796 13.14111416613494
    endloop
  endfacet
  facet normal -0.185204632711076 0.6796579625138162 0.7097635507786544
    outer loop
      vertex 111.03984250128269 134.66262243929478 12.73994951344497
      vertex 111.03984250128269 134.229267253984 13.15492334799874
      vertex 111.18186999857426 134.24778008334084 13.17425620691305
    endloop
  endfacet
  facet normal -0.12494599196997519 0.6862031842954843 0.7165986944960033
    outer loop
      vertex 110.88802000135183 134.64939899269876 12.72614033158117
      vertex 110.88802000135183 134.21604380738796 13.14111416613494
      vertex 111.03984250128269 134.229267253984 13.15492334799874
    endloop
  endfacet
  facet normal -0.8711895309051515 0.33955015567617597 0.3545905991725484
    outer loop
      vertex 112.01934249699116 135.0857727973567 13.181843403042677
      vertex 111.9654700011015 135.01965555407054 13.112797482961199
      vertex 112.01934249699116 134.65241761204592 13.596817237596447
    endloop
  endfacet
  facet normal -0.8100297576559333 0.40555999529961473 0.4235243581241183
    outer loop
      vertex 111.9654700011015 135.01965555407054 13.112797482961199
      vertex 111.90180250257254 134.9588276883922 13.049275234548993
      vertex 111.9654700011015 134.5863003687598 13.527771317514969
    endloop
  endfacet
  facet normal -0.737828197133444 0.4668376493403216 0.48751631836607767
    outer loop
      vertex 111.90180250257254 134.9588276883922 13.049275234548993
      vertex 111.82834000140429 134.9032892054747 12.9912766631873
      vertex 111.90180250257254 134.52547250308146 13.464249069102763
    endloop
  endfacet
  facet normal -0.6574972354359616 0.521108204060681 0.5441907983921808
    outer loop
      vertex 111.82834000140429 134.9032892054747 12.9912766631873
      vertex 111.74508249759674 134.853040100165 12.938801763494872
      vertex 111.82834000140429 134.46993402016392 13.40625049774107
    endloop
  endfacet
  facet normal -0.4037444286731412 0.6327464414009377 0.6607740742567375
    outer loop
      vertex 111.54918249696493 134.768410027522 12.850422984499083
      vertex 111.43654000014067 134.73402906534173 12.814519110576967
      vertex 111.54918249696493 134.33505484221124 13.265396819052853
    endloop
  endfacet
  facet normal -0.3249063112986486 0.6540998836902099 0.6830733716335013
    outer loop
      vertex 111.43654000014067 134.73402906534173 12.814519110576967
      vertex 111.31410250067711 134.70493747561628 12.784138902942864
      vertex 111.43654000014067 134.30067388003096 13.229492945130737
    endloop
  endfacet
  facet normal -0.1852046327110759 0.6796579625138162 0.7097635507786544
    outer loop
      vertex 111.03984250128269 134.66262243929478 12.73994951344497
      vertex 111.18186999857426 134.24778008334084 13.17425620691305
      vertex 111.18186999857426 134.68113526865162 12.75928237235928
    endloop
  endfacet
  facet normal -0.2518706827022007 0.6693257525401556 0.6989736734539304
    outer loop
      vertex 111.18186999857426 134.68113526865162 12.75928237235928
      vertex 111.31410250067711 134.2715822903055 13.199112737496634
      vertex 111.31410250067711 134.70493747561628 12.784138902942864
    endloop
  endfacet
  facet normal -0.572689653619357 0.5669733979888657 0.592087600453092
    outer loop
      vertex 111.74508249759674 134.853040100165 12.938801763494872
      vertex 111.65202999860048 134.80808037761608 12.891850540852971
      vertex 111.74508249759674 134.4196849148542 13.353775598048642
    endloop
  endfacet
  facet normal -0.4870753028167646 0.6040358976535288 0.6307917911100721
    outer loop
      vertex 111.54918249696493 134.768410027522 12.850422984499083
      vertex 111.65202999860048 134.37472519230533 13.306824375406741
      vertex 111.65202999860048 134.80808037761608 12.891850540852971
    endloop
  endfacet
  facet normal -0.8711895309051082 0.33955015567624053 0.35459059917259256
    outer loop
      vertex 111.9654700011015 135.01965555407054 13.112797482961199
      vertex 111.9654700011015 134.5863003687598 13.527771317514969
      vertex 112.01934249699116 134.65241761204592 13.596817237596447
    endloop
  endfacet
  facet normal -0.6574972354360626 0.5211082040606022 0.5441907983921342
    outer loop
      vertex 111.74508249759674 134.853040100165 12.938801763494872
      vertex 111.74508249759674 134.4196849148542 13.353775598048642
      vertex 111.82834000140429 134.46993402016392 13.40625049774107
    endloop
  endfacet
  facet normal -0.8100297576559333 0.4055599952996148 0.42352435812411837
    outer loop
      vertex 111.90180250257254 134.9588276883922 13.049275234548993
      vertex 111.90180250257254 134.52547250308146 13.464249069102763
      vertex 111.9654700011015 134.5863003687598 13.527771317514969
    endloop
  endfacet
  facet normal -0.7378281971335262 0.46683764934024347 0.487516318366028
    outer loop
      vertex 111.82834000140429 134.9032892054747 12.9912766631873
      vertex 111.82834000140429 134.46993402016392 13.40625049774107
      vertex 111.90180250257254 134.52547250308146 13.464249069102763
    endloop
  endfacet
  facet normal -0.4037444286731413 0.6327464414009377 0.6607740742567375
    outer loop
      vertex 111.43654000014067 134.73402906534173 12.814519110576967
      vertex 111.43654000014067 134.30067388003096 13.229492945130737
      vertex 111.54918249696493 134.33505484221124 13.265396819052853
    endloop
  endfacet
  facet normal -0.32490631129864866 0.65409988369021 0.6830733716335015
    outer loop
      vertex 111.31410250067711 134.70493747561628 12.784138902942864
      vertex 111.31410250067711 134.2715822903055 13.199112737496634
      vertex 111.43654000014067 134.30067388003096 13.229492945130737
    endloop
  endfacet
  facet normal -0.25187068270220064 0.6693257525401557 0.6989736734539305
    outer loop
      vertex 111.18186999857426 134.68113526865162 12.75928237235928
      vertex 111.18186999857426 134.24778008334084 13.17425620691305
      vertex 111.31410250067711 134.2715822903055 13.199112737496634
    endloop
  endfacet
  facet normal -0.572689653619124 0.5669733979890169 0.5920876004531722
    outer loop
      vertex 111.65202999860048 134.80808037761608 12.891850540852971
      vertex 111.65202999860048 134.37472519230533 13.306824375406741
      vertex 111.74508249759674 134.4196849148542 13.353775598048642
    endloop
  endfacet
  facet normal -0.4870753028168918 0.6040358976534591 0.6307917911100407
    outer loop
      vertex 111.54918249696493 134.768410027522 12.850422984499083
      vertex 111.54918249696493 134.33505484221124 13.265396819052853
      vertex 111.65202999860048 134.37472519230533 13.306824375406741
    endloop
  endfacet
  facet normal 0 0.7222586421846313 -0.6916230575896186
    outer loop
      vertex 112.35543999820948 139.6196889228425 17.91659026932689
      vertex 114.38170000165701 139.6196889228425 17.91659026932689
      vertex 112.05636999756098 137.12082023539335 15.307033682991062
    endloop
  endfacet
  facet normal 0.840897284900268 -0.3743027669923387 -0.3908825845049078
    outer loop
      vertex 114.38170000165701 139.6196889228425 17.91659026932689
      vertex 114.38170000165701 139.18633373753175 18.33156410388066
      vertex 112.05636999756098 137.12082023539335 15.307033682991062
    endloop
  endfacet
  facet normal -0.8776080327718007 0.3315495085325564 0.34623556172962716
    outer loop
      vertex 115.75129083544016 138.373387248661 16.615083407939288
      vertex 115.66251999884844 138.26098850911802 16.49770594327161
      vertex 115.75129083544016 137.94003206335023 17.030057242493058
    endloop
  endfacet
  facet normal -0.8776080327718007 0.3315495085325564 0.34623556172962716
    outer loop
      vertex 115.75129083544016 137.94003206335023 17.030057242493058
      vertex 115.66251999884844 138.26098850911802 16.49770594327161
      vertex 115.66251999884844 137.82763332380725 16.91267977782538
    endloop
  endfacet
  facet normal 0.8408972849002708 -0.3743027669923102 -0.3908825845049294
    outer loop
      vertex 114.38170000165701 139.18633373753175 18.33156410388066
      vertex 112.05636999756098 136.68746505008255 15.722007517544832
      vertex 112.05636999756098 137.12082023539335 15.307033682991062
    endloop
  endfacet
  facet normal 0.24709503757812593 0.6701766910411232 0.6998623044495506
    outer loop
      vertex 112.05636999756098 137.12082023539335 15.307033682991062
      vertex 112.15222860872746 136.67055889828208 15.704352504297376
      vertex 112.15222860872746 137.10391408359283 15.289378669743606
    endloop
  endfacet
  facet normal 0.27907409907838304 0.6641445761697073 0.6935629958179348
    outer loop
      vertex 112.15222860872746 137.10391408359283 15.289378669743606
      vertex 112.24586444348097 136.65173810543166 15.684698040583648
      vertex 112.24586444348097 137.08509329074244 15.269724206029878
    endloop
  endfacet
  facet normal 0.3116382951589468 0.6571807872310858 0.6862907444259726
    outer loop
      vertex 112.24586444348097 137.08509329074244 15.269724206029878
      vertex 112.33727750182152 136.63100267153135 15.663044126403648
      vertex 112.33727750182152 137.06435785684212 15.248070291849878
    endloop
  endfacet
  facet normal 0.34468201281944577 0.6492400546249264 0.6779982754471856
    outer loop
      vertex 112.33727750182152 137.06435785684212 15.248070291849878
      vertex 112.42646777629852 136.60835259142812 15.63939075637613
      vertex 112.42646777629852 137.0417077767389 15.22441692182236
    endloop
  endfacet
  facet normal 0.2470950375777528 0.6701766910411432 0.6998623044496632
    outer loop
      vertex 112.05636999756098 137.12082023539335 15.307033682991062
      vertex 112.05636999756098 136.68746505008255 15.722007517544832
      vertex 112.15222860872746 136.67055889828208 15.704352504297376
    endloop
  endfacet
  facet normal 0.2790740990785691 0.6641445761696927 0.693562995817874
    outer loop
      vertex 112.15222860872746 137.10391408359283 15.289378669743606
      vertex 112.15222860872746 136.67055889828208 15.704352504297376
      vertex 112.24586444348097 136.65173810543166 15.684698040583648
    endloop
  endfacet
  facet normal 0.31163829515894664 0.6571807872310858 0.6862907444259727
    outer loop
      vertex 112.24586444348097 137.08509329074244 15.269724206029878
      vertex 112.24586444348097 136.65173810543166 15.684698040583648
      vertex 112.33727750182152 136.63100267153135 15.663044126403648
    endloop
  endfacet
  facet normal 0.3446820128194459 0.6492400546249264 0.6779982754471856
    outer loop
      vertex 112.33727750182152 137.06435785684212 15.248070291849878
      vertex 112.33727750182152 136.63100267153135 15.663044126403648
      vertex 112.42646777629852 136.60835259142812 15.63939075637613
    endloop
  endfacet
  facet normal -0.8993205076799838 0.30243991040744017 0.31583654801013117
    outer loop
      vertex 115.66251999884844 138.26098850911802 16.49770594327161
      vertex 115.58085083216429 138.1448242712267 16.37639618673716
      vertex 115.66251999884844 137.82763332380725 16.91267977782538
    endloop
  endfacet
  facet normal -0.9356429998153831 0.2441068634237314 0.2549196267961705
    outer loop
      vertex 115.5062833353877 138.024894524681 16.251154127573457
      vertex 115.43881750106812 137.901199279787 16.121979776542993
      vertex 115.5062833353877 137.59153933937023 16.666127962127227
    endloop
  endfacet
  facet normal -0.918661378625202 0.27322286052549466 0.28532532293630963
    outer loop
      vertex 115.58085083216429 138.1448242712267 16.37639618673716
      vertex 115.5062833353877 138.024894524681 16.251154127573457
      vertex 115.58085083216429 137.7114690859159 16.79137002129093
    endloop
  endfacet
  facet normal -0.950320353805216 0.2152839668573531 0.22482001413951352
    outer loop
      vertex 115.43881750106812 137.901199279787 16.121979776542993
      vertex 115.3784533366561 137.77373853139164 15.988873128264515
      vertex 115.43881750106812 137.46784409447622 16.536953611096763
    endloop
  endfacet
  facet normal -0.9627843160564582 0.1869255879869905 0.19520549508509163
    outer loop
      vertex 115.3784533366561 137.77373853139164 15.988873128264515
      vertex 115.32519083470106 137.64251227434195 15.851834177356778
      vertex 115.3784533366561 137.34038334608087 16.403846962818285
    endloop
  endfacet
  facet normal -0.8993205076800039 0.30243991040740126 0.31583654801011124
    outer loop
      vertex 115.58085083216429 138.1448242712267 16.37639618673716
      vertex 115.58085083216429 137.7114690859159 16.79137002129093
      vertex 115.66251999884844 137.82763332380725 16.91267977782538
    endloop
  endfacet
  facet normal -0.9186613786251858 0.27322286052553013 0.285325322936328
    outer loop
      vertex 115.5062833353877 138.024894524681 16.251154127573457
      vertex 115.5062833353877 137.59153933937023 16.666127962127227
      vertex 115.58085083216429 137.7114690859159 16.79137002129093
    endloop
  endfacet
  facet normal -0.9356429998153831 0.2441068634237314 0.2549196267961705
    outer loop
      vertex 115.43881750106812 137.901199279787 16.121979776542993
      vertex 115.43881750106812 137.46784409447622 16.536953611096763
      vertex 115.5062833353877 137.59153933937023 16.666127962127227
    endloop
  endfacet
  facet normal -0.950320353805216 0.2152839668573531 0.22482001413951352
    outer loop
      vertex 115.3784533366561 137.77373853139164 15.988873128264515
      vertex 115.3784533366561 137.34038334608087 16.403846962818285
      vertex 115.43881750106812 137.46784409447622 16.536953611096763
    endloop
  endfacet
  facet normal -0.9627843160564582 0.18692558798699047 0.19520549508509163
    outer loop
      vertex 115.3784533366561 137.34038334608087 16.403846962818285
      vertex 115.32519083470106 137.64251227434195 15.851834177356778
      vertex 115.32519083470106 137.20915708903118 16.26680801191055
    endloop
  endfacet
  facet normal -0.9815707711723163 0.13216846270132837 0.13802289175115812
    outer loop
      vertex 115.2790300026536 137.50752051894392 15.71086293458228
      vertex 115.23997083306313 137.36876326004452 15.56595939455977
      vertex 115.2790300026536 137.07416533363312 16.12583676913605
    endloop
  endfacet
  facet normal -0.9731543400527197 0.15917946268851707 0.16623034949957427
    outer loop
      vertex 115.2790300026536 137.50752051894392 15.71086293458228
      vertex 115.32519083470106 137.20915708903118 16.26680801191055
      vertex 115.32519083470106 137.64251227434195 15.851834177356778
    endloop
  endfacet
  facet normal -0.9881876183378919 0.10599048545499244 0.11068535565602161
    outer loop
      vertex 115.23997083306313 137.36876326004452 15.56595939455977
      vertex 115.20801333338022 137.2262404924908 15.417123551907999
      vertex 115.23997083306313 136.93540807473374 15.980933229113539
    endloop
  endfacet
  facet normal -0.9931659732466048 0.08071969886263479 0.08429519441017766
    outer loop
      vertex 115.20801333338022 137.2262404924908 15.417123551907999
      vertex 115.18315750360489 137.07995222658874 15.264355417389467
      vertex 115.20801333338022 136.79288530718003 15.832097386461768
    endloop
  endfacet
  facet normal -0.9731543400527249 0.15917946268849645 0.16623034949956364
    outer loop
      vertex 115.2790300026536 137.50752051894392 15.71086293458228
      vertex 115.2790300026536 137.07416533363312 16.12583676913605
      vertex 115.32519083470106 137.20915708903118 16.26680801191055
    endloop
  endfacet
  facet normal -0.9815707711723127 0.13216846270134536 0.1380228917511668
    outer loop
      vertex 115.23997083306313 137.36876326004452 15.56595939455977
      vertex 115.23997083306313 136.93540807473374 15.980933229113539
      vertex 115.2790300026536 137.07416533363312 16.12583676913605
    endloop
  endfacet
  facet normal -0.9881876183378918 0.10599048545499244 0.11068535565602161
    outer loop
      vertex 115.20801333338022 137.2262404924908 15.417123551907999
      vertex 115.20801333338022 136.79288530718003 15.832097386461768
      vertex 115.23997083306313 136.93540807473374 15.980933229113539
    endloop
  endfacet
  facet normal -0.9931659732466048 0.08071969886263479 0.08429519441017766
    outer loop
      vertex 115.18315750360489 137.07995222658874 15.264355417389467
      vertex 115.18315750360489 136.64659704127797 15.679329251943237
      vertex 115.20801333338022 136.79288530718003 15.832097386461768
    endloop
  endfacet
  facet normal -0.6283208647523754 0.5380511307545439 0.5618842154844572
    outer loop
      vertex 116.56814111024141 139.05208771201737 17.323847046939747
      vertex 116.70948500186205 138.6976864844391 17.821272120909576
      vertex 116.70948500186205 139.1310416697499 17.406298286355806
    endloop
  endfacet
  facet normal -0.702608074672156 0.49214309275663015 0.5139426715669998
    outer loop
      vertex 116.43220277875662 138.968039948233 17.236076370292416
      vertex 116.30166999995708 138.87889838354982 17.142986261795052
      vertex 116.43220277875662 138.53468476292224 17.651050204846186
    endloop
  endfacet
  facet normal -0.666470307734277 0.5156268272393515 0.5384666228650186
    outer loop
      vertex 116.43220277875662 138.968039948233 17.236076370292416
      vertex 116.56814111024141 138.6187325267066 17.738820881493517
      vertex 116.56814111024141 139.05208771201737 17.323847046939747
    endloop
  endfacet
  facet normal -0.62832086475231 0.538051130754599 0.5618842154844778
    outer loop
      vertex 116.56814111024141 139.05208771201737 17.323847046939747
      vertex 116.56814111024141 138.6187325267066 17.738820881493517
      vertex 116.70948500186205 138.6976864844391 17.821272120909576
    endloop
  endfacet
  facet normal -0.666470307734277 0.5156268272393516 0.5384666228650186
    outer loop
      vertex 116.43220277875662 138.968039948233 17.236076370292416
      vertex 116.43220277875662 138.53468476292224 17.651050204846186
      vertex 116.56814111024141 138.6187325267066 17.738820881493517
    endloop
  endfacet
  facet normal -0.5044930945253172 0.5971582250568104 0.6236094706010079
    outer loop
      vertex 117.1659500002861 139.33734072724837 17.6217354027413
      vertex 117.0083894431591 139.27366817736538 17.55524246425658
      vertex 117.1659500002861 138.9039855419376 18.03670923729507
    endloop
  endfacet
  facet normal -0.5470240317146383 0.5789693517807986 0.6046149174682877
    outer loop
      vertex 117.0083894431591 139.27366817736538 17.55524246425658
      vertex 116.85623444616795 139.20490182658355 17.483430093921832
      vertex 117.0083894431591 138.8403129920546 17.97021629881035
    endloop
  endfacet
  facet normal -0.37349095183252 0.6415729407354173 0.6699915451819874
    outer loop
      vertex 117.49728778004646 139.44940440885884 17.738762968016914
      vertex 117.67106500267982 139.06444036042853 18.20427143474282
      vertex 117.67106500267982 139.4977955457393 17.78929760018905
    endloop
  endfacet
  facet normal -0.4173777952427438 0.6285007381374064 0.6563403066999934
    outer loop
      vertex 117.32891611009836 139.39591947107954 17.682908903994743
      vertex 117.49728778004646 139.01604922354807 18.153736802570684
      vertex 117.49728778004646 139.44940440885884 17.738762968016914
    endloop
  endfacet
  facet normal -0.46116038696963824 0.6136887559001059 0.6408722246842922
    outer loop
      vertex 117.1659500002861 139.33734072724837 17.6217354027413
      vertex 117.32891611009836 138.96256428576874 18.097882738548513
      vertex 117.32891611009836 139.39591947107954 17.682908903994743
    endloop
  endfacet
  facet normal -0.5884081976481386 0.5592215276823638 0.5839923594680604
    outer loop
      vertex 116.85623444616795 139.20490182658355 17.483430093921832
      vertex 116.70948500186205 139.1310416697499 17.406298286355806
      vertex 116.85623444616795 138.77154664127278 17.898403928475602
    endloop
  endfacet
  facet normal -1.3679748335080387e-14 0.7222586421846207 -0.6916230575896296
    outer loop
      vertex 117.1659500002861 139.33734072724837 17.6217354027413
      vertex 117.96224222332239 138.3839483291095 16.626112293603278
      vertex 117.0083894431591 139.27366817736538 17.55524246425658
    endloop
  endfacet
  facet normal 5.003698032860478e-15 0.7222586421846285 -0.6916230575896213
    outer loop
      vertex 117.0083894431591 139.27366817736538 17.55524246425658
      vertex 117.8766975030303 138.3335103769001 16.57344018199918
      vertex 116.85623444616795 139.20490182658355 17.483430093921832
    endloop
  endfacet
  facet normal -3.471717872048385e-14 0.7222586421846067 -0.6916230575896443
    outer loop
      vertex 117.1659500002861 139.33734072724837 17.6217354027413
      vertex 117.32891611009836 139.39591947107954 17.682908903994743
      vertex 118.0508197247982 138.4309078098522 16.675151854136608
    endloop
  endfacet
  facet normal -0.5044930945253172 0.5971582250568104 0.6236094706010079
    outer loop
      vertex 117.0083894431591 139.27366817736538 17.55524246425658
      vertex 117.0083894431591 138.8403129920546 17.97021629881035
      vertex 117.1659500002861 138.9039855419376 18.03670923729507
    endloop
  endfacet
  facet normal -0.41737779524283153 0.628500738137357 0.656340306699985
    outer loop
      vertex 117.32891611009836 139.39591947107954 17.682908903994743
      vertex 117.32891611009836 138.96256428576874 18.097882738548513
      vertex 117.49728778004646 139.01604922354807 18.153736802570684
    endloop
  endfacet
  facet normal -0.37349095183252007 0.6415729407354172 0.6699915451819873
    outer loop
      vertex 117.49728778004646 139.44940440885884 17.738762968016914
      vertex 117.49728778004646 139.01604922354807 18.153736802570684
      vertex 117.67106500267982 139.06444036042853 18.20427143474282
    endloop
  endfacet
  facet normal -0.4611603869695539 0.6136887559001571 0.6408722246843036
    outer loop
      vertex 117.1659500002861 139.33734072724837 17.6217354027413
      vertex 117.1659500002861 138.9039855419376 18.03670923729507
      vertex 117.32891611009836 138.96256428576874 18.097882738548513
    endloop
  endfacet
  facet normal -0.5470240317146383 0.5789693517807986 0.6046149174682875
    outer loop
      vertex 116.85623444616795 139.20490182658355 17.483430093921832
      vertex 116.85623444616795 138.77154664127278 17.898403928475602
      vertex 117.0083894431591 138.8403129920546 17.97021629881035
    endloop
  endfacet
  facet normal -0.5884081976482094 0.5592215276823089 0.5839923594680415
    outer loop
      vertex 116.70948500186205 139.1310416697499 17.406298286355806
      vertex 116.70948500186205 138.6976864844391 17.821272120909576
      vertex 116.85623444616795 138.77154664127278 17.898403928475602
    endloop
  endfacet
  facet normal -0.7684979669489594 0.44253655493952737 0.46213880202550706
    outer loop
      vertex 116.17739083617926 138.78532716151355 17.045270283367422
      vertex 116.06021333485842 138.6879904359759 16.94362200769178
      vertex 116.17739083617926 138.35197197620278 17.460244117921192
    endloop
  endfacet
  facet normal -0.7988443591277705 0.4160373924059896 0.4344658536752529
    outer loop
      vertex 116.06021333485842 138.6879904359759 16.94362200769178
      vertex 115.95013750344515 138.58688821208995 16.838041440149375
      vertex 116.06021333485842 138.25463525066516 17.35859584224555
    endloop
  endfacet
  facet normal -0.7364452665372917 0.4678810147774048 0.48860589988832837
    outer loop
      vertex 116.17739083617926 138.78532716151355 17.045270283367422
      vertex 116.30166999995708 138.44554319823905 17.557960096348822
      vertex 116.30166999995708 138.87889838354982 17.142986261795052
    endloop
  endfacet
  facet normal -0.8272592329055172 0.38856794268967243 0.4057796390733409
    outer loop
      vertex 115.95013750344515 138.58688821208995 16.838041440149375
      vertex 115.84716333448887 138.48202047954965 16.72852856997772
      vertex 115.95013750344515 138.15353302677917 17.253015274703145
    endloop
  endfacet
  facet normal -0.8535591007768016 0.36033286606944526 0.3762938839674078
    outer loop
      vertex 115.75129083544016 138.373387248661 16.615083407939288
      vertex 115.84716333448887 138.04866529423887 17.14350240453149
      vertex 115.84716333448887 138.48202047954965 16.72852856997772
    endloop
  endfacet
  facet normal 1.035570189021791e-14 0.7222586421846353 -0.6916230575896143
    outer loop
      vertex 116.17739083617926 138.78532716151355 17.045270283367422
      vertex 116.30166999995708 138.87889838354982 17.142986261795052
      vertex 117.56541138887405 138.09742964596197 16.32690220686633
    endloop
  endfacet
  facet normal -5.442692620080991e-14 0.7222586421845817 -0.6916230575896704
    outer loop
      vertex 116.17739083617926 138.78532716151355 17.045270283367422
      vertex 117.49672555923462 138.03096697692072 16.257495560325374
      vertex 116.06021333485842 138.6879904359759 16.94362200769178
    endloop
  endfacet
  facet normal -1.0477444200486922e-14 0.722258642184628 -0.6916230575896218
    outer loop
      vertex 115.95013750344515 138.58688821208995 16.838041440149375
      vertex 117.3718422204256 137.8903415672773 16.11064111944004
      vertex 115.84716333448887 138.48202047954965 16.72852856997772
    endloop
  endfacet
  facet normal 1.3720152316155379e-14 0.7222586421846474 -0.6916230575896016
    outer loop
      vertex 116.06021333485842 138.6879904359759 16.94362200769178
      vertex 117.43220250308514 137.96193761735915 16.185408531183278
      vertex 115.95013750344515 138.58688821208995 16.838041440149375
    endloop
  endfacet
  facet normal -0.7364452665372917 0.4678810147774048 0.48860589988832837
    outer loop
      vertex 116.17739083617926 138.78532716151355 17.045270283367422
      vertex 116.17739083617926 138.35197197620278 17.460244117921192
      vertex 116.30166999995708 138.44554319823905 17.557960096348822
    endloop
  endfacet
  facet normal -0.7988443591278093 0.4160373924059397 0.43446585367522933
    outer loop
      vertex 115.95013750344515 138.58688821208995 16.838041440149375
      vertex 115.95013750344515 138.15353302677917 17.253015274703145
      vertex 116.06021333485842 138.25463525066516 17.35859584224555
    endloop
  endfacet
  facet normal -0.7684979669489155 0.44253655493957894 0.46213880202553065
    outer loop
      vertex 116.06021333485842 138.6879904359759 16.94362200769178
      vertex 116.06021333485842 138.25463525066516 17.35859584224555
      vertex 116.17739083617926 138.35197197620278 17.460244117921192
    endloop
  endfacet
  facet normal -0.702608074672156 0.49214309275663015 0.5139426715669998
    outer loop
      vertex 116.43220277875662 138.53468476292224 17.651050204846186
      vertex 116.30166999995708 138.87889838354982 17.142986261795052
      vertex 116.30166999995708 138.44554319823905 17.557960096348822
    endloop
  endfacet
  facet normal -0.8272592329055172 0.38856794268967243 0.4057796390733409
    outer loop
      vertex 115.84716333448887 138.48202047954965 16.72852856997772
      vertex 115.84716333448887 138.04866529423887 17.14350240453149
      vertex 115.95013750344515 138.15353302677917 17.253015274703145
    endloop
  endfacet
  facet normal -0.8535591007768016 0.36033286606944526 0.3762938839674078
    outer loop
      vertex 115.75129083544016 138.373387248661 16.615083407939288
      vertex 115.75129083544016 137.94003206335023 17.030057242493058
      vertex 115.84716333448887 138.04866529423887 17.14350240453149
    endloop
  endfacet
  facet normal 3.076198035599401e-14 0.7222586421846375 -0.6916230575896121
    outer loop
      vertex 116.85623444616795 139.20490182658355 17.483430093921832
      vertex 117.79418555647135 138.27959393776504 16.51713550318059
      vertex 116.70948500186205 139.1310416697499 17.406298286355806
    endloop
  endfacet
  facet normal -1.6979468506225247e-14 0.7222586421846083 -0.6916230575896424
    outer loop
      vertex 116.56814111024141 139.05208771201737 17.323847046939747
      vertex 116.70948500186205 139.1310416697499 17.406298286355806
      vertex 117.79418555647135 138.27959393776504 16.51713550318059
    endloop
  endfacet
  facet normal -1.5942651152225752e-14 0.7222586421846094 -0.6916230575896413
    outer loop
      vertex 116.43220277875662 138.968039948233 17.236076370292416
      vertex 116.56814111024141 139.05208771201737 17.323847046939747
      vertex 117.71470639109612 138.2221990220103 16.457198267909995
    endloop
  endfacet
  facet normal 1.2468307991452327e-14 0.7222586421846379 -0.6916230575896115
    outer loop
      vertex 116.43220277875662 138.968039948233 17.236076370292416
      vertex 117.63825999945402 138.16132562963588 16.39362847618738
      vertex 116.30166999995708 138.87889838354982 17.142986261795052
    endloop
  endfacet
  facet normal -1.7438500988715642e-14 0.7222586421846187 -0.6916230575896317
    outer loop
      vertex 117.0083894431591 139.27366817736538 17.55524246425658
      vertex 117.96224222332239 138.3839483291095 16.626112293603278
      vertex 117.8766975030303 138.3335103769001 16.57344018199918
    endloop
  endfacet
  facet normal -4.299418425502706e-14 0.7222586421846015 -0.6916230575896496
    outer loop
      vertex 116.85623444616795 139.20490182658355 17.483430093921832
      vertex 117.8766975030303 138.3335103769001 16.57344018199918
      vertex 117.79418555647135 138.27959393776504 16.51713550318059
    endloop
  endfacet
  facet normal 1.4780131708196375e-14 0.7222586421846398 -0.6916230575896095
    outer loop
      vertex 116.17739083617926 138.78532716151355 17.045270283367422
      vertex 117.56541138887405 138.09742964596197 16.32690220686633
      vertex 117.49672555923462 138.03096697692072 16.257495560325374
    endloop
  endfacet
  facet normal -1.3143648312092789e-14 0.7222586421846111 -0.6916230575896396
    outer loop
      vertex 116.56814111024141 139.05208771201737 17.323847046939747
      vertex 117.79418555647135 138.27959393776504 16.51713550318059
      vertex 117.71470639109612 138.2221990220103 16.457198267909995
    endloop
  endfacet
  facet normal 6.0413336998318e-14 0.7222586421846724 -0.6916230575895755
    outer loop
      vertex 116.43220277875662 138.968039948233 17.236076370292416
      vertex 117.71470639109612 138.2221990220103 16.457198267909995
      vertex 117.63825999945402 138.16132562963588 16.39362847618738
    endloop
  endfacet
  facet normal 3.669138775417092e-15 0.7222586421846302 -0.6916230575896196
    outer loop
      vertex 116.30166999995708 138.87889838354982 17.142986261795052
      vertex 117.63825999945402 138.16132562963588 16.39362847618738
      vertex 117.56541138887405 138.09742964596197 16.32690220686633
    endloop
  endfacet
  facet normal -0.3298271580954393 0.6529207559202437 0.681842014158136
    outer loop
      vertex 117.85024777799845 139.54109287656794 17.834512795129918
      vertex 117.67106500267982 139.4977955457393 17.78929760018905
      vertex 117.85024777799845 139.10773769125717 18.249486629683688
    endloop
  endfacet
  facet normal 4.504900290947893e-14 0.7222586421846402 -0.6916230575896092
    outer loop
      vertex 118.03483611345291 139.57929640649775 17.87440855822075
      vertex 118.22483000159264 139.6124061303757 17.908984884080304
      vertex 118.6459730565548 138.63961659254107 16.893105434981976
    endloop
  endfacet
  facet normal -2.7325498246854587e-14 0.7222586421846161 -0.6916230575896344
    outer loop
      vertex 117.85024777799845 139.54109287656794 17.834512795129918
      vertex 118.03483611345291 139.57929640649775 17.87440855822075
      vertex 118.43545749783516 138.58396091509616 16.834984477937375
    endloop
  endfacet
  facet normal -7.293830394763731e-14 0.7222586421846133 -0.6916230575896374
    outer loop
      vertex 118.22483000159264 139.6124061303757 17.908984884080304
      vertex 118.42022944241762 139.64042205335483 17.938241778089832
      vertex 118.75577999651432 138.662226711181 16.916717073445014
    endloop
  endfacet
  facet normal 1.6637063801622e-14 0.7222586421846304 -0.6916230575896194
    outer loop
      vertex 117.49728778004646 139.44940440885884 17.738762968016914
      vertex 117.67106500267982 139.4977955457393 17.78929760018905
      vertex 118.23707305639982 138.51439132086654 16.762333284322253
    endloop
  endfacet
  facet normal 6.205176375803162e-14 0.7222586421846422 -0.6916230575896071
    outer loop
      vertex 117.32891611009836 139.39591947107954 17.682908903994743
      vertex 117.49728778004646 139.44940440885884 17.738762968016914
      vertex 118.14243000000715 138.4743888036692 16.720558847455436
    endloop
  endfacet
  facet normal 1.4239783176506137e-14 0.722258642184632 -0.6916230575896177
    outer loop
      vertex 117.85024777799845 139.54109287656794 17.834512795129918
      vertex 118.33474888652563 138.5509153562912 16.80047515935582
      vertex 117.67106500267982 139.4977955457393 17.78929760018905
    endloop
  endfacet
  facet normal -3.1586577903317515e-14 0.7222586421846242 -0.6916230575896257
    outer loop
      vertex 118.22483000159264 139.6124061303757 17.908984884080304
      vertex 118.75577999651432 138.662226711181 16.916717073445014
      vertex 118.6459730565548 138.63961659254107 16.893105434981976
    endloop
  endfacet
  facet normal 8.63556381617263e-15 0.7222586421846291 -0.6916230575896208
    outer loop
      vertex 118.03483611345291 139.57929640649775 17.87440855822075
      vertex 118.6459730565548 138.63961659254107 16.893105434981976
      vertex 118.53919889032841 138.61352799212847 16.86586123468568
    endloop
  endfacet
  facet normal -9.23744659518247e-14 0.7222586421846033 -0.6916230575896476
    outer loop
      vertex 118.03483611345291 139.57929640649775 17.87440855822075
      vertex 118.53919889032841 138.61352799212847 16.86586123468568
      vertex 118.43545749783516 138.58396091509616 16.834984477937375
    endloop
  endfacet
  facet normal -0.32982715809543933 0.6529207559202437 0.681842014158136
    outer loop
      vertex 117.85024777799845 139.10773769125717 18.249486629683688
      vertex 117.67106500267982 139.4977955457393 17.78929760018905
      vertex 117.67106500267982 139.06444036042853 18.20427143474282
    endloop
  endfacet
  facet normal 9.865339185547645e-14 0.7222586421846489 -0.6916230575896002
    outer loop
      vertex 118.42022944241762 139.64042205335483 17.938241778089832
      vertex 118.62103444337845 139.66334417028207 17.96217923486808
      vertex 118.86861972510815 138.68135834804826 16.936696150074802
    endloop
  endfacet
  facet normal -1.2002238699092632e-13 0.7222586421846112 -0.6916230575896395
    outer loop
      vertex 118.62103444337845 139.66334417028207 17.96217923486808
      vertex 118.82724499702454 139.68117248115755 17.98079725441505
      vertex 118.98449221998453 138.69701150829582 16.95304267025258
    endloop
  endfacet
  facet normal 5.551477755388056e-14 0.7222586421846258 -0.6916230575896242
    outer loop
      vertex 118.82724499702454 139.68117248115755 17.98079725441505
      vertex 119.03886111080647 139.69390699113413 17.994095842111996
      vertex 119.10339750349522 138.7091861867707 16.9657566285971
    endloop
  endfacet
  facet normal 3.554685337611199e-14 0.7222586421846269 -0.6916230575896231
    outer loop
      vertex 119.25588277727365 139.70154770021188 18.002074997958914
      vertex 119.22533555328846 138.7178823886259 16.974838030489614
      vertex 119.03886111080647 139.69390699113413 17.994095842111996
    endloop
  endfacet
  facet normal -8.067653091671923e-14 0.7222586421846248 -0.6916230575896254
    outer loop
      vertex 119.25588277727365 139.70154770021188 18.002074997958914
      vertex 119.4783099964261 139.70409460323782 18.004734716574553
      vertex 119.4783099964261 138.72483934701827 16.982103148774875
    endloop
  endfacet
  facet normal -2.6912878401111642e-14 0.7222586421846208 -0.6916230575896295
    outer loop
      vertex 118.42022944241762 139.64042205335483 17.938241778089832
      vertex 118.86861972510815 138.68135834804826 16.936696150074802
      vertex 118.75577999651432 138.662226711181 16.916717073445014
    endloop
  endfacet
  facet normal 3.659105734274097e-14 0.7222586421846231 -0.6916230575896269
    outer loop
      vertex 118.82724499702454 139.68117248115755 17.98079725441505
      vertex 119.10339750349522 138.7091861867707 16.9657566285971
      vertex 118.98449221998453 138.69701150829582 16.95304267025258
    endloop
  endfacet
  facet normal 7.107489730419869e-14 0.7222586421846456 -0.6916230575896036
    outer loop
      vertex 118.62103444337845 139.66334417028207 17.96217923486808
      vertex 118.98449221998453 138.69701150829582 16.95304267025258
      vertex 118.86861972510815 138.68135834804826 16.936696150074802
    endloop
  endfacet
  facet normal 6.371439648636972e-15 0.7222586421846241 -0.6916230575896258
    outer loop
      vertex 119.03886111080647 139.69390699113413 17.994095842111996
      vertex 119.22533555328846 138.7178823886259 16.974838030489614
      vertex 119.10339750349522 138.7091861867707 16.9657566285971
    endloop
  endfacet
  facet normal -3.090061560980014e-14 0.7222586421846279 -0.6916230575896221
    outer loop
      vertex 119.25588277727365 139.70154770021188 18.002074997958914
      vertex 119.350306391716 138.72310010870842 16.980286870548873
      vertex 119.22533555328846 138.7178823886259 16.974838030489614
    endloop
  endfacet
  facet normal -6.639355184455183e-14 0.7222586421846262 -0.6916230575896237
    outer loop
      vertex 119.25588277727365 139.70154770021188 18.002074997958914
      vertex 119.4783099964261 138.72483934701827 16.982103148774875
      vertex 119.350306391716 138.72310010870842 16.980286870548873
    endloop
  endfacet
  facet normal 4.7416212971866824e-14 0.722258642184636 -0.6916230575896135
    outer loop
      vertex 117.32891611009836 139.39591947107954 17.682908903994743
      vertex 118.14243000000715 138.4743888036692 16.720558847455436
      vertex 118.0508197247982 138.4309078098522 16.675151854136608
    endloop
  endfacet
  facet normal -2.4486952775980285e-14 0.7222586421846191 -0.6916230575896312
    outer loop
      vertex 117.67106500267982 139.4977955457393 17.78929760018905
      vertex 118.33474888652563 138.5509153562912 16.80047515935582
      vertex 118.23707305639982 138.51439132086654 16.762333284322253
    endloop
  endfacet
  facet normal -2.409379270302534e-14 0.7222586421846152 -0.6916230575896353
    outer loop
      vertex 117.49728778004646 139.44940440885884 17.738762968016914
      vertex 118.23707305639982 138.51439132086654 16.762333284322253
      vertex 118.14243000000715 138.4743888036692 16.720558847455436
    endloop
  endfacet
  facet normal 4.76172067114954e-14 0.7222586421846449 -0.6916230575896044
    outer loop
      vertex 117.1659500002861 139.33734072724837 17.6217354027413
      vertex 118.0508197247982 138.4309078098522 16.675151854136608
      vertex 117.96224222332239 138.3839483291095 16.626112293603278
    endloop
  endfacet
  facet normal 7.76447635200591e-14 0.7222586421846467 -0.6916230575896023
    outer loop
      vertex 117.85024777799845 139.54109287656794 17.834512795129918
      vertex 118.43545749783516 138.58396091509616 16.834984477937375
      vertex 118.33474888652563 138.5509153562912 16.80047515935582
    endloop
  endfacet
  facet normal 0.6867559628473296 -0.5027325405478729 -0.5250011811109747
    outer loop
      vertex 117.8766975030303 138.3335103769001 16.57344018199918
      vertex 117.79418555647135 137.84623875245427 16.93210933773436
      vertex 117.79418555647135 138.27959393776504 16.51713550318059
    endloop
  endfacet
  facet normal 0.6083643219561599 -0.5489120989198495 -0.5732262724528834
    outer loop
      vertex 118.0508197247982 138.4309078098522 16.675151854136608
      vertex 117.96224222332239 137.95059314379873 17.041086128157048
      vertex 117.96224222332239 138.3839483291095 16.626112293603278
    endloop
  endfacet
  facet normal 0.5658318169471745 -0.5702575150822843 -0.5955171881838821
    outer loop
      vertex 118.0508197247982 138.4309078098522 16.675151854136608
      vertex 118.14243000000715 138.4743888036692 16.720558847455436
      vertex 118.0508197247982 137.9975526245414 17.090125688690378
    endloop
  endfacet
  facet normal 0.6487525706832478 -0.5263247387733374 -0.5496384005753745
    outer loop
      vertex 117.96224222332239 138.3839483291095 16.626112293603278
      vertex 117.8766975030303 137.90015519158933 16.98841401655295
      vertex 117.8766975030303 138.3335103769001 16.57344018199918
    endloop
  endfacet
  facet normal 0.47559661020457317 -0.6083955560329019 -0.63534456144783
    outer loop
      vertex 118.23707305639982 138.51439132086654 16.762333284322253
      vertex 118.33474888652563 138.5509153562912 16.80047515935582
      vertex 118.23707305639982 138.08103613555576 17.177307118876023
    endloop
  endfacet
  facet normal 0.5214578074787685 -0.5901460948404622 -0.616286736644549
    outer loop
      vertex 118.23707305639982 138.51439132086654 16.762333284322253
      vertex 118.14243000000715 138.04103361835843 17.135532682009206
      vertex 118.14243000000715 138.4743888036692 16.720558847455436
    endloop
  endfacet
  facet normal 0.381003032964288 -0.6394565500051264 -0.6677814084919967
    outer loop
      vertex 118.53919889032841 138.61352799212847 16.86586123468568
      vertex 118.43545749783516 138.1506057297854 17.249958312491145
      vertex 118.43545749783516 138.58396091509616 16.834984477937375
    endloop
  endfacet
  facet normal 0.42864052549027193 -0.6248642278014821 -0.6525427163960081
    outer loop
      vertex 118.43545749783516 138.58396091509616 16.834984477937375
      vertex 118.33474888652563 138.11756017098043 17.21544899390959
      vertex 118.33474888652563 138.5509153562912 16.80047515935582
    endloop
  endfacet
  facet normal 0.6867559628473298 -0.5027325405478728 -0.5250011811109746
    outer loop
      vertex 117.8766975030303 138.3335103769001 16.57344018199918
      vertex 117.8766975030303 137.90015519158933 16.98841401655295
      vertex 117.79418555647135 137.84623875245427 16.93210933773436
    endloop
  endfacet
  facet normal 0.6083643219561596 -0.5489120989198495 -0.5732262724528833
    outer loop
      vertex 118.0508197247982 138.4309078098522 16.675151854136608
      vertex 118.0508197247982 137.9975526245414 17.090125688690378
      vertex 117.96224222332239 137.95059314379873 17.041086128157048
    endloop
  endfacet
  facet normal 0.6487525706832478 -0.5263247387733374 -0.5496384005753745
    outer loop
      vertex 117.96224222332239 138.3839483291095 16.626112293603278
      vertex 117.96224222332239 137.95059314379873 17.041086128157048
      vertex 117.8766975030303 137.90015519158933 16.98841401655295
    endloop
  endfacet
  facet normal 0.47559661020457306 -0.608395556032902 -0.6353445614478301
    outer loop
      vertex 118.33474888652563 138.5509153562912 16.80047515935582
      vertex 118.33474888652563 138.11756017098043 17.21544899390959
      vertex 118.23707305639982 138.08103613555576 17.177307118876023
    endloop
  endfacet
  facet normal 0.5658318169471745 -0.5702575150822843 -0.5955171881838821
    outer loop
      vertex 118.14243000000715 138.4743888036692 16.720558847455436
      vertex 118.14243000000715 138.04103361835843 17.135532682009206
      vertex 118.0508197247982 137.9975526245414 17.090125688690378
    endloop
  endfacet
  facet normal 0.5214578074787685 -0.5901460948404622 -0.616286736644549
    outer loop
      vertex 118.23707305639982 138.51439132086654 16.762333284322253
      vertex 118.23707305639982 138.08103613555576 17.177307118876023
      vertex 118.14243000000715 138.04103361835843 17.135532682009206
    endloop
  endfacet
  facet normal 0.38100303296413823 -0.6394565500051472 -0.6677814084920622
    outer loop
      vertex 118.53919889032841 138.61352799212847 16.86586123468568
      vertex 118.53919889032841 138.1801728068177 17.28083506923945
      vertex 118.43545749783516 138.1506057297854 17.249958312491145
    endloop
  endfacet
  facet normal 0.428640525490416 -0.6248642278014562 -0.6525427163959383
    outer loop
      vertex 118.43545749783516 138.58396091509616 16.834984477937375
      vertex 118.43545749783516 138.1506057297854 17.249958312491145
      vertex 118.33474888652563 138.11756017098043 17.21544899390959
    endloop
  endfacet
  facet normal 0.28533980734308895 -0.6628698081133129 -0.69223176165012
    outer loop
      vertex 118.75577999651432 138.662226711181 16.916717073445014
      vertex 118.6459730565548 138.2062614072303 17.308079269535746
      vertex 118.6459730565548 138.63961659254107 16.893105434981976
    endloop
  endfacet
  facet normal 0.3331015129967543 -0.6521251359134121 -0.6810111520006021
    outer loop
      vertex 118.53919889032841 138.61352799212847 16.86586123468568
      vertex 118.6459730565548 138.63961659254107 16.893105434981976
      vertex 118.53919889032841 138.1801728068177 17.28083506923945
    endloop
  endfacet
  facet normal 0.23809383847040164 -0.6717334690553408 -0.7014880402639146
    outer loop
      vertex 118.75577999651432 138.662226711181 16.916717073445014
      vertex 118.86861972510815 138.68135834804826 16.936696150074802
      vertex 118.75577999651432 138.22887152587023 17.331690907998784
    endloop
  endfacet
  facet normal 0.1916999387862697 -0.67879592721182 -0.7088633314468917
    outer loop
      vertex 118.98449221998453 138.69701150829582 16.95304267025258
      vertex 118.86861972510815 138.2480031627375 17.351669984628572
      vertex 118.86861972510815 138.68135834804826 16.936696150074802
    endloop
  endfacet
  facet normal 0.14644655205936222 -0.6841663818509994 -0.7144716714711906
    outer loop
      vertex 118.98449221998453 138.69701150829582 16.95304267025258
      vertex 119.10339750349522 138.7091861867707 16.9657566285971
      vertex 118.98449221998453 138.26365632298504 17.36801650480635
    endloop
  endfacet
  facet normal 0.10257091736367206 -0.6879752261583958 -0.7184492293151123
    outer loop
      vertex 119.10339750349522 138.7091861867707 16.9657566285971
      vertex 119.22533555328846 138.7178823886259 16.974838030489614
      vertex 119.10339750349522 138.27583100145992 17.38073046315087
    endloop
  endfacet
  facet normal 0.060257725464880216 -0.6903662763052384 -0.7209461915165642
    outer loop
      vertex 119.22533555328846 138.7178823886259 16.974838030489614
      vertex 119.350306391716 138.72310010870842 16.980286870548873
      vertex 119.22533555328846 138.28452720331512 17.389811865043384
    endloop
  endfacet
  facet normal 0.019641906388917114 -0.6914896290797269 -0.7221193034316357
    outer loop
      vertex 119.350306391716 138.72310010870842 16.980286870548873
      vertex 119.4783099964261 138.72483934701827 16.982103148774875
      vertex 119.350306391716 138.28974492339765 17.395260705102643
    endloop
  endfacet
  facet normal 0.28533980734308906 -0.6628698081133129 -0.69223176165012
    outer loop
      vertex 118.75577999651432 138.662226711181 16.916717073445014
      vertex 118.75577999651432 138.22887152587023 17.331690907998784
      vertex 118.6459730565548 138.2062614072303 17.308079269535746
    endloop
  endfacet
  facet normal 0.3331015129967543 -0.6521251359134121 -0.6810111520006021
    outer loop
      vertex 118.53919889032841 138.1801728068177 17.28083506923945
      vertex 118.6459730565548 138.63961659254107 16.893105434981976
      vertex 118.6459730565548 138.2062614072303 17.308079269535746
    endloop
  endfacet
  facet normal 0.1916999387862696 -0.6787959272118201 -0.708863331446892
    outer loop
      vertex 118.98449221998453 138.69701150829582 16.95304267025258
      vertex 118.98449221998453 138.26365632298504 17.36801650480635
      vertex 118.86861972510815 138.2480031627375 17.351669984628572
    endloop
  endfacet
  facet normal 0.2380938384704017 -0.6717334690553408 -0.7014880402639146
    outer loop
      vertex 118.86861972510815 138.68135834804826 16.936696150074802
      vertex 118.86861972510815 138.2480031627375 17.351669984628572
      vertex 118.75577999651432 138.22887152587023 17.331690907998784
    endloop
  endfacet
  facet normal 0.14644655205936238 -0.6841663818509994 -0.7144716714711906
    outer loop
      vertex 119.10339750349522 138.7091861867707 16.9657566285971
      vertex 119.10339750349522 138.27583100145992 17.38073046315087
      vertex 118.98449221998453 138.26365632298504 17.36801650480635
    endloop
  endfacet
  facet normal 0.10257091736367205 -0.6879752261583958 -0.7184492293151123
    outer loop
      vertex 119.22533555328846 138.7178823886259 16.974838030489614
      vertex 119.22533555328846 138.28452720331512 17.389811865043384
      vertex 119.10339750349522 138.27583100145992 17.38073046315087
    endloop
  endfacet
  facet normal 0.060257725464880105 -0.6903662763052384 -0.7209461915165642
    outer loop
      vertex 119.350306391716 138.72310010870842 16.980286870548873
      vertex 119.350306391716 138.28974492339765 17.395260705102643
      vertex 119.22533555328846 138.28452720331512 17.389811865043384
    endloop
  endfacet
  facet normal 0.019641906388917253 -0.6914896290797269 -0.7221193034316357
    outer loop
      vertex 119.4783099964261 138.72483934701827 16.982103148774875
      vertex 119.4783099964261 138.2914841617075 17.397076983328645
      vertex 119.350306391716 138.28974492339765 17.395260705102643
    endloop
  endfacet
  facet normal 2.3640935043634152e-14 0.7222586421846562 -0.6916230575895926
    outer loop
      vertex 115.66251999884844 138.26098850911802 16.49770594327161
      vertex 117.26360999792814 137.73944939555255 15.95306514815013
      vertex 115.58085083216429 138.1448242712267 16.37639618673716
    endloop
  endfacet
  facet normal 2.690347641760769e-14 0.7222586421846591 -0.6916230575895895
    outer loop
      vertex 115.75129083544016 138.373387248661 16.615083407939288
      vertex 115.84716333448887 138.48202047954965 16.72852856997772
      vertex 117.31564471870661 137.81617882667507 16.033193325095652
    endloop
  endfacet
  facet normal -1.87890377113149e-15 0.7222586421846204 -0.6916230575896298
    outer loop
      vertex 115.75129083544016 138.373387248661 16.615083407939288
      vertex 117.31564471870661 137.81617882667507 16.033193325095652
      vertex 115.66251999884844 138.26098850911802 16.49770594327161
    endloop
  endfacet
  facet normal -3.020051561473304e-14 0.7222586421845634 -0.6916230575896893
    outer loop
      vertex 115.58085083216429 138.1448242712267 16.37639618673716
      vertex 117.21573805809021 137.6601532739097 15.870256588603453
      vertex 115.5062833353877 138.024894524681 16.251154127573457
    endloop
  endfacet
  facet normal -3.220916127035898e-16 0.7222586421846395 -0.69162305758961
    outer loop
      vertex 115.5062833353877 138.024894524681 16.251154127573457
      vertex 117.17202889174223 137.57829046174658 15.784767646455641
      vertex 115.43881750106812 137.901199279787 16.121979776542993
    endloop
  endfacet
  facet normal 1.166099399053039e-14 0.722258642184644 -0.6916230575896052
    outer loop
      vertex 115.43881750106812 137.901199279787 16.121979776542993
      vertex 117.1324824988842 137.49386096421608 15.696598327087933
      vertex 115.3784533366561 137.77373853139164 15.988873128264515
    endloop
  endfacet
  facet normal 8.11240891118801e-15 0.7222586421846251 -0.691623057589625
    outer loop
      vertex 115.58085083216429 138.1448242712267 16.37639618673716
      vertex 117.26360999792814 137.73944939555255 15.95306514815013
      vertex 117.21573805809021 137.6601532739097 15.870256588603453
    endloop
  endfacet
  facet normal 1.9620832053993803e-14 0.722258642184675 -0.6916230575895729
    outer loop
      vertex 115.5062833353877 138.024894524681 16.251154127573457
      vertex 117.21573805809021 137.6601532739097 15.870256588603453
      vertex 117.17202889174223 137.57829046174658 15.784767646455641
    endloop
  endfacet
  facet normal 4.070651547280361e-14 0.7222586421846778 -0.6916230575895699
    outer loop
      vertex 115.95013750344515 138.58688821208995 16.838041440149375
      vertex 117.43220250308514 137.96193761735915 16.185408531183278
      vertex 117.3718422204256 137.8903415672773 16.11064111944004
    endloop
  endfacet
  facet normal -2.5619332916835878e-14 0.7222586421846121 -0.6916230575896385
    outer loop
      vertex 116.06021333485842 138.6879904359759 16.94362200769178
      vertex 117.49672555923462 138.03096697692072 16.257495560325374
      vertex 117.43220250308514 137.96193761735915 16.185408531183278
    endloop
  endfacet
  facet normal -5.787043578992592e-14 0.7222586421845699 -0.6916230575896825
    outer loop
      vertex 115.84716333448887 138.48202047954965 16.72852856997772
      vertex 117.3718422204256 137.8903415672773 16.11064111944004
      vertex 117.31564471870661 137.81617882667507 16.033193325095652
    endloop
  endfacet
  facet normal 0.7852437514662456 -0.4282438440930218 -0.44721299263287134
    outer loop
      vertex 117.56541138887405 138.09742964596197 16.32690220686633
      vertex 117.63825999945402 138.16132562963588 16.39362847618738
      vertex 117.56541138887405 137.6640744606512 16.7418760414201
    endloop
  endfacet
  facet normal 0.8135518225440651 -0.4021735640094172 -0.4199879241682947
    outer loop
      vertex 117.56541138887405 138.09742964596197 16.32690220686633
      vertex 117.49672555923462 137.59761179160995 16.672469394879144
      vertex 117.49672555923462 138.03096697692072 16.257495560325374
    endloop
  endfacet
  facet normal 0.8397943825310847 -0.3754853332962656 -0.3921175328248235
    outer loop
      vertex 117.49672555923462 138.03096697692072 16.257495560325374
      vertex 117.43220250308514 137.52858243204838 16.600382365737048
      vertex 117.43220250308514 137.96193761735915 16.185408531183278
    endloop
  endfacet
  facet normal -7.674801268504038e-15 0.7222586421846101 -0.6916230575896406
    outer loop
      vertex 115.66251999884844 138.26098850911802 16.49770594327161
      vertex 117.31564471870661 137.81617882667507 16.033193325095652
      vertex 117.26360999792814 137.73944939555255 15.95306514815013
    endloop
  endfacet
  facet normal 0.8638723588589861 -0.3483779882331183 -0.36380946237564615
    outer loop
      vertex 117.3718422204256 137.8903415672773 16.11064111944004
      vertex 117.43220250308514 137.96193761735915 16.185408531183278
      vertex 117.3718422204256 137.4569863819665 16.52561495399381
    endloop
  endfacet
  facet normal 0.8857316751224641 -0.3210497543782252 -0.33527071882052994
    outer loop
      vertex 117.3718422204256 137.8903415672773 16.11064111944004
      vertex 117.31564471870661 137.3828236413643 16.448167159649422
      vertex 117.31564471870661 137.81617882667507 16.033193325095652
    endloop
  endfacet
  facet normal 0.905361455196551 -0.2936920414777517 -0.30670119043951233
    outer loop
      vertex 117.31564471870661 137.81617882667507 16.033193325095652
      vertex 117.26360999792814 137.30609421024178 16.3680389827039
      vertex 117.26360999792814 137.73944939555255 15.95306514815013
    endloop
  endfacet
  facet normal 0.9227904041089593 -0.26648396173234046 -0.278287923244722
    outer loop
      vertex 117.26360999792814 137.73944939555255 15.95306514815013
      vertex 117.21573805809021 137.22679808859894 16.285230423157223
      vertex 117.21573805809021 137.6601532739097 15.870256588603453
    endloop
  endfacet
  facet normal 0.7852437514662456 -0.4282438440930218 -0.44721299263287134
    outer loop
      vertex 117.56541138887405 137.6640744606512 16.7418760414201
      vertex 117.63825999945402 138.16132562963588 16.39362847618738
      vertex 117.63825999945402 137.7279704443251 16.80860231074115
    endloop
  endfacet
  facet normal 0.813551822544065 -0.4021735640094172 -0.4199879241682948
    outer loop
      vertex 117.56541138887405 138.09742964596197 16.32690220686633
      vertex 117.56541138887405 137.6640744606512 16.7418760414201
      vertex 117.49672555923462 137.59761179160995 16.672469394879144
    endloop
  endfacet
  facet normal 0.8397943825310848 -0.3754853332962656 -0.3921175328248235
    outer loop
      vertex 117.49672555923462 138.03096697692072 16.257495560325374
      vertex 117.49672555923462 137.59761179160995 16.672469394879144
      vertex 117.43220250308514 137.52858243204838 16.600382365737048
    endloop
  endfacet
  facet normal 0.8857316751224292 -0.3210497543782604 -0.33527071882058873
    outer loop
      vertex 117.3718422204256 137.8903415672773 16.11064111944004
      vertex 117.3718422204256 137.4569863819665 16.52561495399381
      vertex 117.31564471870661 137.3828236413643 16.448167159649422
    endloop
  endfacet
  facet normal 0.8638723588590275 -0.34837798823308086 -0.36380946237558315
    outer loop
      vertex 117.43220250308514 137.96193761735915 16.185408531183278
      vertex 117.43220250308514 137.52858243204838 16.600382365737048
      vertex 117.3718422204256 137.4569863819665 16.52561495399381
    endloop
  endfacet
  facet normal 0.905361455196551 -0.29369204147775174 -0.30670119043951233
    outer loop
      vertex 117.31564471870661 137.81617882667507 16.033193325095652
      vertex 117.31564471870661 137.3828236413643 16.448167159649422
      vertex 117.26360999792814 137.30609421024178 16.3680389827039
    endloop
  endfacet
  facet normal 0.9227904041089593 -0.2664839617323404 -0.27828792324472196
    outer loop
      vertex 117.26360999792814 137.73944939555255 15.95306514815013
      vertex 117.26360999792814 137.30609421024178 16.3680389827039
      vertex 117.21573805809021 137.22679808859894 16.285230423157223
    endloop
  endfacet
  facet normal 1.0403541325258761e-14 0.7222586421846378 -0.6916230575896117
    outer loop
      vertex 115.3784533366561 137.77373853139164 15.988873128264515
      vertex 117.0970988869667 137.4068647710123 15.605748619737831
      vertex 115.32519083470106 137.64251227434195 15.851834177356778
    endloop
  endfacet
  facet normal 1.7009530560644722e-16 0.7222586421846425 -0.6916230575896068
    outer loop
      vertex 115.2790300026536 137.50752051894392 15.71086293458228
      vertex 115.32519083470106 137.64251227434195 15.851834177356778
      vertex 117.06587805598974 137.3173018924412 15.512218535167825
    endloop
  endfacet
  facet normal -1.4102464315634392e-14 0.7222586421845802 -0.6916230575896718
    outer loop
      vertex 115.2790300026536 137.50752051894392 15.71086293458228
      vertex 117.03881999850273 137.22517232334977 15.416008067996685
      vertex 115.23997083306313 137.36876326004452 15.56595939455977
    endloop
  endfacet
  facet normal -3.375237062781047e-14 0.7222586421845537 -0.6916230575896996
    outer loop
      vertex 115.43881750106812 137.901199279787 16.121979776542993
      vertex 117.17202889174223 137.57829046174658 15.784767646455641
      vertex 117.1324824988842 137.49386096421608 15.696598327087933
    endloop
  endfacet
  facet normal 6.986755252972117e-15 0.7222586421846301 -0.6916230575896197
    outer loop
      vertex 115.3784533366561 137.77373853139164 15.988873128264515
      vertex 117.1324824988842 137.49386096421608 15.696598327087933
      vertex 117.0970988869667 137.4068647710123 15.605748619737831
    endloop
  endfacet
  facet normal 4.0291636015857594e-14 0.7222586421847451 -0.6916230575894995
    outer loop
      vertex 115.32519083470106 137.64251227434195 15.851834177356778
      vertex 117.0970988869667 137.4068647710123 15.605748619737831
      vertex 117.06587805598974 137.3173018924412 15.512218535167825
    endloop
  endfacet
  facet normal -5.452709843440586e-15 0.7222586421846432 -0.6916230575896061
    outer loop
      vertex 115.23997083306313 137.36876326004452 15.56595939455977
      vertex 117.01592472195625 137.13047605858503 15.31711721284315
      vertex 115.20801333338022 137.2262404924908 15.417123551907999
    endloop
  endfacet
  facet normal 6.121701114905958e-15 0.7222586421846445 -0.6916230575896046
    outer loop
      vertex 115.20801333338022 137.2262404924908 15.417123551907999
      vertex 116.99719221889973 137.03321310845294 15.21554598046972
      vertex 115.18315750360489 137.07995222658874 15.264355417389467
    endloop
  endfacet
  facet normal -1.2857587913491046e-14 0.7222586421845839 -0.6916230575896681
    outer loop
      vertex 115.2790300026536 137.50752051894392 15.71086293458228
      vertex 117.06587805598974 137.3173018924412 15.512218535167825
      vertex 117.03881999850273 137.22517232334977 15.416008067996685
    endloop
  endfacet
  facet normal -8.718595186116483e-16 0.7222586421846595 -0.6916230575895891
    outer loop
      vertex 115.23997083306313 137.36876326004452 15.56595939455977
      vertex 117.03881999850273 137.22517232334977 15.416008067996685
      vertex 117.01592472195625 137.13047605858503 15.31711721284315
    endloop
  endfacet
  facet normal -1.6313164260590557e-14 0.7222586421845452 -0.6916230575897083
    outer loop
      vertex 115.20801333338022 137.2262404924908 15.417123551907999
      vertex 117.01592472195625 137.13047605858503 15.31711721284315
      vertex 116.99719221889973 137.03321310845294 15.21554598046972
    endloop
  endfacet
  facet normal 0.9513264021559004 -0.21314794439182264 -0.22258937612260501
    outer loop
      vertex 117.1324824988842 137.49386096421608 15.696598327087933
      vertex 117.17202889174223 137.57829046174658 15.784767646455641
      vertex 117.1324824988842 137.0605057789053 16.111572161641703
    endloop
  endfacet
  facet normal 0.9626381269017229 -0.18728538999916222 -0.19558123460087956
    outer loop
      vertex 117.1324824988842 137.49386096421608 15.696598327087933
      vertex 117.0970988869667 136.97350958570152 16.0207224542916
      vertex 117.0970988869667 137.4068647710123 15.605748619737831
    endloop
  endfacet
  facet normal 0.9380815862495322 -0.2395881875315144 -0.2502007952324004
    outer loop
      vertex 117.21573805809021 137.6601532739097 15.870256588603453
      vertex 117.17202889174223 137.1449352764358 16.19974148100941
      vertex 117.17202889174223 137.57829046174658 15.784767646455641
    endloop
  endfacet
  facet normal 0.9721455014342617 -0.16210134283268832 -0.16928165492151587
    outer loop
      vertex 117.0970988869667 137.4068647710123 15.605748619737831
      vertex 117.06587805598974 136.8839467071304 15.927192369721595
      vertex 117.06587805598974 137.3173018924412 15.512218535167825
    endloop
  endfacet
  facet normal 0.9799869922855537 -0.1376755478926594 -0.14377391440581294
    outer loop
      vertex 117.06587805598974 137.3173018924412 15.512218535167825
      vertex 117.03881999850273 136.791817138039 15.830981902550455
      vertex 117.03881999850273 137.22517232334977 15.416008067996685
    endloop
  endfacet
  facet normal 0.9863056327898284 -0.114067910233852 -0.11912057161522496
    outer loop
      vertex 117.03881999850273 137.22517232334977 15.416008067996685
      vertex 117.01592472195625 136.69712087327423 15.73209104739692
      vertex 117.01592472195625 137.13047605858503 15.31711721284315
    endloop
  endfacet
  facet normal 0.9912446648504913 -0.09132047541543054 -0.09536553452551245
    outer loop
      vertex 117.01592472195625 137.13047605858503 15.31711721284315
      vertex 116.99719221889973 136.59985792314217 15.63051981502349
      vertex 116.99719221889973 137.03321310845294 15.21554598046972
    endloop
  endfacet
  facet normal 0.9513264021559004 -0.21314794439182264 -0.22258937612260501
    outer loop
      vertex 117.17202889174223 137.57829046174658 15.784767646455641
      vertex 117.17202889174223 137.1449352764358 16.19974148100941
      vertex 117.1324824988842 137.0605057789053 16.111572161641703
    endloop
  endfacet
  facet normal 0.9626381269017229 -0.18728538999916225 -0.19558123460087956
    outer loop
      vertex 117.1324824988842 137.49386096421608 15.696598327087933
      vertex 117.1324824988842 137.0605057789053 16.111572161641703
      vertex 117.0970988869667 136.97350958570152 16.0207224542916
    endloop
  endfacet
  facet normal 0.9721455014342698 -0.16210134283267058 -0.16928165492148622
    outer loop
      vertex 117.0970988869667 137.4068647710123 15.605748619737831
      vertex 117.0970988869667 136.97350958570152 16.0207224542916
      vertex 117.06587805598974 136.8839467071304 15.927192369721595
    endloop
  endfacet
  facet normal 0.938081586249532 -0.2395881875315144 -0.2502007952324004
    outer loop
      vertex 117.21573805809021 137.6601532739097 15.870256588603453
      vertex 117.21573805809021 137.22679808859894 16.285230423157223
      vertex 117.17202889174223 137.1449352764358 16.19974148100941
    endloop
  endfacet
  facet normal 0.979986992285548 -0.1376755478926742 -0.1437739144058378
    outer loop
      vertex 117.06587805598974 137.3173018924412 15.512218535167825
      vertex 117.06587805598974 136.8839467071304 15.927192369721595
      vertex 117.03881999850273 136.791817138039 15.830981902550455
    endloop
  endfacet
  facet normal 0.9863056327898324 -0.11406791023384 -0.1191205716152046
    outer loop
      vertex 117.03881999850273 137.22517232334977 15.416008067996685
      vertex 117.03881999850273 136.791817138039 15.830981902550455
      vertex 117.01592472195625 136.69712087327423 15.73209104739692
    endloop
  endfacet
  facet normal 0.991244664850489 -0.09132047541543994 -0.09536553452552854
    outer loop
      vertex 117.01592472195625 137.13047605858503 15.31711721284315
      vertex 117.01592472195625 136.69712087327423 15.73209104739692
      vertex 116.99719221889973 136.59985792314217 15.63051981502349
    endloop
  endfacet
  facet normal 0.7222008675409326 -0.47838417853659243 -0.4995743034314254
    outer loop
      vertex 117.79418555647135 138.27959393776504 16.51713550318059
      vertex 117.71470639109612 137.78884383669953 16.872172102463765
      vertex 117.71470639109612 138.2221990220103 16.457198267909995
    endloop
  endfacet
  facet normal 0.7549818366251153 -0.4535288477742975 -0.47361800071649074
    outer loop
      vertex 117.71470639109612 138.2221990220103 16.457198267909995
      vertex 117.63825999945402 137.7279704443251 16.80860231074115
      vertex 117.63825999945402 138.16132562963588 16.39362847618738
    endloop
  endfacet
  facet normal 0.7222008675409326 -0.4783841785365925 -0.4995743034314255
    outer loop
      vertex 117.79418555647135 138.27959393776504 16.51713550318059
      vertex 117.79418555647135 137.84623875245427 16.93210933773436
      vertex 117.71470639109612 137.78884383669953 16.872172102463765
    endloop
  endfacet
  facet normal 0.7549818366251153 -0.4535288477742975 -0.4736180007164908
    outer loop
      vertex 117.71470639109612 138.2221990220103 16.457198267909995
      vertex 117.71470639109612 137.78884383669953 16.872172102463765
      vertex 117.63825999945402 137.7279704443251 16.80860231074115
    endloop
  endfacet
  facet normal -5.037136386812062e-14 0.7222586421846479 -0.6916230575896012
    outer loop
      vertex 111.6598600000143 136.20803763986913 14.353819195968775
      vertex 112.24586444348097 137.08509329074244 15.269724206029878
      vertex 112.33727750182152 137.06435785684212 15.248070291849878
    endloop
  endfacet
  facet normal 3.3010455961069944e-14 0.72225864218461 -0.6916230575896407
    outer loop
      vertex 111.70664999634027 136.18396512233318 14.328680381351944
      vertex 112.33727750182152 137.06435785684212 15.248070291849878
      vertex 112.42646777629852 137.0417077767389 15.22441692182236
    endloop
  endfacet
  facet normal 8.364853984161159e-14 0.7222586421845891 -0.6916230575896624
    outer loop
      vertex 111.7511800006032 136.15843366871275 14.302018006778788
      vertex 112.42646777629852 137.0417077767389 15.22441692182236
      vertex 112.51343527436256 137.01714305558573 15.198764101328571
    endloop
  endfacet
  facet normal 0.37808460445350933 0.6402846023078929 0.6686461395406819
    outer loop
      vertex 112.42646777629852 137.0417077767389 15.22441692182236
      vertex 112.51343527436256 136.58378787027496 15.613737935882341
      vertex 112.51343527436256 137.01714305558573 15.198764101328571
    endloop
  endfacet
  facet normal 0.4117119083585805 0.6302858122613144 0.6582044510468088
    outer loop
      vertex 112.51343527436256 137.01714305558573 15.198764101328571
      vertex 112.59818000346422 136.5573085080719 15.58608566492228
      vertex 112.59818000346422 136.9906636933827 15.17111183036851
    endloop
  endfacet
  facet normal 0.4454177337470206 0.6192259412341298 0.6466546807735751
    outer loop
      vertex 112.59818000346422 136.9906636933827 15.17111183036851
      vertex 112.68070194125175 136.52891449966594 15.5564339381147
      vertex 112.68070194125175 136.96226968497672 15.14146010356093
    endloop
  endfacet
  facet normal 0.4790455377282289 0.6070998386587539 0.6339914500079531
    outer loop
      vertex 112.68070194125175 136.96226968497672 15.14146010356093
      vertex 112.7610011100769 136.49860584505709 15.524782755459604
      vertex 112.7610011100769 136.93196103036786 15.109808920905834
    endloop
  endfacet
  facet normal 0.5124320330071566 0.5939159374333343 0.6202235651850359
    outer loop
      vertex 112.7610011100769 136.93196103036786 15.109808920905834
      vertex 112.83907750248909 136.4663825493983 15.491132122338243
      vertex 112.83907750248909 136.89973773470908 15.076158287784473
    endloop
  endfacet
  facet normal 0.5454102301981342 0.5796971749859695 0.6053749797509842
    outer loop
      vertex 112.83907750248909 136.89973773470908 15.076158287784473
      vertex 112.91493111103773 136.4322446126896 15.455482038750603
      vertex 112.91493111103773 136.86559979800037 15.040508204196833
    endloop
  endfacet
  facet normal 0.5778130306345037 0.5644814115994061 0.5894852310174633
    outer loop
      vertex 112.91493111103773 136.86559979800037 15.040508204196833
      vertex 112.98856194317341 136.396192034931 15.41783250469669
      vertex 112.98856194317341 136.82954722024175 15.00285867014292
    endloop
  endfacet
  facet normal -5.253364925238926e-14 0.7222586421846523 -0.6916230575895967
    outer loop
      vertex 111.79337444156408 136.1315796735884 14.273974508455645
      vertex 112.51343527436256 137.01714305558573 15.198764101328571
      vertex 112.59818000346422 136.9906636933827 15.17111183036851
    endloop
  endfacet
  facet normal 3.174907897965545e-14 0.7222586421846142 -0.6916230575896364
    outer loop
      vertex 111.79337444156408 136.1315796735884 14.273974508455645
      vertex 112.59818000346422 136.9906636933827 15.17111183036851
      vertex 112.68070194125175 136.96226968497672 15.14146010356093
    endloop
  endfacet
  facet normal -7.244774137029924e-14 0.7222586421846591 -0.6916230575895894
    outer loop
      vertex 111.83315777778625 136.1035533776337 14.244706781997472
      vertex 112.68070194125175 136.96226968497672 15.14146010356093
      vertex 112.7610011100769 136.93196103036786 15.109808920905834
    endloop
  endfacet
  facet normal 2.425207691350111e-14 0.7222586421846182 -0.6916230575896319
    outer loop
      vertex 111.87053000181913 136.0743547808487 14.214214827404255
      vertex 112.7610011100769 136.93196103036786 15.109808920905834
      vertex 112.83907750248909 136.89973773470908 15.076158287784473
    endloop
  endfacet
  facet normal 2.953718017643163e-14 0.7222586421846152 -0.6916230575896353
    outer loop
      vertex 111.87053000181913 136.0743547808487 14.214214827404255
      vertex 112.83907750248909 136.89973773470908 15.076158287784473
      vertex 112.91493111103773 136.86559979800037 15.040508204196833
    endloop
  endfacet
  facet normal 7.663597057693506e-14 0.7222586421845894 -0.6916230575896624
    outer loop
      vertex 111.90549111366272 136.04398388323335 14.182498644676002
      vertex 112.91493111103773 136.86559979800037 15.040508204196833
      vertex 112.98856194317341 136.82954722024175 15.00285867014292
    endloop
  endfacet
  facet normal 2.588133745509751e-14 0.7222586421846232 -0.6916230575896269
    outer loop
      vertex 111.90549111366272 136.04398388323335 14.182498644676002
      vertex 112.98856194317341 136.82954722024175 15.00285867014292
      vertex 113.05996999889612 136.79157999628023 14.963209680241498
    endloop
  endfacet
  facet normal -1.0804622784165106e-13 0.7222586421847056 -0.6916230575895409
    outer loop
      vertex 111.93804111331701 136.01244068478766 14.149558233812712
      vertex 113.05996999889612 136.79157999628023 14.963209680241498
      vertex 113.12915527820587 136.75169812611583 14.92156123449255
    endloop
  endfacet
  facet normal -2.8296492784662597e-14 0.7222586421846471 -0.6916230575896019
    outer loop
      vertex 111.96818000078201 135.97972518551168 14.115393594814385
      vertex 113.12915527820587 136.75169812611583 14.92156123449255
      vertex 113.19611778110266 136.7099016149015 14.877913338277338
    endloop
  endfacet
  facet normal -2.4171050852639744e-14 0.7222586421846433 -0.691623057589606
    outer loop
      vertex 111.96818000078201 135.97972518551168 14.115393594814385
      vertex 113.19611778110266 136.7099016149015 14.877913338277338
      vertex 113.2608575001359 136.66619046263725 14.832265991595847
    endloop
  endfacet
  facet normal 0.37808460445350917 0.6402846023078929 0.6686461395406819
    outer loop
      vertex 112.42646777629852 137.0417077767389 15.22441692182236
      vertex 112.42646777629852 136.60835259142812 15.63939075637613
      vertex 112.51343527436256 136.58378787027496 15.613737935882341
    endloop
  endfacet
  facet normal 0.41171190835858057 0.6302858122613144 0.6582044510468088
    outer loop
      vertex 112.51343527436256 137.01714305558573 15.198764101328571
      vertex 112.51343527436256 136.58378787027496 15.613737935882341
      vertex 112.59818000346422 136.5573085080719 15.58608566492228
    endloop
  endfacet
  facet normal 0.4454177337470207 0.6192259412341297 0.646654680773575
    outer loop
      vertex 112.59818000346422 136.9906636933827 15.17111183036851
      vertex 112.59818000346422 136.5573085080719 15.58608566492228
      vertex 112.68070194125175 136.52891449966594 15.5564339381147
    endloop
  endfacet
  facet normal 0.47904553772822883 0.6070998386587539 0.6339914500079531
    outer loop
      vertex 112.68070194125175 136.96226968497672 15.14146010356093
      vertex 112.68070194125175 136.52891449966594 15.5564339381147
      vertex 112.7610011100769 136.49860584505709 15.524782755459604
    endloop
  endfacet
  facet normal 0.5124320330071567 0.5939159374333342 0.6202235651850357
    outer loop
      vertex 112.7610011100769 136.93196103036786 15.109808920905834
      vertex 112.7610011100769 136.49860584505709 15.524782755459604
      vertex 112.83907750248909 136.4663825493983 15.491132122338243
    endloop
  endfacet
  facet normal 0.5454102301981341 0.5796971749859696 0.6053749797509842
    outer loop
      vertex 112.83907750248909 136.89973773470908 15.076158287784473
      vertex 112.83907750248909 136.4663825493983 15.491132122338243
      vertex 112.91493111103773 136.4322446126896 15.455482038750603
    endloop
  endfacet
  facet normal 0.5778130306343585 0.5644814115994579 0.5894852310175559
    outer loop
      vertex 112.91493111103773 136.86559979800037 15.040508204196833
      vertex 112.91493111103773 136.4322446126896 15.455482038750603
      vertex 112.98856194317341 136.396192034931 15.41783250469669
    endloop
  endfacet
  facet normal 0.609477482410752 0.5483210973481798 0.5726090923458511
    outer loop
      vertex 112.98856194317341 136.82954722024175 15.00285867014292
      vertex 113.05996999889612 136.3582248109695 15.378183514795268
      vertex 113.05996999889612 136.79157999628023 14.963209680241498
    endloop
  endfacet
  facet normal 0.6402484259729512 0.5312826454475252 0.5548159187383124
    outer loop
      vertex 113.05996999889612 136.79157999628023 14.963209680241498
      vertex 113.12915527820587 136.31834294080505 15.33653506904632
      vertex 113.12915527820587 136.75169812611583 14.92156123449255
    endloop
  endfacet
  facet normal 0.6699823952252569 0.5134450412888862 0.5361881942602631
    outer loop
      vertex 113.12915527820587 136.75169812611583 14.92156123449255
      vertex 113.19611778110266 136.27654642959072 15.292887172831108
      vertex 113.19611778110266 136.7099016149015 14.877913338277338
    endloop
  endfacet
  facet normal 0.6985510675225075 0.4948979364286472 0.5168195416021261
    outer loop
      vertex 113.19611778110266 136.7099016149015 14.877913338277338
      vertex 113.2608575001359 136.23283527732647 15.247239826149617
      vertex 113.2608575001359 136.66619046263725 14.832265991595847
    endloop
  endfacet
  facet normal 0.7258437140273912 0.4757395966928085 0.49681257929473416
    outer loop
      vertex 113.2608575001359 136.66619046263725 14.832265991595847
      vertex 113.32337444275618 136.1872094788593 15.199593023620615
      vertex 113.32337444275618 136.62056466417008 14.784619189066845
    endloop
  endfacet
  facet normal 0.7517693378164226 0.4560743382014994 0.4762762441620638
    outer loop
      vertex 113.32337444275618 136.62056466417008 14.784619189066845
      vertex 113.38366860896349 136.13966903934224 15.149946770625334
      vertex 113.38366860896349 136.573024224653 14.734972936071564
    endloop
  endfacet
  facet normal 0.7762579450833961 0.4360098408373255 0.4553229857891134
    outer loop
      vertex 113.38366860896349 136.573024224653 14.734972936071564
      vertex 113.44173999875784 136.09021395877525 15.098301067163789
      vertex 113.44173999875784 136.52356914408603 14.683327232610019
    endloop
  endfacet
  facet normal 0.79926915806507 0.4156469369866905 0.43405810295343666
    outer loop
      vertex 113.44173999875784 136.52356914408603 14.683327232610019
      vertex 113.49712750315666 136.03926689082454 15.045097288432622
      vertex 113.49712750315666 136.4726220761353 14.630123453878852
    endloop
  endfacet
  facet normal 0.8213300488834444 0.39453864544671885 0.4120148153285112
    outer loop
      vertex 113.49712750315666 136.4726220761353 14.630123453878852
      vertex 113.54935000091791 135.98726433009637 14.990791263655865
      vertex 113.54935000091791 136.42061951540717 14.575817429102095
    endloop
  endfacet
  facet normal 0.6094774824107521 0.5483210973481797 0.572609092345851
    outer loop
      vertex 112.98856194317341 136.82954722024175 15.00285867014292
      vertex 112.98856194317341 136.396192034931 15.41783250469669
      vertex 113.05996999889612 136.3582248109695 15.378183514795268
    endloop
  endfacet
  facet normal 0.6402484259730798 0.5312826454474692 0.5548159187382175
    outer loop
      vertex 113.05996999889612 136.79157999628023 14.963209680241498
      vertex 113.05996999889612 136.3582248109695 15.378183514795268
      vertex 113.12915527820587 136.31834294080505 15.33653506904632
    endloop
  endfacet
  facet normal 0.669982395225257 0.5134450412888862 0.5361881942602631
    outer loop
      vertex 113.12915527820587 136.75169812611583 14.92156123449255
      vertex 113.12915527820587 136.31834294080505 15.33653506904632
      vertex 113.19611778110266 136.27654642959072 15.292887172831108
    endloop
  endfacet
  facet normal 0.6985510675225074 0.4948979364286473 0.5168195416021262
    outer loop
      vertex 113.19611778110266 136.7099016149015 14.877913338277338
      vertex 113.19611778110266 136.27654642959072 15.292887172831108
      vertex 113.2608575001359 136.23283527732647 15.247239826149617
    endloop
  endfacet
  facet normal 0.7258437140273912 0.4757395966928085 0.49681257929473416
    outer loop
      vertex 113.2608575001359 136.66619046263725 14.832265991595847
      vertex 113.2608575001359 136.23283527732647 15.247239826149617
      vertex 113.32337444275618 136.1872094788593 15.199593023620615
    endloop
  endfacet
  facet normal 0.7517693378164226 0.45607433820149934 0.4762762441620637
    outer loop
      vertex 113.32337444275618 136.62056466417008 14.784619189066845
      vertex 113.32337444275618 136.1872094788593 15.199593023620615
      vertex 113.38366860896349 136.13966903934224 15.149946770625334
    endloop
  endfacet
  facet normal 0.7762579450833961 0.4360098408373255 0.4553229857891134
    outer loop
      vertex 113.38366860896349 136.573024224653 14.734972936071564
      vertex 113.38366860896349 136.13966903934224 15.149946770625334
      vertex 113.44173999875784 136.09021395877525 15.098301067163789
    endloop
  endfacet
  facet normal 0.79926915806507 0.4156469369866904 0.4340581029534366
    outer loop
      vertex 113.44173999875784 136.52356914408603 14.683327232610019
      vertex 113.44173999875784 136.09021395877525 15.098301067163789
      vertex 113.49712750315666 136.03926689082454 15.045097288432622
    endloop
  endfacet
  facet normal 0.8213300488835142 0.3945386454466627 0.4120148153284255
    outer loop
      vertex 113.49712750315666 136.4726220761353 14.630123453878852
      vertex 113.49712750315666 136.03926689082454 15.045097288432622
      vertex 113.54935000091791 135.98726433009637 14.990791263655865
    endloop
  endfacet
  facet normal 1.5015933252400052e-13 0.7222586421845538 -0.6916230575896994
    outer loop
      vertex 111.79337444156408 136.1315796735884 14.273974508455645
      vertex 112.68070194125175 136.96226968497672 15.14146010356093
      vertex 111.83315777778625 136.1035533776337 14.244706781997472
    endloop
  endfacet
  facet normal -2.662017302840372e-13 0.7222586421847628 -0.6916230575894814
    outer loop
      vertex 111.83315777778625 136.1035533776337 14.244706781997472
      vertex 112.7610011100769 136.93196103036786 15.109808920905834
      vertex 111.87053000181913 136.0743547808487 14.214214827404255
    endloop
  endfacet
  facet normal -4.064365906541781e-15 0.7222586421846366 -0.6916230575896128
    outer loop
      vertex 111.87053000181913 136.0743547808487 14.214214827404255
      vertex 112.91493111103773 136.86559979800037 15.040508204196833
      vertex 111.90549111366272 136.04398388323335 14.182498644676002
    endloop
  endfacet
  facet normal 2.1779126136369658e-13 0.722258642184481 -0.6916230575897755
    outer loop
      vertex 111.90549111366272 136.04398388323335 14.182498644676002
      vertex 113.05996999889612 136.79157999628023 14.963209680241498
      vertex 111.93804111331701 136.01244068478766 14.149558233812712
    endloop
  endfacet
  facet normal -8.684945124347016e-14 0.722258642184689 -0.6916230575895581
    outer loop
      vertex 111.93804111331701 136.01244068478766 14.149558233812712
      vertex 113.12915527820587 136.75169812611583 14.92156123449255
      vertex 111.96818000078201 135.97972518551168 14.115393594814385
    endloop
  endfacet
  facet normal 1.1195859535013621e-13 0.722258642184521 -0.6916230575897337
    outer loop
      vertex 111.96818000078201 135.97972518551168 14.115393594814385
      vertex 113.2608575001359 136.66619046263725 14.832265991595847
      vertex 111.99590777605772 135.94583738540535 14.080004727681022
    endloop
  endfacet
  facet normal -9.795899292071537e-14 0.7222586421847185 -0.6916230575895275
    outer loop
      vertex 111.99590777605772 135.94583738540535 14.080004727681022
      vertex 113.38366860896349 136.573024224653 14.734972936071564
      vertex 112.02122444659472 135.91077727931574 14.043391627031376
    endloop
  endfacet
  facet normal 6.939118998074924e-14 0.7222586421845568 -0.6916230575896963
    outer loop
      vertex 111.99590777605772 135.94583738540535 14.080004727681022
      vertex 113.2608575001359 136.66619046263725 14.832265991595847
      vertex 113.32337444275618 136.62056466417008 14.784619189066845
    endloop
  endfacet
  facet normal -6.118692969831115e-14 0.7222586421846798 -0.6916230575895678
    outer loop
      vertex 111.99590777605772 135.94583738540535 14.080004727681022
      vertex 113.32337444275618 136.62056466417008 14.784619189066845
      vertex 113.38366860896349 136.573024224653 14.734972936071564
    endloop
  endfacet
  facet normal 6.190123647094749e-15 0.722258642184616 -0.6916230575896345
    outer loop
      vertex 112.02122444659472 135.91077727931574 14.043391627031376
      vertex 113.38366860896349 136.573024224653 14.734972936071564
      vertex 113.44173999875784 136.52356914408603 14.683327232610019
    endloop
  endfacet
  facet normal -0.9351098838588302 -0.2450820784864494 -0.25593803920927233
    outer loop
      vertex 112.04412999749184 135.87454487754877 14.005554303627939
      vertex 112.06462444365025 135.8371401749515 13.966492752089458
      vertex 112.04412999749184 135.441189692238 14.420528138181709
    endloop
  endfacet
  facet normal -0.9512561713025057 -0.21329782538993877 -0.22274589613014484
    outer loop
      vertex 112.06462444365025 135.8371401749515 13.966492752089458
      vertex 112.08270777761936 135.79856317152388 13.926206972415947
      vertex 112.06462444365025 135.4037849896407 14.381466586643228
    endloop
  endfacet
  facet normal 3.583537422166591e-14 0.7222586421845782 -0.6916230575896739
    outer loop
      vertex 112.02122444659472 135.91077727931574 14.043391627031376
      vertex 113.49712750315666 136.4726220761353 14.630123453878852
      vertex 112.04412999749184 135.87454487754877 14.005554303627939
    endloop
  endfacet
  facet normal -3.7114518599395145e-14 0.7222586421846615 -0.691623057589587
    outer loop
      vertex 112.04412999749184 135.87454487754877 14.005554303627939
      vertex 113.54935000091791 136.42061951540717 14.575817429102095
      vertex 112.06462444365025 135.8371401749515 13.966492752089458
    endloop
  endfacet
  facet normal -9.787468948244934e-15 0.7222586421846445 -0.6916230575896046
    outer loop
      vertex 112.06462444365025 135.8371401749515 13.966492752089458
      vertex 113.64429999887943 136.3134479104655 14.463898636030521
      vertex 112.08270777761936 135.79856317152388 13.926206972415947
    endloop
  endfacet
  facet normal -1.8301192654611274e-15 0.7222586421846372 -0.6916230575896124
    outer loop
      vertex 112.08270777761936 135.79856317152388 13.926206972415947
      vertex 113.72659000009298 136.20205433441407 14.347570858776557
      vertex 112.09837999939919 135.75881386211296 13.884696959226154
    endloop
  endfacet
  facet normal 3.174501619663859e-14 0.7222586421845394 -0.6916230575897143
    outer loop
      vertex 113.79621999710798 136.0864387820999 14.226834091958949
      vertex 112.11164110898972 135.7178922570247 13.841962723282563
      vertex 112.09837999939919 135.75881386211296 13.884696959226154
    endloop
  endfacet
  facet normal -0.9162470958085567 -0.27707360546232096 -0.2893466374065811
    outer loop
      vertex 112.02122444659472 135.47742209400496 14.458365461585146
      vertex 112.04412999749184 135.87454487754877 14.005554303627939
      vertex 112.04412999749184 135.441189692238 14.420528138181709
    endloop
  endfacet
  facet normal -0.9351098838588302 -0.24508207848644945 -0.25593803920927233
    outer loop
      vertex 112.06462444365025 135.8371401749515 13.966492752089458
      vertex 112.06462444365025 135.4037849896407 14.381466586643228
      vertex 112.04412999749184 135.441189692238 14.420528138181709
    endloop
  endfacet
  facet normal -0.9512561713025057 -0.21329782538993877 -0.22274589613014484
    outer loop
      vertex 112.08270777761936 135.79856317152388 13.926206972415947
      vertex 112.08270777761936 135.3652079862131 14.341180806969717
      vertex 112.06462444365025 135.4037849896407 14.381466586643228
    endloop
  endfacet
  facet normal 2.7661062545046472e-15 0.7222586421846198 -0.6916230575896306
    outer loop
      vertex 112.02122444659472 135.91077727931574 14.043391627031376
      vertex 113.44173999875784 136.52356914408603 14.683327232610019
      vertex 113.49712750315666 136.4726220761353 14.630123453878852
    endloop
  endfacet
  facet normal -4.750024775291557e-14 0.7222586421846753 -0.6916230575895728
    outer loop
      vertex 113.49712750315666 136.4726220761353 14.630123453878852
      vertex 113.54935000091791 136.42061951540717 14.575817429102095
      vertex 112.04412999749184 135.87454487754877 14.005554303627939
    endloop
  endfacet
  facet normal 9.493736232239149e-14 0.7222586421845006 -0.6916230575897548
    outer loop
      vertex 112.06462444365025 135.8371401749515 13.966492752089458
      vertex 113.54935000091791 136.42061951540717 14.575817429102095
      vertex 113.59840749949217 136.36756145674855 14.520409152898488
    endloop
  endfacet
  facet normal -1.4894219627263905e-14 0.7222586421846524 -0.6916230575895964
    outer loop
      vertex 112.06462444365025 135.8371401749515 13.966492752089458
      vertex 113.59840749949217 136.36756145674855 14.520409152898488
      vertex 113.64429999887943 136.3134479104655 14.463898636030521
    endloop
  endfacet
  facet normal -3.833723109149238e-14 0.7222586421846858 -0.6916230575895618
    outer loop
      vertex 112.08270777761936 135.79856317152388 13.926206972415947
      vertex 113.64429999887943 136.3134479104655 14.463898636030521
      vertex 113.6870274990797 136.25827886625203 14.406285867735718
    endloop
  endfacet
  facet normal 0.8424721938138497 0.37260488732866553 0.38910949691477803
    outer loop
      vertex 113.54935000091791 136.42061951540717 14.575817429102095
      vertex 113.59840749949217 135.93420627143777 14.935382987452257
      vertex 113.59840749949217 136.36756145674855 14.520409152898488
    endloop
  endfacet
  facet normal 0.86256875304745 0.3499196758887882 0.36541943940087884
    outer loop
      vertex 113.59840749949217 136.36756145674855 14.520409152898488
      vertex 113.64429999887943 135.88009272515473 14.878872470584291
      vertex 113.64429999887943 136.3134479104655 14.463898636030521
    endloop
  endfacet
  facet normal 0.8815033856545454 0.3265689851139709 0.34103442500897896
    outer loop
      vertex 113.64429999887943 136.3134479104655 14.463898636030521
      vertex 113.6870274990797 135.82492368094125 14.821259702289488
      vertex 113.6870274990797 136.25827886625203 14.406285867735718
    endloop
  endfacet
  facet normal 0.8991730296207656 0.3026495897303213 0.3160555151214448
    outer loop
      vertex 113.6870274990797 136.25827886625203 14.406285867735718
      vertex 113.72659000009298 135.7686991491033 14.762544693330327
      vertex 113.72659000009298 136.20205433441407 14.347570858776557
    endloop
  endfacet
  facet normal 0.9154908822833631 0.2782667347201887 0.2905926165686143
    outer loop
      vertex 113.72659000009298 136.20205433441407 14.347570858776557
      vertex 113.76298750191927 135.71141911933492 14.702727432944322
      vertex 113.76298750191927 136.1447743046457 14.287753598390552
    endloop
  endfacet
  facet normal 4.151839605271696e-14 0.7222586421845526 -0.6916230575897007
    outer loop
      vertex 112.08270777761936 135.79856317152388 13.926206972415947
      vertex 113.6870274990797 136.25827886625203 14.406285867735718
      vertex 113.72659000009298 136.20205433441407 14.347570858776557
    endloop
  endfacet
  facet normal 5.8737724734678345e-15 0.7222586421846237 -0.6916230575896266
    outer loop
      vertex 113.72659000009298 136.20205433441407 14.347570858776557
      vertex 113.76298750191927 136.1447743046457 14.287753598390552
      vertex 112.09837999939919 135.75881386211296 13.884696959226154
    endloop
  endfacet
  facet normal -4.166190109438981e-14 0.7222586421847217 -0.6916230575895241
    outer loop
      vertex 113.76298750191927 136.1447743046457 14.287753598390552
      vertex 113.79621999710798 136.0864387820999 14.226834091958949
      vertex 112.09837999939919 135.75881386211296 13.884696959226154
    endloop
  endfacet
  facet normal -3.0883864440428044e-14 0.7222586421846766 -0.6916230575895712
    outer loop
      vertex 113.79621999710798 136.0864387820999 14.226834091958949
      vertex 113.82628750056028 136.02704776162363 14.164812334100496
      vertex 112.11164110898972 135.7178922570247 13.841962723282563
    endloop
  endfacet
  facet normal 3.4693234837752264e-14 0.7222586421845025 -0.6916230575897528
    outer loop
      vertex 113.82628750056028 136.02704776162363 14.164812334100496
      vertex 113.85318999737501 135.9666012535229 14.101688335577691
      vertex 112.11164110898972 135.7178922570247 13.841962723282563
    endloop
  endfacet
  facet normal -3.3534253822151436e-14 0.722258642184727 -0.6916230575895186
    outer loop
      vertex 113.85318999737501 135.9666012535229 14.101688335577691
      vertex 113.87692750245333 135.90509924749176 14.037462085628043
      vertex 112.12249111384153 135.67579834595313 13.798004253822697
    endloop
  endfacet
  facet normal 0.9303882701561443 0.25353213376319833 0.2647623914103682
    outer loop
      vertex 113.76298750191927 136.1447743046457 14.287753598390552
      vertex 113.79621999710798 135.65308359678912 14.641807926512719
      vertex 113.79621999710798 136.0864387820999 14.226834091958949
    endloop
  endfacet
  facet normal 0.9438161241471231 0.2285614073713307 0.23868558159289588
    outer loop
      vertex 113.79621999710798 136.0864387820999 14.226834091958949
      vertex 113.82628750056028 135.59369257631283 14.579786168654266
      vertex 113.82628750056028 136.02704776162363 14.164812334100496
    endloop
  endfacet
  facet normal 0.9557458413907128 0.20347109171143316 0.2124838852763096
    outer loop
      vertex 113.82628750056028 136.02704776162363 14.164812334100496
      vertex 113.85318999737501 135.53324606821212 14.516662170131461
      vertex 113.85318999737501 135.9666012535229 14.101688335577691
    endloop
  endfacet
  facet normal 0.9661689242820338 0.17837655863045726 0.18627778472714476
    outer loop
      vertex 113.85318999737501 135.9666012535229 14.101688335577691
      vertex 113.87692750245333 135.47174406218096 14.452435920181813
      vertex 113.87692750245333 135.90509924749176 14.037462085628043
    endloop
  endfacet
  facet normal 0.975096459242234 0.1533889830837569 0.16018337941805713
    outer loop
      vertex 113.87692750245333 135.90509924749176 14.037462085628043
      vertex 113.89750000089407 135.40918656337237 14.387107424186567
      vertex 113.89750000089407 135.84254174868315 13.972133589632797
    endloop
  endfacet
  facet normal 0.8424721938137869 0.3726048873287206 0.3891094969148611
    outer loop
      vertex 113.54935000091791 136.42061951540717 14.575817429102095
      vertex 113.54935000091791 135.98726433009637 14.990791263655865
      vertex 113.59840749949217 135.93420627143777 14.935382987452257
    endloop
  endfacet
  facet normal 0.86256875304745 0.34991967588878825 0.3654194394008789
    outer loop
      vertex 113.59840749949217 136.36756145674855 14.520409152898488
      vertex 113.59840749949217 135.93420627143777 14.935382987452257
      vertex 113.64429999887943 135.88009272515473 14.878872470584291
    endloop
  endfacet
  facet normal 0.8815033856545453 0.3265689851139709 0.341034425008979
    outer loop
      vertex 113.64429999887943 136.3134479104655 14.463898636030521
      vertex 113.64429999887943 135.88009272515473 14.878872470584291
      vertex 113.6870274990797 135.82492368094125 14.821259702289488
    endloop
  endfacet
  facet normal 0.8991730296207657 0.3026495897303213 0.3160555151214448
    outer loop
      vertex 113.6870274990797 136.25827886625203 14.406285867735718
      vertex 113.6870274990797 135.82492368094125 14.821259702289488
      vertex 113.72659000009298 135.7686991491033 14.762544693330327
    endloop
  endfacet
  facet normal 0.9154908822833631 0.27826673472018865 0.29059261656861424
    outer loop
      vertex 113.72659000009298 136.20205433441407 14.347570858776557
      vertex 113.72659000009298 135.7686991491033 14.762544693330327
      vertex 113.76298750191927 135.71141911933492 14.702727432944322
    endloop
  endfacet
  facet normal 0.9303882701561444 0.2535321337631983 0.2647623914103682
    outer loop
      vertex 113.76298750191927 136.1447743046457 14.287753598390552
      vertex 113.76298750191927 135.71141911933492 14.702727432944322
      vertex 113.79621999710798 135.65308359678912 14.641807926512719
    endloop
  endfacet
  facet normal 0.9438161241471468 0.22856140737129196 0.23868558159283976
    outer loop
      vertex 113.79621999710798 136.0864387820999 14.226834091958949
      vertex 113.79621999710798 135.65308359678912 14.641807926512719
      vertex 113.82628750056028 135.59369257631283 14.579786168654266
    endloop
  endfacet
  facet normal 0.9557458413906943 0.203471091711468 0.21248388527635992
    outer loop
      vertex 113.82628750056028 136.02704776162363 14.164812334100496
      vertex 113.82628750056028 135.59369257631283 14.579786168654266
      vertex 113.85318999737501 135.53324606821212 14.516662170131461
    endloop
  endfacet
  facet normal 0.966168924282048 0.17837655863042656 0.1862777847271005
    outer loop
      vertex 113.85318999737501 135.9666012535229 14.101688335577691
      vertex 113.85318999737501 135.53324606821212 14.516662170131461
      vertex 113.87692750245333 135.47174406218096 14.452435920181813
    endloop
  endfacet
  facet normal 0.9750964592422235 0.15338898308378332 0.16018337941809518
    outer loop
      vertex 113.87692750245333 135.90509924749176 14.037462085628043
      vertex 113.87692750245333 135.47174406218096 14.452435920181813
      vertex 113.89750000089407 135.40918656337237 14.387107424186567
    endloop
  endfacet
  facet normal -0.9966684892702798 0.056408305496712725 0.058906922909683475
    outer loop
      vertex 115.18315750360489 137.07995222658874 15.264355417389467
      vertex 115.16540333628654 136.92989845718535 15.10765498562293
      vertex 115.18315750360489 136.64659704127797 15.679329251943237
    endloop
  endfacet
  facet normal -0.998854897299542 0.03308889904087415 0.034554578582063435
    outer loop
      vertex 115.16540333628654 136.92989845718535 15.10765498562293
      vertex 115.15475083142519 136.77607918428058 14.94702225660837
      vertex 115.16540333628654 136.49654327187454 15.522628820176699
    endloop
  endfacet
  facet normal -4.278963448271781e-15 0.7222586421845931 -0.6916230575896585
    outer loop
      vertex 115.16540333628654 136.92989845718535 15.10765498562293
      vertex 116.97221555560827 136.83098713662787 15.004362367919427
      vertex 115.15475083142519 136.77607918428058 14.94702225660837
    endloop
  endfacet
  facet normal -0.9998785878119718 0.01077711263163995 0.011254487036806793
    outer loop
      vertex 115.15475083142519 136.77607918428058 14.94702225660837
      vertex 115.1511999964714 136.6184944078745 14.782457230345813
      vertex 115.15475083142519 136.3427239989698 15.36199609116214
    endloop
  endfacet
  facet normal -0.9998784073647761 -0.010785117839353504 -0.011262846836831021
    outer loop
      vertex 115.1511999964714 136.6184944078745 14.782457230345813
      vertex 115.15474139153957 136.46144525420743 14.6184515523409
      vertex 115.1511999964714 136.18513922256372 15.197431064899583
    endloop
  endfacet
  facet normal -2.792728709185399e-18 0.7222586421846324 -0.6916230575896174
    outer loop
      vertex 115.15475083142519 136.77607918428058 14.94702225660837
      vertex 116.96389000117779 136.6184944078745 14.782457230345813
      vertex 115.1511999964714 136.6184944078745 14.782457230345813
    endloop
  endfacet
  facet normal -5.805312035273509e-16 0.7222586421846295 -0.6916230575896205
    outer loop
      vertex 115.1511999964714 136.6184944078745 14.782457230345813
      vertex 116.96592416614294 136.51194449611953 14.671187668487597
      vertex 115.15474139153957 136.46144525420743 14.6184515523409
    endloop
  endfacet
  facet normal -0.9966684892702805 0.05640830549670573 0.05890692290968003
    outer loop
      vertex 115.18315750360489 136.64659704127797 15.679329251943237
      vertex 115.16540333628654 136.92989845718535 15.10765498562293
      vertex 115.16540333628654 136.49654327187454 15.522628820176699
    endloop
  endfacet
  facet normal -0.9988548972995418 0.0330888990408782 0.034554578582065405
    outer loop
      vertex 115.15475083142519 136.77607918428058 14.94702225660837
      vertex 115.15475083142519 136.3427239989698 15.36199609116214
      vertex 115.16540333628654 136.49654327187454 15.522628820176699
    endloop
  endfacet
  facet normal -0.9998785878119718 0.01077711263163995 0.011254487036806793
    outer loop
      vertex 115.1511999964714 136.6184944078745 14.782457230345813
      vertex 115.1511999964714 136.18513922256372 15.197431064899583
      vertex 115.15475083142519 136.3427239989698 15.36199609116214
    endloop
  endfacet
  facet normal -0.9998784073647761 -0.010785117839353504 -0.011262846836831021
    outer loop
      vertex 115.15474139153957 136.46144525420743 14.6184515523409
      vertex 115.15474139153957 136.02809006889666 15.03342538689467
      vertex 115.1511999964714 136.18513922256372 15.197431064899583
    endloop
  endfacet
  facet normal 0.9825574419536214 0.12861376197794863 0.134310734833205
    outer loop
      vertex 113.89750000089407 135.84254174868315 13.972133589632797
      vertex 113.91490750014782 135.34557357178633 14.320676682145717
      vertex 113.91490750014782 135.7789287570971 13.905702847591947
    endloop
  endfacet
  facet normal 0.9825574419536214 0.1286137619779486 0.13431073483320494
    outer loop
      vertex 113.89750000089407 135.84254174868315 13.972133589632797
      vertex 113.89750000089407 135.40918656337237 14.387107424186567
      vertex 113.91490750014782 135.34557357178633 14.320676682145717
    endloop
  endfacet
  facet normal -0.9988512645682441 -0.03314131308449523 -0.034609314316449646
    outer loop
      vertex 115.15474139153957 136.46144525420743 14.6184515523409
      vertex 115.16536555439234 136.3082784120946 14.458500153673441
      vertex 115.15474139153957 136.02809006889666 15.03342538689467
    endloop
  endfacet
  facet normal -0.9966520316410261 -0.05654722903128018 -0.05905200009058874
    outer loop
      vertex 115.16536555439234 136.3082784120946 14.458500153673441
      vertex 115.18307249993086 136.158993881536 14.302603034343427
      vertex 115.16536555439234 135.87492322678384 14.873473988227211
    endloop
  endfacet
  facet normal -0.993119659780948 -0.08099181041412741 -0.08457935919842605
    outer loop
      vertex 115.18307249993086 136.158993881536 14.302603034343427
      vertex 115.20786222070456 136.01359166253158 14.150760194350866
      vertex 115.18307249993086 135.7256386962252 14.717576868897197
    endloop
  endfacet
  facet normal 1.9365422379808507e-15 0.7222586421846561 -0.6916230575895926
    outer loop
      vertex 115.15474139153957 136.46144525420743 14.6184515523409
      vertex 116.97202666848898 136.40803965706647 14.562680343366864
      vertex 115.16536555439234 136.3082784120946 14.458500153673441
    endloop
  endfacet
  facet normal -0.9880851133121444 -0.10644662799098742 -0.11116170311881236
    outer loop
      vertex 115.20786222070456 136.01359166253158 14.150760194350866
      vertex 115.23973472416401 135.8720717499284 14.002971628314505
      vertex 115.20786222070456 135.5802364772208 14.565734028904636
    endloop
  endfacet
  facet normal -0.9813748169642732 -0.13286269505405973 -0.13874787526773663
    outer loop
      vertex 115.23973472416401 135.8720717499284 14.002971628314505
      vertex 115.27869000285864 135.73443414887947 13.859237341615597
      vertex 115.23973472416401 135.43871656461764 14.417945462868275
    endloop
  endfacet
  facet normal -0.9988512645682441 -0.033141313084495236 -0.034609314316449646
    outer loop
      vertex 115.15474139153957 136.02809006889666 15.03342538689467
      vertex 115.16536555439234 136.3082784120946 14.458500153673441
      vertex 115.16536555439234 135.87492322678384 14.873473988227211
    endloop
  endfacet
  facet normal -0.9966520316410268 -0.056547229031273134 -0.059052000090585255
    outer loop
      vertex 115.18307249993086 136.158993881536 14.302603034343427
      vertex 115.18307249993086 135.7256386962252 14.717576868897197
      vertex 115.16536555439234 135.87492322678384 14.873473988227211
    endloop
  endfacet
  facet normal -0.9931196597809466 -0.08099181041413765 -0.08457935919843118
    outer loop
      vertex 115.20786222070456 136.01359166253158 14.150760194350866
      vertex 115.20786222070456 135.5802364772208 14.565734028904636
      vertex 115.18307249993086 135.7256386962252 14.717576868897197
    endloop
  endfacet
  facet normal -0.9880851133121444 -0.10644662799098742 -0.11116170311881236
    outer loop
      vertex 115.23973472416401 135.8720717499284 14.002971628314505
      vertex 115.23973472416401 135.43871656461764 14.417945462868275
      vertex 115.20786222070456 135.5802364772208 14.565734028904636
    endloop
  endfacet
  facet normal -0.9647727593762967 -0.18195539649883236 -0.19001514794983942
    outer loop
      vertex 112.08270777761936 135.79856317152388 13.926206972415947
      vertex 112.09837999939919 135.75881386211296 13.884696959226154
      vertex 112.08270777761936 135.3652079862131 14.341180806969717
    endloop
  endfacet
  facet normal -0.9757915857902058 -0.15125968794937875 -0.15795976672080833
    outer loop
      vertex 112.09837999939919 135.75881386211296 13.884696959226154
      vertex 112.11164110898972 135.7178922570247 13.841962723282563
      vertex 112.09837999939919 135.32545867680219 14.299670793779924
    endloop
  endfacet
  facet normal -0.9844787577130951 -0.12138245861193801 -0.12675911940764648
    outer loop
      vertex 112.11164110898972 135.7178922570247 13.841962723282563
      vertex 112.12249111384153 135.67579834595313 13.798004253822697
      vertex 112.11164110898972 135.28453707171394 14.256936557836333
    endloop
  endfacet
  facet normal -0.9910235830281917 -0.09246112529068598 -0.09655670971996194
    outer loop
      vertex 112.12249111384153 135.67579834595313 13.798004253822697
      vertex 112.13092999905348 135.63253213920422 13.752821561609032
      vertex 112.12249111384153 135.24244316064235 14.212978088376467
    endloop
  endfacet
  facet normal -0.9956283078995775 -0.06460023157463042 -0.06746171202636499
    outer loop
      vertex 112.13092999905348 135.63253213920422 13.752821561609032
      vertex 112.13695777952671 135.58809362647202 13.706414635879092
      vertex 112.13092999905348 135.19917695389344 14.167795396162802
    endloop
  endfacet
  facet normal -0.9984995813441652 -0.037872826824781616 -0.039550411424242524
    outer loop
      vertex 112.13695777952671 135.58809362647202 13.706414635879092
      vertex 112.14057444781065 135.54248281806247 13.658783487395354
      vertex 112.13695777952671 135.15473844116121 14.121388470432862
    endloop
  endfacet
  facet normal -0.9998412196686619 -0.012324393982155412 -0.012870305530765354
    outer loop
      vertex 112.14057444781065 135.54248281806247 13.658783487395354
      vertex 112.14177999645472 135.49569970366957 13.60992810539534
      vertex 112.14057444781065 135.10912763275167 14.073757321949124
    endloop
  endfacet
  facet normal -2.5207971321283407e-14 0.7222586421847029 -0.6916230575895437
    outer loop
      vertex 113.85318999737501 135.9666012535229 14.101688335577691
      vertex 112.12249111384153 135.67579834595313 13.798004253822697
      vertex 112.11164110898972 135.7178922570247 13.841962723282563
    endloop
  endfacet
  facet normal -7.539881623158991e-16 0.7222586421846071 -0.6916230575896437
    outer loop
      vertex 113.87692750245333 135.90509924749176 14.037462085628043
      vertex 112.13092999905348 135.63253213920422 13.752821561609032
      vertex 112.12249111384153 135.67579834595313 13.798004253822697
    endloop
  endfacet
  facet normal -2.5808422777206447e-14 0.7222586421847661 -0.6916230575894776
    outer loop
      vertex 112.13092999905348 135.63253213920422 13.752821561609032
      vertex 113.91490750014782 135.7789287570971 13.905702847591947
      vertex 112.13695777952671 135.58809362647202 13.706414635879092
    endloop
  endfacet
  facet normal 3.836017789579278e-17 0.7222586421846722 -0.6916230575895759
    outer loop
      vertex 112.13695777952671 135.58809362647202 13.706414635879092
      vertex 113.94022750109434 135.6485362955927 13.76953462537346
      vertex 112.14057444781065 135.54248281806247 13.658783487395354
    endloop
  endfacet
  facet normal 2.203125755904096e-14 0.7222586421844037 -0.6916230575898563
    outer loop
      vertex 112.14057444781065 135.54248281806247 13.658783487395354
      vertex 113.94814000278711 135.5817568256743 13.69979714519581
      vertex 112.14177999645472 135.49569970366957 13.60992810539534
    endloop
  endfacet
  facet normal -0.9993311388925487 0.02529180357790991 0.026412109183063824
    outer loop
      vertex 112.14177999645472 135.49569970366957 13.60992810539534
      vertex 112.13688249886036 135.4031355620384 13.513263816205018
      vertex 112.14177999645472 135.0623445183588 14.02490193994911
    endloop
  endfacet
  facet normal -0.9932898142723027 0.07998746953116664 0.08353053083091952
    outer loop
      vertex 112.13688249886036 135.4031355620384 13.513263816205018
      vertex 112.12218999862671 135.315860803168 13.422123204065215
      vertex 112.13688249886036 134.9697803767276 13.928237650758788
    endloop
  endfacet
  facet normal -0.9793228832100217 0.13991773840928717 0.1461154232093261
    outer loop
      vertex 112.12218999862671 135.315860803168 13.422123204065215
      vertex 112.09770250320435 135.23387542190542 13.336506263594686
      vertex 112.12218999862671 134.88250561785722 13.837097038618985
    endloop
  endfacet
  facet normal -0.9553867055099015 0.2042762798390575 0.21332473937650098
    outer loop
      vertex 112.09770250320435 135.23387542190542 13.336506263594686
      vertex 112.06341999769211 135.15717941825065 13.256412994793422
      vertex 112.09770250320435 134.80052023659465 13.751480098148456
    endloop
  endfacet
  facet normal 4.794970332609378e-16 0.7222586421846889 -0.6916230575895583
    outer loop
      vertex 112.14177999645472 135.49569970366957 13.60992810539534
      vertex 113.9544700011611 135.44503139719922 13.557015435941231
      vertex 112.13688249886036 135.4031355620384 13.513263816205018
    endloop
  endfacet
  facet normal 2.9119257127799422e-15 0.7222586421846509 -0.6916230575895981
    outer loop
      vertex 112.12218999862671 135.315860803168 13.422123204065215
      vertex 113.88994916528463 134.99976927678864 13.092030338965436
      vertex 112.09770250320435 135.23387542190542 13.336506263594686
    endloop
  endfacet
  facet normal 1.7181901162315166e-15 0.7222586421846252 -0.6916230575896248
    outer loop
      vertex 112.13688249886036 135.4031355620384 13.513263816205018
      vertex 113.94414666295052 135.25953886429707 13.363306473408656
      vertex 112.12218999862671 135.315860803168 13.422123204065215
    endloop
  endfacet
  facet normal -0.9647727593762967 -0.18195539649883236 -0.19001514794983942
    outer loop
      vertex 112.08270777761936 135.3652079862131 14.341180806969717
      vertex 112.09837999939919 135.75881386211296 13.884696959226154
      vertex 112.09837999939919 135.32545867680219 14.299670793779924
    endloop
  endfacet
  facet normal -0.9757915857901902 -0.1512596879494317 -0.1579597667208533
    outer loop
      vertex 112.11164110898972 135.7178922570247 13.841962723282563
      vertex 112.11164110898972 135.28453707171394 14.256936557836333
      vertex 112.09837999939919 135.32545867680219 14.299670793779924
    endloop
  endfacet
  facet normal -0.984478757713105 -0.12138245861189582 -0.12675911940761073
    outer loop
      vertex 112.12249111384153 135.67579834595313 13.798004253822697
      vertex 112.12249111384153 135.24244316064235 14.212978088376467
      vertex 112.11164110898972 135.28453707171394 14.256936557836333
    endloop
  endfacet
  facet normal -0.9910235830281917 -0.09246112529068597 -0.09655670971996193
    outer loop
      vertex 112.13092999905348 135.63253213920422 13.752821561609032
      vertex 112.13092999905348 135.19917695389344 14.167795396162802
      vertex 112.12249111384153 135.24244316064235 14.212978088376467
    endloop
  endfacet
  facet normal -0.9956283078995801 -0.0646002315746086 -0.06746171202634663
    outer loop
      vertex 112.13695777952671 135.58809362647202 13.706414635879092
      vertex 112.13695777952671 135.15473844116121 14.121388470432862
      vertex 112.13092999905348 135.19917695389344 14.167795396162802
    endloop
  endfacet
  facet normal -0.9984995813441652 -0.03787282682478162 -0.03955041142424253
    outer loop
      vertex 112.14057444781065 135.54248281806247 13.658783487395354
      vertex 112.14057444781065 135.10912763275167 14.073757321949124
      vertex 112.13695777952671 135.15473844116121 14.121388470432862
    endloop
  endfacet
  facet normal -0.9998412196686618 -0.012324393982159417 -0.012870305530768691
    outer loop
      vertex 112.14177999645472 135.49569970366957 13.60992810539534
      vertex 112.14177999645472 135.0623445183588 14.02490193994911
      vertex 112.14057444781065 135.10912763275167 14.073757321949124
    endloop
  endfacet
  facet normal -0.9993311388925485 0.02529180357790991 0.026412109183063824
    outer loop
      vertex 112.13688249886036 135.4031355620384 13.513263816205018
      vertex 112.13688249886036 134.9697803767276 13.928237650758788
      vertex 112.14177999645472 135.0623445183588 14.02490193994911
    endloop
  endfacet
  facet normal -0.9932898142723027 0.07998746953116664 0.08353053083091952
    outer loop
      vertex 112.12218999862671 135.315860803168 13.422123204065215
      vertex 112.12218999862671 134.88250561785722 13.837097038618985
      vertex 112.13688249886036 134.9697803767276 13.928237650758788
    endloop
  endfacet
  facet normal -0.9793228832100217 0.13991773840928717 0.1461154232093261
    outer loop
      vertex 112.09770250320435 135.23387542190542 13.336506263594686
      vertex 112.09770250320435 134.80052023659465 13.751480098148456
      vertex 112.12218999862671 134.88250561785722 13.837097038618985
    endloop
  endfacet
  facet normal -0.9553867055099015 0.2042762798390575 0.21332473937650098
    outer loop
      vertex 112.09770250320435 134.80052023659465 13.751480098148456
      vertex 112.06341999769211 135.15717941825065 13.256412994793422
      vertex 112.06341999769211 134.72382423293988 13.671386829347192
    endloop
  endfacet
  facet normal 2.5973600310282238e-14 0.7222586421845252 -0.6916230575897294
    outer loop
      vertex 113.87692750245333 135.90509924749176 14.037462085628043
      vertex 113.89750000089407 135.84254174868315 13.972133589632797
      vertex 112.13092999905348 135.63253213920422 13.752821561609032
    endloop
  endfacet
  facet normal -7.69656774696808e-15 0.7222586421846605 -0.6916230575895879
    outer loop
      vertex 113.89750000089407 135.84254174868315 13.972133589632797
      vertex 113.91490750014782 135.7789287570971 13.905702847591947
      vertex 112.13092999905348 135.63253213920422 13.752821561609032
    endloop
  endfacet
  facet normal 1.7128574653541993e-14 0.7222586421845748 -0.6916230575896775
    outer loop
      vertex 112.13695777952671 135.58809362647202 13.706414635879092
      vertex 113.91490750014782 135.7789287570971 13.905702847591947
      vertex 113.92915000021458 135.7142602727336 13.838169859505506
    endloop
  endfacet
  facet normal -2.490076857499989e-15 0.722258642184708 -0.6916230575895383
    outer loop
      vertex 112.13695777952671 135.58809362647202 13.706414635879092
      vertex 113.92915000021458 135.7142602727336 13.838169859505506
      vertex 113.94022750109434 135.6485362955927 13.76953462537346
    endloop
  endfacet
  facet normal 1.55664015858566e-14 0.7222586421845459 -0.6916230575897075
    outer loop
      vertex 112.14057444781065 135.54248281806247 13.658783487395354
      vertex 113.94022750109434 135.6485362955927 13.76953462537346
      vertex 113.94814000278711 135.5817568256743 13.69979714519581
    endloop
  endfacet
  facet normal -9.977178408948974e-15 0.7222586421847251 -0.6916230575895206
    outer loop
      vertex 112.14177999645472 135.49569970366957 13.60992810539534
      vertex 113.94814000278711 135.5817568256743 13.69979714519581
      vertex 113.95288749784231 135.5139218578255 13.628957413591323
    endloop
  endfacet
  facet normal -6.650388526842814e-15 0.7222586421845669 -0.6916230575896858
    outer loop
      vertex 112.14177999645472 135.49569970366957 13.60992810539534
      vertex 113.95288749784231 135.5139218578255 13.628957413591323
      vertex 113.9544700011611 135.44503139719922 13.557015435941231
    endloop
  endfacet
  facet normal 1.58930729236151e-15 0.7222586421846658 -0.6916230575895823
    outer loop
      vertex 112.13688249886036 135.4031355620384 13.513263816205018
      vertex 113.9544700011611 135.44503139719922 13.557015435941231
      vertex 113.95188916474581 135.35105385133264 13.458875135486238
    endloop
  endfacet
  facet normal -2.301890584371634e-15 0.722258642184601 -0.69162305758965
    outer loop
      vertex 112.13688249886036 135.4031355620384 13.513263816205018
      vertex 113.95188916474581 135.35105385133264 13.458875135486238
      vertex 113.94414666295052 135.25953886429707 13.363306473408656
    endloop
  endfacet
  facet normal 4.825340442412823e-15 0.7222586421846733 -0.6916230575895745
    outer loop
      vertex 112.12218999862671 135.315860803168 13.422123204065215
      vertex 113.94414666295052 135.25953886429707 13.363306473408656
      vertex 113.9312425032258 135.17048643609257 13.270309449708506
    endloop
  endfacet
  facet normal 3.6706341987734654e-16 0.7222586421846469 -0.6916230575896023
    outer loop
      vertex 112.12218999862671 135.315860803168 13.422123204065215
      vertex 113.9312425032258 135.17048643609257 13.270309449708506
      vertex 113.91317666321993 135.0838965770251 13.179884075148259
    endloop
  endfacet
  facet normal -0.9196935772652354 0.27155672334413933 0.2835853838681909
    outer loop
      vertex 112.01934249699116 135.0857727973567 13.181843403042677
      vertex 112.06341999769211 134.72382423293988 13.671386829347192
      vertex 112.06341999769211 135.15717941825065 13.256412994793422
    endloop
  endfacet
  facet normal -1.9301123006552705e-14 0.7222586421845875 -0.6916230575896642
    outer loop
      vertex 112.09770250320435 135.23387542190542 13.336506263594686
      vertex 113.82800916582346 134.83890236311484 12.924037792494545
      vertex 112.06341999769211 135.15717941825065 13.256412994793422
    endloop
  endfacet
  facet normal 5.152637768210128e-15 0.7222586421846338 -0.6916230575896158
    outer loop
      vertex 112.01934249699116 135.0857727973567 13.181843403042677
      vertex 112.06341999769211 135.15717941825065 13.256412994793422
      vertex 113.64218916743994 134.54671928811666 12.618912408513026
    endloop
  endfacet
  facet normal -5.0700723344954116e-14 0.722258642184575 -0.6916230575896771
    outer loop
      vertex 112.01934249699116 135.0857727973567 13.181843403042677
      vertex 113.44862666726112 134.35343888695314 12.417070612503835
      vertex 111.9654700011015 135.01965555407054 13.112797482961199
    endloop
  endfacet
  facet normal -3.868454034654601e-14 0.7222586421846037 -0.6916230575896474
    outer loop
      vertex 111.9654700011015 135.01965555407054 13.112797482961199
      vertex 113.20860916376114 134.18232154103396 12.238373588797657
      vertex 111.90180250257254 134.9588276883922 13.049275234548993
    endloop
  endfacet
  facet normal 5.057908158153894e-14 0.7222586421846615 -0.691623057589587
    outer loop
      vertex 111.90180250257254 134.9588276883922 13.049275234548993
      vertex 112.92381444573402 134.03408270741247 12.083568485764175
      vertex 111.82834000140429 134.9032892054747 12.9912766631873
    endloop
  endfacet
  facet normal 1.2998594491531976e-13 0.7222586421846867 -0.6916230575895607
    outer loop
      vertex 111.82834000140429 134.9032892054747 12.9912766631873
      vertex 112.71201777458191 133.94926666324008 11.994995497592107
      vertex 111.74508249759674 134.853040100165 12.938801763494872
    endloop
  endfacet
  facet normal -3.310832080491946e-14 0.7222586421845938 -0.6916230575896578
    outer loop
      vertex 111.9654700011015 135.01965555407054 13.112797482961199
      vertex 113.44862666726112 134.35343888695314 12.417070612503835
      vertex 113.37378250062466 134.29393720594504 12.354933292382697
    endloop
  endfacet
  facet normal -0.9196935772652354 0.2715567233441393 0.2835853838681908
    outer loop
      vertex 112.01934249699116 135.0857727973567 13.181843403042677
      vertex 112.01934249699116 134.65241761204592 13.596817237596447
      vertex 112.06341999769211 134.72382423293988 13.671386829347192
    endloop
  endfacet
  facet normal -2.34448841587593e-15 0.7222586421846366 -0.6916230575896128
    outer loop
      vertex 112.12218999862671 135.315860803168 13.422123204065215
      vertex 113.91317666321993 135.0838965770251 13.179884075148259
      vertex 113.88994916528463 134.99976927678864 13.092030338965436
    endloop
  endfacet
  facet normal -2.948618471600655e-14 0.7222586421845321 -0.6916230575897222
    outer loop
      vertex 112.09770250320435 135.23387542190542 13.336506263594686
      vertex 113.88994916528463 134.99976927678864 13.092030338965436
      vertex 113.86156000196934 134.9181045405362 13.006748246541285
    endloop
  endfacet
  facet normal 2.944588911293635e-14 0.7222586421846896 -0.6916230575895576
    outer loop
      vertex 112.09770250320435 135.23387542190542 13.336506263594686
      vertex 113.86156000196934 134.9181045405362 13.006748246541285
      vertex 113.82800916582346 134.83890236311484 12.924037792494545
    endloop
  endfacet
  facet normal -3.036764874777581e-14 0.7222586421845583 -0.6916230575896949
    outer loop
      vertex 112.06341999769211 135.15717941825065 13.256412994793422
      vertex 113.82800916582346 134.83890236311484 12.924037792494545
      vertex 113.78929666429758 134.7621627496775 12.843898982206483
    endloop
  endfacet
  facet normal 7.277492014089867e-16 0.7222586421846233 -0.6916230575896269
    outer loop
      vertex 112.06341999769211 135.15717941825065 13.256412994793422
      vertex 113.78929666429758 134.7621627496775 12.843898982206483
      vertex 113.7454224973917 134.68788570022417 12.766331815677077
    endloop
  endfacet
  facet normal 0.9822517039165501 -0.1297260504371488 -0.13547229233689126
    outer loop
      vertex 113.88994916528463 134.99976927678864 13.092030338965436
      vertex 113.91317666321993 135.0838965770251 13.179884075148259
      vertex 113.88994916528463 134.56641409147784 13.507004173519206
    endloop
  endfacet
  facet normal 0.9722924882444337 -0.16167910146939532 -0.16884071029078493
    outer loop
      vertex 113.88994916528463 134.99976927678864 13.092030338965436
      vertex 113.86156000196934 134.48474935522543 13.421722081095055
      vertex 113.86156000196934 134.9181045405362 13.006748246541285
    endloop
  endfacet
  facet normal 0.9596609131604441 -0.19445672183968657 -0.20307022204997324
    outer loop
      vertex 113.86156000196934 134.9181045405362 13.006748246541285
      vertex 113.82800916582346 134.40554717780407 13.339011627048315
      vertex 113.82800916582346 134.83890236311484 12.924037792494545
    endloop
  endfacet
  facet normal 6.610296060702933e-15 0.7222586421846335 -0.6916230575896162
    outer loop
      vertex 112.06341999769211 135.15717941825065 13.256412994793422
      vertex 113.7454224973917 134.68788570022417 12.766331815677077
      vertex 113.69638666510582 134.6160712147549 12.691336292906342
    endloop
  endfacet
  facet normal 1.7916752983631703e-14 0.7222586421846496 -0.6916230575895993
    outer loop
      vertex 112.06341999769211 135.15717941825065 13.256412994793422
      vertex 113.69638666510582 134.6160712147549 12.691336292906342
      vertex 113.64218916743994 134.54671928811666 12.618912408513026
    endloop
  endfacet
  facet normal 2.3621813628006752e-14 0.7222586421846606 -0.6916230575895879
    outer loop
      vertex 112.01934249699116 135.0857727973567 13.181843403042677
      vertex 113.64218916743994 134.54671928811666 12.618912408513026
      vertex 113.58282999694347 134.47982992546247 12.54906016787838
    endloop
  endfacet
  facet normal -5.207943910003657e-14 0.7222586421845673 -0.6916230575896853
    outer loop
      vertex 112.01934249699116 135.0857727973567 13.181843403042677
      vertex 113.58282999694347 134.47982992546247 12.54906016787838
      vertex 113.51830916851759 134.4154031216393 12.481779565621153
    endloop
  endfacet
  facet normal -1.6299442846377316e-15 0.7222586421846213 -0.6916230575896292
    outer loop
      vertex 112.01934249699116 135.0857727973567 13.181843403042677
      vertex 113.51830916851759 134.4154031216393 12.481779565621153
      vertex 113.44862666726112 134.35343888695314 12.417070612503835
    endloop
  endfacet
  facet normal 0.9441817136032722 -0.2278379898565432 -0.23793012015152226
    outer loop
      vertex 113.82800916582346 134.83890236311484 12.924037792494545
      vertex 113.78929666429758 134.3288075643667 13.258872816760253
      vertex 113.78929666429758 134.7621627496775 12.843898982206483
    endloop
  endfacet
  facet normal 0.925728893045437 -0.261563406704852 -0.2731494112273027
    outer loop
      vertex 113.78929666429758 134.7621627496775 12.843898982206483
      vertex 113.7454224973917 134.2545305149134 13.181305650230847
      vertex 113.7454224973917 134.68788570022417 12.766331815677077
    endloop
  endfacet
  facet normal 0.8797239646775178 -0.3288562155336823 -0.34342296876728196
    outer loop
      vertex 113.69638666510582 134.6160712147549 12.691336292906342
      vertex 113.64218916743994 134.1133641028059 13.033886243066796
      vertex 113.64218916743994 134.54671928811666 12.618912408513026
    endloop
  endfacet
  facet normal 0.90423932974135 -0.2953410519817616 -0.30842324420059597
    outer loop
      vertex 113.7454224973917 134.68788570022417 12.766331815677077
      vertex 113.69638666510582 134.18271602944412 13.106310127460112
      vertex 113.69638666510582 134.6160712147549 12.691336292906342
    endloop
  endfacet
  facet normal 0.9722924882444248 -0.16167910146941522 -0.16884071029081676
    outer loop
      vertex 113.88994916528463 134.99976927678864 13.092030338965436
      vertex 113.88994916528463 134.56641409147784 13.507004173519206
      vertex 113.86156000196934 134.48474935522543 13.421722081095055
    endloop
  endfacet
  facet normal 0.9596609131604441 -0.19445672183968662 -0.2030702220499733
    outer loop
      vertex 113.86156000196934 134.9181045405362 13.006748246541285
      vertex 113.86156000196934 134.48474935522543 13.421722081095055
      vertex 113.82800916582346 134.40554717780407 13.339011627048315
    endloop
  endfacet
  facet normal 0.9441817136032722 -0.2278379898565432 -0.23793012015152226
    outer loop
      vertex 113.82800916582346 134.83890236311484 12.924037792494545
      vertex 113.82800916582346 134.40554717780407 13.339011627048315
      vertex 113.78929666429758 134.3288075643667 13.258872816760253
    endloop
  endfacet
  facet normal 0.925728893045437 -0.261563406704852 -0.2731494112273027
    outer loop
      vertex 113.78929666429758 134.7621627496775 12.843898982206483
      vertex 113.78929666429758 134.3288075643667 13.258872816760253
      vertex 113.7454224973917 134.2545305149134 13.181305650230847
    endloop
  endfacet
  facet normal 0.9042393297413499 -0.2953410519817616 -0.30842324420059597
    outer loop
      vertex 113.7454224973917 134.68788570022417 12.766331815677077
      vertex 113.7454224973917 134.2545305149134 13.181305650230847
      vertex 113.69638666510582 134.18271602944412 13.106310127460112
    endloop
  endfacet
  facet normal 0.8797239646775179 -0.3288562155336823 -0.343422968767282
    outer loop
      vertex 113.69638666510582 134.6160712147549 12.691336292906342
      vertex 113.69638666510582 134.18271602944412 13.106310127460112
      vertex 113.64218916743994 134.1133641028059 13.033886243066796
    endloop
  endfacet
  facet normal 0.9885970336917779 0.10414820223140138 0.10876146812076841
    outer loop
      vertex 113.91490750014782 135.7789287570971 13.905702847591947
      vertex 113.92915000021458 135.28090508742284 14.253143694059276
      vertex 113.92915000021458 135.7142602727336 13.838169859505506
    endloop
  endfacet
  facet normal 0.993274166929958 0.0800803614659064 0.0836275374328811
    outer loop
      vertex 113.92915000021458 135.7142602727336 13.838169859505506
      vertex 113.94022750109434 135.21518111028192 14.18450845992723
      vertex 113.94022750109434 135.6485362955927 13.76953462537346
    endloop
  endfacet
  facet normal 0.9966590502576592 0.056488024954246416 0.05899017355686689
    outer loop
      vertex 113.94022750109434 135.6485362955927 13.76953462537346
      vertex 113.94814000278711 135.14840164036355 14.11477097974958
      vertex 113.94814000278711 135.5817568256743 13.69979714519581
    endloop
  endfacet
  facet normal 0.9988305856975933 0.03343810500394005 0.0349192526945839
    outer loop
      vertex 113.94814000278711 135.5817568256743 13.69979714519581
      vertex 113.95288749784231 135.08056667251472 14.043931248145093
      vertex 113.95288749784231 135.5139218578255 13.628957413591323
    endloop
  endfacet
  facet normal 0.999873817883776 0.010986760672032629 0.01147342147996778
    outer loop
      vertex 113.95288749784231 135.5139218578255 13.628957413591323
      vertex 113.9544700011611 135.01167621188844 13.971989270495001
      vertex 113.9544700011611 135.44503139719922 13.557015435941231
    endloop
  endfacet
  facet normal 0.9998196715697866 -0.013133999112564264 -0.013715772285780893
    outer loop
      vertex 113.9544700011611 135.44503139719922 13.557015435941231
      vertex 113.95188916474581 134.91769866602186 13.873848970040008
      vertex 113.95188916474581 135.35105385133264 13.458875135486238
    endloop
  endfacet
  facet normal 0.9982924491855095 -0.040400413064821 -0.04218995761302332
    outer loop
      vertex 113.95188916474581 135.35105385133264 13.458875135486238
      vertex 113.94414666295052 134.8261836789863 13.778280307962426
      vertex 113.94414666295052 135.25953886429707 13.363306473408656
    endloop
  endfacet
  facet normal 0.9950155151187706 -0.06896881176907216 -0.07202379937277557
    outer loop
      vertex 113.94414666295052 135.25953886429707 13.363306473408656
      vertex 113.9312425032258 134.73713125078177 13.685283284262276
      vertex 113.9312425032258 135.17048643609257 13.270309449708506
    endloop
  endfacet
  facet normal 0.9885970336917779 0.1041482022314014 0.10876146812076841
    outer loop
      vertex 113.91490750014782 135.7789287570971 13.905702847591947
      vertex 113.91490750014782 135.34557357178633 14.320676682145717
      vertex 113.92915000021458 135.28090508742284 14.253143694059276
    endloop
  endfacet
  facet normal 0.993274166929958 0.0800803614659064 0.0836275374328811
    outer loop
      vertex 113.92915000021458 135.7142602727336 13.838169859505506
      vertex 113.92915000021458 135.28090508742284 14.253143694059276
      vertex 113.94022750109434 135.21518111028192 14.18450845992723
    endloop
  endfacet
  facet normal 0.9966590502576578 0.05648802495425591 0.058990173556880666
    outer loop
      vertex 113.94022750109434 135.6485362955927 13.76953462537346
      vertex 113.94022750109434 135.21518111028192 14.18450845992723
      vertex 113.94814000278711 135.14840164036355 14.11477097974958
    endloop
  endfacet
  facet normal 0.9988305856975938 0.03343810500393451 0.03491925269457583
    outer loop
      vertex 113.94814000278711 135.5817568256743 13.69979714519581
      vertex 113.94814000278711 135.14840164036355 14.11477097974958
      vertex 113.95288749784231 135.08056667251472 14.043931248145093
    endloop
  endfacet
  facet normal 0.9998738178837759 0.010986760672032627 0.011473421479967777
    outer loop
      vertex 113.95288749784231 135.5139218578255 13.628957413591323
      vertex 113.95288749784231 135.08056667251472 14.043931248145093
      vertex 113.9544700011611 135.01167621188844 13.971989270495001
    endloop
  endfacet
  facet normal 0.9998196715697866 -0.013133999112564264 -0.013715772285780893
    outer loop
      vertex 113.9544700011611 135.44503139719922 13.557015435941231
      vertex 113.9544700011611 135.01167621188844 13.971989270495001
      vertex 113.95188916474581 134.91769866602186 13.873848970040008
    endloop
  endfacet
  facet normal 0.9982924491855095 -0.04040041306482099 -0.042189957613023306
    outer loop
      vertex 113.95188916474581 135.35105385133264 13.458875135486238
      vertex 113.95188916474581 134.91769866602186 13.873848970040008
      vertex 113.94414666295052 134.8261836789863 13.778280307962426
    endloop
  endfacet
  facet normal 0.9950155151187722 -0.0689688117690641 -0.07202379937276243
    outer loop
      vertex 113.94414666295052 135.25953886429707 13.363306473408656
      vertex 113.94414666295052 134.8261836789863 13.778280307962426
      vertex 113.9312425032258 134.73713125078177 13.685283284262276
    endloop
  endfacet
  facet normal -0.9728152545605837 -0.16016783583954314 -0.16726250284120417
    outer loop
      vertex 115.27869000285864 135.73443414887947 13.859237341615597
      vertex 115.32472805678844 135.6006788645377 13.71955733963538
      vertex 115.27869000285864 135.30107896356867 14.274211176169366
    endloop
  endfacet
  facet normal -0.9622388735852933 -0.1882642556435336 -0.19660345929889467
    outer loop
      vertex 115.32472805678844 135.6006788645377 13.71955733963538
      vertex 115.37784888595343 135.47080588659722 13.583931611611362
      vertex 115.32472805678844 135.16732367922694 14.13453117418915
    endloop
  endfacet
  facet normal -0.9494911141097918 -0.21702711040076605 -0.2266403705822065
    outer loop
      vertex 115.37784888595343 135.47080588659722 13.583931611611362
      vertex 115.43805249780416 135.34481521505793 13.452360157543552
      vertex 115.37784888595343 135.03745070128645 13.998905446165132
    endloop
  endfacet
  facet normal -0.9344384561722311 -0.24630402445170768 -0.25721411152063545
    outer loop
      vertex 115.43805249780416 135.34481521505793 13.452360157543552
      vertex 115.50533889234066 135.22270686022586 13.324842988194433
      vertex 115.43805249780416 134.91146002974716 13.867333992097322
    endloop
  endfacet
  facet normal -0.9169770072322978 -0.27591614126156294 -0.2881379030926468
    outer loop
      vertex 115.50533889234066 135.22270686022586 13.324842988194433
      vertex 115.57970805466175 135.104480816948 13.20138009818276
      vertex 115.50533889234066 134.78935167491508 13.739816822748203
    endloop
  endfacet
  facet normal -0.9813748169642768 -0.13286269505404255 -0.1387478752677278
    outer loop
      vertex 115.23973472416401 135.43871656461764 14.417945462868275
      vertex 115.27869000285864 135.73443414887947 13.859237341615597
      vertex 115.27869000285864 135.30107896356867 14.274211176169366
    endloop
  endfacet
  facet normal -0.9728152545605784 -0.16016783583956404 -0.16726250284121502
    outer loop
      vertex 115.32472805678844 135.6006788645377 13.71955733963538
      vertex 115.32472805678844 135.16732367922694 14.13453117418915
      vertex 115.27869000285864 135.30107896356867 14.274211176169366
    endloop
  endfacet
  facet normal -0.9622388735852934 -0.1882642556435336 -0.19660345929889467
    outer loop
      vertex 115.37784888595343 135.47080588659722 13.583931611611362
      vertex 115.37784888595343 135.03745070128645 13.998905446165132
      vertex 115.32472805678844 135.16732367922694 14.13453117418915
    endloop
  endfacet
  facet normal -0.9494911141097919 -0.21702711040076605 -0.2266403705822065
    outer loop
      vertex 115.43805249780416 135.34481521505793 13.452360157543552
      vertex 115.43805249780416 134.91146002974716 13.867333992097322
      vertex 115.37784888595343 135.03745070128645 13.998905446165132
    endloop
  endfacet
  facet normal -0.9344384561722311 -0.24630402445170768 -0.25721411152063545
    outer loop
      vertex 115.50533889234066 135.22270686022586 13.324842988194433
      vertex 115.50533889234066 134.78935167491508 13.739816822748203
      vertex 115.43805249780416 134.91146002974716 13.867333992097322
    endloop
  endfacet
  facet normal 0.9897488420561643 -0.09877682360029875 -0.1031521631761421
    outer loop
      vertex 113.9312425032258 135.17048643609257 13.270309449708506
      vertex 113.91317666321993 134.65054139171428 13.594857909702029
      vertex 113.91317666321993 135.0838965770251 13.179884075148259
    endloop
  endfacet
  facet normal 0.9897488420561643 -0.09877682360029878 -0.10315216317614212
    outer loop
      vertex 113.9312425032258 135.17048643609257 13.270309449708506
      vertex 113.9312425032258 134.73713125078177 13.685283284262276
      vertex 113.91317666321993 134.65054139171428 13.594857909702029
    endloop
  endfacet
  facet normal 0.9822517039165501 -0.12972605043714883 -0.1354722923368913
    outer loop
      vertex 113.88994916528463 134.56641409147784 13.507004173519206
      vertex 113.91317666321993 135.0838965770251 13.179884075148259
      vertex 113.91317666321993 134.65054139171428 13.594857909702029
    endloop
  endfacet
  facet normal -0.897040871570018 -0.3056611453885149 -0.31920046825260695
    outer loop
      vertex 115.57970805466175 135.104480816948 13.20138009818276
      vertex 115.6611599996686 134.99013708007138 13.081971482127294
      vertex 115.57970805466175 134.67112563163724 13.61635393273653
    endloop
  endfacet
  facet normal -0.8746100176237731 -0.33531760143108086 -0.3501705630726978
    outer loop
      vertex 115.6611599996686 134.99013708007138 13.081971482127294
      vertex 115.74969471991062 134.87967565474898 12.966617145409273
      vertex 115.6611599996686 134.5567818947606 13.496945316681064
    endloop
  endfacet
  facet normal -0.9169770072322978 -0.27591614126156294 -0.2881379030926468
    outer loop
      vertex 115.50533889234066 134.78935167491508 13.739816822748203
      vertex 115.57970805466175 135.104480816948 13.20138009818276
      vertex 115.57970805466175 134.67112563163724 13.61635393273653
    endloop
  endfacet
  facet normal -0.897040871570018 -0.30566114538851497 -0.319200468252607
    outer loop
      vertex 115.6611599996686 134.99013708007138 13.081971482127294
      vertex 115.6611599996686 134.5567818947606 13.496945316681064
      vertex 115.57970805466175 134.67112563163724 13.61635393273653
    endloop
  endfacet
  facet normal -0.874610017623773 -0.33531760143108075 -0.35017056307269767
    outer loop
      vertex 115.74969471991062 134.87967565474898 12.966617145409273
      vertex 115.74969471991062 134.4463204694382 13.381590979963043
      vertex 115.6611599996686 134.5567818947606 13.496945316681064
    endloop
  endfacet
  facet normal 8.2599377102136e-15 0.722258642184635 -0.6916230575896146
    outer loop
      vertex 115.18315750360489 137.07995222658874 15.264355417389467
      vertex 116.98262249678373 136.93338346780055 15.111294365495148
      vertex 115.16540333628654 136.92989845718535 15.10765498562293
    endloop
  endfacet
  facet normal 4.379309681945824e-15 0.7222586421846121 -0.6916230575896384
    outer loop
      vertex 115.18315750360489 137.07995222658874 15.264355417389467
      vertex 116.99719221889973 137.03321310845294 15.21554598046972
      vertex 116.98262249678373 136.93338346780055 15.111294365495148
    endloop
  endfacet
  facet normal 7.998711854731543e-15 0.7222586421847005 -0.6916230575895463
    outer loop
      vertex 115.16540333628654 136.92989845718535 15.10765498562293
      vertex 116.98262249678373 136.93338346780055 15.111294365495148
      vertex 116.97221555560827 136.83098713662787 15.004362367919427
    endloop
  endfacet
  facet normal -2.8372876398225343e-15 0.7222586421845701 -0.6916230575896822
    outer loop
      vertex 115.15475083142519 136.77607918428058 14.94702225660837
      vertex 116.97221555560827 136.83098713662787 15.004362367919427
      vertex 116.96597138792276 136.72602412008783 14.894749993123817
    endloop
  endfacet
  facet normal 1.1036440557297052e-15 0.7222586421846385 -0.691623057589611
    outer loop
      vertex 115.15475083142519 136.77607918428058 14.94702225660837
      vertex 116.96597138792276 136.72602412008783 14.894749993123817
      vertex 116.96389000117779 136.6184944078745 14.782457230345813
    endloop
  endfacet
  facet normal 0 0.7222586421846342 -0.6916230575896154
    outer loop
      vertex 115.1511999964714 136.6184944078745 14.782457230345813
      vertex 116.96389000117779 136.6184944078745 14.782457230345813
      vertex 116.96592416614294 136.51194449611953 14.671187668487597
    endloop
  endfacet
  facet normal -1.5003110920533019e-16 0.7222586421846221 -0.691623057589628
    outer loop
      vertex 115.15474139153957 136.46144525420743 14.6184515523409
      vertex 116.96592416614294 136.51194449611953 14.671187668487597
      vertex 116.97202666848898 136.40803965706647 14.562680343366864
    endloop
  endfacet
  facet normal 0.9949442085515903 -0.06945914230757487 -0.07253584920262306
    outer loop
      vertex 116.99719221889973 137.03321310845294 15.21554598046972
      vertex 116.98262249678373 136.50002828248978 15.526268200048918
      vertex 116.98262249678373 136.93338346780055 15.111294365495148
    endloop
  endfacet
  facet normal 0.9975386091643009 -0.04849615915506334 -0.0506443064298313
    outer loop
      vertex 116.98262249678373 136.93338346780055 15.111294365495148
      vertex 116.97221555560827 136.3976319513171 15.419336202473197
      vertex 116.97221555560827 136.83098713662787 15.004362367919427
    endloop
  endfacet
  facet normal 0.9991546540545408 -0.02843216276533302 -0.029691571222089798
    outer loop
      vertex 116.97221555560827 136.83098713662787 15.004362367919427
      vertex 116.96597138792276 136.29266893477705 15.309723827677587
      vertex 116.96597138792276 136.72602412008783 14.894749993123817
    endloop
  endfacet
  facet normal 0.9999104018252862 -0.009258152161307787 -0.009668243902204427
    outer loop
      vertex 116.96597138792276 136.72602412008783 14.894749993123817
      vertex 116.96389000117779 136.18513922256372 15.197431064899583
      vertex 116.96389000117779 136.6184944078745 14.782457230345813
    endloop
  endfacet
  facet normal 0.9999128397835387 0.009131332307410872 0.009535806536977097
    outer loop
      vertex 116.96389000117779 136.6184944078745 14.782457230345813
      vertex 116.96592416614294 136.07858931080875 15.086161503041367
      vertex 116.96592416614294 136.51194449611953 14.671187668487597
    endloop
  endfacet
  facet normal 0.9991760207769951 0.028070691479553735 0.02931408849187899
    outer loop
      vertex 116.96592416614294 136.51194449611953 14.671187668487597
      vertex 116.97202666848898 135.9746844717557 14.977654177920634
      vertex 116.97202666848898 136.40803965706647 14.562680343366864
    endloop
  endfacet
  facet normal 0.9949442085515903 -0.06945914230757487 -0.07253584920262304
    outer loop
      vertex 116.99719221889973 137.03321310845294 15.21554598046972
      vertex 116.99719221889973 136.59985792314217 15.63051981502349
      vertex 116.98262249678373 136.50002828248978 15.526268200048918
    endloop
  endfacet
  facet normal 0.997538609164301 -0.04849615915506334 -0.0506443064298313
    outer loop
      vertex 116.98262249678373 136.93338346780055 15.111294365495148
      vertex 116.98262249678373 136.50002828248978 15.526268200048918
      vertex 116.97221555560827 136.3976319513171 15.419336202473197
    endloop
  endfacet
  facet normal 0.9991546540545408 -0.02843216276533302 -0.029691571222089798
    outer loop
      vertex 116.97221555560827 136.83098713662787 15.004362367919427
      vertex 116.97221555560827 136.3976319513171 15.419336202473197
      vertex 116.96597138792276 136.29266893477705 15.309723827677587
    endloop
  endfacet
  facet normal 0.9999104018252863 -0.009258152161307787 -0.009668243902204427
    outer loop
      vertex 116.96597138792276 136.72602412008783 14.894749993123817
      vertex 116.96597138792276 136.29266893477705 15.309723827677587
      vertex 116.96389000117779 136.18513922256372 15.197431064899583
    endloop
  endfacet
  facet normal 0.9999128397835387 0.009131332307410873 0.009535806536977099
    outer loop
      vertex 116.96389000117779 136.6184944078745 14.782457230345813
      vertex 116.96389000117779 136.18513922256372 15.197431064899583
      vertex 116.96592416614294 136.07858931080875 15.086161503041367
    endloop
  endfacet
  facet normal 0.9991760207769952 0.028070691479553746 0.029314088491879
    outer loop
      vertex 116.96592416614294 136.51194449611953 14.671187668487597
      vertex 116.96592416614294 136.07858931080875 15.086161503041367
      vertex 116.97202666848898 135.9746844717557 14.977654177920634
    endloop
  endfacet
  facet normal 5.2514836470942774e-15 0.7222586421846342 -0.6916230575896154
    outer loop
      vertex 115.16536555439234 136.3082784120946 14.458500153673441
      vertex 116.98219750076532 136.30677989586832 14.456935260364858
      vertex 115.18307249993086 136.158993881536 14.302603034343427
    endloop
  endfacet
  facet normal 6.9845510891880926e-15 0.7222586421845949 -0.6916230575896564
    outer loop
      vertex 115.18307249993086 136.158993881536 14.302603034343427
      vertex 116.99643666297197 136.20816520737208 14.353952414100327
      vertex 115.20786222070456 136.01359166253158 14.150760194350866
    endloop
  endfacet
  facet normal 5.2398522060646795e-15 0.7222586421846274 -0.6916230575896225
    outer loop
      vertex 115.16536555439234 136.3082784120946 14.458500153673441
      vertex 116.97202666848898 136.40803965706647 14.562680343366864
      vertex 116.98219750076532 136.30677989586832 14.456935260364858
    endloop
  endfacet
  facet normal 4.521979174002454e-15 0.7222586421846384 -0.6916230575896112
    outer loop
      vertex 115.18307249993086 136.158993881536 14.302603034343427
      vertex 116.98219750076532 136.30677989586832 14.456935260364858
      vertex 116.99643666297197 136.20816520737208 14.353952414100327
    endloop
  endfacet
  facet normal 1.234572979719039e-16 0.722258642184625 -0.6916230575896248
    outer loop
      vertex 115.20786222070456 136.01359166253158 14.150760194350866
      vertex 116.99643666297197 136.20816520737208 14.353952414100327
      vertex 117.01474417001009 136.11219559157774 14.253731804573277
    endloop
  endfacet
  facet normal 2.5904806281187782e-17 0.7222586421846259 -0.6916230575896241
    outer loop
      vertex 115.20786222070456 136.01359166253158 14.150760194350866
      vertex 117.01474417001009 136.11219559157774 14.253731804573277
      vertex 115.23973472416401 135.8720717499284 14.002971628314505
    endloop
  endfacet
  facet normal -6.007581451487546e-15 0.7222586421846545 -0.6916230575895942
    outer loop
      vertex 115.23973472416401 135.8720717499284 14.002971628314505
      vertex 117.03711999952793 136.01887104848532 14.156273431783703
      vertex 115.27869000285864 135.73443414887947 13.859237341615597
    endloop
  endfacet
  facet normal -2.8919320396790137e-15 0.7222586421846362 -0.6916230575896134
    outer loop
      vertex 115.23973472416401 135.8720717499284 14.002971628314505
      vertex 117.01474417001009 136.11219559157774 14.253731804573277
      vertex 117.03711999952793 136.01887104848532 14.156273431783703
    endloop
  endfacet
  facet normal 6.462175406962612e-15 0.7222586421846177 -0.6916230575896327
    outer loop
      vertex 115.27869000285864 135.73443414887947 13.859237341615597
      vertex 117.03711999952793 136.01887104848532 14.156273431783703
      vertex 117.06356416642666 135.9281915832478 14.061577301112862
    endloop
  endfacet
  facet normal 0.9975957496417495 0.04793062707284598 0.05005372398852624
    outer loop
      vertex 116.97202666848898 136.40803965706647 14.562680343366864
      vertex 116.98219750076532 135.87342471055754 14.871909094918628
      vertex 116.98219750076532 136.30677989586832 14.456935260364858
    endloop
  endfacet
  facet normal 0.9950505044121695 0.06872691999210481 0.07177119295013806
    outer loop
      vertex 116.98219750076532 136.30677989586832 14.456935260364858
      vertex 116.99643666297197 135.7748100220613 14.768926248654097
      vertex 116.99643666297197 136.20816520737208 14.353952414100327
    endloop
  endfacet
  facet normal 0.9914083875254364 0.09046632938797662 0.09447355392531925
    outer loop
      vertex 116.99643666297197 136.20816520737208 14.353952414100327
      vertex 117.01474417001009 135.67884040626697 14.668705639127047
      vertex 117.01474417001009 136.11219559157774 14.253731804573277
    endloop
  endfacet
  facet normal 0.9865280748209364 0.11314403121173598 0.11815576918312079
    outer loop
      vertex 117.01474417001009 136.11219559157774 14.253731804573277
      vertex 117.03711999952793 135.58551586317455 14.571247266337473
      vertex 117.03711999952793 136.01887104848532 14.156273431783703
    endloop
  endfacet
  facet normal 0.9802602644839657 0.1367417912950724 0.14279879686902272
    outer loop
      vertex 117.03711999952793 136.01887104848532 14.156273431783703
      vertex 117.06356416642666 135.49483639793704 14.476551135666632
      vertex 117.06356416642666 135.9281915832478 14.061577301112862
    endloop
  endfacet
  facet normal 0.9724502048369655 0.1612247360670566 0.1683662186801487
    outer loop
      vertex 117.06356416642666 135.9281915832478 14.061577301112862
      vertex 117.09407666325569 135.40680200540143 14.38461724173326
      vertex 117.09407666325569 135.8401571907122 13.96964340717949
    endloop
  endfacet
  facet normal 0.9975957496417495 0.047930627072845976 0.05005372398852623
    outer loop
      vertex 116.97202666848898 136.40803965706647 14.562680343366864
      vertex 116.97202666848898 135.9746844717557 14.977654177920634
      vertex 116.98219750076532 135.87342471055754 14.871909094918628
    endloop
  endfacet
  facet normal 0.9950505044121695 0.06872691999210481 0.07177119295013806
    outer loop
      vertex 116.98219750076532 136.30677989586832 14.456935260364858
      vertex 116.98219750076532 135.87342471055754 14.871909094918628
      vertex 116.99643666297197 135.7748100220613 14.768926248654097
    endloop
  endfacet
  facet normal 0.9914083875254365 0.09046632938797662 0.09447355392531925
    outer loop
      vertex 116.99643666297197 136.20816520737208 14.353952414100327
      vertex 116.99643666297197 135.7748100220613 14.768926248654097
      vertex 117.01474417001009 135.67884040626697 14.668705639127047
    endloop
  endfacet
  facet normal 0.9865280748209364 0.11314403121173598 0.11815576918312079
    outer loop
      vertex 117.01474417001009 136.11219559157774 14.253731804573277
      vertex 117.01474417001009 135.67884040626697 14.668705639127047
      vertex 117.03711999952793 135.58551586317455 14.571247266337473
    endloop
  endfacet
  facet normal 0.9802602644839657 0.13674179129507244 0.14279879686902275
    outer loop
      vertex 117.03711999952793 136.01887104848532 14.156273431783703
      vertex 117.03711999952793 135.58551586317455 14.571247266337473
      vertex 117.06356416642666 135.49483639793704 14.476551135666632
    endloop
  endfacet
  facet normal 0.9724502048369655 0.16122473606705656 0.16836621868014867
    outer loop
      vertex 117.06356416642666 135.9281915832478 14.061577301112862
      vertex 117.06356416642666 135.49483639793704 14.476551135666632
      vertex 117.09407666325569 135.40680200540143 14.38461724173326
    endloop
  endfacet
  facet normal 0.962940906075405 0.1865393566750282 0.19480215557828098
    outer loop
      vertex 117.09407666325569 135.8401571907122 13.96964340717949
      vertex 117.09407666325569 135.40680200540143 14.38461724173326
      vertex 117.12865749746561 135.32141268556774 14.295445584537369
    endloop
  endfacet
  facet normal 1.6508726242842543e-14 0.7222586421845735 -0.691623057589679
    outer loop
      vertex 115.27869000285864 135.73443414887947 13.859237341615597
      vertex 117.06356416642666 135.9281915832478 14.061577301112862
      vertex 115.32472805678844 135.6006788645377 13.71955733963538
    endloop
  endfacet
  facet normal -2.1290186492241567e-14 0.7222586421846758 -0.691623057589572
    outer loop
      vertex 115.32472805678844 135.6006788645377 13.71955733963538
      vertex 117.09407666325569 135.8401571907122 13.96964340717949
      vertex 115.37784888595343 135.47080588659722 13.583931611611362
    endloop
  endfacet
  facet normal 9.971408884820856e-16 0.7222586421846217 -0.6916230575896284
    outer loop
      vertex 115.37784888595343 135.47080588659722 13.583931611611362
      vertex 117.12865749746561 135.7547678708785 13.880471749983599
      vertex 115.43805249780416 135.34481521505793 13.452360157543552
    endloop
  endfacet
  facet normal -1.4787768265205602e-14 0.722258642184653 -0.6916230575895957
    outer loop
      vertex 115.32472805678844 135.6006788645377 13.71955733963538
      vertex 117.06356416642666 135.9281915832478 14.061577301112862
      vertex 117.09407666325569 135.8401571907122 13.96964340717949
    endloop
  endfacet
  facet normal -5.287909462603013e-15 0.7222586421846403 -0.6916230575896091
    outer loop
      vertex 115.37784888595343 135.47080588659722 13.583931611611362
      vertex 117.09407666325569 135.8401571907122 13.96964340717949
      vertex 117.12865749746561 135.7547678708785 13.880471749983599
    endloop
  endfacet
  facet normal -1.2210883812482325e-15 0.7222586421846259 -0.6916230575896241
    outer loop
      vertex 115.43805249780416 135.34481521505793 13.452360157543552
      vertex 117.12865749746561 135.7547678708785 13.880471749983599
      vertex 117.16730666905642 135.67202362374672 13.79406232952519
    endloop
  endfacet
  facet normal 5.032263750892285e-14 0.7222586421845301 -0.6916230575897243
    outer loop
      vertex 115.50533889234066 135.22270686022586 13.324842988194433
      vertex 117.16730666905642 135.67202362374672 13.79406232952519
      vertex 117.21002416312695 135.59192444931682 13.710415145804255
    endloop
  endfacet
  facet normal 5.345808366810846e-15 0.7222586421846096 -0.6916230575896412
    outer loop
      vertex 115.43805249780416 135.34481521505793 13.452360157543552
      vertex 117.16730666905642 135.67202362374672 13.79406232952519
      vertex 115.50533889234066 135.22270686022586 13.324842988194433
    endloop
  endfacet
  facet normal -8.190499803291887e-15 0.7222586421846592 -0.6916230575895893
    outer loop
      vertex 115.50533889234066 135.22270686022586 13.324842988194433
      vertex 117.21002416312695 135.59192444931682 13.710415145804255
      vertex 115.57970805466175 135.104480816948 13.20138009818276
    endloop
  endfacet
  facet normal 2.1489704179088517e-14 0.722258642184604 -0.6916230575896471
    outer loop
      vertex 115.57970805466175 135.104480816948 13.20138009818276
      vertex 117.25681000202894 135.51447035274185 13.629530204202048
      vertex 115.6611599996686 134.99013708007138 13.081971482127294
    endloop
  endfacet
  facet normal -4.788742426245973e-16 0.7222586421846469 -0.6916230575896023
    outer loop
      vertex 115.57970805466175 135.104480816948 13.20138009818276
      vertex 117.21002416312695 135.59192444931682 13.710415145804255
      vertex 117.25681000202894 135.51447035274185 13.629530204202048
    endloop
  endfacet
  facet normal 0.962940906075405 0.1865393566750282 0.194802155578281
    outer loop
      vertex 117.09407666325569 135.8401571907122 13.96964340717949
      vertex 117.12865749746561 135.32141268556774 14.295445584537369
      vertex 117.12865749746561 135.7547678708785 13.880471749983599
    endloop
  endfacet
  facet normal 0.9515776027266719 0.21261089682430856 0.22202853992341431
    outer loop
      vertex 117.12865749746561 135.7547678708785 13.880471749983599
      vertex 117.16730666905642 135.23866843843592 14.20903616407896
      vertex 117.16730666905642 135.67202362374672 13.79406232952519
    endloop
  endfacet
  facet normal 0.9382131727831464 0.2393415951845685 0.24994328002706542
    outer loop
      vertex 117.16730666905642 135.67202362374672 13.79406232952519
      vertex 117.21002416312695 135.15856926400608 14.125388980358025
      vertex 117.21002416312695 135.59192444931682 13.710415145804255
    endloop
  endfacet
  facet normal 0.9227143654869016 0.2666098788206241 0.2784194178561488
    outer loop
      vertex 117.21002416312695 135.59192444931682 13.710415145804255
      vertex 117.25681000202894 135.08111516743108 14.044504038755818
      vertex 117.25681000202894 135.51447035274185 13.629530204202048
    endloop
  endfacet
  facet normal -1.5082499157944025e-14 0.7222586421846572 -0.6916230575895914
    outer loop
      vertex 115.6611599996686 134.99013708007138 13.081971482127294
      vertex 117.25681000202894 135.51447035274185 13.629530204202048
      vertex 117.30766416341066 135.4396613288688 13.551407499337316
    endloop
  endfacet
  facet normal -9.366270967943225e-15 0.7222586421846422 -0.6916230575896071
    outer loop
      vertex 117.30766416341066 135.4396613288688 13.551407499337316
      vertex 117.36258666962385 135.36749737769765 13.476047031210065
      vertex 115.8453122228384 134.7730965461338 12.855317093409951
    endloop
  endfacet
  facet normal 0.9049693512030739 0.29426953775197656 0.30730426702915353
    outer loop
      vertex 117.25681000202894 135.51447035274185 13.629530204202048
      vertex 117.30766416341066 135.00630614355802 13.966381333891086
      vertex 117.30766416341066 135.4396613288688 13.551407499337316
    endloop
  endfacet
  facet normal 0.8848947473224674 0.32215181824670036 0.3364215988331479
    outer loop
      vertex 117.30766416341066 135.4396613288688 13.551407499337316
      vertex 117.36258666962385 134.93414219238687 13.891020865763835
      vertex 117.36258666962385 135.36749737769765 13.476047031210065
    endloop
  endfacet
  facet normal 0.8624436133498857 0.3500671909449836 0.3655734886666173
    outer loop
      vertex 117.36258666962385 135.36749737769765 13.476047031210065
      vertex 117.42157749831676 134.86462331907063 13.818422639755312
      vertex 117.42157749831676 135.2979785043814 13.403448805201542
    endloop
  endfacet
  facet normal 0.8376115996438394 0.3778103291788148 0.3945455148748799
    outer loop
      vertex 117.42157749831676 135.2979785043814 13.403448805201542
      vertex 117.48463666439056 134.79774951845627 13.748586650484263
      vertex 117.48463666439056 135.23110470376707 13.333612815930493
    endloop
  endfacet
  facet normal 0.8104425052354512 0.4051653642015359 0.42311224676097736
    outer loop
      vertex 117.48463666439056 135.23110470376707 13.333612815930493
      vertex 117.55176416784525 134.73352079054385 13.681512897950697
      vertex 117.55176416784525 135.16687597585462 13.266539063396927
    endloop
  endfacet
  facet normal 0.9515776027266867 0.21261089682428425 0.22202853992337437
    outer loop
      vertex 117.12865749746561 135.7547678708785 13.880471749983599
      vertex 117.12865749746561 135.32141268556774 14.295445584537369
      vertex 117.16730666905642 135.23866843843592 14.20903616407896
    endloop
  endfacet
  facet normal 0.9382131727831082 0.2393415951846236 0.2499432800271557
    outer loop
      vertex 117.16730666905642 135.67202362374672 13.79406232952519
      vertex 117.16730666905642 135.23866843843592 14.20903616407896
      vertex 117.21002416312695 135.15856926400608 14.125388980358025
    endloop
  endfacet
  facet normal 0.9227143654869255 0.2666098788205934 0.27841941785609853
    outer loop
      vertex 117.21002416312695 135.59192444931682 13.710415145804255
      vertex 117.21002416312695 135.15856926400608 14.125388980358025
      vertex 117.25681000202894 135.08111516743108 14.044504038755818
    endloop
  endfacet
  facet normal 0.9049693512030741 0.29426953775197656 0.30730426702915353
    outer loop
      vertex 117.25681000202894 135.51447035274185 13.629530204202048
      vertex 117.25681000202894 135.08111516743108 14.044504038755818
      vertex 117.30766416341066 135.00630614355802 13.966381333891086
    endloop
  endfacet
  facet normal 0.8848947473224674 0.32215181824670036 0.3364215988331479
    outer loop
      vertex 117.30766416341066 135.4396613288688 13.551407499337316
      vertex 117.30766416341066 135.00630614355802 13.966381333891086
      vertex 117.36258666962385 134.93414219238687 13.891020865763835
    endloop
  endfacet
  facet normal 0.8624436133498856 0.3500671909449836 0.3655734886666173
    outer loop
      vertex 117.36258666962385 135.36749737769765 13.476047031210065
      vertex 117.36258666962385 134.93414219238687 13.891020865763835
      vertex 117.42157749831676 134.86462331907063 13.818422639755312
    endloop
  endfacet
  facet normal 0.8376115996438901 0.3778103291787737 0.39454551487481115
    outer loop
      vertex 117.42157749831676 135.2979785043814 13.403448805201542
      vertex 117.42157749831676 134.86462331907063 13.818422639755312
      vertex 117.48463666439056 134.79774951845627 13.748586650484263
    endloop
  endfacet
  facet normal 0.8104425052353925 0.40516536420157845 0.4231122467610495
    outer loop
      vertex 117.48463666439056 135.23110470376707 13.333612815930493
      vertex 117.48463666439056 134.79774951845627 13.748586650484263
      vertex 117.55176416784525 134.73352079054385 13.681512897950697
    endloop
  endfacet
  facet normal -1.0656941423254907e-14 0.7222586421846494 -0.6916230575895995
    outer loop
      vertex 115.6611599996686 134.99013708007138 13.081971482127294
      vertex 117.30766416341066 135.4396613288688 13.551407499337316
      vertex 115.74969471991062 134.87967565474898 12.966617145409273
    endloop
  endfacet
  facet normal 1.0193994781412036e-14 0.7222586421846217 -0.6916230575896285
    outer loop
      vertex 115.74969471991062 134.87967565474898 12.966617145409273
      vertex 117.30766416341066 135.4396613288688 13.551407499337316
      vertex 115.8453122228384 134.7730965461338 12.855317093409951
    endloop
  endfacet
  facet normal 3.8033847151858436e-14 0.7222586421845842 -0.6916230575896678
    outer loop
      vertex 117.36258666962385 135.36749737769765 13.476047031210065
      vertex 115.94801250100136 134.6703997439198 12.748071315366829
      vertex 115.8453122228384 134.7730965461338 12.855317093409951
    endloop
  endfacet
  facet normal -0.8497161772196897 -0.3646516036141384 -0.3808039208737145
    outer loop
      vertex 115.74969471991062 134.87967565474898 12.966617145409273
      vertex 115.8453122228384 134.7730965461338 12.855317093409951
      vertex 115.74969471991062 134.4463204694382 13.381590979963043
    endloop
  endfacet
  facet normal -0.8224466184892333 -0.39342444927204345 -0.4108512656066849
    outer loop
      vertex 115.8453122228384 134.7730965461338 12.855317093409951
      vertex 115.94801250100136 134.6703997439198 12.748071315366829
      vertex 115.8453122228384 134.339741360823 13.270290927963721
    endloop
  endfacet
  facet normal -0.792944437300478 -0.42140174571851297 -0.440067822113385
    outer loop
      vertex 115.94801250100136 134.6703997439198 12.748071315366829
      vertex 116.05779555439949 134.57158524810708 12.644879811279907
      vertex 115.94801250100136 134.23704455860906 13.163045149920599
    endloop
  endfacet
  facet normal -5.56568875927329e-14 0.72225864218468 -0.6916230575895675
    outer loop
      vertex 117.42157749831676 135.2979785043814 13.403448805201542
      vertex 116.05779555439949 134.57158524810708 12.644879811279907
      vertex 115.94801250100136 134.6703997439198 12.748071315366829
    endloop
  endfacet
  facet normal 3.6028396974631953e-14 0.7222586421845889 -0.6916230575896627
    outer loop
      vertex 117.48463666439056 135.23110470376707 13.333612815930493
      vertex 116.17466139048338 134.47665306900154 12.545742591911683
      vertex 116.05779555439949 134.57158524810708 12.644879811279907
    endloop
  endfacet
  facet normal -3.4952881240164064e-15 0.7222586421846331 -0.6916230575896165
    outer loop
      vertex 117.55176416784525 135.16687597585462 13.266539063396927
      vertex 116.29861000180244 134.38560320145024 12.450659651880905
      vertex 116.17466139048338 134.47665306900154 12.545742591911683
    endloop
  endfacet
  facet normal -0.8497161772196897 -0.3646516036141384 -0.38080392087371456
    outer loop
      vertex 115.74969471991062 134.4463204694382 13.381590979963043
      vertex 115.8453122228384 134.7730965461338 12.855317093409951
      vertex 115.8453122228384 134.339741360823 13.270290927963721
    endloop
  endfacet
  facet normal -0.8224466184891981 -0.39342444927209214 -0.41085126560670876
    outer loop
      vertex 115.94801250100136 134.6703997439198 12.748071315366829
      vertex 115.94801250100136 134.23704455860906 13.163045149920599
      vertex 115.8453122228384 134.339741360823 13.270290927963721
    endloop
  endfacet
  facet normal -0.7929444373005187 -0.4214017457184621 -0.4400678221133608
    outer loop
      vertex 116.05779555439949 134.57158524810708 12.644879811279907
      vertex 116.05779555439949 134.1382300627963 13.059853645833677
      vertex 115.94801250100136 134.23704455860906 13.163045149920599
    endloop
  endfacet
  facet normal -2.3731536880123805e-14 0.7222586421846443 -0.691623057589605
    outer loop
      vertex 117.36258666962385 135.36749737769765 13.476047031210065
      vertex 117.42157749831676 135.2979785043814 13.403448805201542
      vertex 115.94801250100136 134.6703997439198 12.748071315366829
    endloop
  endfacet
  facet normal -3.033391061329388e-14 0.7222586421846574 -0.6916230575895913
    outer loop
      vertex 117.42157749831676 135.2979785043814 13.403448805201542
      vertex 117.48463666439056 135.23110470376707 13.333612815930493
      vertex 116.05779555439949 134.57158524810708 12.644879811279907
    endloop
  endfacet
  facet normal 8.908059515476435e-14 0.7222586421845446 -0.691623057589709
    outer loop
      vertex 117.48463666439056 135.23110470376707 13.333612815930493
      vertex 117.55176416784525 135.16687597585462 13.266539063396927
      vertex 116.17466139048338 134.47665306900154 12.545742591911683
    endloop
  endfacet
  facet normal -3.1183744831758834e-14 0.7222586421846543 -0.6916230575895945
    outer loop
      vertex 117.55176416784525 135.16687597585462 13.266539063396927
      vertex 117.62296000123024 135.1052923206441 13.202227547600835
      vertex 116.29861000180244 134.38560320145024 12.450659651880905
    endloop
  endfacet
  facet normal 0.7810311442813357 0.43191311831033535 0.45104479810106396
    outer loop
      vertex 117.55176416784525 135.16687597585462 13.266539063396927
      vertex 117.62296000123024 134.67193713533334 13.617201382154605
      vertex 117.62296000123024 135.1052923206441 13.202227547600835
    endloop
  endfacet
  facet normal -1.528880336216294e-14 0.7222586421846405 -0.691623057589609
    outer loop
      vertex 117.62296000123024 135.1052923206441 13.202227547600835
      vertex 116.42886888980865 134.29896300279088 12.360181707926287
      vertex 116.29861000180244 134.38560320145024 12.450659651880905
    endloop
  endfacet
  facet normal -2.2612035089763054e-14 0.7222586421846455 -0.6916230575896037
    outer loop
      vertex 117.62296000123024 135.1052923206441 13.202227547600835
      vertex 117.69789528101683 135.0466984012476 13.141038198577256
      vertex 116.42886888980865 134.29896300279088 12.360181707926287
    endloop
  endfacet
  facet normal -3.1790738600254224e-14 0.7222586421846467 -0.6916230575896023
    outer loop
      vertex 117.69789528101683 135.0466984012476 13.141038198577256
      vertex 117.77622111141682 134.9914527011053 13.083345378863598
      vertex 116.56466555595398 134.21727367130129 12.274873930813897
    endloop
  endfacet
  facet normal 8.557177553856492e-14 0.7222586421845778 -0.6916230575896742
    outer loop
      vertex 117.77622111141682 134.9914527011053 13.083345378863598
      vertex 117.85793749988079 134.93955523052315 13.029149099222359
      vertex 116.70600000023842 134.14053521213447 12.194736325924985
    endloop
  endfacet
  facet normal -6.909459906431579e-14 0.7222586421846577 -0.691623057589591
    outer loop
      vertex 117.85793749988079 134.93955523052315 13.029149099222359
      vertex 117.94304444640875 134.89100597919526 12.97844934889104
      vertex 117.00528222322464 134.00191090046306 12.04997162205509
    endloop
  endfacet
  facet normal 0.7810311442813357 0.43191311831033546 0.451044798101064
    outer loop
      vertex 117.55176416784525 135.16687597585462 13.266539063396927
      vertex 117.55176416784525 134.73352079054385 13.681512897950697
      vertex 117.62296000123024 134.67193713533334 13.617201382154605
    endloop
  endfacet
  facet normal 0.7490353562004627 0.45822104222792454 0.47851803688178834
    outer loop
      vertex 117.62296000123024 135.1052923206441 13.202227547600835
      vertex 117.69789528101683 134.61334321593682 13.556012033131026
      vertex 117.69789528101683 135.0466984012476 13.141038198577256
    endloop
  endfacet
  facet normal 0.7140114632929576 0.4842288238926325 0.5056778385472385
    outer loop
      vertex 117.69789528101683 135.0466984012476 13.141038198577256
      vertex 117.77622111141682 134.55809751579451 13.498319213417368
      vertex 117.77622111141682 134.9914527011053 13.083345378863598
    endloop
  endfacet
  facet normal 0.6763637084900997 0.5094272785781657 0.5319924639296718
    outer loop
      vertex 117.77622111141682 134.9914527011053 13.083345378863598
      vertex 117.85793749988079 134.50620004521238 13.444122933776129
      vertex 117.85793749988079 134.93955523052315 13.029149099222359
    endloop
  endfacet
  facet normal 0.6362906327045718 0.5335522169973056 0.5571860214234342
    outer loop
      vertex 117.85793749988079 134.93955523052315 13.029149099222359
      vertex 117.94304444640875 134.45765079388448 13.39342318344481
      vertex 117.94304444640875 134.89100597919526 12.97844934889104
    endloop
  endfacet
  facet normal 2.4880742449912967e-14 0.7222586421846166 -0.6916230575896337
    outer loop
      vertex 117.94304444640875 134.89100597919526 12.97844934889104
      vertex 118.03154194355011 134.84580495742753 12.931246138632133
      vertex 117.16323000192642 133.94002504280553 11.985344517692866
    endloop
  endfacet
  facet normal 0.5940606595851707 0.5563555903656222 0.5809994748725266
    outer loop
      vertex 117.94304444640875 134.89100597919526 12.97844934889104
      vertex 118.03154194355011 134.41244977211676 13.346219973185903
      vertex 118.03154194355011 134.84580495742753 12.931246138632133
    endloop
  endfacet
  facet normal 0.5500048029152421 0.5776169442849953 0.6032026048062381
    outer loop
      vertex 118.03154194355011 134.84580495742753 12.931246138632133
      vertex 118.12342999875546 134.37059696960324 13.302513292236924
      vertex 118.12342999875546 134.80395215491401 12.887539457683154
    endloop
  endfacet
  facet normal 0.5045036657115948 0.5971539530241547 0.6236050093377932
    outer loop
      vertex 118.12342999875546 134.80395215491401 12.887539457683154
      vertex 118.21870861202478 134.33209239149693 13.262303145979104
      vertex 118.21870861202478 134.7654475768077 12.847329311425334
    endloop
  endfacet
  facet normal 0.4579715332041495 0.6148299764850244 0.6420639958680638
    outer loop
      vertex 118.21870861202478 134.7654475768077 12.847329311425334
      vertex 118.31737777590752 134.29693603779782 13.225589534412464
      vertex 118.31737777590752 134.7302912231086 12.810615699858694
    endloop
  endfacet
  facet normal 0.4108376976793718 0.6305586193358509 0.6584893421664305
    outer loop
      vertex 118.31737777590752 134.7302912231086 12.810615699858694
      vertex 118.41943749785423 134.26512790850592 13.192372457536983
      vertex 118.41943749785423 134.6984830938167 12.777398622983213
    endloop
  endfacet
  facet normal 0.3635280421441226 0.6443044598083322 0.6728440574501304
    outer loop
      vertex 118.41943749785423 134.6984830938167 12.777398622983213
      vertex 118.52488777786493 134.23666800362122 13.162651915352676
      vertex 118.52488777786493 134.670023188932 12.747678080798906
    endloop
  endfacet
  facet normal 0.7490353562004628 0.45822104222792454 0.47851803688178846
    outer loop
      vertex 117.62296000123024 135.1052923206441 13.202227547600835
      vertex 117.62296000123024 134.67193713533334 13.617201382154605
      vertex 117.69789528101683 134.61334321593682 13.556012033131026
    endloop
  endfacet
  facet normal 0.7140114632929576 0.4842288238926325 0.5056778385472385
    outer loop
      vertex 117.69789528101683 135.0466984012476 13.141038198577256
      vertex 117.69789528101683 134.61334321593682 13.556012033131026
      vertex 117.77622111141682 134.55809751579451 13.498319213417368
    endloop
  endfacet
  facet normal 0.6763637084900997 0.5094272785781657 0.5319924639296718
    outer loop
      vertex 117.77622111141682 134.9914527011053 13.083345378863598
      vertex 117.77622111141682 134.55809751579451 13.498319213417368
      vertex 117.85793749988079 134.50620004521238 13.444122933776129
    endloop
  endfacet
  facet normal 0.6362906327045718 0.5335522169973057 0.5571860214234342
    outer loop
      vertex 117.85793749988079 134.93955523052315 13.029149099222359
      vertex 117.85793749988079 134.50620004521238 13.444122933776129
      vertex 117.94304444640875 134.45765079388448 13.39342318344481
    endloop
  endfacet
  facet normal 0.5940606595851706 0.5563555903656223 0.5809994748725267
    outer loop
      vertex 117.94304444640875 134.89100597919526 12.97844934889104
      vertex 117.94304444640875 134.45765079388448 13.39342318344481
      vertex 118.03154194355011 134.41244977211676 13.346219973185903
    endloop
  endfacet
  facet normal 0.5500048029152421 0.5776169442849952 0.6032026048062379
    outer loop
      vertex 118.03154194355011 134.84580495742753 12.931246138632133
      vertex 118.03154194355011 134.41244977211676 13.346219973185903
      vertex 118.12342999875546 134.37059696960324 13.302513292236924
    endloop
  endfacet
  facet normal 0.5045036657115948 0.5971539530241545 0.6236050093377931
    outer loop
      vertex 118.12342999875546 134.80395215491401 12.887539457683154
      vertex 118.12342999875546 134.37059696960324 13.302513292236924
      vertex 118.21870861202478 134.33209239149693 13.262303145979104
    endloop
  endfacet
  facet normal 0.45797153320414946 0.6148299764850244 0.6420639958680637
    outer loop
      vertex 118.21870861202478 134.7654475768077 12.847329311425334
      vertex 118.21870861202478 134.33209239149693 13.262303145979104
      vertex 118.31737777590752 134.29693603779782 13.225589534412464
    endloop
  endfacet
  facet normal 0.41083769767937167 0.6305586193358509 0.6584893421664306
    outer loop
      vertex 118.31737777590752 134.7302912231086 12.810615699858694
      vertex 118.31737777590752 134.29693603779782 13.225589534412464
      vertex 118.41943749785423 134.26512790850592 13.192372457536983
    endloop
  endfacet
  facet normal 0.3635280421441227 0.6443044598083321 0.6728440574501303
    outer loop
      vertex 118.41943749785423 134.6984830938167 12.777398622983213
      vertex 118.41943749785423 134.26512790850592 13.192372457536983
      vertex 118.52488777786493 134.23666800362122 13.162651915352676
    endloop
  endfacet
  facet normal 0.3164478323063756 0.6560804893589564 0.6851417086348695
    outer loop
      vertex 118.52488777786493 134.670023188932 12.747678080798906
      vertex 118.52488777786493 134.23666800362122 13.162651915352676
      vertex 118.63372860848904 134.2115563231437 13.136427907859535
    endloop
  endfacet
  facet normal 0.31644783230637547 0.6560804893589564 0.6851417086348695
    outer loop
      vertex 118.52488777786493 134.670023188932 12.747678080798906
      vertex 118.63372860848904 134.2115563231437 13.136427907859535
      vertex 118.63372860848904 134.64491150845447 12.721454073305765
    endloop
  endfacet
  facet normal 0.26996748788304575 0.6659427050750167 0.6954407732104054
    outer loop
      vertex 118.63372860848904 134.64491150845447 12.721454073305765
      vertex 118.74595999717712 134.18979286707338 13.113700435057567
      vertex 118.74595999717712 134.62314805238418 12.698726600503797
    endloop
  endfacet
  facet normal 0.22441234280311279 0.6739827130563227 0.703836914987312
    outer loop
      vertex 118.74595999717712 134.62314805238418 12.698726600503797
      vertex 118.8615819439292 134.1713776354103 13.094469496946758
      vertex 118.8615819439292 134.60473282072107 12.679495662392988
    endloop
  endfacet
  facet normal 0.18005630978641018 0.6803193809087051 0.7104542668364351
    outer loop
      vertex 118.8615819439292 134.60473282072107 12.679495662392988
      vertex 118.98059444129467 134.1563106281544 13.078735093527122
      vertex 118.98059444129467 134.58966581346516 12.663761258973352
    endloop
  endfacet
  facet normal 0.13711948276217328 0.6850903424643252 0.715436559108596
    outer loop
      vertex 118.98059444129467 134.58966581346516 12.663761258973352
      vertex 119.10299749672413 134.14459184530568 13.06649722479866
      vertex 119.10299749672413 134.57794703061646 12.65152339024489
    endloop
  endfacet
  facet normal 0.09576919497263493 0.6884440585781917 0.7189388287626988
    outer loop
      vertex 119.10299749672413 134.57794703061646 12.65152339024489
      vertex 119.22879111021757 134.1362212817112 13.057755885380118
      vertex 119.22879111021757 134.56957646702196 12.642782050826348
    endloop
  endfacet
  facet normal 0.05612311923134875 0.6905329598000624 0.7211202582908828
    outer loop
      vertex 119.22879111021757 134.56957646702196 12.642782050826348
      vertex 119.35797527432442 134.13119894767686 13.052511086033988
      vertex 119.35797527432442 134.56455413298767 12.637537251480218
    endloop
  endfacet
  facet normal 0.01825497865777603 0.6915078082851792 0.7221382878887064
    outer loop
      vertex 119.35797527432442 134.56455413298767 12.637537251480218
      vertex 119.49054999649525 134.12952483804978 13.050762821379024
      vertex 119.49054999649525 134.56288002336055 12.635788986825254
    endloop
  endfacet
  facet normal 0.2699674878832022 0.6659427050750093 0.695440773210352
    outer loop
      vertex 118.63372860848904 134.64491150845447 12.721454073305765
      vertex 118.63372860848904 134.2115563231437 13.136427907859535
      vertex 118.74595999717712 134.18979286707338 13.113700435057567
    endloop
  endfacet
  facet normal 0.2244123428029554 0.6739827130563247 0.7038369149873603
    outer loop
      vertex 118.74595999717712 134.62314805238418 12.698726600503797
      vertex 118.74595999717712 134.18979286707338 13.113700435057567
      vertex 118.8615819439292 134.1713776354103 13.094469496946758
    endloop
  endfacet
  facet normal 0.18005630978641005 0.6803193809087051 0.7104542668364351
    outer loop
      vertex 118.8615819439292 134.60473282072107 12.679495662392988
      vertex 118.8615819439292 134.1713776354103 13.094469496946758
      vertex 118.98059444129467 134.1563106281544 13.078735093527122
    endloop
  endfacet
  facet normal 0.13711948276217345 0.6850903424643252 0.715436559108596
    outer loop
      vertex 118.98059444129467 134.58966581346516 12.663761258973352
      vertex 118.98059444129467 134.1563106281544 13.078735093527122
      vertex 119.10299749672413 134.14459184530568 13.06649722479866
    endloop
  endfacet
  facet normal 0.09576919497263499 0.6884440585781917 0.7189388287626988
    outer loop
      vertex 119.10299749672413 134.57794703061646 12.65152339024489
      vertex 119.10299749672413 134.14459184530568 13.06649722479866
      vertex 119.22879111021757 134.1362212817112 13.057755885380118
    endloop
  endfacet
  facet normal 0.0561231192315002 0.69053295980008 0.7211202582908539
    outer loop
      vertex 119.22879111021757 134.56957646702196 12.642782050826348
      vertex 119.22879111021757 134.1362212817112 13.057755885380118
      vertex 119.35797527432442 134.13119894767686 13.052511086033988
    endloop
  endfacet
  facet normal 0.01825497865762777 0.6915078082851573 0.7221382878887309
    outer loop
      vertex 119.35797527432442 134.56455413298767 12.637537251480218
      vertex 119.35797527432442 134.13119894767686 13.052511086033988
      vertex 119.49054999649525 134.12952483804978 13.050762821379024
    endloop
  endfacet
  facet normal 3.1570905264838555e-18 0.7222586421846255 -0.6916230575896246
    outer loop
      vertex 100.61251000314951 134.63458750177028 12.710672762636875
      vertex 105.15327999740839 133.6722009299367 11.705657081043348
      vertex 98.81205999851227 133.6722009299367 11.705657081043348
    endloop
  endfacet
  facet normal 0 -0.6916230575896217 -0.7222586421846281
    outer loop
      vertex 98.81205999851227 133.6722009299367 11.705657081043348
      vertex 105.15327999740839 133.6722009299367 11.705657081043348
      vertex 98.81205999851227 133.23884574462593 12.120630915597118
    endloop
  endfacet
  facet normal 0 0.7222586421846254 -0.6916230575896245
    outer loop
      vertex 100.61251000314951 134.63458750177028 12.710672762636875
      vertex 105.15327999740839 134.63458750177028 12.710672762636875
      vertex 105.15327999740839 133.6722009299367 11.705657081043348
    endloop
  endfacet
  facet normal 0 -0.6916230575896217 -0.7222586421846281
    outer loop
      vertex 98.81205999851227 133.23884574462593 12.120630915597118
      vertex 105.15327999740839 133.6722009299367 11.705657081043348
      vertex 105.15327999740839 133.23884574462593 12.120630915597118
    endloop
  endfacet
  facet normal 1 0 0
    outer loop
      vertex 105.15327999740839 134.63458750177028 12.710672762636875
      vertex 105.15327999740839 133.23884574462593 12.120630915597118
      vertex 105.15327999740839 133.6722009299367 11.705657081043348
    endloop
  endfacet
  facet normal 1 0 0
    outer loop
      vertex 105.15327999740839 134.63458750177028 12.710672762636875
      vertex 105.15327999740839 134.20123231645948 13.125646597190645
      vertex 105.15327999740839 133.23884574462593 12.120630915597118
    endloop
  endfacet
  facet normal -1 0 0
    outer loop
      vertex 106.44757000356913 134.59866182676512 13.5406803288274
      vertex 106.44757000356913 133.6722009299367 11.705657081043348
      vertex 106.44757000356913 133.23884574462593 12.120630915597118
    endloop
  endfacet
  facet normal 0 -0.6916230575896217 -0.7222586421846281
    outer loop
      vertex 106.44757000356913 133.6722009299367 11.705657081043348
      vertex 110.7441700026393 133.6722009299367 11.705657081043348
      vertex 106.44757000356913 133.23884574462593 12.120630915597118
    endloop
  endfacet
  facet normal -7.852212635910255e-18 0.7222586421846333 -0.6916230575896165
    outer loop
      vertex 108.24802000075579 134.63882023233012 12.715092982861385
      vertex 110.7441700026393 133.6722009299367 11.705657081043348
      vertex 106.44757000356913 133.6722009299367 11.705657081043348
    endloop
  endfacet
  facet normal 0 0.7222586421846333 -0.6916230575896165
    outer loop
      vertex 108.24802000075579 134.63882023233012 12.715092982861385
      vertex 110.55499000102282 134.63882023233012 12.715092982861385
      vertex 110.7441700026393 133.6722009299367 11.705657081043348
    endloop
  endfacet
  facet normal 0 -0.6916230575896217 -0.7222586421846281
    outer loop
      vertex 106.44757000356913 133.23884574462593 12.120630915597118
      vertex 110.7441700026393 133.6722009299367 11.705657081043348
      vertex 110.7441700026393 133.23884574462593 12.120630915597118
    endloop
  endfacet
  facet normal -8.385711984690898e-14 0.7222586421846253 -0.6916230575896247
    outer loop
      vertex 110.55499000102282 134.63882023233012 12.715092982861385
      vertex 110.72640249878168 134.64146492371054 12.717854821386645
      vertex 110.7441700026393 133.6722009299367 11.705657081043348
    endloop
  endfacet
  facet normal -1.998287567746038e-14 0.7222586421846268 -0.6916230575896233
    outer loop
      vertex 110.72640249878168 134.64146492371054 12.717854821386645
      vertex 110.88802000135183 134.64939899269876 12.72614033158117
      vertex 110.91289360821247 133.67361452998585 11.707133296795384
    endloop
  endfacet
  facet normal 8.327241421381446e-14 0.7222586421846338 -0.691623057589616
    outer loop
      vertex 111.03984250128269 134.66262243929478 12.73994951344497
      vertex 111.0772844478488 133.67785533528627 11.711561949432735
      vertex 110.88802000135183 134.64939899269876 12.72614033158117
    endloop
  endfacet
  facet normal -2.921287389522465e-14 0.7222586421846259 -0.6916230575896242
    outer loop
      vertex 110.72640249878168 134.64146492371054 12.717854821386645
      vertex 110.91289360821247 133.67361452998585 11.707133296795384
      vertex 110.7441700026393 133.6722009299367 11.705657081043348
    endloop
  endfacet
  facet normal 1.170592923238818e-14 0.7222586421846271 -0.6916230575896228
    outer loop
      vertex 110.88802000135183 134.64939899269876 12.72614033158117
      vertex 111.0772844478488 133.67785533528627 11.711561949432735
      vertex 110.91289360821247 133.67361452998585 11.707133296795384
    endloop
  endfacet
  facet normal -1.4990433041744028e-15 0.7222586421846242 -0.6916230575896261
    outer loop
      vertex 111.03984250128269 134.66262243929478 12.73994951344497
      vertex 111.18186999857426 134.68113526865162 12.75928237235928
      vertex 111.23734249919653 133.68492333553195 11.71894302819291
    endloop
  endfacet
  facet normal 5.637507432936065e-14 0.7222586421846369 -0.6916230575896127
    outer loop
      vertex 111.43654000014067 134.73402906534173 12.814519110576967
      vertex 111.69151999801397 133.72309055747073 11.758800875022835
      vertex 111.31410250067711 134.70493747561628 12.784138902942864
    endloop
  endfacet
  facet normal -3.36811550650328e-14 0.7222586421846203 -0.69162305758963
    outer loop
      vertex 111.18186999857426 134.68113526865162 12.75928237235928
      vertex 111.31410250067711 134.70493747561628 12.784138902942864
      vertex 111.54446027427912 133.7075409466242 11.742562490987964
    endloop
  endfacet
  facet normal -2.0727432635317863e-14 0.7222586421846175 -0.6916230575896328
    outer loop
      vertex 111.54918249696493 134.768410027522 12.850422984499083
      vertex 111.97264111042023 133.76267137430563 11.800134932223557
      vertex 111.43654000014067 134.73402906534173 12.814519110576967
    endloop
  endfacet
  facet normal -1.5893063210845093e-13 0.7222586421845649 -0.6916230575896879
    outer loop
      vertex 111.74508249759674 134.853040100165 12.938801763494872
      vertex 112.48289000242949 133.87575942976682 11.918232246198812
      vertex 111.65202999860048 134.80808037761608 12.891850540852971
    endloop
  endfacet
  facet normal 7.744698123935251e-14 0.7222586421846565 -0.6916230575895922
    outer loop
      vertex 111.54918249696493 134.768410027522 12.850422984499083
      vertex 111.65202999860048 134.80808037761608 12.891850540852971
      vertex 112.23643111437559 133.81356100183967 11.853278726203044
    endloop
  endfacet
  facet normal -1.138210983779221e-13 0.7222586421846211 -0.691623057589629
    outer loop
      vertex 111.18186999857426 134.68113526865162 12.75928237235928
      vertex 111.39306777715683 133.69481854102895 11.729276543838402
      vertex 111.23734249919653 133.68492333553195 11.71894302819291
    endloop
  endfacet
  facet normal 1.0113854941592414e-13 0.7222586421846342 -0.6916230575896156
    outer loop
      vertex 111.03984250128269 134.66262243929478 12.73994951344497
      vertex 111.23734249919653 133.68492333553195 11.71894302819291
      vertex 111.0772844478488 133.67785533528627 11.711561949432735
    endloop
  endfacet
  facet normal -3.363560956889075e-14 0.7222586421846203 -0.6916230575896299
    outer loop
      vertex 111.31410250067711 134.70493747561628 12.784138902942864
      vertex 111.69151999801397 133.72309055747073 11.758800875022835
      vertex 111.54446027427912 133.7075409466242 11.742562490987964
    endloop
  endfacet
  facet normal 8.556423865393398e-14 0.7222586421846415 -0.6916230575896077
    outer loop
      vertex 111.18186999857426 134.68113526865162 12.75928237235928
      vertex 111.54446027427912 133.7075409466242 11.742562490987964
      vertex 111.39306777715683 133.69481854102895 11.729276543838402
    endloop
  endfacet
  facet normal -1.768456846096776e-14 0.7222586421846237 -0.6916230575896263
    outer loop
      vertex 111.54918249696493 134.768410027522 12.850422984499083
      vertex 112.23643111437559 133.81356100183967 11.853278726203044
      vertex 112.10670249909163 133.78670258544702 11.825230610770639
    endloop
  endfacet
  facet normal -9.725071974990313e-14 0.7222586421846022 -0.6916230575896489
    outer loop
      vertex 111.54918249696493 134.768410027522 12.850422984499083
      vertex 112.10670249909163 133.78670258544702 11.825230610770639
      vertex 111.97264111042023 133.76267137430563 11.800134932223557
    endloop
  endfacet
  facet normal 9.514647440321341e-14 0.7222586421846415 -0.6916230575896077
    outer loop
      vertex 111.43654000014067 134.73402906534173 12.814519110576967
      vertex 111.83424694091082 133.74146736326253 11.777991685180538
      vertex 111.69151999801397 133.72309055747073 11.758800875022835
    endloop
  endfacet
  facet normal 4.678588465228139e-15 0.7222586421846241 -0.6916230575896261
    outer loop
      vertex 111.43654000014067 134.73402906534173 12.814519110576967
      vertex 111.97264111042023 133.76267137430563 11.800134932223557
      vertex 111.83424694091082 133.74146736326253 11.777991685180538
    endloop
  endfacet
  facet normal 0.012112934746229891 -0.6915723171583446 -0.7222056541955841
    outer loop
      vertex 110.7441700026393 133.6722009299367 11.705657081043348
      vertex 110.91289360821247 133.67361452998585 11.707133296795384
      vertex 110.7441700026393 133.23884574462593 12.120630915597118
    endloop
  endfacet
  facet normal 0.03727343026110964 -0.6911424516719755 -0.7217567477297467
    outer loop
      vertex 110.91289360821247 133.67361452998585 11.707133296795384
      vertex 111.0772844478488 133.67785533528627 11.711561949432735
      vertex 110.91289360821247 133.24025934467505 12.122107131349154
    endloop
  endfacet
  facet normal 0.01211293474611329 -0.6915723171583219 -0.7222056541956078
    outer loop
      vertex 110.91289360821247 133.67361452998585 11.707133296795384
      vertex 110.91289360821247 133.24025934467505 12.122107131349154
      vertex 110.7441700026393 133.23884574462593 12.120630915597118
    endloop
  endfacet
  facet normal 0.03727343026110971 -0.6911424516719755 -0.7217567477297467
    outer loop
      vertex 111.0772844478488 133.67785533528627 11.711561949432735
      vertex 111.0772844478488 133.24450014997547 12.126535783986505
      vertex 110.91289360821247 133.24025934467505 12.122107131349154
    endloop
  endfacet
  facet normal 0.06371858782892863 -0.6902176145791262 -0.7207909447889783
    outer loop
      vertex 111.0772844478488 133.67785533528627 11.711561949432735
      vertex 111.23734249919653 133.68492333553195 11.71894302819291
      vertex 111.0772844478488 133.24450014997547 12.126535783986505
    endloop
  endfacet
  facet normal 0.0914894460990979 -0.6887224223015593 -0.7192295226640468
    outer loop
      vertex 111.23734249919653 133.68492333553195 11.71894302819291
      vertex 111.39306777715683 133.69481854102895 11.729276543838402
      vertex 111.23734249919653 133.25156815022117 12.13391686274668
    endloop
  endfacet
  facet normal 0.120618241092774 -0.686573495112692 -0.7169854083064925
    outer loop
      vertex 111.54446027427912 133.7075409466242 11.742562490987964
      vertex 111.39306777715683 133.26146335571815 12.144250378392172
      vertex 111.39306777715683 133.69481854102895 11.729276543838402
    endloop
  endfacet
  facet normal 0.2508908055637784 -0.669501766828825 -0.6991574843314202
    outer loop
      vertex 111.97264111042023 133.76267137430563 11.800134932223557
      vertex 112.10670249909163 133.78670258544702 11.825230610770639
      vertex 111.97264111042023 133.32931618899488 12.215108766777327
    endloop
  endfacet
  facet normal 0.1830191053236442 -0.6799410991749726 -0.7100592290360453
    outer loop
      vertex 111.69151999801397 133.72309055747073 11.758800875022835
      vertex 111.83424694091082 133.74146736326253 11.777991685180538
      vertex 111.69151999801397 133.28973537215995 12.173774709576605
    endloop
  endfacet
  facet normal 0.1511260595949669 -0.6836794200524864 -0.7139631396003541
    outer loop
      vertex 111.54446027427912 133.7075409466242 11.742562490987964
      vertex 111.69151999801397 133.72309055747073 11.758800875022835
      vertex 111.54446027427912 133.27418576131342 12.157536325541734
    endloop
  endfacet
  facet normal 0.2162855309283438 -0.6752524461498409 -0.7051628911674952
    outer loop
      vertex 111.97264111042023 133.76267137430563 11.800134932223557
      vertex 111.83424694091082 133.30811217795178 12.192965519734308
      vertex 111.83424694091082 133.74146736326253 11.777991685180538
    endloop
  endfacet
  facet normal 0.0637185878290507 -0.6902176145791444 -0.72079094478895
    outer loop
      vertex 111.0772844478488 133.24450014997547 12.126535783986505
      vertex 111.23734249919653 133.68492333553195 11.71894302819291
      vertex 111.23734249919653 133.25156815022117 12.13391686274668
    endloop
  endfacet
  facet normal 0.1206182410929011 -0.6865734951127047 -0.7169854083064588
    outer loop
      vertex 111.54446027427912 133.7075409466242 11.742562490987964
      vertex 111.54446027427912 133.27418576131342 12.157536325541734
      vertex 111.39306777715683 133.26146335571815 12.144250378392172
    endloop
  endfacet
  facet normal 0.09148944609897319 -0.6887224223015437 -0.7192295226640777
    outer loop
      vertex 111.39306777715683 133.69481854102895 11.729276543838402
      vertex 111.39306777715683 133.26146335571815 12.144250378392172
      vertex 111.23734249919653 133.25156815022117 12.13391686274668
    endloop
  endfacet
  facet normal 0.15112605959496692 -0.6836794200524864 -0.7139631396003541
    outer loop
      vertex 111.69151999801397 133.72309055747073 11.758800875022835
      vertex 111.69151999801397 133.28973537215995 12.173774709576605
      vertex 111.54446027427912 133.27418576131342 12.157536325541734
    endloop
  endfacet
  facet normal 0.18301910532377502 -0.6799410991749789 -0.7100592290360054
    outer loop
      vertex 111.83424694091082 133.74146736326253 11.777991685180538
      vertex 111.83424694091082 133.30811217795178 12.192965519734308
      vertex 111.69151999801397 133.28973537215995 12.173774709576605
    endloop
  endfacet
  facet normal 0.21628553092834393 -0.6752524461498408 -0.7051628911674952
    outer loop
      vertex 111.97264111042023 133.76267137430563 11.800134932223557
      vertex 111.97264111042023 133.32931618899488 12.215108766777327
      vertex 111.83424694091082 133.30811217795178 12.192965519734308
    endloop
  endfacet
  facet normal 5.7298243503045316e-15 0.7222586421846314 -0.6916230575896184
    outer loop
      vertex 111.82834000140429 134.9032892054747 12.9912766631873
      vertex 112.82008250057697 133.99026108527713 12.037805775926103
      vertex 112.71201777458191 133.94926666324008 11.994995497592107
    endloop
  endfacet
  facet normal 2.2047574103529243e-14 0.7222586421846452 -0.691623057589604
    outer loop
      vertex 111.9654700011015 135.01965555407054 13.112797482961199
      vertex 113.37378250062466 134.29393720594504 12.354933292382697
      vertex 113.29377666860819 134.23689809407398 12.295367621401468
    endloop
  endfacet
  facet normal 3.873294360889749e-14 0.7222586421846585 -0.6916230575895901
    outer loop
      vertex 111.9654700011015 135.01965555407054 13.112797482961199
      vertex 113.29377666860819 134.23689809407398 12.295367621401468
      vertex 113.20860916376114 134.18232154103396 12.238373588797657
    endloop
  endfacet
  facet normal 4.4318027898322016e-14 0.7222586421846702 -0.6916230575895779
    outer loop
      vertex 111.90180250257254 134.9588276883922 13.049275234548993
      vertex 113.20860916376114 134.18232154103396 12.238373588797657
      vertex 113.11828000098467 134.13020755197797 12.183951199952517
    endloop
  endfacet
  facet normal 6.7219657643217475e-15 0.722258642184638 -0.6916230575896115
    outer loop
      vertex 111.90180250257254 134.9588276883922 13.049275234548993
      vertex 113.02321361005306 134.08073152964607 12.132283627106311
      vertex 112.92381444573402 134.03408270741247 12.083568485764175
    endloop
  endfacet
  facet normal -5.6049070977642106e-14 0.7222586421845998 -0.6916230575896514
    outer loop
      vertex 111.90180250257254 134.9588276883922 13.049275234548993
      vertex 113.11828000098467 134.13020755197797 12.183951199952517
      vertex 113.02321361005306 134.08073152964607 12.132283627106311
    endloop
  endfacet
  facet normal -2.716545308172241e-14 0.7222586421846143 -0.6916230575896362
    outer loop
      vertex 111.82834000140429 134.9032892054747 12.9912766631873
      vertex 112.92381444573402 134.03408270741247 12.083568485764175
      vertex 112.82008250057697 133.99026108527713 12.037805775926103
    endloop
  endfacet
  facet normal -4.6749895504598364e-14 0.7222586421846128 -0.691623057589638
    outer loop
      vertex 111.65202999860048 134.80808037761608 12.891850540852971
      vertex 112.48289000242949 133.87575942976682 11.918232246198812
      vertex 112.36182694137096 133.8432466131776 11.884279267758274
    endloop
  endfacet
  facet normal 8.050066944542475e-14 0.7222586421846572 -0.6916230575895914
    outer loop
      vertex 111.65202999860048 134.80808037761608 12.891850540852971
      vertex 112.36182694137096 133.8432466131776 11.884279267758274
      vertex 112.23643111437559 133.81356100183967 11.853278726203044
    endloop
  endfacet
  facet normal -2.739010773797742e-15 0.7222586421846188 -0.6916230575896315
    outer loop
      vertex 111.74508249759674 134.853040100165 12.938801763494872
      vertex 112.71201777458191 133.94926666324008 11.994995497592107
      vertex 112.59962027519941 133.9110994464543 11.955137656143421
    endloop
  endfacet
  facet normal 3.025774766401841e-14 0.722258642184633 -0.6916230575896166
    outer loop
      vertex 111.74508249759674 134.853040100165 12.938801763494872
      vertex 112.59962027519941 133.9110994464543 11.955137656143421
      vertex 112.48289000242949 133.87575942976682 11.918232246198812
    endloop
  endfacet
  facet normal 0.561495148026866 -0.5723042678969481 -0.5976546023325062
    outer loop
      vertex 112.92381444573402 134.03408270741247 12.083568485764175
      vertex 113.02321361005306 134.08073152964607 12.132283627106311
      vertex 112.92381444573402 133.6007275221017 12.498542320317945
    endloop
  endfacet
  facet normal 0.5212631866301001 -0.5902283336120054 -0.6163726181992745
    outer loop
      vertex 112.92381444573402 134.03408270741247 12.083568485764175
      vertex 112.82008250057697 133.55690589996635 12.452779610479872
      vertex 112.82008250057697 133.99026108527713 12.037805775926103
    endloop
  endfacet
  facet normal 0.48090421500204883 -0.6063965187033131 -0.633256976351438
    outer loop
      vertex 112.71201777458191 133.94926666324008 11.994995497592107
      vertex 112.82008250057697 133.99026108527713 12.037805775926103
      vertex 112.71201777458191 133.5159114779293 12.409969332145877
    endloop
  endfacet
  facet normal 0.4407249525073329 -0.620830041836125 -0.648329835339362
    outer loop
      vertex 112.71201777458191 133.94926666324008 11.994995497592107
      vertex 112.71201777458191 133.5159114779293 12.409969332145877
      vertex 112.59962027519941 133.47774426114353 12.370111490697191
    endloop
  endfacet
  facet normal 0.5212631866301002 -0.5902283336120054 -0.6163726181992745
    outer loop
      vertex 112.92381444573402 134.03408270741247 12.083568485764175
      vertex 112.92381444573402 133.6007275221017 12.498542320317945
      vertex 112.82008250057697 133.55690589996635 12.452779610479872
    endloop
  endfacet
  facet normal 0.480904215002049 -0.6063965187033131 -0.633256976351438
    outer loop
      vertex 112.82008250057697 133.99026108527713 12.037805775926103
      vertex 112.82008250057697 133.55690589996635 12.452779610479872
      vertex 112.71201777458191 133.5159114779293 12.409969332145877
    endloop
  endfacet
  facet normal 0.754458845155498 -0.4539449647963551 -0.4740525497269982
    outer loop
      vertex 113.37378250062466 134.29393720594504 12.354933292382697
      vertex 113.44862666726112 134.35343888695314 12.417070612503835
      vertex 113.37378250062466 133.8605820206343 12.769907126936467
    endloop
  endfacet
  facet normal 0.717754325222525 -0.48157467096793594 -0.5029061193766506
    outer loop
      vertex 113.37378250062466 134.29393720594504 12.354933292382697
      vertex 113.29377666860819 133.8035429087632 12.710341455955238
      vertex 113.29377666860819 134.23689809407398 12.295367621401468
    endloop
  endfacet
  facet normal 0.8522748676505425 -0.36178401523240367 -0.37780931207895113
    outer loop
      vertex 113.64218916743994 134.54671928811666 12.618912408513026
      vertex 113.58282999694347 134.04647474015167 12.96403400243215
      vertex 113.58282999694347 134.47982992546247 12.54906016787838
    endloop
  endfacet
  facet normal 0.8220672426306516 -0.39380354215299307 -0.4112471504842232
    outer loop
      vertex 113.58282999694347 134.47982992546247 12.54906016787838
      vertex 113.51830916851759 133.9820479363285 12.896753400174923
      vertex 113.51830916851759 134.4154031216393 12.481779565621153
    endloop
  endfacet
  facet normal 0.7893545643721547 -0.42461339727113745 -0.44342173442751887
    outer loop
      vertex 113.51830916851759 134.4154031216393 12.481779565621153
      vertex 113.44862666726112 133.92008370164237 12.832044447057605
      vertex 113.44862666726112 134.35343888695314 12.417070612503835
    endloop
  endfacet
  facet normal 0.6405654928569735 -0.5310997954469301 -0.5546249693595952
    outer loop
      vertex 113.11828000098467 134.13020755197797 12.183951199952517
      vertex 113.20860916376114 134.18232154103396 12.238373588797657
      vertex 113.11828000098467 133.6968523666672 12.598925034506287
    endloop
  endfacet
  facet normal 0.6012704516650506 -0.5526383493729762 -0.5771175779308912
    outer loop
      vertex 113.11828000098467 134.13020755197797 12.183951199952517
      vertex 113.02321361005306 133.6473763443353 12.547257461660081
      vertex 113.02321361005306 134.08073152964607 12.132283627106311
    endloop
  endfacet
  facet normal 0.6796492889350878 -0.507331250673822 -0.5298035920412064
    outer loop
      vertex 113.29377666860819 134.23689809407398 12.295367621401468
      vertex 113.20860916376114 133.74896635572318 12.653347423351427
      vertex 113.20860916376114 134.18232154103396 12.238373588797657
    endloop
  endfacet
  facet normal 0.7544588451554238 -0.4539449647963986 -0.4740525497270748
    outer loop
      vertex 113.44862666726112 134.35343888695314 12.417070612503835
      vertex 113.44862666726112 133.92008370164237 12.832044447057605
      vertex 113.37378250062466 133.8605820206343 12.769907126936467
    endloop
  endfacet
  facet normal 0.717754325222608 -0.4815746709678933 -0.5029061193765731
    outer loop
      vertex 113.37378250062466 134.29393720594504 12.354933292382697
      vertex 113.37378250062466 133.8605820206343 12.769907126936467
      vertex 113.29377666860819 133.8035429087632 12.710341455955238
    endloop
  endfacet
  facet normal 0.8522748676505899 -0.3617840152323626 -0.3778093120788835
    outer loop
      vertex 113.64218916743994 134.54671928811666 12.618912408513026
      vertex 113.64218916743994 134.1133641028059 13.033886243066796
      vertex 113.58282999694347 134.04647474015167 12.96403400243215
    endloop
  endfacet
  facet normal 0.8220672426305952 -0.39380354215303576 -0.4112471504842947
    outer loop
      vertex 113.58282999694347 134.47982992546247 12.54906016787838
      vertex 113.58282999694347 134.04647474015167 12.96403400243215
      vertex 113.51830916851759 133.9820479363285 12.896753400174923
    endloop
  endfacet
  facet normal 0.7893545643721548 -0.42461339727113734 -0.4434217344275187
    outer loop
      vertex 113.51830916851759 134.4154031216393 12.481779565621153
      vertex 113.51830916851759 133.9820479363285 12.896753400174923
      vertex 113.44862666726112 133.92008370164237 12.832044447057605
    endloop
  endfacet
  facet normal 0.6405654928569735 -0.5310997954469301 -0.5546249693595952
    outer loop
      vertex 113.20860916376114 134.18232154103396 12.238373588797657
      vertex 113.20860916376114 133.74896635572318 12.653347423351427
      vertex 113.11828000098467 133.6968523666672 12.598925034506287
    endloop
  endfacet
  facet normal 0.6012704516650504 -0.5526383493729762 -0.5771175779308912
    outer loop
      vertex 113.11828000098467 134.13020755197797 12.183951199952517
      vertex 113.11828000098467 133.6968523666672 12.598925034506287
      vertex 113.02321361005306 133.6473763443353 12.547257461660081
    endloop
  endfacet
  facet normal 0.679649288935088 -0.507331250673822 -0.5298035920412065
    outer loop
      vertex 113.29377666860819 134.23689809407398 12.295367621401468
      vertex 113.29377666860819 133.8035429087632 12.710341455955238
      vertex 113.20860916376114 133.74896635572318 12.653347423351427
    endloop
  endfacet
  facet normal 0.561495148026866 -0.5723042678969481 -0.5976546023325062
    outer loop
      vertex 112.92381444573402 133.6007275221017 12.498542320317945
      vertex 113.02321361005306 134.08073152964607 12.132283627106311
      vertex 113.02321361005306 133.6473763443353 12.547257461660081
    endloop
  endfacet
  facet normal 0.2867740632533023 -0.6625736750915947 -0.6919225113557218
    outer loop
      vertex 112.10670249909163 133.78670258544702 11.825230610770639
      vertex 112.23643111437559 133.81356100183967 11.853278726203044
      vertex 112.10670249909163 133.35334740013624 12.240204445324409
    endloop
  endfacet
  facet normal 0.3619737825502117 -0.6447229052639334 -0.6732810380326519
    outer loop
      vertex 112.48289000242949 133.87575942976682 11.918232246198812
      vertex 112.36182694137096 133.40989142786682 12.299253102312043
      vertex 112.36182694137096 133.8432466131776 11.884279267758274
    endloop
  endfacet
  facet normal 0.3238436350923353 -0.6543519178974246 -0.6833365697474009
    outer loop
      vertex 112.23643111437559 133.81356100183967 11.853278726203044
      vertex 112.36182694137096 133.8432466131776 11.884279267758274
      vertex 112.23643111437559 133.3802058165289 12.268252560756814
    endloop
  endfacet
  facet normal 0.440724952507333 -0.620830041836125 -0.6483298353393621
    outer loop
      vertex 112.71201777458191 133.94926666324008 11.994995497592107
      vertex 112.59962027519941 133.47774426114353 12.370111490697191
      vertex 112.59962027519941 133.9110994464543 11.955137656143421
    endloop
  endfacet
  facet normal 0.401001466493128 -0.6335802603341233 -0.6616448273698701
    outer loop
      vertex 112.48289000242949 133.87575942976682 11.918232246198812
      vertex 112.59962027519941 133.9110994464543 11.955137656143421
      vertex 112.48289000242949 133.44240424445604 12.333206080752582
    endloop
  endfacet
  facet normal 0.2867740632533023 -0.6625736750915947 -0.6919225113557218
    outer loop
      vertex 112.23643111437559 133.81356100183967 11.853278726203044
      vertex 112.23643111437559 133.3802058165289 12.268252560756814
      vertex 112.10670249909163 133.35334740013624 12.240204445324409
    endloop
  endfacet
  facet normal 0.25089080556364546 -0.6695017668288259 -0.699157484331467
    outer loop
      vertex 111.97264111042023 133.32931618899488 12.215108766777327
      vertex 112.10670249909163 133.78670258544702 11.825230610770639
      vertex 112.10670249909163 133.35334740013624 12.240204445324409
    endloop
  endfacet
  facet normal 0.36197378255021173 -0.6447229052639333 -0.6732810380326518
    outer loop
      vertex 112.48289000242949 133.87575942976682 11.918232246198812
      vertex 112.48289000242949 133.44240424445604 12.333206080752582
      vertex 112.36182694137096 133.40989142786682 12.299253102312043
    endloop
  endfacet
  facet normal 0.3238436350923352 -0.6543519178974246 -0.6833365697474009
    outer loop
      vertex 112.36182694137096 133.8432466131776 11.884279267758274
      vertex 112.36182694137096 133.40989142786682 12.299253102312043
      vertex 112.23643111437559 133.3802058165289 12.268252560756814
    endloop
  endfacet
  facet normal 0.401001466493128 -0.6335802603341233 -0.6616448273698701
    outer loop
      vertex 112.59962027519941 133.9110994464543 11.955137656143421
      vertex 112.59962027519941 133.47774426114353 12.370111490697191
      vertex 112.48289000242949 133.44240424445604 12.333206080752582
    endloop
  endfacet
  facet normal -0.7614057170036614 -0.4483623956054477 -0.4682226994936108
    outer loop
      vertex 116.05779555439949 134.57158524810708 12.644879811279907
      vertex 116.17466139048338 134.47665306900154 12.545742591911683
      vertex 116.05779555439949 134.1382300627963 13.059853645833677
    endloop
  endfacet
  facet normal -0.7280733715032806 -0.47410705898870864 -0.49510772799959707
    outer loop
      vertex 116.17466139048338 134.47665306900154 12.545742591911683
      vertex 116.29861000180244 134.38560320145024 12.450659651880905
      vertex 116.17466139048338 134.04329788369077 12.960716426465453
    endloop
  endfacet
  facet normal -0.6931716945339648 -0.49850288274289734 -0.5205841697496504
    outer loop
      vertex 116.29861000180244 134.38560320145024 12.450659651880905
      vertex 116.42886888980865 134.29896300279088 12.360181707926287
      vertex 116.29861000180244 133.95224801613946 12.865633486434675
    endloop
  endfacet
  facet normal -0.6562687142370435 -0.5218484453851245 -0.5449638288572797
    outer loop
      vertex 116.42886888980865 134.29896300279088 12.360181707926287
      vertex 116.56466555595398 134.21727367130129 12.274873930813897
      vertex 116.42886888980865 133.8656078174801 12.775155542480057
    endloop
  endfacet
  facet normal -0.6174969193999836 -0.5440122299987821 -0.5681093628371939
    outer loop
      vertex 116.56466555595398 134.21727367130129 12.274873930813897
      vertex 116.70600000023842 134.14053521213447 12.194736325924985
      vertex 116.56466555595398 133.7839184859905 12.689847765367666
    endloop
  endfacet
  facet normal -0.7614057170036614 -0.4483623956054477 -0.4682226994936108
    outer loop
      vertex 116.05779555439949 134.1382300627963 13.059853645833677
      vertex 116.17466139048338 134.47665306900154 12.545742591911683
      vertex 116.17466139048338 134.04329788369077 12.960716426465453
    endloop
  endfacet
  facet normal -0.7280733715032806 -0.4741070589887088 -0.49510772799959724
    outer loop
      vertex 116.29861000180244 134.38560320145024 12.450659651880905
      vertex 116.29861000180244 133.95224801613946 12.865633486434675
      vertex 116.17466139048338 134.04329788369077 12.960716426465453
    endloop
  endfacet
  facet normal -0.6931716945339649 -0.49850288274289734 -0.5205841697496504
    outer loop
      vertex 116.42886888980865 134.29896300279088 12.360181707926287
      vertex 116.42886888980865 133.8656078174801 12.775155542480057
      vertex 116.29861000180244 133.95224801613946 12.865633486434675
    endloop
  endfacet
  facet normal -0.6562687142370435 -0.5218484453851246 -0.5449638288572797
    outer loop
      vertex 116.56466555595398 134.21727367130129 12.274873930813897
      vertex 116.56466555595398 133.7839184859905 12.689847765367666
      vertex 116.42886888980865 133.8656078174801 12.775155542480057
    endloop
  endfacet
  facet normal -0.6174969194000514 -0.5440122299987267 -0.5681093628371735
    outer loop
      vertex 116.56466555595398 133.7839184859905 12.689847765367666
      vertex 116.70600000023842 134.14053521213447 12.194736325924985
      vertex 116.70600000023842 133.70718002682366 12.609710160478755
    endloop
  endfacet
  facet normal 7.854707047019667e-15 0.7222586421846209 -0.6916230575896294
    outer loop
      vertex 117.69789528101683 135.0466984012476 13.141038198577256
      vertex 116.56466555595398 134.21727367130129 12.274873930813897
      vertex 116.42886888980865 134.29896300279088 12.360181707926287
    endloop
  endfacet
  facet normal -4.337494798441595e-14 0.7222586421846556 -0.6916230575895932
    outer loop
      vertex 117.77622111141682 134.9914527011053 13.083345378863598
      vertex 116.70600000023842 134.14053521213447 12.194736325924985
      vertex 116.56466555595398 134.21727367130129 12.274873930813897
    endloop
  endfacet
  facet normal 7.141918910805338e-14 0.7222586421845875 -0.691623057589664
    outer loop
      vertex 117.85793749988079 134.93955523052315 13.029149099222359
      vertex 116.85287222266197 134.06874762013737 12.119768887878301
      vertex 116.70600000023842 134.14053521213447 12.194736325924985
    endloop
  endfacet
  facet normal -5.856332532597857e-15 0.7222586421846301 -0.6916230575896196
    outer loop
      vertex 117.85793749988079 134.93955523052315 13.029149099222359
      vertex 117.00528222322464 134.00191090046306 12.04997162205509
      vertex 116.85287222266197 134.06874762013737 12.119768887878301
    endloop
  endfacet
  facet normal -3.176780627145798e-14 0.7222586421846388 -0.6916230575896106
    outer loop
      vertex 117.94304444640875 134.89100597919526 12.97844934889104
      vertex 117.16323000192642 133.94002504280553 11.985344517692866
      vertex 117.00528222322464 134.00191090046306 12.04997162205509
    endloop
  endfacet
  facet normal -0.577133358966453 -0.5648139121659274 -0.5898324597645668
    outer loop
      vertex 116.70600000023842 134.14053521213447 12.194736325924985
      vertex 116.85287222266197 134.06874762013737 12.119768887878301
      vertex 116.70600000023842 133.70718002682366 12.609710160478755
    endloop
  endfacet
  facet normal -0.5354916389933569 -0.5841037026979221 -0.6099766955079395
    outer loop
      vertex 116.85287222266197 134.06874762013737 12.119768887878301
      vertex 117.00528222322464 134.00191090046306 12.04997162205509
      vertex 116.85287222266197 133.6353924348266 12.534742722432071
    endloop
  endfacet
  facet normal -0.49291011646208327 -0.6017675531751983 -0.6284229698498222
    outer loop
      vertex 117.00528222322464 134.00191090046306 12.04997162205509
      vertex 117.16323000192642 133.94002504280553 11.985344517692866
      vertex 117.00528222322464 133.56855571515229 12.46494545660886
    endloop
  endfacet
  facet normal 7.741576329814724e-14 0.7222586421845925 -0.691623057589659
    outer loop
      vertex 118.03154194355011 134.84580495742753 12.931246138632133
      vertex 117.32671555876732 133.88309005747072 11.925887585554115
      vertex 117.16323000192642 133.94002504280553 11.985344517692866
    endloop
  endfacet
  facet normal -0.5771333589663801 -0.5648139121659823 -0.5898324597645855
    outer loop
      vertex 116.85287222266197 134.06874762013737 12.119768887878301
      vertex 116.85287222266197 133.6353924348266 12.534742722432071
      vertex 116.70600000023842 133.70718002682366 12.609710160478755
    endloop
  endfacet
  facet normal -0.5354916389933569 -0.5841037026979221 -0.6099766955079395
    outer loop
      vertex 117.00528222322464 134.00191090046306 12.04997162205509
      vertex 117.00528222322464 133.56855571515229 12.46494545660886
      vertex 116.85287222266197 133.6353924348266 12.534742722432071
    endloop
  endfacet
  facet normal -0.4929101164620833 -0.6017675531751983 -0.6284229698498222
    outer loop
      vertex 117.16323000192642 133.94002504280553 11.985344517692866
      vertex 117.16323000192642 133.50666985749476 12.400318352246636
      vertex 117.00528222322464 133.56855571515229 12.46494545660886
    endloop
  endfacet
  facet normal -0.44973824533027923 -0.6177303308542075 -0.6450928220264065
    outer loop
      vertex 117.16323000192642 133.94002504280553 11.985344517692866
      vertex 117.32671555876732 133.88309005747072 11.925887585554115
      vertex 117.16323000192642 133.50666985749476 12.400318352246636
    endloop
  endfacet
  facet normal -0.406323637232624 -0.6319562023741484 -0.6599488314308127
    outer loop
      vertex 117.32671555876732 133.88309005747072 11.925887585554115
      vertex 117.49573888629675 133.83110593930573 11.87160082025759
      vertex 117.32671555876732 133.44973487215998 12.340861420107885
    endloop
  endfacet
  facet normal -0.36299931179659606 -0.6444470389356597 -0.6729929521490235
    outer loop
      vertex 117.49573888629675 133.83110593930573 11.87160082025759
      vertex 117.67029999941587 133.78407268831046 11.8224842218033
      vertex 117.49573888629675 133.39775075399496 12.28657465481136
    endloop
  endfacet
  facet normal -0.4497382453301936 -0.6177303308542584 -0.6450928220264174
    outer loop
      vertex 117.16323000192642 133.50666985749476 12.400318352246636
      vertex 117.32671555876732 133.88309005747072 11.925887585554115
      vertex 117.32671555876732 133.44973487215998 12.340861420107885
    endloop
  endfacet
  facet normal -0.40632363723271286 -0.6319562023740996 -0.659948831430805
    outer loop
      vertex 117.49573888629675 133.83110593930573 11.87160082025759
      vertex 117.49573888629675 133.39775075399496 12.28657465481136
      vertex 117.32671555876732 133.44973487215998 12.340861420107885
    endloop
  endfacet
  facet normal -0.36299931179650496 -0.6444470389357063 -0.6729929521490281
    outer loop
      vertex 117.49573888629675 133.39775075399496 12.28657465481136
      vertex 117.67029999941587 133.78407268831046 11.8224842218033
      vertex 117.67029999941587 133.35071750299971 12.23745805635707
    endloop
  endfacet
  facet normal 5.4290257335877453e-14 0.7222586421846007 -0.6916230575896505
    outer loop
      vertex 118.03154194355011 134.84580495742753 12.931246138632133
      vertex 118.12342999875546 134.80395215491401 12.887539457683154
      vertex 117.32671555876732 133.88309005747072 11.925887585554115
    endloop
  endfacet
  facet normal -1.4896351503856718e-14 0.7222586421846366 -0.691623057589613
    outer loop
      vertex 118.12342999875546 134.80395215491401 12.887539457683154
      vertex 118.21870861202478 134.7654475768077 12.847329311425334
      vertex 117.49573888629675 133.83110593930573 11.87160082025759
    endloop
  endfacet
  facet normal 2.3973177540501514e-14 0.7222586421846177 -0.6916230575896328
    outer loop
      vertex 118.21870861202478 134.7654475768077 12.847329311425334
      vertex 118.31737777590752 134.7302912231086 12.810615699858694
      vertex 117.67029999941587 133.78407268831046 11.8224842218033
    endloop
  endfacet
  facet normal -5.481309803351638e-14 0.7222586421846394 -0.6916230575896098
    outer loop
      vertex 118.31737777590752 134.7302912231086 12.810615699858694
      vertex 118.41943749785423 134.6984830938167 12.777398622983213
      vertex 117.85039889067411 133.74199030963797 11.778537795572483
    endloop
  endfacet
  facet normal -4.952090545587325e-14 0.7222586421846414 -0.6916230575896078
    outer loop
      vertex 118.41943749785423 134.6984830938167 12.777398622983213
      vertex 118.52488777786493 134.670023188932 12.747678080798906
      vertex 118.03603555262089 133.70485879813526 11.739761536183892
    endloop
  endfacet
  facet normal 8.192785318831816e-14 0.722258642184609 -0.6916230575896419
    outer loop
      vertex 118.52488777786493 134.670023188932 12.747678080798906
      vertex 118.63372860848904 134.64491150845447 12.721454073305765
      vertex 118.22721000015736 133.67267814864928 11.706155438256289
    endloop
  endfacet
  facet normal -8.56966967726518e-14 0.7222586421846424 -0.6916230575896068
    outer loop
      vertex 118.63372860848904 134.64491150845447 12.721454073305765
      vertex 118.74595999717712 134.62314805238418 12.698726600503797
      vertex 118.22721000015736 133.67267814864928 11.706155438256289
    endloop
  endfacet
  facet normal -8.48033225334618e-14 0.7222586421846581 -0.6916230575895905
    outer loop
      vertex 118.12342999875546 134.80395215491401 12.887539457683154
      vertex 117.49573888629675 133.83110593930573 11.87160082025759
      vertex 117.32671555876732 133.88309005747072 11.925887585554115
    endloop
  endfacet
  facet normal 6.977424329896114e-14 0.7222586421846052 -0.6916230575896457
    outer loop
      vertex 118.21870861202478 134.7654475768077 12.847329311425334
      vertex 117.67029999941587 133.78407268831046 11.8224842218033
      vertex 117.49573888629675 133.83110593930573 11.87160082025759
    endloop
  endfacet
  facet normal -1.6963687323303077e-14 0.7222586421846309 -0.6916230575896188
    outer loop
      vertex 118.31737777590752 134.7302912231086 12.810615699858694
      vertex 117.85039889067411 133.74199030963797 11.778537795572483
      vertex 117.67029999941587 133.78407268831046 11.8224842218033
    endloop
  endfacet
  facet normal -8.467810594056716e-14 0.7222586421846479 -0.6916230575896011
    outer loop
      vertex 118.41943749785423 134.6984830938167 12.777398622983213
      vertex 118.03603555262089 133.70485879813526 11.739761536183892
      vertex 117.85039889067411 133.74199030963797 11.778537795572483
    endloop
  endfacet
  facet normal 8.980847914640823e-14 0.7222586421846078 -0.6916230575896432
    outer loop
      vertex 118.52488777786493 134.670023188932 12.747678080798906
      vertex 118.22721000015736 133.67267814864928 11.706155438256289
      vertex 118.03603555262089 133.70485879813526 11.739761536183892
    endloop
  endfacet
  facet normal -1.6406267419488515e-14 0.7222586421846243 -0.6916230575896257
    outer loop
      vertex 118.74595999717712 134.62314805238418 12.698726600503797
      vertex 118.42392222583294 133.64544837663908 11.677719517933404
      vertex 118.22721000015736 133.67267814864928 11.706155438256289
    endloop
  endfacet
  facet normal 4.262619296350218e-15 0.7222586421846211 -0.6916230575896292
    outer loop
      vertex 118.74595999717712 134.62314805238418 12.698726600503797
      vertex 118.8615819439292 134.60473282072107 12.679495662392988
      vertex 118.42392222583294 133.64544837663908 11.677719517933404
    endloop
  endfacet
  facet normal 9.050421629801286e-15 0.7222586421846275 -0.6916230575896224
    outer loop
      vertex 118.8615819439292 134.60473282072107 12.679495662392988
      vertex 118.98059444129467 134.58966581346516 12.663761258973352
      vertex 118.62617222219706 133.62316946664566 11.654453759071501
    endloop
  endfacet
  facet normal 1.025530587359025e-14 0.722258642184621 -0.6916230575896292
    outer loop
      vertex 118.98059444129467 134.58966581346516 12.663761258973352
      vertex 119.10299749672413 134.57794703061646 12.65152339024489
      vertex 118.83395999670029 133.60584142897497 11.636358172433077
    endloop
  endfacet
  facet normal 4.062466786185836e-15 0.7222586421846218 -0.6916230575896285
    outer loop
      vertex 119.10299749672413 134.57794703061646 12.65152339024489
      vertex 119.22879111021757 134.56957646702196 12.642782050826348
      vertex 119.04728555679321 133.59346425847406 11.62343275263688
    endloop
  endfacet
  facet normal -6.013183254202059e-14 0.7222586421846251 -0.6916230575896251
    outer loop
      vertex 119.22879111021757 134.56957646702196 12.642782050826348
      vertex 119.35797527432442 134.56455413298767 12.637537251480218
      vertex 119.26614888757467 133.58603795514293 11.615677499682917
    endloop
  endfacet
  facet normal -6.329349902811338e-14 0.722258642184636 -0.6916230575896137
    outer loop
      vertex 118.8615819439292 134.60473282072107 12.679495662392988
      vertex 118.62617222219706 133.62316946664566 11.654453759071501
      vertex 118.42392222583294 133.64544837663908 11.677719517933404
    endloop
  endfacet
  facet normal 7.02743903195977e-14 0.7222586421846167 -0.6916230575896337
    outer loop
      vertex 118.98059444129467 134.58966581346516 12.663761258973352
      vertex 118.83395999670029 133.60584142897497 11.636358172433077
      vertex 118.62617222219706 133.62316946664566 11.654453759071501
    endloop
  endfacet
  facet normal 6.170483013175225e-14 0.7222586421846195 -0.6916230575896307
    outer loop
      vertex 119.35797527432442 134.56455413298767 12.637537251480218
      vertex 119.49054999649525 134.56288002336055 12.635788986825254
      vertex 119.26614888757467 133.58603795514293 11.615677499682917
    endloop
  endfacet
  facet normal -0.32007356538717147 -0.6552386303372718 -0.6842625592958307
    outer loop
      vertex 117.67029999941587 133.78407268831046 11.8224842218033
      vertex 117.85039889067411 133.74199030963797 11.778537795572483
      vertex 117.67029999941587 133.35071750299971 12.23745805635707
    endloop
  endfacet
  facet normal -0.2778220522420993 -0.6643956254715818 -0.6938251653999109
    outer loop
      vertex 117.85039889067411 133.74199030963797 11.778537795572483
      vertex 118.03603555262089 133.70485879813526 11.739761536183892
      vertex 117.85039889067411 133.3086351243272 12.193511630126252
    endloop
  endfacet
  facet normal -0.23648248695624632 -0.6720056892339453 -0.7017723184909754
    outer loop
      vertex 118.03603555262089 133.70485879813526 11.739761536183892
      vertex 118.22721000015736 133.67267814864928 11.706155438256289
      vertex 118.03603555262089 133.27150361282446 12.154735370737662
    endloop
  endfacet
  facet normal -0.19625216907105272 -0.67817338150645 -0.7082132099523518
    outer loop
      vertex 118.22721000015736 133.67267814864928 11.706155438256289
      vertex 118.42392222583294 133.64544837663908 11.677719517933404
      vertex 118.22721000015736 133.2393229633385 12.121129272810059
    endloop
  endfacet
  facet normal -0.15728823906445524 -0.6830142440187282 -0.713268499458323
    outer loop
      vertex 118.42392222583294 133.64544837663908 11.677719517933404
      vertex 118.62617222219706 133.62316946664566 11.654453759071501
      vertex 118.42392222583294 133.2120931913283 12.092693352487174
    endloop
  endfacet
  facet normal -0.32007356538726417 -0.6552386303372277 -0.6842625592958296
    outer loop
      vertex 117.85039889067411 133.74199030963797 11.778537795572483
      vertex 117.85039889067411 133.3086351243272 12.193511630126252
      vertex 117.67029999941587 133.35071750299971 12.23745805635707
    endloop
  endfacet
  facet normal -0.27782205224219314 -0.6643956254715404 -0.6938251653999131
    outer loop
      vertex 118.03603555262089 133.70485879813526 11.739761536183892
      vertex 118.03603555262089 133.27150361282446 12.154735370737662
      vertex 117.85039889067411 133.3086351243272 12.193511630126252
    endloop
  endfacet
  facet normal -0.23648248695615195 -0.6720056892339842 -0.70177231849097
    outer loop
      vertex 118.22721000015736 133.67267814864928 11.706155438256289
      vertex 118.22721000015736 133.2393229633385 12.121129272810059
      vertex 118.03603555262089 133.27150361282446 12.154735370737662
    endloop
  endfacet
  facet normal -0.19625216907105275 -0.67817338150645 -0.7082132099523518
    outer loop
      vertex 118.42392222583294 133.64544837663908 11.677719517933404
      vertex 118.42392222583294 133.2120931913283 12.092693352487174
      vertex 118.22721000015736 133.2393229633385 12.121129272810059
    endloop
  endfacet
  facet normal -0.15728823906445527 -0.6830142440187282 -0.713268499458323
    outer loop
      vertex 118.42392222583294 133.2120931913283 12.092693352487174
      vertex 118.62617222219706 133.62316946664566 11.654453759071501
      vertex 118.62617222219706 133.1898142813349 12.06942759362527
    endloop
  endfacet
  facet normal 4.1846727508006454e-15 0.7222586421846219 -0.6916230575896285
    outer loop
      vertex 119.10299749672413 134.57794703061646 12.65152339024489
      vertex 119.04728555679321 133.59346425847406 11.62343275263688
      vertex 118.83395999670029 133.60584142897497 11.636358172433077
    endloop
  endfacet
  facet normal -0.11970868503957972 -0.6866496380658167 -0.7170649240272305
    outer loop
      vertex 118.62617222219706 133.62316946664566 11.654453759071501
      vertex 118.83395999670029 133.60584142897497 11.636358172433077
      vertex 118.62617222219706 133.1898142813349 12.06942759362527
    endloop
  endfacet
  facet normal -3.669525540424599e-14 0.7222586421846254 -0.6916230575896246
    outer loop
      vertex 119.22879111021757 134.56957646702196 12.642782050826348
      vertex 119.26614888757467 133.58603795514293 11.615677499682917
      vertex 119.04728555679321 133.59346425847406 11.62343275263688
    endloop
  endfacet
  facet normal -2.817196860263906e-14 0.7222586421846294 -0.6916230575896205
    outer loop
      vertex 119.49054999649525 134.56288002336055 12.635788986825254
      vertex 119.49054999649525 133.58356251898155 11.613092413571174
      vertex 119.26614888757467 133.58603795514293 11.615677499682917
    endloop
  endfacet
  facet normal -0.08359613435109368 -0.6892021812768861 -0.7197305326611732
    outer loop
      vertex 118.83395999670029 133.60584142897497 11.636358172433077
      vertex 119.04728555679321 133.59346425847406 11.62343275263688
      vertex 118.83395999670029 133.1724862436642 12.051332006986847
    endloop
  endfacet
  facet normal -0.04900136633188477 -0.6907922187654567 -0.7213910011850064
    outer loop
      vertex 119.04728555679321 133.59346425847406 11.62343275263688
      vertex 119.26614888757467 133.58603795514293 11.615677499682917
      vertex 119.04728555679321 133.1601090731633 12.03840658719065
    endloop
  endfacet
  facet normal -0.015947846016400927 -0.691535100439017 -0.7221667889540726
    outer loop
      vertex 119.26614888757467 133.58603795514293 11.615677499682917
      vertex 119.49054999649525 133.58356251898155 11.613092413571174
      vertex 119.26614888757467 133.15268276983215 12.030651334236687
    endloop
  endfacet
  facet normal -0.1197086850395798 -0.6866496380658167 -0.7170649240272305
    outer loop
      vertex 118.83395999670029 133.60584142897497 11.636358172433077
      vertex 118.83395999670029 133.1724862436642 12.051332006986847
      vertex 118.62617222219706 133.1898142813349 12.06942759362527
    endloop
  endfacet
  facet normal -0.08359613435100262 -0.689202181276915 -0.719730532661156
    outer loop
      vertex 119.04728555679321 133.59346425847406 11.62343275263688
      vertex 119.04728555679321 133.1601090731633 12.03840658719065
      vertex 118.83395999670029 133.1724862436642 12.051332006986847
    endloop
  endfacet
  facet normal -0.04900136633197417 -0.6907922187654298 -0.7213910011850257
    outer loop
      vertex 119.26614888757467 133.58603795514293 11.615677499682917
      vertex 119.26614888757467 133.15268276983215 12.030651334236687
      vertex 119.04728555679321 133.1601090731633 12.03840658719065
    endloop
  endfacet
  facet normal -0.015947846016400872 -0.691535100439017 -0.7221667889540726
    outer loop
      vertex 119.49054999649525 133.58356251898155 11.613092413571174
      vertex 119.49054999649525 133.15020733367078 12.028066248124944
      vertex 119.26614888757467 133.15268276983215 12.030651334236687
    endloop
  endfacet
  facet normal 0.011458889350744541 0.6915776489201682 0.7222112221288866
    outer loop
      vertex 119.4783099964261 139.70409460323782 18.004734716574553
      vertex 119.6237725019455 139.2695865181166 18.41850458338532
      vertex 119.6237725019455 139.70294170342737 18.00353074883155
    endloop
  endfacet
  facet normal 0.034845429282176724 0.6912030443340562 0.7218200243561225
    outer loop
      vertex 119.6237725019455 139.70294170342737 18.00353074883155
      vertex 119.76720000058413 139.26612782899133 18.41489269091882
      vertex 119.76720000058413 139.6994830143021 17.99991885636505
    endloop
  endfacet
  facet normal 0.058845292461604505 0.6904245539049017 0.7210070505344074
    outer loop
      vertex 119.76720000058413 139.6994830143021 17.99991885636505
      vertex 119.90859249979258 139.2603633402452 18.40887286296632
      vertex 119.90859249979258 139.69371852555597 17.99389902841255
    endloop
  endfacet
  facet normal 0.08343948036217813 0.6892112617811077 0.7197400153881838
    outer loop
      vertex 119.90859249979258 139.69371852555597 17.99389902841255
      vertex 120.04794999957085 139.25229306218418 18.400445110290313
      vertex 120.04794999957085 139.68564824749495 17.985471275736543
    endloop
  endfacet
  facet normal 0.10860394775772747 0.6875321751450649 0.7179865532666561
    outer loop
      vertex 120.04794999957085 139.68564824749495 17.985471275736543
      vertex 120.18527249991894 139.24191698450235 18.389609422128316
      vertex 120.18527249991894 139.67527216981313 17.974635587574546
    endloop
  endfacet
  facet normal 0.13430841719769485 0.6853566614591426 0.7157146747576357
    outer loop
      vertex 120.18527249991894 139.67527216981313 17.974635587574546
      vertex 120.32056000083685 139.22923511750565 18.376365809242806
      vertex 120.32056000083685 139.6625903028164 17.961391974689036
    endloop
  endfacet
  facet normal 0.16051695030572893 0.6826548394120059 0.71289317495114
    outer loop
      vertex 120.32056000083685 139.6625903028164 17.961391974689036
      vertex 120.45381250232458 139.21424745088808 18.360714260871305
      vertex 120.45381250232458 139.64760263619885 17.945740426317535
    endloop
  endfacet
  facet normal 0.011458889350609585 0.6915776489201456 0.7222112221289104
    outer loop
      vertex 119.4783099964261 139.70409460323782 18.004734716574553
      vertex 119.4783099964261 139.27073941792702 18.419708551128323
      vertex 119.6237725019455 139.2695865181166 18.41850458338532
    endloop
  endfacet
  facet normal 0.034845429282176696 0.6912030443340562 0.7218200243561226
    outer loop
      vertex 119.6237725019455 139.70294170342737 18.00353074883155
      vertex 119.6237725019455 139.2695865181166 18.41850458338532
      vertex 119.76720000058413 139.26612782899133 18.41489269091882
    endloop
  endfacet
  facet normal 0.058845292461604644 0.6904245539049017 0.7210070505344075
    outer loop
      vertex 119.76720000058413 139.6994830143021 17.99991885636505
      vertex 119.76720000058413 139.26612782899133 18.41489269091882
      vertex 119.90859249979258 139.2603633402452 18.40887286296632
    endloop
  endfacet
  facet normal 0.08343948036217812 0.6892112617811077 0.7197400153881838
    outer loop
      vertex 119.90859249979258 139.69371852555597 17.99389902841255
      vertex 119.90859249979258 139.2603633402452 18.40887286296632
      vertex 120.04794999957085 139.25229306218418 18.400445110290313
    endloop
  endfacet
  facet normal 0.1086039477577276 0.6875321751450649 0.7179865532666561
    outer loop
      vertex 120.04794999957085 139.68564824749495 17.985471275736543
      vertex 120.04794999957085 139.25229306218418 18.400445110290313
      vertex 120.18527249991894 139.24191698450235 18.389609422128316
    endloop
  endfacet
  facet normal 0.13430841719755343 0.6853566614591324 0.715714674757672
    outer loop
      vertex 120.18527249991894 139.67527216981313 17.974635587574546
      vertex 120.18527249991894 139.24191698450235 18.389609422128316
      vertex 120.32056000083685 139.22923511750565 18.376365809242806
    endloop
  endfacet
  facet normal 0.1605169503058709 0.6826548394120132 0.712893174951101
    outer loop
      vertex 120.32056000083685 139.6625903028164 17.961391974689036
      vertex 120.32056000083685 139.22923511750565 18.376365809242806
      vertex 120.45381250232458 139.21424745088808 18.360714260871305
    endloop
  endfacet
  facet normal 0.18718691240177576 0.6793981462797456 0.70949222593143
    outer loop
      vertex 120.45381250232458 139.64760263619885 17.945740426317535
      vertex 120.58502999693155 139.19695399495566 18.342654787776304
      vertex 120.58502999693155 139.63030918026644 17.927680953222534
    endloop
  endfacet
  facet normal 0.21426969360386378 0.6755597926597597 0.7054838516538907
    outer loop
      vertex 120.58502999693155 139.63030918026644 17.927680953222534
      vertex 120.71421249955893 139.1773547394024 18.3221873791953
      vertex 120.71421249955893 139.61070992471318 17.90721354464153
    endloop
  endfacet
  facet normal 0.24170999087275485 0.6711154210377775 0.7008426156831356
    outer loop
      vertex 120.71421249955893 139.61070992471318 17.90721354464153
      vertex 120.84136000275612 139.1554496945343 18.299312045890787
      vertex 120.84136000275612 139.58880487984504 17.884338211337017
    endloop
  endfacet
  facet normal 0.26944670726483627 0.6660435876956783 0.6955461244472626
    outer loop
      vertex 120.84136000275612 139.58880487984504 17.884338211337017
      vertex 120.96647249907255 139.13123885519832 18.27402878248153
      vertex 120.96647249907255 139.56459404050906 17.85905494792776
    endloop
  endfacet
  facet normal 0.29741272550223447 0.6603264290246187 0.6895757230652251
    outer loop
      vertex 120.96647249907255 139.56459404050906 17.85905494792776
      vertex 121.08955000340939 139.10472221624147 18.246337583586275
      vertex 121.08955000340939 139.53807740155224 17.831363749032505
    endloop
  endfacet
  facet normal 0.18718691240177573 0.6793981462797456 0.70949222593143
    outer loop
      vertex 120.45381250232458 139.64760263619885 17.945740426317535
      vertex 120.45381250232458 139.21424745088808 18.360714260871305
      vertex 120.58502999693155 139.19695399495566 18.342654787776304
    endloop
  endfacet
  facet normal 0.21426969360386391 0.6755597926597597 0.7054838516538907
    outer loop
      vertex 120.58502999693155 139.63030918026644 17.927680953222534
      vertex 120.58502999693155 139.19695399495566 18.342654787776304
      vertex 120.71421249955893 139.1773547394024 18.3221873791953
    endloop
  endfacet
  facet normal 0.24170999087261358 0.6711154210377789 0.700842615683183
    outer loop
      vertex 120.71421249955893 139.61070992471318 17.90721354464153
      vertex 120.71421249955893 139.1773547394024 18.3221873791953
      vertex 120.84136000275612 139.1554496945343 18.299312045890787
    endloop
  endfacet
  facet normal 0.2694467072648364 0.6660435876956783 0.6955461244472626
    outer loop
      vertex 120.84136000275612 139.58880487984504 17.884338211337017
      vertex 120.84136000275612 139.1554496945343 18.299312045890787
      vertex 120.96647249907255 139.13123885519832 18.27402878248153
    endloop
  endfacet
  facet normal 0.2974127255023734 0.6603264290246113 0.6895757230651721
    outer loop
      vertex 120.96647249907255 139.56459404050906 17.85905494792776
      vertex 120.96647249907255 139.13123885519832 18.27402878248153
      vertex 121.08955000340939 139.10472221624147 18.246337583586275
    endloop
  endfacet
  facet normal 3.35425932320064e-18 0.6916230575896455 0.7222586421846054
    outer loop
      vertex 125.19754000008106 139.6196889228425 17.91659026932689
      vertex 125.19754000008106 139.18633373753175 18.33156410388066
      vertex 126.79657000303268 139.18633373753175 18.33156410388066
    endloop
  endfacet
  facet normal 0 0.6916230575896455 0.7222586421846054
    outer loop
      vertex 125.19754000008106 139.6196889228425 17.91659026932689
      vertex 126.79657000303268 139.18633373753175 18.33156410388066
      vertex 126.79657000303268 139.6196889228425 17.91659026932689
    endloop
  endfacet
  facet normal 2.539853629579495e-18 0.6916230575896455 0.7222586421846054
    outer loop
      vertex 130.4340099990368 139.6196889228425 17.91659026932689
      vertex 130.4340099990368 139.18633373753175 18.33156410388066
      vertex 132.5457699969411 139.18633373753175 18.33156410388066
    endloop
  endfacet
  facet normal 0 0.6916230575896455 0.7222586421846054
    outer loop
      vertex 130.4340099990368 139.6196889228425 17.91659026932689
      vertex 132.5457699969411 139.18633373753175 18.33156410388066
      vertex 132.5457699969411 139.6196889228425 17.91659026932689
    endloop
  endfacet
  facet normal 1.0683410032290296e-13 0.7222586421846248 -0.6916230575896254
    outer loop
      vertex 119.4783099964261 139.70409460323782 18.004734716574553
      vertex 119.6237725019455 139.70294170342737 18.00353074883155
      vertex 119.4783099964261 138.72483934701827 16.982103148774875
    endloop
  endfacet
  facet normal -8.839867137110448e-14 0.7222586421846253 -0.6916230575896248
    outer loop
      vertex 119.6237725019455 139.70294170342737 18.00353074883155
      vertex 119.76720000058413 139.6994830143021 17.99991885636505
      vertex 119.61087527871132 138.7231456405575 16.98033441924052
    endloop
  endfacet
  facet normal 1.9797988719184625e-14 0.722258642184626 -0.6916230575896241
    outer loop
      vertex 119.76720000058413 139.6994830143021 17.99991885636505
      vertex 119.90859249979258 139.69371852555597 17.99389902841255
      vertex 119.74003110826015 138.71806451602228 16.975028225256203
    endloop
  endfacet
  facet normal 7.702890700320075e-14 0.7222586421846264 -0.6916230575896235
    outer loop
      vertex 119.90859249979258 139.69371852555597 17.99389902841255
      vertex 120.04794999957085 139.68564824749495 17.985471275736543
      vertex 119.86577749997377 138.70959597341255 16.96618456682193
    endloop
  endfacet
  facet normal -7.126820706828651e-14 0.7222586421846331 -0.6916230575896165
    outer loop
      vertex 120.04794999957085 139.68564824749495 17.985471275736543
      vertex 120.18527249991894 139.67527216981313 17.974635587574546
      vertex 119.9881144464016 138.6977400178813 16.95380344931894
    endloop
  endfacet
  facet normal 9.86841187332084e-14 0.7222586421846169 -0.6916230575896337
    outer loop
      vertex 120.18527249991894 139.67527216981313 17.974635587574546
      vertex 120.32056000083685 139.6625903028164 17.961391974689036
      vertex 119.9881144464016 138.6977400178813 16.95380344931894
    endloop
  endfacet
  facet normal -5.005665619300061e-14 0.7222586421846389 -0.6916230575896106
    outer loop
      vertex 120.32056000083685 139.6625903028164 17.961391974689036
      vertex 120.45381250232458 139.64760263619885 17.945740426317535
      vertex 120.10704194754362 138.68249664427557 16.937884867365995
    endloop
  endfacet
  facet normal 4.2513541391042226e-14 0.7222586421846209 -0.6916230575896295
    outer loop
      vertex 120.45381250232458 139.64760263619885 17.945740426317535
      vertex 120.58502999693155 139.63030918026644 17.927680953222534
      vertex 120.22256000339985 138.66386585774833 16.91842882634434
    endloop
  endfacet
  facet normal 1.179618988919226e-13 0.722258642184624 -0.6916230575896262
    outer loop
      vertex 119.4783099964261 138.72483934701827 16.982103148774875
      vertex 119.6237725019455 139.70294170342737 18.00353074883155
      vertex 119.61087527871132 138.7231456405575 16.98033441924052
    endloop
  endfacet
  facet normal -1.2259184418807858e-13 0.7222586421846279 -0.6916230575896222
    outer loop
      vertex 119.76720000058413 139.6994830143021 17.99991885636505
      vertex 119.74003110826015 138.71806451602228 16.975028225256203
      vertex 119.61087527871132 138.7231456405575 16.98033441924052
    endloop
  endfacet
  facet normal -1.0052773405958222e-14 0.7222586421846283 -0.6916230575896215
    outer loop
      vertex 119.90859249979258 139.69371852555597 17.99389902841255
      vertex 119.86577749997377 138.70959597341255 16.96618456682193
      vertex 119.74003110826015 138.71806451602228 16.975028225256203
    endloop
  endfacet
  facet normal 3.824029404918161e-14 0.72225864218463 -0.69162305758962
    outer loop
      vertex 120.04794999957085 139.68564824749495 17.985471275736543
      vertex 119.9881144464016 138.6977400178813 16.95380344931894
      vertex 119.86577749997377 138.70959597341255 16.96618456682193
    endloop
  endfacet
  facet normal -9.535008094827014e-15 0.7222586421846346 -0.691623057589615
    outer loop
      vertex 120.32056000083685 139.6625903028164 17.961391974689036
      vertex 120.10704194754362 138.68249664427557 16.937884867365995
      vertex 119.9881144464016 138.6977400178813 16.95380344931894
    endloop
  endfacet
  facet normal 7.828807468671237e-14 0.7222586421846168 -0.6916230575896335
    outer loop
      vertex 120.45381250232458 139.64760263619885 17.945740426317535
      vertex 120.22256000339985 138.66386585774833 16.91842882634434
      vertex 120.10704194754362 138.68249664427557 16.937884867365995
    endloop
  endfacet
  facet normal -1.1912388822203573e-14 0.7222586421846305 -0.6916230575896194
    outer loop
      vertex 120.58502999693155 139.63030918026644 17.927680953222534
      vertex 120.33466861397028 138.6418476531466 16.89543532087272
      vertex 120.22256000339985 138.66386585774833 16.91842882634434
    endloop
  endfacet
  facet normal -3.0374434911736875e-14 0.7222586421846329 -0.691623057589617
    outer loop
      vertex 120.58502999693155 139.63030918026644 17.927680953222534
      vertex 120.71421249955893 139.61070992471318 17.90721354464153
      vertex 120.33466861397028 138.6418476531466 16.89543532087272
    endloop
  endfacet
  facet normal 2.780473554407274e-14 0.7222586421846219 -0.6916230575896284
    outer loop
      vertex 120.71421249955893 139.61070992471318 17.90721354464153
      vertex 120.84136000275612 139.58880487984504 17.884338211337017
      vertex 120.33466861397028 138.6418476531466 16.89543532087272
    endloop
  endfacet
  facet normal 1.980873609816287e-15 0.7222586421846348 -0.691623057589615
    outer loop
      vertex 120.84136000275612 139.58880487984504 17.884338211337017
      vertex 120.96647249907255 139.56459404050906 17.85905494792776
      vertex 120.44336777925491 138.6164420304704 16.86890435095114
    endloop
  endfacet
  facet normal -3.9147658607715105e-14 0.7222586421846336 -0.691623057589616
    outer loop
      vertex 120.96647249907255 139.56459404050906 17.85905494792776
      vertex 121.08955000340939 139.53807740155224 17.831363749032505
      vertex 120.54865749925375 138.58764899487267 16.83883592196085
    endloop
  endfacet
  facet normal 0.32553556800961797 0.653950208126188 0.6829170661598456
    outer loop
      vertex 121.08955000340939 139.53807740155224 17.831363749032505
      vertex 121.21059250086546 139.07589978796977 18.216238459967514
      vertex 121.21059250086546 139.50925497328058 17.801264625413744
    endloop
  endfacet
  facet normal 0.35373836559314464 0.6469057619966171 0.6755605848501427
    outer loop
      vertex 121.21059250086546 139.50925497328058 17.801264625413744
      vertex 121.32959999889135 139.04477156007724 18.18373140086276
      vertex 121.32959999889135 139.478126745388 17.76875756630899
    endloop
  endfacet
  facet normal -1.0043111122934211e-13 0.7222586421846549 -0.691623057589594
    outer loop
      vertex 120.84136000275612 139.58880487984504 17.884338211337017
      vertex 120.44336777925491 138.6164420304704 16.86890435095114
      vertex 120.33466861397028 138.6418476531466 16.89543532087272
    endloop
  endfacet
  facet normal 1.5989457780784192e-13 0.7222586421845929 -0.6916230575896586
    outer loop
      vertex 120.96647249907255 139.56459404050906 17.85905494792776
      vertex 120.54865749925375 138.58764899487267 16.83883592196085
      vertex 120.44336777925491 138.6164420304704 16.86890435095114
    endloop
  endfacet
  facet normal -1.3114614297447147e-13 0.7222586421846589 -0.6916230575895899
    outer loop
      vertex 121.08955000340939 139.53807740155224 17.831363749032505
      vertex 121.21059250086546 139.50925497328058 17.801264625413744
      vertex 120.54865749925375 138.58764899487267 16.83883592196085
    endloop
  endfacet
  facet normal 1.651058461585572e-13 0.7222586421845735 -0.6916230575896788
    outer loop
      vertex 121.21059250086546 139.50925497328058 17.801264625413744
      vertex 121.32959999889135 139.478126745388 17.76875756630899
      vertex 120.65053778141737 138.55546854635347 16.80523003390185
    endloop
  endfacet
  facet normal -7.109424926345826e-14 0.7222586421846511 -0.691623057589598
    outer loop
      vertex 121.32959999889135 139.478126745388 17.76875756630899
      vertex 121.44657249748707 139.44469272818063 17.733842582480733
      vertex 120.74900861084461 138.51990067460676 16.76808667601164
    endloop
  endfacet
  facet normal -2.186635393295356e-14 0.722258642184636 -0.6916230575896137
    outer loop
      vertex 120.84407000243664 138.48094538993857 16.727405859052723
      vertex 121.44657249748707 139.44469272818063 17.733842582480733
      vertex 121.5615099966526 139.40895291650537 17.696519668547715
    endloop
  endfacet
  facet normal 1.1648354801527797e-14 0.7222586421846235 -0.6916230575896265
    outer loop
      vertex 120.84407000243664 138.48094538993857 16.727405859052723
      vertex 121.5615099966526 139.40895291650537 17.696519668547715
      vertex 121.67441249638796 139.37090730520927 17.656788819128714
    endloop
  endfacet
  facet normal 0.32553556800975536 0.6539502081261775 0.68291706615979
    outer loop
      vertex 121.08955000340939 139.53807740155224 17.831363749032505
      vertex 121.08955000340939 139.10472221624147 18.246337583586275
      vertex 121.21059250086546 139.07589978796977 18.216238459967514
    endloop
  endfacet
  facet normal 0.3537383655930094 0.6469057619966303 0.6755605848502009
    outer loop
      vertex 121.21059250086546 139.50925497328058 17.801264625413744
      vertex 121.21059250086546 139.07589978796977 18.216238459967514
      vertex 121.32959999889135 139.04477156007724 18.18373140086276
    endloop
  endfacet
  facet normal -0.018469910458077506 -0.6915050782146307 -0.7221354368891254
    outer loop
      vertex 119.4783099964261 138.72483934701827 16.982103148774875
      vertex 119.61087527871132 138.7231456405575 16.98033441924052
      vertex 119.4783099964261 138.2914841617075 17.397076983328645
    endloop
  endfacet
  facet normal -0.056790396210435405 -0.6905068631479973 -0.7210930056821898
    outer loop
      vertex 119.61087527871132 138.7231456405575 16.98033441924052
      vertex 119.74003110826015 138.71806451602228 16.975028225256203
      vertex 119.61087527871132 138.28979045524676 17.39530825379429
    endloop
  endfacet
  facet normal -0.0969157701008521 -0.6883673021368277 -0.7188586723790876
    outer loop
      vertex 119.74003110826015 138.71806451602228 16.975028225256203
      vertex 119.86577749997377 138.70959597341255 16.96618456682193
      vertex 119.74003110826015 138.2847093307115 17.390002059809973
    endloop
  endfacet
  facet normal -0.1387673229357337 -0.6849316130487153 -0.7152707987411024
    outer loop
      vertex 119.86577749997377 138.70959597341255 16.96618456682193
      vertex 119.9881144464016 138.6977400178813 16.95380344931894
      vertex 119.86577749997377 138.27624078810177 17.3811584013757
    endloop
  endfacet
  facet normal -0.18222027912067465 -0.6800437198272432 -0.710166395291068
    outer loop
      vertex 119.9881144464016 138.6977400178813 16.95380344931894
      vertex 120.10704194754362 138.68249664427557 16.937884867365995
      vertex 119.9881144464016 138.26438483257053 17.36877728387271
    endloop
  endfacet
  facet normal -0.22709819101297715 -0.6735522377530234 -0.7033873716925317
    outer loop
      vertex 120.10704194754362 138.68249664427557 16.937884867365995
      vertex 120.22256000339985 138.66386585774833 16.91842882634434
      vertex 120.10704194754362 138.2491414589648 17.352858701919764
    endloop
  endfacet
  facet normal -0.2731700508490441 -0.6653177001942034 -0.6947880836106981
    outer loop
      vertex 120.22256000339985 138.66386585774833 16.91842882634434
      vertex 120.33466861397028 138.6418476531466 16.89543532087272
      vertex 120.22256000339985 138.23051067243756 17.33340266089811
    endloop
  endfacet
  facet normal -0.3201492430228034 -0.6552209449735384 -0.6842440905553436
    outer loop
      vertex 120.33466861397028 138.6418476531466 16.89543532087272
      vertex 120.44336777925491 138.6164420304704 16.86890435095114
      vertex 120.33466861397028 138.20849246783584 17.31040915542649
    endloop
  endfacet
  facet normal -0.018469910457929298 -0.6915050782146563 -0.7221354368891048
    outer loop
      vertex 119.4783099964261 138.2914841617075 17.397076983328645
      vertex 119.61087527871132 138.7231456405575 16.98033441924052
      vertex 119.61087527871132 138.28979045524676 17.39530825379429
    endloop
  endfacet
  facet normal -0.056790396210586805 -0.6905068631479678 -0.7210930056822062
    outer loop
      vertex 119.74003110826015 138.71806451602228 16.975028225256203
      vertex 119.74003110826015 138.2847093307115 17.390002059809973
      vertex 119.61087527871132 138.28979045524676 17.39530825379429
    endloop
  endfacet
  facet normal -0.09691577010085226 -0.6883673021368276 -0.7188586723790875
    outer loop
      vertex 119.86577749997377 138.70959597341255 16.96618456682193
      vertex 119.86577749997377 138.27624078810177 17.3811584013757
      vertex 119.74003110826015 138.2847093307115 17.390002059809973
    endloop
  endfacet
  facet normal -0.1387673229357338 -0.6849316130487153 -0.7152707987411024
    outer loop
      vertex 119.9881144464016 138.6977400178813 16.95380344931894
      vertex 119.9881144464016 138.26438483257053 17.36877728387271
      vertex 119.86577749997377 138.27624078810177 17.3811584013757
    endloop
  endfacet
  facet normal -0.18222027912067457 -0.6800437198272432 -0.710166395291068
    outer loop
      vertex 120.10704194754362 138.68249664427557 16.937884867365995
      vertex 120.10704194754362 138.2491414589648 17.352858701919764
      vertex 119.9881144464016 138.26438483257053 17.36877728387271
    endloop
  endfacet
  facet normal -0.22709819101297735 -0.6735522377530234 -0.7033873716925317
    outer loop
      vertex 120.22256000339985 138.66386585774833 16.91842882634434
      vertex 120.22256000339985 138.23051067243756 17.33340266089811
      vertex 120.10704194754362 138.2491414589648 17.352858701919764
    endloop
  endfacet
  facet normal -0.27317005084904417 -0.6653177001942034 -0.6947880836106981
    outer loop
      vertex 120.33466861397028 138.6418476531466 16.89543532087272
      vertex 120.33466861397028 138.20849246783584 17.31040915542649
      vertex 120.22256000339985 138.23051067243756 17.33340266089811
    endloop
  endfacet
  facet normal -0.32014924302280345 -0.6552209449735384 -0.6842440905553436
    outer loop
      vertex 120.33466861397028 138.20849246783584 17.31040915542649
      vertex 120.44336777925491 138.6164420304704 16.86890435095114
      vertex 120.44336777925491 138.18308684515964 17.28387818550491
    endloop
  endfacet
  facet normal -9.794320999540959e-14 0.7222586421846474 -0.6916230575896015
    outer loop
      vertex 121.21059250086546 139.50925497328058 17.801264625413744
      vertex 120.65053778141737 138.55546854635347 16.80523003390185
      vertex 120.54865749925375 138.58764899487267 16.83883592196085
    endloop
  endfacet
  facet normal -0.3676966351659299 -0.6431719551901217 -0.6716613883085503
    outer loop
      vertex 120.44336777925491 138.6164420304704 16.86890435095114
      vertex 120.54865749925375 138.58764899487267 16.83883592196085
      vertex 120.44336777925491 138.18308684515964 17.28387818550491
    endloop
  endfacet
  facet normal 1.9304906455914682e-14 0.7222586421846248 -0.6916230575896253
    outer loop
      vertex 121.32959999889135 139.478126745388 17.76875756630899
      vertex 120.74900861084461 138.51990067460676 16.76808667601164
      vertex 120.65053778141737 138.55546854635347 16.80523003390185
    endloop
  endfacet
  facet normal -6.322803060820112e-14 0.7222586421846482 -0.6916230575896009
    outer loop
      vertex 120.74900861084461 138.51990067460676 16.76808667601164
      vertex 121.44657249748707 139.44469272818063 17.733842582480733
      vertex 120.84407000243664 138.48094538993857 16.727405859052723
    endloop
  endfacet
  facet normal -1.3249521902674024e-14 0.7222586421846345 -0.6916230575896152
    outer loop
      vertex 120.84407000243664 138.48094538993857 16.727405859052723
      vertex 121.67441249638796 139.37090730520927 17.656788819128714
      vertex 120.93572194129229 138.43860269234887 16.683187583025088
    endloop
  endfacet
  facet normal 1.283731483204847e-13 0.7222586421845736 -0.6916230575896788
    outer loop
      vertex 120.93572194129229 138.43860269234887 16.683187583025088
      vertex 121.78527999669313 139.3305559045983 17.6146500449862
      vertex 121.02396444231272 138.39287257153165 16.63543183716625
    endloop
  endfacet
  facet normal -0.4154277004236053 -0.6291184544658268 -0.6569853848993024
    outer loop
      vertex 120.54865749925375 138.58764899487267 16.83883592196085
      vertex 120.65053778141737 138.55546854635347 16.80523003390185
      vertex 120.54865749925375 138.15429380956192 17.25380975651462
    endloop
  endfacet
  facet normal -0.4629238978082115 -0.6130533146772236 -0.6402086364626158
    outer loop
      vertex 120.65053778141737 138.55546854635347 16.80523003390185
      vertex 120.74900861084461 138.51990067460676 16.76808667601164
      vertex 120.65053778141737 138.1221133610427 17.22020386845562
    endloop
  endfacet
  facet normal -0.5097472522158997 -0.5950200576424909 -0.6213765926243657
    outer loop
      vertex 120.74900861084461 138.51990067460676 16.76808667601164
      vertex 120.84407000243664 138.48094538993857 16.727405859052723
      vertex 120.74900861084461 138.086545489296 17.18306051056541
    endloop
  endfacet
  facet normal -0.5554595215733183 -0.5751147110123567 -0.6005895345997246
    outer loop
      vertex 120.84407000243664 138.48094538993857 16.727405859052723
      vertex 120.93572194129229 138.43860269234887 16.683187583025088
      vertex 120.84407000243664 138.0475902046278 17.142379693606493
    endloop
  endfacet
  facet normal -0.5996408392684804 -0.5534846618576071 -0.5780013779998823
    outer loop
      vertex 120.93572194129229 138.43860269234887 16.683187583025088
      vertex 121.02396444231272 138.39287257153165 16.63543183716625
      vertex 120.93572194129229 138.0052475070381 17.098161417578858
    endloop
  endfacet
  facet normal -0.6419087497858034 -0.5303234445204943 -0.5538142298102724
    outer loop
      vertex 121.02396444231272 138.39287257153165 16.63543183716625
      vertex 121.10879749804735 138.343755042946 16.584138637619944
      vertex 121.02396444231272 137.9595173862209 17.05040567172002
    endloop
  endfacet
  facet normal -0.6819350074843931 -0.5058619389233775 -0.5282691968267144
    outer loop
      vertex 121.10879749804735 138.343755042946 16.584138637619944
      vertex 121.19022110849619 138.29125009113278 16.529307968242435
      vertex 121.10879749804735 137.91039985763518 16.999112472173714
    endloop
  endfacet
  facet normal -0.36769663516577983 -0.6431719551901847 -0.671661388308572
    outer loop
      vertex 120.54865749925375 138.58764899487267 16.83883592196085
      vertex 120.54865749925375 138.15429380956192 17.25380975651462
      vertex 120.44336777925491 138.18308684515964 17.28387818550491
    endloop
  endfacet
  facet normal -0.4154277004237505 -0.6291184544657594 -0.656985384899275
    outer loop
      vertex 120.65053778141737 138.55546854635347 16.80523003390185
      vertex 120.65053778141737 138.1221133610427 17.22020386845562
      vertex 120.54865749925375 138.15429380956192 17.25380975651462
    endloop
  endfacet
  facet normal -0.46292389780821136 -0.6130533146772236 -0.6402086364626158
    outer loop
      vertex 120.74900861084461 138.51990067460676 16.76808667601164
      vertex 120.74900861084461 138.086545489296 17.18306051056541
      vertex 120.65053778141737 138.1221133610427 17.22020386845562
    endloop
  endfacet
  facet normal -0.5097472522158998 -0.5950200576424908 -0.6213765926243655
    outer loop
      vertex 120.84407000243664 138.48094538993857 16.727405859052723
      vertex 120.84407000243664 138.0475902046278 17.142379693606493
      vertex 120.74900861084461 138.086545489296 17.18306051056541
    endloop
  endfacet
  facet normal -0.5554595215733185 -0.5751147110123567 -0.6005895345997246
    outer loop
      vertex 120.93572194129229 138.43860269234887 16.683187583025088
      vertex 120.93572194129229 138.0052475070381 17.098161417578858
      vertex 120.84407000243664 138.0475902046278 17.142379693606493
    endloop
  endfacet
  facet normal -0.5996408392683661 -0.5534846618576852 -0.5780013779999259
    outer loop
      vertex 121.02396444231272 138.39287257153165 16.63543183716625
      vertex 121.02396444231272 137.9595173862209 17.05040567172002
      vertex 120.93572194129229 138.0052475070381 17.098161417578858
    endloop
  endfacet
  facet normal -0.6419087497860124 -0.530323444520337 -0.5538142298101807
    outer loop
      vertex 121.10879749804735 138.343755042946 16.584138637619944
      vertex 121.10879749804735 137.91039985763518 16.999112472173714
      vertex 121.02396444231272 137.9595173862209 17.05040567172002
    endloop
  endfacet
  facet normal -0.6819350074842987 -0.5058619389234558 -0.5282691968267614
    outer loop
      vertex 121.10879749804735 137.91039985763518 16.999112472173714
      vertex 121.19022110849619 138.29125009113278 16.529307968242435
      vertex 121.19022110849619 137.857894905822 16.944281802796205
    endloop
  endfacet
  facet normal 0.38194007523864454 0.6391891015708497 0.6675021133747432
    outer loop
      vertex 121.32959999889135 139.478126745388 17.76875756630899
      vertex 121.44657249748707 139.01133754286985 18.148816417034503
      vertex 121.44657249748707 139.44469272818063 17.733842582480733
    endloop
  endfacet
  facet normal 0.4100571440171451 0.6308016102784556 0.6587430964424673
    outer loop
      vertex 121.44657249748707 139.44469272818063 17.733842582480733
      vertex 121.5615099966526 138.9755977311946 18.111493503101485
      vertex 121.5615099966526 139.40895291650537 17.696519668547715
    endloop
  endfacet
  facet normal 0.4380041043571338 0.6217504356542309 0.6492909981896247
    outer loop
      vertex 121.5615099966526 139.40895291650537 17.696519668547715
      vertex 121.67441249638796 138.9375521198985 18.071762653682484
      vertex 121.67441249638796 139.37090730520927 17.656788819128714
    endloop
  endfacet
  facet normal 0.46569478317549107 0.6120486464513683 0.6391594662525
    outer loop
      vertex 121.67441249638796 139.37090730520927 17.656788819128714
      vertex 121.78527999669313 138.89720071928753 18.02962387953997
      vertex 121.78527999669313 139.3305559045983 17.6146500449862
    endloop
  endfacet
  facet normal 0.4932861649274101 0.6016201385600138 0.6282690254741496
    outer loop
      vertex 121.78527999669313 139.3305559045983 17.6146500449862
      vertex 121.8937269449234 138.8546670517649 17.98520617452722
      vertex 121.8937269449234 139.28802223707567 17.57023233997345
    endloop
  endfacet
  facet normal 0.5209140329695489 0.5903757659713552 0.6165265811050935
    outer loop
      vertex 121.8937269449234 139.28802223707567 17.57023233997345
      vertex 121.99934777617455 138.81008849097987 17.938652997287363
      vertex 121.99934777617455 139.24344367629064 17.523679162733593
    endloop
  endfacet
  facet normal 3.375704491552795e-14 0.7222586421846168 -0.6916230575896337
    outer loop
      vertex 120.93572194129229 138.43860269234887 16.683187583025088
      vertex 121.67441249638796 139.37090730520927 17.656788819128714
      vertex 121.78527999669313 139.3305559045983 17.6146500449862
    endloop
  endfacet
  facet normal -9.771509391995036e-15 0.7222586421846273 -0.6916230575896226
    outer loop
      vertex 121.02396444231272 138.39287257153165 16.63543183716625
      vertex 121.78527999669313 139.3305559045983 17.6146500449862
      vertex 121.8937269449234 139.28802223707567 17.57023233997345
    endloop
  endfacet
  facet normal -2.7454541581739412e-14 0.7222586421846355 -0.6916230575896142
    outer loop
      vertex 121.02396444231272 138.39287257153165 16.63543183716625
      vertex 121.8937269449234 139.28802223707567 17.57023233997345
      vertex 121.99934777617455 139.24344367629064 17.523679162733593
    endloop
  endfacet
  facet normal -2.082642464795183e-14 0.7222586421846425 -0.6916230575896067
    outer loop
      vertex 121.10879749804735 138.343755042946 16.584138637619944
      vertex 121.99934777617455 139.24344367629064 17.523679162733593
      vertex 122.10214249789715 139.19682021193722 17.474990502504127
    endloop
  endfacet
  facet normal 0.5483870765101758 0.5783522281945839 0.6039704582667784
    outer loop
      vertex 121.99934777617455 139.24344367629064 17.523679162733593
      vertex 122.10214249789715 138.76346502662645 17.889964337057897
      vertex 122.10214249789715 139.19682021193722 17.474990502504127
    endloop
  endfacet
  facet normal 0.5756031004569985 0.5655603806690251 0.5906119932424314
    outer loop
      vertex 122.10214249789715 139.19682021193722 17.474990502504127
      vertex 122.20211111009121 138.71479666385764 17.839140199220083
      vertex 122.20211111009121 139.1481518491684 17.424166364666313
    endloop
  endfacet
  facet normal 0.6024587503656934 0.5520189571097742 0.5764707495608467
    outer loop
      vertex 122.20211111009121 139.1481518491684 17.424166364666313
      vertex 122.29925361275673 138.66408340267344 17.786180583773906
      vertex 122.29925361275673 139.0974385879842 17.371206749220136
    endloop
  endfacet
  facet normal 0.38194007523864465 0.6391891015708497 0.6675021133747432
    outer loop
      vertex 121.32959999889135 139.478126745388 17.76875756630899
      vertex 121.32959999889135 139.04477156007724 18.18373140086276
      vertex 121.44657249748707 139.01133754286985 18.148816417034503
    endloop
  endfacet
  facet normal 0.41005714401714505 0.6308016102784556 0.6587430964424673
    outer loop
      vertex 121.44657249748707 139.44469272818063 17.733842582480733
      vertex 121.44657249748707 139.01133754286985 18.148816417034503
      vertex 121.5615099966526 138.9755977311946 18.111493503101485
    endloop
  endfacet
  facet normal 0.4380041043571338 0.6217504356542308 0.6492909981896245
    outer loop
      vertex 121.5615099966526 139.40895291650537 17.696519668547715
      vertex 121.5615099966526 138.9755977311946 18.111493503101485
      vertex 121.67441249638796 138.9375521198985 18.071762653682484
    endloop
  endfacet
  facet normal 0.46569478317549096 0.6120486464513683 0.6391594662525001
    outer loop
      vertex 121.67441249638796 139.37090730520927 17.656788819128714
      vertex 121.67441249638796 138.9375521198985 18.071762653682484
      vertex 121.78527999669313 138.89720071928753 18.02962387953997
    endloop
  endfacet
  facet normal 0.49328616492741023 0.6016201385600137 0.6282690254741496
    outer loop
      vertex 121.78527999669313 139.3305559045983 17.6146500449862
      vertex 121.78527999669313 138.89720071928753 18.02962387953997
      vertex 121.8937269449234 138.8546670517649 17.98520617452722
    endloop
  endfacet
  facet normal 0.5209140329695489 0.5903757659713552 0.6165265811050936
    outer loop
      vertex 121.8937269449234 139.28802223707567 17.57023233997345
      vertex 121.8937269449234 138.8546670517649 17.98520617452722
      vertex 121.99934777617455 138.81008849097987 17.938652997287363
    endloop
  endfacet
  facet normal 0.548387076510176 0.5783522281945839 0.6039704582667783
    outer loop
      vertex 121.99934777617455 139.24344367629064 17.523679162733593
      vertex 121.99934777617455 138.81008849097987 17.938652997287363
      vertex 122.10214249789715 138.76346502662645 17.889964337057897
    endloop
  endfacet
  facet normal 0.5756031004569984 0.5655603806690251 0.5906119932424314
    outer loop
      vertex 122.10214249789715 139.19682021193722 17.474990502504127
      vertex 122.10214249789715 138.76346502662645 17.889964337057897
      vertex 122.20211111009121 138.71479666385764 17.839140199220083
    endloop
  endfacet
  facet normal 0.6024587503655907 0.552018957109809 0.5764707495609207
    outer loop
      vertex 122.20211111009121 139.1481518491684 17.424166364666313
      vertex 122.20211111009121 138.71479666385764 17.839140199220083
      vertex 122.29925361275673 138.66408340267344 17.786180583773906
    endloop
  endfacet
  facet normal 0.6288510831572306 0.5377547469320829 0.5615747032799724
    outer loop
      vertex 122.29925361275673 139.0974385879842 17.371206749220136
      vertex 122.39356999844313 138.61132524307385 17.731085490719366
      vertex 122.39356999844313 139.0446804283846 17.316111656165596
    endloop
  endfacet
  facet normal 0.6546793040467894 0.5228025350146795 0.5459601800818775
    outer loop
      vertex 122.39356999844313 139.0446804283846 17.316111656165596
      vertex 122.48506027460098 138.55652218505884 17.673854920056478
      vertex 122.48506027460098 138.98987737036964 17.258881085502708
    endloop
  endfacet
  facet normal 0.6798467675018879 0.5072046694128148 0.5296714038373896
    outer loop
      vertex 122.48506027460098 138.98987737036964 17.258881085502708
      vertex 122.5737244412303 138.49967422862846 17.614488871785227
      vertex 122.5737244412303 138.93302941393924 17.199515037231457
    endloop
  endfacet
  facet normal 0.6288510831572306 0.537754746932083 0.5615747032799725
    outer loop
      vertex 122.29925361275673 139.0974385879842 17.371206749220136
      vertex 122.29925361275673 138.66408340267344 17.786180583773906
      vertex 122.39356999844313 138.61132524307385 17.731085490719366
    endloop
  endfacet
  facet normal 0.6546793040469752 0.522802535014604 0.5459601800817272
    outer loop
      vertex 122.39356999844313 139.0446804283846 17.316111656165596
      vertex 122.39356999844313 138.61132524307385 17.731085490719366
      vertex 122.48506027460098 138.55652218505884 17.673854920056478
    endloop
  endfacet
  facet normal 0.6798467675018006 0.5072046694128535 0.5296714038374649
    outer loop
      vertex 122.48506027460098 138.98987737036964 17.258881085502708
      vertex 122.48506027460098 138.55652218505884 17.673854920056478
      vertex 122.5737244412303 138.49967422862846 17.614488871785227
    endloop
  endfacet
  facet normal 1.8450561273428447e-14 0.7222586421846209 -0.6916230575896293
    outer loop
      vertex 121.10879749804735 138.343755042946 16.584138637619944
      vertex 122.10214249789715 139.19682021193722 17.474990502504127
      vertex 122.20211111009121 139.1481518491684 17.424166364666313
    endloop
  endfacet
  facet normal -1.644904510421934e-13 0.7222586421847106 -0.6916230575895357
    outer loop
      vertex 121.02396444231272 138.39287257153165 16.63543183716625
      vertex 121.99934777617455 139.24344367629064 17.523679162733593
      vertex 121.10879749804735 138.343755042946 16.584138637619944
    endloop
  endfacet
  facet normal 1.200377122475917e-13 0.7222586421845555 -0.6916230575896978
    outer loop
      vertex 122.20211111009121 139.1481518491684 17.424166364666313
      vertex 122.29925361275673 139.0974385879842 17.371206749220136
      vertex 121.19022110849619 138.29125009113278 16.529307968242435
    endloop
  endfacet
  facet normal -2.7592185566993716e-14 0.7222586421846489 -0.6916230575896001
    outer loop
      vertex 122.29925361275673 139.0974385879842 17.371206749220136
      vertex 122.39356999844313 139.0446804283846 17.316111656165596
      vertex 121.26823528110981 138.2353577263981 16.47093983979621
    endloop
  endfacet
  facet normal -1.1354761460155613e-13 0.7222586421847059 -0.6916230575895406
    outer loop
      vertex 122.39356999844313 139.0446804283846 17.316111656165596
      vertex 122.48506027460098 138.98987737036964 17.258881085502708
      vertex 121.26823528110981 138.2353577263981 16.47093983979621
    endloop
  endfacet
  facet normal 1.0391569435317625e-13 0.7222586421845539 -0.6916230575896991
    outer loop
      vertex 122.48506027460098 138.98987737036964 17.258881085502708
      vertex 122.5737244412303 138.93302941393924 17.199515037231457
      vertex 121.34284000098705 138.17607794874192 16.409034252281273
    endloop
  endfacet
  facet normal -4.53858517468072e-15 0.7222586421846356 -0.6916230575896141
    outer loop
      vertex 122.5737244412303 138.93302941393924 17.199515037231457
      vertex 122.65956249833107 138.87413655909347 17.13801351135185
      vertex 121.41371499747038 138.11368451608806 16.3438770897846
    endloop
  endfacet
  facet normal 1.1081432355278101e-13 0.7222586421845606 -0.6916230575896922
    outer loop
      vertex 121.10879749804735 138.343755042946 16.584138637619944
      vertex 122.20211111009121 139.1481518491684 17.424166364666313
      vertex 121.19022110849619 138.29125009113278 16.529307968242435
    endloop
  endfacet
  facet normal 1.63380470577912e-14 0.7222586421846237 -0.6916230575896264
    outer loop
      vertex 122.29925361275673 139.0974385879842 17.371206749220136
      vertex 121.26823528110981 138.2353577263981 16.47093983979621
      vertex 121.19022110849619 138.29125009113278 16.529307968242435
    endloop
  endfacet
  facet normal -5.4106510423516707e-14 0.7222586421846601 -0.6916230575895884
    outer loop
      vertex 122.48506027460098 138.98987737036964 17.258881085502708
      vertex 121.34284000098705 138.17607794874192 16.409034252281273
      vertex 121.26823528110981 138.2353577263981 16.47093983979621
    endloop
  endfacet
  facet normal 2.3107887883481843e-14 0.7222586421846173 -0.6916230575896333
    outer loop
      vertex 122.5737244412303 138.93302941393924 17.199515037231457
      vertex 121.41371499747038 138.11368451608806 16.3438770897846
      vertex 121.34284000098705 138.17607794874192 16.409034252281273
    endloop
  endfacet
  facet normal -4.179701231628123e-15 0.7222586421846353 -0.6916230575896142
    outer loop
      vertex 122.65956249833107 138.87413655909347 17.13801351135185
      vertex 122.7425744459033 138.81319880067932 17.074376502482636
      vertex 121.41371499747038 138.11368451608806 16.3438770897846
    endloop
  endfacet
  facet normal -1.2399259377598943e-15 0.7222586421846328 -0.6916230575896171
    outer loop
      vertex 122.7425744459033 138.81319880067932 17.074376502482636
      vertex 121.48053999990225 138.04845120697232 16.275754257918138
      vertex 121.41371499747038 138.11368451608806 16.3438770897846
    endloop
  endfacet
  facet normal 0.7042626172135217 0.4910105629281757 0.5127599760984828
    outer loop
      vertex 122.5737244412303 138.93302941393924 17.199515037231457
      vertex 122.65956249833107 138.4407813737827 17.55298734590562
      vertex 122.65956249833107 138.87413655909347 17.13801351135185
    endloop
  endfacet
  facet normal 0.7278434665575843 0.47427588527786935 0.49528403248371766
    outer loop
      vertex 122.65956249833107 138.87413655909347 17.13801351135185
      vertex 122.7425744459033 138.37984361536854 17.489350337036406
      vertex 122.7425744459033 138.81319880067932 17.074376502482636
    endloop
  endfacet
  facet normal 0.7505147033095855 0.4570616918366647 0.47730733282815874
    outer loop
      vertex 122.7425744459033 138.81319880067932 17.074376502482636
      vertex 122.82276027649641 138.316860963692 17.42357785594008
      vertex 122.82276027649641 138.75021614900277 17.00860402138631
    endloop
  endfacet
  facet normal 0.7722118414224789 0.43943318671239623 0.4588979694689144
    outer loop
      vertex 122.82276027649641 138.75021614900277 17.00860402138631
      vertex 122.90011999756098 138.25183340844706 17.355669891854156
      vertex 122.90011999756098 138.68518859375783 16.940696057300386
    endloop
  endfacet
  facet normal 0.7928811515300258 0.421458702408849 0.44012730171198133
    outer loop
      vertex 122.90011999756098 138.68518859375783 16.940696057300386
      vertex 122.974653609097 138.18476095993972 17.28562645554112
      vertex 122.974653609097 138.6181161452505 16.87065262098735
    endloop
  endfacet
  facet normal -1.8335186777863505e-14 0.7222586421846462 -0.691623057589603
    outer loop
      vertex 122.7425744459033 138.81319880067932 17.074376502482636
      vertex 122.82276027649641 138.75021614900277 17.00860402138631
      vertex 121.48053999990225 138.04845120697232 16.275754257918138
    endloop
  endfacet
  facet normal 6.404597942628037e-15 0.7222586421846235 -0.6916230575896266
    outer loop
      vertex 122.82276027649641 138.75021614900277 17.00860402138631
      vertex 122.90011999756098 138.68518859375783 16.940696057300386
      vertex 121.48053999990225 138.04845120697232 16.275754257918138
    endloop
  endfacet
  facet normal -5.485199657640029e-15 0.7222586421846356 -0.6916230575896138
    outer loop
      vertex 122.90011999756098 138.68518859375783 16.940696057300386
      vertex 122.974653609097 138.6181161452505 16.87065262098735
      vertex 121.54331500083208 137.9803780162417 16.204665751300645
    endloop
  endfacet
  facet normal -5.1701791822040285e-15 0.7222586421846353 -0.6916230575896142
    outer loop
      vertex 122.974653609097 138.6181161452505 16.87065262098735
      vertex 123.04636111110449 138.54899879317477 16.798473701684706
      vertex 121.54331500083208 137.9803780162417 16.204665751300645
    endloop
  endfacet
  facet normal -1.6676359227475467e-14 0.7222586421846473 -0.6916230575896017
    outer loop
      vertex 123.04636111110449 138.54899879317477 16.798473701684706
      vertex 123.11524250358343 138.47783654783666 16.724159310154953
      vertex 121.60204000025988 137.9094649438962 16.13061156993212
    endloop
  endfacet
  facet normal 0.8124804857464013 0.403208211292663 0.4210684013642713
    outer loop
      vertex 122.974653609097 138.6181161452505 16.87065262098735
      vertex 123.04636111110449 138.115643607864 17.213447536238476
      vertex 123.04636111110449 138.54899879317477 16.798473701684706
    endloop
  endfacet
  facet normal 0.8309791346836095 0.3847523858069128 0.40179507131915915
    outer loop
      vertex 123.04636111110449 138.54899879317477 16.798473701684706
      vertex 123.11524250358343 138.0444813625259 17.139133144708723
      vertex 123.11524250358343 138.47783654783666 16.724159310154953
    endloop
  endfacet
  facet normal 0.8483580873943473 0.36616105122224646 0.38238022977191755
    outer loop
      vertex 123.11524250358343 138.47783654783666 16.724159310154953
      vertex 123.18129777908325 137.97127421361938 17.062683270189368
      vertex 123.18129777908325 138.40462939893015 16.647709435635598
    endloop
  endfacet
  facet normal 0.8646092197594637 0.3475024914781473 0.36289518531307596
    outer loop
      vertex 123.18129777908325 138.40462939893015 16.647709435635598
      vertex 123.24452694505453 137.89602216629748 16.984097918061657
      vertex 123.24452694505453 138.32937735160826 16.569124083507887
    endloop
  endfacet
  facet normal 0.7042626172135217 0.4910105629281757 0.5127599760984828
    outer loop
      vertex 122.5737244412303 138.93302941393924 17.199515037231457
      vertex 122.5737244412303 138.49967422862846 17.614488871785227
      vertex 122.65956249833107 138.4407813737827 17.55298734590562
    endloop
  endfacet
  facet normal 0.7278434665575843 0.47427588527786935 0.49528403248371766
    outer loop
      vertex 122.65956249833107 138.87413655909347 17.13801351135185
      vertex 122.65956249833107 138.4407813737827 17.55298734590562
      vertex 122.7425744459033 138.37984361536854 17.489350337036406
    endloop
  endfacet
  facet normal 0.7505147033095854 0.4570616918366647 0.47730733282815874
    outer loop
      vertex 122.7425744459033 138.81319880067932 17.074376502482636
      vertex 122.7425744459033 138.37984361536854 17.489350337036406
      vertex 122.82276027649641 138.316860963692 17.42357785594008
    endloop
  endfacet
  facet normal 0.7722118414224789 0.4394331867123961 0.4588979694689143
    outer loop
      vertex 122.82276027649641 138.75021614900277 17.00860402138631
      vertex 122.82276027649641 138.316860963692 17.42357785594008
      vertex 122.90011999756098 138.25183340844706 17.355669891854156
    endloop
  endfacet
  facet normal 0.7928811515300258 0.42145870240884903 0.4401273017119814
    outer loop
      vertex 122.90011999756098 138.68518859375783 16.940696057300386
      vertex 122.90011999756098 138.25183340844706 17.355669891854156
      vertex 122.974653609097 138.18476095993972 17.28562645554112
    endloop
  endfacet
  facet normal 0.8124804857464012 0.4032082112926629 0.4210684013642712
    outer loop
      vertex 122.974653609097 138.6181161452505 16.87065262098735
      vertex 122.974653609097 138.18476095993972 17.28562645554112
      vertex 123.04636111110449 138.115643607864 17.213447536238476
    endloop
  endfacet
  facet normal 0.8309791346836094 0.3847523858069128 0.4017950713191591
    outer loop
      vertex 123.04636111110449 138.54899879317477 16.798473701684706
      vertex 123.04636111110449 138.115643607864 17.213447536238476
      vertex 123.11524250358343 138.0444813625259 17.139133144708723
    endloop
  endfacet
  facet normal 0.8483580873943473 0.36616105122224646 0.3823802297719176
    outer loop
      vertex 123.11524250358343 138.47783654783666 16.724159310154953
      vertex 123.11524250358343 138.0444813625259 17.139133144708723
      vertex 123.18129777908325 137.97127421361938 17.062683270189368
    endloop
  endfacet
  facet normal 0.8646092197594635 0.3475024914781473 0.36289518531307596
    outer loop
      vertex 123.18129777908325 138.40462939893015 16.647709435635598
      vertex 123.18129777908325 137.97127421361938 17.062683270189368
      vertex 123.24452694505453 137.89602216629748 16.984097918061657
    endloop
  endfacet
  facet normal -0.7194570397586021 -0.48035776549584225 -0.5016353108281263
    outer loop
      vertex 121.19022110849619 138.29125009113278 16.529307968242435
      vertex 121.26823528110981 138.2353577263981 16.47093983979621
      vertex 121.19022110849619 137.857894905822 16.944281802796205
    endloop
  endfacet
  facet normal -0.7542859260138415 -0.45408240026860486 -0.4741960729315926
    outer loop
      vertex 121.26823528110981 138.2353577263981 16.47093983979621
      vertex 121.34284000098705 138.17607794874192 16.409034252281273
      vertex 121.26823528110981 137.80200254108732 16.88591367434998
    endloop
  endfacet
  facet normal -0.7863466832110448 -0.42727467953572046 -0.4462008987335594
    outer loop
      vertex 121.34284000098705 138.17607794874192 16.409034252281273
      vertex 121.41371499747038 138.11368451608806 16.3438770897846
      vertex 121.34284000098705 137.74272276343115 16.824008086835043
    endloop
  endfacet
  facet normal -0.719457039758602 -0.48035776549584225 -0.5016353108281263
    outer loop
      vertex 121.26823528110981 138.2353577263981 16.47093983979621
      vertex 121.26823528110981 137.80200254108732 16.88591367434998
      vertex 121.19022110849619 137.857894905822 16.944281802796205
    endloop
  endfacet
  facet normal -0.7542859260138415 -0.45408240026860475 -0.4741960729315925
    outer loop
      vertex 121.34284000098705 138.17607794874192 16.409034252281273
      vertex 121.34284000098705 137.74272276343115 16.824008086835043
      vertex 121.26823528110981 137.80200254108732 16.88591367434998
    endloop
  endfacet
  facet normal -0.8159608445672328 -0.39983224860628225 -0.417542899721181
    outer loop
      vertex 121.41371499747038 138.11368451608806 16.3438770897846
      vertex 121.48053999990225 138.04845120697232 16.275754257918138
      vertex 121.41371499747038 137.68032933077728 16.75885092433837
    endloop
  endfacet
  facet normal -0.8431150156464228 -0.37190872883236104 -0.38838250193569435
    outer loop
      vertex 121.48053999990225 138.04845120697232 16.275754257918138
      vertex 121.54331500083208 137.9803780162417 16.204665751300645
      vertex 121.48053999990225 137.61509602166154 16.690728092471907
    endloop
  endfacet
  facet normal -1.8398371558633933e-15 0.7222586421846324 -0.6916230575896173
    outer loop
      vertex 122.90011999756098 138.68518859375783 16.940696057300386
      vertex 121.54331500083208 137.9803780162417 16.204665751300645
      vertex 121.48053999990225 138.04845120697232 16.275754257918138
    endloop
  endfacet
  facet normal -2.469850010890535e-15 0.7222586421846321 -0.6916230575896176
    outer loop
      vertex 123.04636111110449 138.54899879317477 16.798473701684706
      vertex 121.60204000025988 137.9094649438962 16.13061156993212
      vertex 121.54331500083208 137.9803780162417 16.204665751300645
    endloop
  endfacet
  facet normal 1.5300351102489107e-14 0.7222586421846066 -0.6916230575896444
    outer loop
      vertex 123.11524250358343 138.47783654783666 16.724159310154953
      vertex 121.65671499818563 137.83571198993585 16.053591713812573
      vertex 121.60204000025988 137.9094649438962 16.13061156993212
    endloop
  endfacet
  facet normal -0.8677482270035988 -0.3437394529134827 -0.3589654621866157
    outer loop
      vertex 121.54331500083208 137.9803780162417 16.204665751300645
      vertex 121.60204000025988 137.9094649438962 16.13061156993212
      vertex 121.54331500083208 137.54702283093093 16.619639585854415
    endloop
  endfacet
  facet normal -0.8898543906238987 -0.3155493068307116 -0.3295266278254721
    outer loop
      vertex 121.60204000025988 137.9094649438962 16.13061156993212
      vertex 121.65671499818563 137.83571198993585 16.053591713812573
      vertex 121.60204000025988 137.47610975858544 16.54558540448589
    endloop
  endfacet
  facet normal -0.9094764857982408 -0.28754599529815716 -0.3002829038891066
    outer loop
      vertex 121.65671499818563 137.83571198993585 16.053591713812573
      vertex 121.70734000205994 137.7591191543606 15.973606182941985
      vertex 121.65671499818563 137.40235680462507 16.468565548366342
    endloop
  endfacet
  facet normal -0.9266990996078244 -0.25991483334013304 -0.2714278139686842
    outer loop
      vertex 121.70734000205994 137.7591191543606 15.973606182941985
      vertex 121.75391499698162 137.6796864371705 15.890654977320374
      vertex 121.70734000205994 137.32576396904983 16.388580017495755
    endloop
  endfacet
  facet normal -4.369946251912506e-15 0.7222586421846314 -0.6916230575896184
    outer loop
      vertex 121.65671499818563 137.83571198993585 16.053591713812573
      vertex 123.24452694505453 138.32937735160826 16.569124083507887
      vertex 121.70734000205994 137.7591191543606 15.973606182941985
    endloop
  endfacet
  facet normal 1.1364860753590982e-14 0.7222586421846062 -0.6916230575896446
    outer loop
      vertex 121.70734000205994 137.7591191543606 15.973606182941985
      vertex 123.30493000149727 138.25208040587097 16.488403253771814
      vertex 121.75391499698162 137.6796864371705 15.890654977320374
    endloop
  endfacet
  facet normal -0.7863466832110448 -0.42727467953572046 -0.4462008987335594
    outer loop
      vertex 121.34284000098705 137.74272276343115 16.824008086835043
      vertex 121.41371499747038 138.11368451608806 16.3438770897846
      vertex 121.41371499747038 137.68032933077728 16.75885092433837
    endloop
  endfacet
  facet normal -0.8159608445672327 -0.39983224860628225 -0.417542899721181
    outer loop
      vertex 121.48053999990225 138.04845120697232 16.275754257918138
      vertex 121.48053999990225 137.61509602166154 16.690728092471907
      vertex 121.41371499747038 137.68032933077728 16.75885092433837
    endloop
  endfacet
  facet normal -0.8431150156464228 -0.371908728832361 -0.38838250193569424
    outer loop
      vertex 121.54331500083208 137.9803780162417 16.204665751300645
      vertex 121.54331500083208 137.54702283093093 16.619639585854415
      vertex 121.48053999990225 137.61509602166154 16.690728092471907
    endloop
  endfacet
  facet normal -0.8677482270035988 -0.3437394529134827 -0.3589654621866157
    outer loop
      vertex 121.60204000025988 137.9094649438962 16.13061156993212
      vertex 121.60204000025988 137.47610975858544 16.54558540448589
      vertex 121.54331500083208 137.54702283093093 16.619639585854415
    endloop
  endfacet
  facet normal -0.8898543906238987 -0.31554930683071153 -0.32952662782547204
    outer loop
      vertex 121.65671499818563 137.83571198993585 16.053591713812573
      vertex 121.65671499818563 137.40235680462507 16.468565548366342
      vertex 121.60204000025988 137.47610975858544 16.54558540448589
    endloop
  endfacet
  facet normal -0.9094764857982408 -0.2875459952981572 -0.30028290388910667
    outer loop
      vertex 121.70734000205994 137.7591191543606 15.973606182941985
      vertex 121.70734000205994 137.32576396904983 16.388580017495755
      vertex 121.65671499818563 137.40235680462507 16.468565548366342
    endloop
  endfacet
  facet normal -0.9266990996078244 -0.25991483334013304 -0.2714278139686842
    outer loop
      vertex 121.75391499698162 137.6796864371705 15.890654977320374
      vertex 121.75391499698162 137.24633125185971 16.305628811874143
      vertex 121.70734000205994 137.32576396904983 16.388580017495755
    endloop
  endfacet
  facet normal 9.078807744966722e-16 0.7222586421846222 -0.691623057589628
    outer loop
      vertex 123.11524250358343 138.47783654783666 16.724159310154953
      vertex 123.18129777908325 138.40462939893015 16.647709435635598
      vertex 121.65671499818563 137.83571198993585 16.053591713812573
    endloop
  endfacet
  facet normal 5.322963055566176e-15 0.7222586421846166 -0.6916230575896338
    outer loop
      vertex 123.18129777908325 138.40462939893015 16.647709435635598
      vertex 123.24452694505453 138.32937735160826 16.569124083507887
      vertex 121.65671499818563 137.83571198993585 16.053591713812573
    endloop
  endfacet
  facet normal -7.12312366053107e-15 0.7222586421846351 -0.6916230575896144
    outer loop
      vertex 121.70734000205994 137.7591191543606 15.973606182941985
      vertex 123.24452694505453 138.32937735160826 16.569124083507887
      vertex 123.30493000149727 138.25208040587097 16.488403253771814
    endloop
  endfacet
  facet normal 1.4110116113156113e-14 0.7222586421846026 -0.6916230575896486
    outer loop
      vertex 121.75391499698162 137.6796864371705 15.890654977320374
      vertex 123.30493000149727 138.25208040587097 16.488403253771814
      vertex 123.36229111254215 138.17306362284373 16.405886406201773
    endloop
  endfacet
  facet normal -2.2894909522035012e-14 0.7222586421846605 -0.691623057589588
    outer loop
      vertex 121.75391499698162 137.6796864371705 15.890654977320374
      vertex 123.36229111254215 138.17306362284373 16.405886406201773
      vertex 123.41637444496155 138.0926658994391 16.32192744921828
    endloop
  endfacet
  facet normal -4.38913624065202e-15 0.7222586421846249 -0.6916230575896252
    outer loop
      vertex 121.75391499698162 137.6796864371705 15.890654977320374
      vertex 123.41637444496155 138.0926658994391 16.32192744921828
      vertex 121.79643999785185 137.5974138435185 15.804738102328976
    endloop
  endfacet
  facet normal 2.7303171351927774e-15 0.7222586421846054 -0.6916230575896455
    outer loop
      vertex 121.79643999785185 137.5974138435185 15.804738102328976
      vertex 123.51470778137445 137.92772763665067 16.149683212392162
      vertex 121.83491499722004 137.51230136309863 15.715855547205301
    endloop
  endfacet
  facet normal -1.4047662459685698e-14 0.7222586421846402 -0.6916230575896093
    outer loop
      vertex 121.79643999785185 137.5974138435185 15.804738102328976
      vertex 123.41637444496155 138.0926658994391 16.32192744921828
      vertex 123.46717999875546 138.0108872356571 16.236526382821324
    endloop
  endfacet
  facet normal -1.0155572757747119e-15 0.7222586421846147 -0.6916230575896359
    outer loop
      vertex 121.79643999785185 137.5974138435185 15.804738102328976
      vertex 123.46717999875546 138.0108872356571 16.236526382821324
      vertex 123.51470778137445 137.92772763665067 16.149683212392162
    endloop
  endfacet
  facet normal 1.7958794297202153e-14 0.7222586421845761 -0.6916230575896761
    outer loop
      vertex 121.83491499722004 137.51230136309863 15.715855547205301
      vertex 123.51470778137445 137.92772763665067 16.149683212392162
      vertex 123.55895777791739 137.84318709211385 16.061397927168294
    endloop
  endfacet
  facet normal -2.1931338834420544e-14 0.72225864218466 -0.6916230575895885
    outer loop
      vertex 121.86934000253677 137.4243490010639 15.624007317330594
      vertex 123.55895777791739 137.84318709211385 16.061397927168294
      vertex 123.59993000328541 137.75726560719966 15.971670532530965
    endloop
  endfacet
  facet normal -0.9416396295390113 -0.2328159860243025 -0.24312861767625274
    outer loop
      vertex 121.75391499698162 137.6796864371705 15.890654977320374
      vertex 121.79643999785185 137.5974138435185 15.804738102328976
      vertex 121.75391499698162 137.24633125185971 16.305628811874143
    endloop
  endfacet
  facet normal -0.9544399137477881 -0.20638251187847664 -0.21552426739428907
    outer loop
      vertex 121.79643999785185 137.5974138435185 15.804738102328976
      vertex 121.83491499722004 137.51230136309863 15.715855547205301
      vertex 121.79643999785185 137.16405865820772 16.219711936882746
    endloop
  endfacet
  facet normal -0.9652576680346211 -0.18072103123374084 -0.18872610622322036
    outer loop
      vertex 121.83491499722004 137.51230136309863 15.715855547205301
      vertex 121.86934000253677 137.4243490010639 15.624007317330594
      vertex 121.83491499722004 137.07894617778786 16.13082938175907
    endloop
  endfacet
  facet normal -0.9742593841712741 -0.15591253594690815 -0.16281871357068864
    outer loop
      vertex 121.86934000253677 137.4243490010639 15.624007317330594
      vertex 121.89971499890089 137.3335567625673 15.529193418086102
      vertex 121.86934000253677 136.99099381575314 16.038981151884364
    endloop
  endfacet
  facet normal -0.9816139498280317 -0.13201497852187435 -0.13786260895862715
    outer loop
      vertex 121.89971499890089 137.3335567625673 15.529193418086102
      vertex 121.92604000121355 137.2399246424558 15.431413844090578
      vertex 121.89971499890089 136.9002015772565 15.944167252639872
    endloop
  endfacet
  facet normal -0.9874878810652614 -0.10906543606027591 -0.11389651182640284
    outer loop
      vertex 121.92604000121355 137.2399246424558 15.431413844090578
      vertex 121.94831500202417 137.14345264072944 15.33066859534403
      vertex 121.92604000121355 136.80656945714503 15.846387678644348
    endloop
  endfacet
  facet normal -0.992041471653656 -0.08708333146008608 -0.09094070541325962
    outer loop
      vertex 121.94831500202417 137.14345264072944 15.33066859534403
      vertex 121.96654000133276 137.0441407522352 15.226957666465196
      vertex 121.94831500202417 136.71009745541866 15.7456424298978
    endloop
  endfacet
  facet normal -0.9416396295390113 -0.2328159860243025 -0.24312861767625274
    outer loop
      vertex 121.75391499698162 137.24633125185971 16.305628811874143
      vertex 121.79643999785185 137.5974138435185 15.804738102328976
      vertex 121.79643999785185 137.16405865820772 16.219711936882746
    endloop
  endfacet
  facet normal -0.9544399137477881 -0.2063825118784766 -0.215524267394289
    outer loop
      vertex 121.83491499722004 137.51230136309863 15.715855547205301
      vertex 121.83491499722004 137.07894617778786 16.13082938175907
      vertex 121.79643999785185 137.16405865820772 16.219711936882746
    endloop
  endfacet
  facet normal -0.9652576680346109 -0.18072103123377306 -0.18872610622324165
    outer loop
      vertex 121.86934000253677 137.4243490010639 15.624007317330594
      vertex 121.86934000253677 136.99099381575314 16.038981151884364
      vertex 121.83491499722004 137.07894617778786 16.13082938175907
    endloop
  endfacet
  facet normal -0.9742593841712889 -0.15591253594685314 -0.16281871357065253
    outer loop
      vertex 121.89971499890089 137.3335567625673 15.529193418086102
      vertex 121.89971499890089 136.9002015772565 15.944167252639872
      vertex 121.86934000253677 136.99099381575314 16.038981151884364
    endloop
  endfacet
  facet normal -0.9816139498280265 -0.13201497852189736 -0.1378626089586421
    outer loop
      vertex 121.92604000121355 137.2399246424558 15.431413844090578
      vertex 121.92604000121355 136.80656945714503 15.846387678644348
      vertex 121.89971499890089 136.9002015772565 15.944167252639872
    endloop
  endfacet
  facet normal -0.9874878810652614 -0.10906543606027588 -0.11389651182640283
    outer loop
      vertex 121.94831500202417 137.14345264072944 15.33066859534403
      vertex 121.94831500202417 136.71009745541866 15.7456424298978
      vertex 121.92604000121355 136.80656945714503 15.846387678644348
    endloop
  endfacet
  facet normal -0.992041471653656 -0.08708333146008608 -0.09094070541325962
    outer loop
      vertex 121.94831500202417 136.71009745541866 15.7456424298978
      vertex 121.96654000133276 137.0441407522352 15.226957666465196
      vertex 121.96654000133276 136.61078556692442 15.641931501018966
    endloop
  endfacet
  facet normal 5.630685851721712e-15 0.7222586421846068 -0.691623057589644
    outer loop
      vertex 121.83491499722004 137.51230136309863 15.715855547205301
      vertex 123.55895777791739 137.84318709211385 16.061397927168294
      vertex 121.86934000253677 137.4243490010639 15.624007317330594
    endloop
  endfacet
  facet normal -3.749864586965349e-14 0.7222586421847285 -0.691623057589517
    outer loop
      vertex 121.86934000253677 137.4243490010639 15.624007317330594
      vertex 123.63762444257736 137.66996317675506 15.88050102309893
      vertex 121.89971499890089 137.3335567625673 15.529193418086102
    endloop
  endfacet
  facet normal 6.743171381877575e-15 0.7222586421846273 -0.6916230575896227
    outer loop
      vertex 121.89971499890089 137.3335567625673 15.529193418086102
      vertex 123.67204111069441 137.58127981108606 15.787889409634687
      vertex 121.92604000121355 137.2399246424558 15.431413844090578
    endloop
  endfacet
  facet normal -6.3030553687132325e-15 0.7222586421846212 -0.6916230575896292
    outer loop
      vertex 121.86934000253677 137.4243490010639 15.624007317330594
      vertex 123.59993000328541 137.75726560719966 15.971670532530965
      vertex 123.63762444257736 137.66996317675506 15.88050102309893
    endloop
  endfacet
  facet normal 1.529451278529146e-14 0.7222586421845979 -0.6916230575896533
    outer loop
      vertex 121.89971499890089 137.3335567625673 15.529193418086102
      vertex 123.63762444257736 137.66996317675506 15.88050102309893
      vertex 123.67204111069441 137.58127981108606 15.787889409634687
    endloop
  endfacet
  facet normal -1.5333561593378796e-14 0.7222586421846814 -0.6916230575895662
    outer loop
      vertex 121.92604000121355 137.2399246424558 15.431413844090578
      vertex 123.67204111069441 137.58127981108606 15.787889409634687
      vertex 123.70318000018597 137.4912155050397 15.693835686756984
    endloop
  endfacet
  facet normal 2.8324918971426777e-14 0.7222586421845336 -0.6916230575897205
    outer loop
      vertex 121.92604000121355 137.2399246424558 15.431413844090578
      vertex 123.70318000018597 137.4912155050397 15.693835686756984
      vertex 123.73104111105204 137.3997702586159 15.598339854465827
    endloop
  endfacet
  facet normal 1.5335859478107622e-14 0.7222586421846039 -0.6916230575896471
    outer loop
      vertex 121.92604000121355 137.2399246424558 15.431413844090578
      vertex 123.73104111105204 137.3997702586159 15.598339854465827
      vertex 121.94831500202417 137.14345264072944 15.33066859534403
    endloop
  endfacet
  facet normal 8.942245722511642e-16 0.7222586421846086 -0.6916230575896424
    outer loop
      vertex 121.94831500202417 137.14345264072944 15.33066859534403
      vertex 123.75562444329262 137.30694406666174 15.501401907379957
      vertex 121.96654000133276 137.0441407522352 15.226957666465196
    endloop
  endfacet
  facet normal -2.124533975878507e-14 0.7222586421847254 -0.6916230575895201
    outer loop
      vertex 121.94831500202417 137.14345264072944 15.33066859534403
      vertex 123.73104111105204 137.3997702586159 15.598339854465827
      vertex 123.75562444329262 137.30694406666174 15.501401907379957
    endloop
  endfacet
  facet normal 4.327232700007613e-15 0.7222586421845971 -0.6916230575896539
    outer loop
      vertex 123.75562444329262 137.30694406666174 15.501401907379957
      vertex 123.77692999690771 137.21273693948316 15.40302185626188
      vertex 121.96654000133276 137.0441407522352 15.226957666465196
    endloop
  endfacet
  facet normal -8.034904184627743e-15 0.7222586421846608 -0.6916230575895878
    outer loop
      vertex 123.77692999690771 137.21273693948316 15.40302185626188
      vertex 123.7949577793479 137.11714886677422 15.303199690349096
      vertex 121.96654000133276 137.0441407522352 15.226957666465196
    endloop
  endfacet
  facet normal 0.8797350122027866 0.32884207856289427 0.34340820559648555
    outer loop
      vertex 123.24452694505453 138.32937735160826 16.569124083507887
      vertex 123.24452694505453 137.89602216629748 16.984097918061657
      vertex 123.30493000149727 137.8187252205602 16.903377088325584
    endloop
  endfacet
  facet normal 0 0.7222586421846275 -0.6916230575896225
    outer loop
      vertex 125.19754000008106 139.6196889228425 17.91659026932689
      vertex 126.79657000303268 139.6196889228425 17.91659026932689
      vertex 126.79657000303268 136.11199809280225 14.253525557549196
    endloop
  endfacet
  facet normal 1 0 0
    outer loop
      vertex 126.79657000303268 139.6196889228425 17.91659026932689
      vertex 126.79657000303268 139.18633373753175 18.33156410388066
      vertex 126.79657000303268 135.67864290749148 14.668499392102966
    endloop
  endfacet
  facet normal 0.8797350122027866 0.32884207856289427 0.34340820559648555
    outer loop
      vertex 123.24452694505453 138.32937735160826 16.569124083507887
      vertex 123.30493000149727 137.8187252205602 16.903377088325584
      vertex 123.30493000149727 138.25208040587097 16.488403253771814
    endloop
  endfacet
  facet normal 0.8936845852768118 0.31032831572991787 0.32407437185751853
    outer loop
      vertex 123.30493000149727 138.25208040587097 16.488403253771814
      vertex 123.36229111254215 137.73970843753295 16.820860240755543
      vertex 123.36229111254215 138.17306362284373 16.405886406201773
    endloop
  endfacet
  facet normal 0.9066737141515141 0.29174918018373386 0.3046722697076604
    outer loop
      vertex 123.36229111254215 138.17306362284373 16.405886406201773
      vertex 123.41637444496155 137.65931071412834 16.73690128377205
      vertex 123.41637444496155 138.0926658994391 16.32192744921828
    endloop
  endfacet
  facet normal 0.9187773321078355 0.2730362926531735 0.28513049100196014
    outer loop
      vertex 123.41637444496155 138.0926658994391 16.32192744921828
      vertex 123.46717999875546 137.57753205034632 16.651500217375094
      vertex 123.46717999875546 138.0108872356571 16.236526382821324
    endloop
  endfacet
  facet normal 0.9299826676267435 0.2542429670016289 0.2655047111522778
    outer loop
      vertex 123.46717999875546 138.0108872356571 16.236526382821324
      vertex 123.51470778137445 137.4943724513399 16.564657046945932
      vertex 123.51470778137445 137.92772763665067 16.149683212392162
    endloop
  endfacet
  facet normal 0.9402843251029666 0.2354216090098338 0.245849657264108
    outer loop
      vertex 123.51470778137445 137.92772763665067 16.149683212392162
      vertex 123.55895777791739 137.40983190680308 16.476371761722064
      vertex 123.55895777791739 137.84318709211385 16.061397927168294
    endloop
  endfacet
  facet normal 0.949683743532605 0.21662357051201978 0.2262189558116681
    outer loop
      vertex 123.55895777791739 137.84318709211385 16.061397927168294
      vertex 123.59993000328541 137.32391042188888 16.386644367084735
      vertex 123.59993000328541 137.75726560719966 15.971670532530965
    endloop
  endfacet
  facet normal 0.9581891775948569 0.19789787988173982 0.20666380689033126
    outer loop
      vertex 123.59993000328541 137.75726560719966 15.971670532530965
      vertex 123.63762444257736 137.2366079914443 16.2954748576527
      vertex 123.63762444257736 137.66996317675506 15.88050102309893
    endloop
  endfacet
  facet normal 0.8936845852768118 0.31032831572991787 0.32407437185751853
    outer loop
      vertex 123.30493000149727 138.25208040587097 16.488403253771814
      vertex 123.30493000149727 137.8187252205602 16.903377088325584
      vertex 123.36229111254215 137.73970843753295 16.820860240755543
    endloop
  endfacet
  facet normal 0.9066737141515143 0.29174918018373397 0.3046722697076606
    outer loop
      vertex 123.36229111254215 138.17306362284373 16.405886406201773
      vertex 123.36229111254215 137.73970843753295 16.820860240755543
      vertex 123.41637444496155 137.65931071412834 16.73690128377205
    endloop
  endfacet
  facet normal 0.9187773321078355 0.2730362926531735 0.28513049100196014
    outer loop
      vertex 123.41637444496155 138.0926658994391 16.32192744921828
      vertex 123.41637444496155 137.65931071412834 16.73690128377205
      vertex 123.46717999875546 137.57753205034632 16.651500217375094
    endloop
  endfacet
  facet normal 0.9299826676267435 0.2542429670016289 0.2655047111522778
    outer loop
      vertex 123.46717999875546 138.0108872356571 16.236526382821324
      vertex 123.46717999875546 137.57753205034632 16.651500217375094
      vertex 123.51470778137445 137.4943724513399 16.564657046945932
    endloop
  endfacet
  facet normal 0.9402843251029668 0.2354216090098338 0.245849657264108
    outer loop
      vertex 123.51470778137445 137.92772763665067 16.149683212392162
      vertex 123.51470778137445 137.4943724513399 16.564657046945932
      vertex 123.55895777791739 137.40983190680308 16.476371761722064
    endloop
  endfacet
  facet normal 0.949683743532605 0.21662357051201978 0.2262189558116681
    outer loop
      vertex 123.55895777791739 137.84318709211385 16.061397927168294
      vertex 123.55895777791739 137.40983190680308 16.476371761722064
      vertex 123.59993000328541 137.32391042188888 16.386644367084735
    endloop
  endfacet
  facet normal 0.9581891775948571 0.19789787988173982 0.20666380689033123
    outer loop
      vertex 123.59993000328541 137.75726560719966 15.971670532530965
      vertex 123.59993000328541 137.32391042188888 16.386644367084735
      vertex 123.63762444257736 137.2366079914443 16.2954748576527
    endloop
  endfacet
  facet normal 0.9658148576916509 0.1792914031955382 0.18723315251907424
    outer loop
      vertex 123.63762444257736 137.66996317675506 15.88050102309893
      vertex 123.67204111069441 137.1479246257753 16.202863244188457
      vertex 123.67204111069441 137.58127981108606 15.787889409634687
    endloop
  endfacet
  facet normal 0.9725807057729827 0.16084774988167813 0.16797253381469215
    outer loop
      vertex 123.67204111069441 137.58127981108606 15.787889409634687
      vertex 123.70318000018597 137.05786031972892 16.108809521310754
      vertex 123.70318000018597 137.4912155050397 15.693835686756984
    endloop
  endfacet
  facet normal 0.9785114663155982 0.14260742563842796 0.1489242506836214
    outer loop
      vertex 123.70318000018597 137.4912155050397 15.693835686756984
      vertex 123.73104111105204 136.96641507330514 16.013313689019597
      vertex 123.73104111105204 137.3997702586159 15.598339854465827
    endloop
  endfacet
  facet normal 0.9836361199489272 0.12460733595010051 0.1301268433461694
    outer loop
      vertex 123.73104111105204 137.3997702586159 15.598339854465827
      vertex 123.75562444329262 136.87358888135097 15.916375741933727
      vertex 123.75562444329262 137.30694406666174 15.501401907379957
    endloop
  endfacet
  facet normal 0.9879871494905472 0.10688069919494612 0.11161500159540637
    outer loop
      vertex 123.75562444329262 137.30694406666174 15.501401907379957
      vertex 123.77692999690771 136.7793817541724 15.81799569081565
      vertex 123.77692999690771 137.21273693948316 15.40302185626188
    endloop
  endfacet
  facet normal 0.9915998516827548 0.08945692863655473 0.09341944156145023
    outer loop
      vertex 123.77692999690771 137.21273693948316 15.40302185626188
      vertex 123.7949577793479 136.68379368146344 15.718173524902866
      vertex 123.7949577793479 137.11714886677422 15.303199690349096
    endloop
  endfacet
  facet normal 0.9945116722852275 0.0723615352588624 0.07556680424247594
    outer loop
      vertex 123.7949577793479 137.11714886677422 15.303199690349096
      vertex 123.80970777571201 136.5868246735301 15.616909254957875
      vertex 123.80970777571201 137.02017985884083 15.201935420404105
    endloop
  endfacet
  facet normal 0.9658148576916509 0.1792914031955382 0.18723315251907421
    outer loop
      vertex 123.63762444257736 137.66996317675506 15.88050102309893
      vertex 123.63762444257736 137.2366079914443 16.2954748576527
      vertex 123.67204111069441 137.1479246257753 16.202863244188457
    endloop
  endfacet
  facet normal 0.9725807057729827 0.16084774988167816 0.16797253381469218
    outer loop
      vertex 123.67204111069441 137.58127981108606 15.787889409634687
      vertex 123.67204111069441 137.1479246257753 16.202863244188457
      vertex 123.70318000018597 137.05786031972892 16.108809521310754
    endloop
  endfacet
  facet normal 0.978511466315592 0.14260742563844342 0.14892425068364729
    outer loop
      vertex 123.70318000018597 137.4912155050397 15.693835686756984
      vertex 123.70318000018597 137.05786031972892 16.108809521310754
      vertex 123.73104111105204 136.96641507330514 16.013313689019597
    endloop
  endfacet
  facet normal 0.9836361199489319 0.12460733595008712 0.13012684334614688
    outer loop
      vertex 123.73104111105204 137.3997702586159 15.598339854465827
      vertex 123.73104111105204 136.96641507330514 16.013313689019597
      vertex 123.75562444329262 136.87358888135097 15.916375741933727
    endloop
  endfacet
  facet normal 0.9879871494905472 0.10688069919494612 0.11161500159540637
    outer loop
      vertex 123.75562444329262 137.30694406666174 15.501401907379957
      vertex 123.75562444329262 136.87358888135097 15.916375741933727
      vertex 123.77692999690771 136.7793817541724 15.81799569081565
    endloop
  endfacet
  facet normal 0.9915998516827548 0.08945692863655473 0.09341944156145023
    outer loop
      vertex 123.77692999690771 137.21273693948316 15.40302185626188
      vertex 123.77692999690771 136.7793817541724 15.81799569081565
      vertex 123.7949577793479 136.68379368146344 15.718173524902866
    endloop
  endfacet
  facet normal 0.994511672285226 0.07236153525886994 0.07556680424248877
    outer loop
      vertex 123.7949577793479 137.11714886677422 15.303199690349096
      vertex 123.7949577793479 136.68379368146344 15.718173524902866
      vertex 123.80970777571201 136.5868246735301 15.616909254957875
    endloop
  endfacet
  facet normal -1 0 0
    outer loop
      vertex 125.19754000008106 139.6196889228425 17.91659026932689
      vertex 125.19754000008106 133.6722009299367 11.705657081043348
      vertex 125.19754000008106 139.18633373753175 18.33156410388066
    endloop
  endfacet
  facet normal 1 0 0
    outer loop
      vertex 126.79657000303268 139.6196889228425 17.91659026932689
      vertex 126.79657000303268 135.67864290749148 14.668499392102966
      vertex 126.79657000303268 136.11199809280225 14.253525557549196
    endloop
  endfacet
  facet normal -0.9954262159742555 -0.06607316749516759 -0.068999891944339
    outer loop
      vertex 121.96654000133276 137.0441407522352 15.226957666465196
      vertex 121.98071499913931 136.94198898727907 15.120281068216585
      vertex 121.96654000133276 136.61078556692442 15.641931501018966
    endloop
  endfacet
  facet normal -0.9977831116441532 -0.04602730464498017 -0.04806609350497809
    outer loop
      vertex 121.98071499913931 136.94198898727907 15.120281068216585
      vertex 121.9908400028944 136.8369973458611 15.010638800598187
      vertex 121.98071499913931 136.5086338019683 15.535254902770355
    endloop
  endfacet
  facet normal -0.9992417453970395 -0.026928344021502265 -0.028121140519858652
    outer loop
      vertex 121.9908400028944 136.8369973458611 15.010638800598187
      vertex 121.99691499769688 136.72916581767524 14.898030852847512
      vertex 121.9908400028944 136.4036421605503 15.425612635151957
    endloop
  endfacet
  facet normal -0.9999199361878569 -0.008751729797193528 -0.009139389456038573
    outer loop
      vertex 121.99691499769688 136.72916581767524 14.898030852847512
      vertex 121.9989399984479 136.6184944078745 14.782457230345813
      vertex 121.99691499769688 136.29581063236446 15.313004687401282
    endloop
  endfacet
  facet normal -0.9999113222659903 0.009210477088859416 0.009618457052684663
    outer loop
      vertex 121.9989399984479 136.6184944078745 14.782457230345813
      vertex 121.99690555781126 136.5128459143963 14.67212901527106
      vertex 121.9989399984479 136.18513922256372 15.197431064899583
    endloop
  endfacet
  facet normal -0.9991625984409798 0.02829830382867153 0.029551782976489156
    outer loop
      vertex 121.99690555781126 136.5128459143963 14.67212901527106
      vertex 121.9908022210002 136.40976410628545 14.564481177416205
      vertex 121.99690555781126 136.07949072908553 15.08710284982483
    endloop
  endfacet
  facet normal -0.9954262159742555 -0.06607316749516759 -0.068999891944339
    outer loop
      vertex 121.98071499913931 136.94198898727907 15.120281068216585
      vertex 121.98071499913931 136.5086338019683 15.535254902770355
      vertex 121.96654000133276 136.61078556692442 15.641931501018966
    endloop
  endfacet
  facet normal -0.9977831116441539 -0.04602730464497268 -0.048066093504973414
    outer loop
      vertex 121.9908400028944 136.8369973458611 15.010638800598187
      vertex 121.9908400028944 136.4036421605503 15.425612635151957
      vertex 121.98071499913931 136.5086338019683 15.535254902770355
    endloop
  endfacet
  facet normal -0.9992417453970392 -0.026928344021506574 -0.028121140519861313
    outer loop
      vertex 121.99691499769688 136.72916581767524 14.898030852847512
      vertex 121.99691499769688 136.29581063236446 15.313004687401282
      vertex 121.9908400028944 136.4036421605503 15.425612635151957
    endloop
  endfacet
  facet normal -0.9999199361878569 -0.00875172979719353 -0.009139389456038574
    outer loop
      vertex 121.9989399984479 136.6184944078745 14.782457230345813
      vertex 121.9989399984479 136.18513922256372 15.197431064899583
      vertex 121.99691499769688 136.29581063236446 15.313004687401282
    endloop
  endfacet
  facet normal -0.9999113222659903 0.009210477088859416 0.009618457052684663
    outer loop
      vertex 121.99690555781126 136.5128459143963 14.67212901527106
      vertex 121.99690555781126 136.07949072908553 15.08710284982483
      vertex 121.9989399984479 136.18513922256372 15.197431064899583
    endloop
  endfacet
  facet normal -0.9991625984409798 0.02829830382867153 0.029551782976489156
    outer loop
      vertex 121.99690555781126 136.07949072908553 15.08710284982483
      vertex 121.9908022210002 136.40976410628545 14.564481177416205
      vertex 121.9908022210002 135.97640892097468 14.979455011969975
    endloop
  endfacet
  facet normal -3.2475316218012766e-15 0.7222586421846032 -0.6916230575896476
    outer loop
      vertex 123.7949577793479 137.11714886677422 15.303199690349096
      vertex 121.98071499913931 136.94198898727907 15.120281068216585
      vertex 121.96654000133276 137.0441407522352 15.226957666465196
    endloop
  endfacet
  facet normal -5.571204601361463e-15 0.7222586421847148 -0.6916230575895312
    outer loop
      vertex 121.98071499913931 136.94198898727907 15.120281068216585
      vertex 123.80970777571201 137.02017985884083 15.201935420404105
      vertex 121.9908400028944 136.8369973458611 15.010638800598187
    endloop
  endfacet
  facet normal 7.676830116149767e-15 0.7222586421846051 -0.6916230575896457
    outer loop
      vertex 121.9908400028944 136.8369973458611 15.010638800598187
      vertex 123.82937444746494 136.82209901668895 14.995080546892495
      vertex 121.99691499769688 136.72916581767524 14.898030852847512
    endloop
  endfacet
  facet normal 1.0450930651210862e-14 0.7222586421845356 -0.6916230575897184
    outer loop
      vertex 123.7949577793479 137.11714886677422 15.303199690349096
      vertex 123.80970777571201 137.02017985884083 15.201935420404105
      vertex 121.98071499913931 136.94198898727907 15.120281068216585
    endloop
  endfacet
  facet normal -2.1003795055747634e-15 0.7222586421846982 -0.6916230575895485
    outer loop
      vertex 121.9908400028944 136.8369973458611 15.010638800598187
      vertex 123.80970777571201 137.02017985884083 15.201935420404105
      vertex 123.82118000090122 136.9218299053771 15.099229035664408
    endloop
  endfacet
  facet normal 7.564545519616604e-15 0.7222586421845986 -0.6916230575896526
    outer loop
      vertex 121.9908400028944 136.8369973458611 15.010638800598187
      vertex 123.82118000090122 136.9218299053771 15.099229035664408
      vertex 123.82937444746494 136.82209901668895 14.995080546892495
    endloop
  endfacet
  facet normal 4.3803871274453835e-15 0.7222586421846362 -0.6916230575896133
    outer loop
      vertex 121.99691499769688 136.72916581767524 14.898030852847512
      vertex 123.82937444746494 136.82209901668895 14.995080546892495
      vertex 123.8342911079526 136.72098718247042 14.889489943325884
    endloop
  endfacet
  facet normal 3.8979200453664464e-15 0.7222586421845845 -0.6916230575896675
    outer loop
      vertex 121.99691499769688 136.72916581767524 14.898030852847512
      vertex 123.8342911079526 136.72098718247042 14.889489943325884
      vertex 121.9989399984479 136.6184944078745 14.782457230345813
    endloop
  endfacet
  facet normal -4.698706774883376e-15 0.7222586421846272 -0.6916230575896225
    outer loop
      vertex 121.9989399984479 136.6184944078745 14.782457230345813
      vertex 123.83237916976213 136.4632413609517 14.620327218000249
      vertex 121.99690555781126 136.5128459143963 14.67212901527106
    endloop
  endfacet
  facet normal -3.9543606513282135e-15 0.7222586421846405 -0.6916230575896087
    outer loop
      vertex 121.99690555781126 136.5128459143963 14.67212901527106
      vertex 123.83237916976213 136.4632413609517 14.620327218000249
      vertex 121.9908022210002 136.40976410628545 14.564481177416205
    endloop
  endfacet
  facet normal 0 0.7222586421846178 -0.6916230575896325
    outer loop
      vertex 121.9989399984479 136.6184944078745 14.782457230345813
      vertex 123.8342911079526 136.72098718247042 14.889489943325884
      vertex 123.83592999726534 136.6184944078745 14.782457230345813
    endloop
  endfacet
  facet normal 0 0.722258642184654 -0.6916230575895949
    outer loop
      vertex 121.9989399984479 136.6184944078745 14.782457230345813
      vertex 123.83592999726534 136.6184944078745 14.782457230345813
      vertex 123.83237916976213 136.4632413609517 14.620327218000249
    endloop
  endfacet
  facet normal -0.9975594632513254 0.04829053283139915 0.050429571846162695
    outer loop
      vertex 121.9908022210002 136.40976410628545 14.564481177416205
      vertex 121.98063000291586 136.3092489886949 14.459513722162491
      vertex 121.9908022210002 135.97640892097468 14.979455011969975
    endloop
  endfacet
  facet normal -0.9949820826598107 0.06919914281035082 0.07226433297456167
    outer loop
      vertex 121.98063000291586 136.3092489886949 14.459513722162491
      vertex 121.9663888886571 136.21130056677768 14.357226654891171
      vertex 121.98063000291586 135.87589380338414 14.87448755671626
    endloop
  endfacet
  facet normal -0.9913011946715748 0.09102647952164926 0.09505851602356956
    outer loop
      vertex 121.9663888886571 136.21130056677768 14.357226654891171
      vertex 121.94807888567448 136.11591883022777 14.257619964839748
      vertex 121.9663888886571 135.7779453814669 14.772200489444941
    endloop
  endfacet
  facet normal -0.9863791368678269 0.11376347528911607 0.11880265166242546
    outer loop
      vertex 121.94807888567448 136.11591883022777 14.257619964839748
      vertex 121.92570000141859 136.02310378419818 14.160693657389466
      vertex 121.94807888567448 135.682563644917 14.672593799393518
    endloop
  endfacet
  facet normal -0.9800715520370741 0.13738731754498307 0.1434729168360173
    outer loop
      vertex 121.92570000141859 136.02310378419818 14.160693657389466
      vertex 121.89925222098827 135.93285542868892 14.066447732540333
      vertex 121.92570000141859 135.5897485988874 14.575667491943236
    endloop
  endfacet
  facet normal -0.9722299905608875 0.1618587777220551 0.16902834533976493
    outer loop
      vertex 121.89925222098827 135.93285542868892 14.066447732540333
      vertex 121.8687355518341 135.84517375854696 13.974882184911095
      vertex 121.89925222098827 135.49950024337812 14.481421567094102
    endloop
  endfacet
  facet normal -0.9627052288843609 0.18712033070104017 0.19540886396743498
    outer loop
      vertex 121.8687355518341 135.84517375854696 13.974882184911095
      vertex 121.83415000140667 135.76005878407832 13.885997025264246
      vertex 121.8687355518341 135.4118185732362 14.389856019464865
    endloop
  endfacet
  facet normal -0.9975594632513246 0.048290532831407294 0.050429571846167906
    outer loop
      vertex 121.98063000291586 136.3092489886949 14.459513722162491
      vertex 121.98063000291586 135.87589380338414 14.87448755671626
      vertex 121.9908022210002 135.97640892097468 14.979455011969975
    endloop
  endfacet
  facet normal -0.9949820826598121 0.06919914281033894 0.07226433297455401
    outer loop
      vertex 121.9663888886571 136.21130056677768 14.357226654891171
      vertex 121.9663888886571 135.7779453814669 14.772200489444941
      vertex 121.98063000291586 135.87589380338414 14.87448755671626
    endloop
  endfacet
  facet normal -0.9913011946715748 0.09102647952164926 0.09505851602356956
    outer loop
      vertex 121.94807888567448 136.11591883022777 14.257619964839748
      vertex 121.94807888567448 135.682563644917 14.672593799393518
      vertex 121.9663888886571 135.7779453814669 14.772200489444941
    endloop
  endfacet
  facet normal -0.9863791368678269 0.1137634752891161 0.11880265166242548
    outer loop
      vertex 121.92570000141859 136.02310378419818 14.160693657389466
      vertex 121.92570000141859 135.5897485988874 14.575667491943236
      vertex 121.94807888567448 135.682563644917 14.672593799393518
    endloop
  endfacet
  facet normal -0.98007155203708 0.13738731754495848 0.14347291683600102
    outer loop
      vertex 121.89925222098827 135.93285542868892 14.066447732540333
      vertex 121.89925222098827 135.49950024337812 14.481421567094102
      vertex 121.92570000141859 135.5897485988874 14.575667491943236
    endloop
  endfacet
  facet normal -0.9722299905608792 0.16185877772208437 0.16902834533978442
    outer loop
      vertex 121.8687355518341 135.84517375854696 13.974882184911095
      vertex 121.8687355518341 135.4118185732362 14.389856019464865
      vertex 121.89925222098827 135.49950024337812 14.481421567094102
    endloop
  endfacet
  facet normal -5.309312146430713e-15 0.7222586421845749 -0.6916230575896773
    outer loop
      vertex 121.9908022210002 136.40976410628545 14.564481177416205
      vertex 123.82172666490078 136.31171424254146 14.462088174931687
      vertex 121.98063000291586 136.3092489886949 14.459513722162491
    endloop
  endfacet
  facet normal 9.561088412882795e-15 0.7222586421846996 -0.6916230575895472
    outer loop
      vertex 121.98063000291586 136.3092489886949 14.459513722162491
      vertex 123.80397249758244 136.16391304749075 14.30774009575888
      vertex 121.9663888886571 136.21130056677768 14.357226654891171
    endloop
  endfacet
  facet normal -1.8067961582722574e-15 0.7222586421846136 -0.691623057589637
    outer loop
      vertex 121.9663888886571 136.21130056677768 14.357226654891171
      vertex 123.7791166678071 136.0198377861056 14.157282991244315
      vertex 121.94807888567448 136.11591883022777 14.257619964839748
    endloop
  endfacet
  facet normal -1.841356524656328e-15 0.7222586421846059 -0.691623057589645
    outer loop
      vertex 121.9908022210002 136.40976410628545 14.564481177416205
      vertex 123.83237916976213 136.4632413609517 14.620327218000249
      vertex 123.82172666490078 136.31171424254146 14.462088174931687
    endloop
  endfacet
  facet normal -5.405671841788637e-15 0.7222586421846097 -0.691623057589641
    outer loop
      vertex 121.98063000291586 136.3092489886949 14.459513722162491
      vertex 123.82172666490078 136.31171424254146 14.462088174931687
      vertex 123.80397249758244 136.16391304749075 14.30774009575888
    endloop
  endfacet
  facet normal 7.108439874853322e-15 0.7222586421846541 -0.6916230575895949
    outer loop
      vertex 121.9663888886571 136.21130056677768 14.357226654891171
      vertex 123.80397249758244 136.16391304749075 14.30774009575888
      vertex 123.7791166678071 136.0198377861056 14.157282991244315
    endloop
  endfacet
  facet normal -1.432764896684254e-16 0.7222586421846471 -0.691623057589602
    outer loop
      vertex 121.94807888567448 136.11591883022777 14.257619964839748
      vertex 123.7471591681242 135.87948844808 14.010716850625506
      vertex 121.92570000141859 136.02310378419818 14.160693657389466
    endloop
  endfacet
  facet normal 1.1125199003012622e-14 0.7222586421846551 -0.6916230575895936
    outer loop
      vertex 121.92570000141859 136.02310378419818 14.160693657389466
      vertex 123.70809999853373 135.74286503341392 13.868041673902454
      vertex 121.89925222098827 135.93285542868892 14.066447732540333
    endloop
  endfacet
  facet normal 3.2107566367961585e-15 0.7222586421846594 -0.6916230575895892
    outer loop
      vertex 121.94807888567448 136.11591883022777 14.257619964839748
      vertex 123.7791166678071 136.0198377861056 14.157282991244315
      vertex 123.7471591681242 135.87948844808 14.010716850625506
    endloop
  endfacet
  facet normal -8.834750289386255e-15 0.7222586421845943 -0.6916230575896569
    outer loop
      vertex 121.92570000141859 136.02310378419818 14.160693657389466
      vertex 123.7471591681242 135.87948844808 14.010716850625506
      vertex 123.70809999853373 135.74286503341392 13.868041673902454
    endloop
  endfacet
  facet normal -0.05738773776580244 0.6904832391155453 0.7210683352183953
    outer loop
      vertex 119.62114138901234 134.56456719582576 12.637550892939394
      vertex 119.7484555542469 134.13627353821659 13.057810456598084
      vertex 119.7484555542469 134.56962872352733 12.642836622044314
    endloop
  endfacet
  facet normal -0.018676681149707733 0.6915024216380279 0.7221326626389193
    outer loop
      vertex 119.49054999649525 134.56288002336055 12.635788986825254
      vertex 119.62114138901234 134.131212010515 13.052524727493164
      vertex 119.62114138901234 134.56456719582576 12.637550892939394
    endloop
  endfacet
  facet normal -0.14001280071331826 0.6848103585242175 0.7151441732226764
    outer loop
      vertex 119.87249249964952 134.57806460646535 12.651646174140012
      vertex 119.9932522252202 134.15651965417595 13.078953378399014
      vertex 119.9932522252202 134.58987483948673 12.663979543845244
    endloop
  endfacet
  facet normal -0.09786340519188123 0.6883031675077458 0.7187916968935115
    outer loop
      vertex 119.87249249964952 134.57806460646535 12.651646174140012
      vertex 119.7484555542469 134.56962872352733 12.642836622044314
      vertex 119.87249249964952 134.14470942115457 13.066620008693782
    endloop
  endfacet
  facet normal -0.22873283910306863 0.6732876004082574 0.7031110121825289
    outer loop
      vertex 120.11073472350836 134.60505942259152 12.679836731160002
      vertex 120.22494000196457 134.19026317046894 13.114191570638063
      vertex 120.22494000196457 134.6236183557797 12.699217736084293
    endloop
  endfacet
  facet normal -0.18369869283241286 0.6798534307885431 0.7099676773605333
    outer loop
      vertex 119.9932522252202 134.58987483948673 12.663979543845244
      vertex 120.11073472350836 134.17170423728075 13.094810565713772
      vertex 120.11073472350836 134.60505942259152 12.679836731160002
    endloop
  endfacet
  facet normal -0.3218269397618339 0.6548276812494975 0.6838334071343248
    outer loop
      vertex 120.33586805313826 134.6455516442043 12.722122563999363
      vertex 120.44351889193058 134.2375041025545 13.163525049458983
      vertex 120.44351889193058 134.67085928786528 12.748551214905213
    endloop
  endfacet
  facet normal -0.274873772584384 0.6649819599527655 0.6944374716866932
    outer loop
      vertex 120.33586805313826 134.6455516442043 12.722122563999363
      vertex 120.22494000196457 134.6236183557797 12.699217736084293
      vertex 120.33586805313826 134.21219645889352 13.137096398553133
    endloop
  endfacet
  facet normal -0.05738773776595612 0.6904832391155156 0.7210683352184115
    outer loop
      vertex 119.62114138901234 134.56456719582576 12.637550892939394
      vertex 119.62114138901234 134.131212010515 13.052524727493164
      vertex 119.7484555542469 134.13627353821659 13.057810456598084
    endloop
  endfacet
  facet normal -0.018676681149707712 0.6915024216380279 0.7221326626389193
    outer loop
      vertex 119.49054999649525 134.56288002336055 12.635788986825254
      vertex 119.49054999649525 134.12952483804978 13.050762821379024
      vertex 119.62114138901234 134.131212010515 13.052524727493164
    endloop
  endfacet
  facet normal -0.14001280071331842 0.6848103585242175 0.7151441732226764
    outer loop
      vertex 119.87249249964952 134.57806460646535 12.651646174140012
      vertex 119.87249249964952 134.14470942115457 13.066620008693782
      vertex 119.9932522252202 134.15651965417595 13.078953378399014
    endloop
  endfacet
  facet normal -0.09786340519172515 0.68830316750778 0.7187916968935002
    outer loop
      vertex 119.7484555542469 134.56962872352733 12.642836622044314
      vertex 119.7484555542469 134.13627353821659 13.057810456598084
      vertex 119.87249249964952 134.14470942115457 13.066620008693782
    endloop
  endfacet
  facet normal -0.22873283910306857 0.6732876004082574 0.7031110121825289
    outer loop
      vertex 120.11073472350836 134.60505942259152 12.679836731160002
      vertex 120.11073472350836 134.17170423728075 13.094810565713772
      vertex 120.22494000196457 134.19026317046894 13.114191570638063
    endloop
  endfacet
  facet normal -0.18369869283241275 0.6798534307885432 0.7099676773605335
    outer loop
      vertex 119.9932522252202 134.58987483948673 12.663979543845244
      vertex 119.9932522252202 134.15651965417595 13.078953378399014
      vertex 120.11073472350836 134.17170423728075 13.094810565713772
    endloop
  endfacet
  facet normal -0.3218269397618339 0.6548276812494973 0.6838334071343248
    outer loop
      vertex 120.33586805313826 134.6455516442043 12.722122563999363
      vertex 120.33586805313826 134.21219645889352 13.137096398553133
      vertex 120.44351889193058 134.2375041025545 13.163525049458983
    endloop
  endfacet
  facet normal -0.274873772584384 0.6649819599527655 0.6944374716866932
    outer loop
      vertex 120.22494000196457 134.6236183557797 12.699217736084293
      vertex 120.22494000196457 134.19026317046894 13.114191570638063
      vertex 120.33586805313826 134.21219645889352 13.137096398553133
    endloop
  endfacet
  facet normal -0.7518316260606277 0.45602522080193353 0.4762249510972523
    outer loop
      vertex 121.33978000283241 135.10952505120397 13.206647767825352
      vertex 121.26490139216185 135.05047389125002 13.144980924680453
      vertex 121.33978000283241 134.6761698658932 13.621621602379122
    endloop
  endfacet
  facet normal -0.7174832863563647 0.48176782936159246 0.5031078337608054
    outer loop
      vertex 121.26490139216185 135.05047389125002 13.144980924680453
      vertex 121.18674555420876 134.99479708137946 13.086837899145081
      vertex 121.26490139216185 134.61711870593925 13.559954759234223
    endloop
  endfacet
  facet normal -0.6409967901749445 0.530850823119177 0.5543649687517334
    outer loop
      vertex 121.10531249642372 134.9424946267453 13.032218696600495
      vertex 121.02060221880674 134.89356652219453 12.981123311665435
      vertex 121.10531249642372 134.5091394414345 13.447192531154265
    endloop
  endfacet
  facet normal -0.5992682613547489 0.5536776501646804 0.5782029147634716
    outer loop
      vertex 121.02060221880674 134.89356652219453 12.981123311665435
      vertex 120.93261472135782 134.84801276772714 12.933551744339908
      vertex 121.02060221880674 134.46021133688373 13.396097146219205
    endloop
  endfacet
  facet normal -0.6804818489561552 0.5067971263850318 0.5292458086079533
    outer loop
      vertex 121.10531249642372 134.9424946267453 13.032218696600495
      vertex 121.18674555420876 134.5614418960687 13.501811733698851
      vertex 121.18674555420876 134.99479708137946 13.086837899145081
    endloop
  endfacet
  facet normal -0.41675577014085596 0.6286981523638963 0.656546465429923
    outer loop
      vertex 120.64898888766766 134.73159762543742 12.811979969545497
      vertex 120.54789250344038 134.69954128160964 12.778503683420588
      vertex 120.64898888766766 134.29824244012667 13.226953804099267
    endloop
  endfacet
  facet normal -0.5103567819699132 0.5947700761024565 0.6211155381009177
    outer loop
      vertex 120.84134999662638 134.80583336849617 12.88950400000516
      vertex 120.74680805206299 134.7670283193486 12.84898007327994
      vertex 120.84134999662638 134.37247818318542 13.30447783455893
    endloop
  endfacet
  facet normal -0.46393393682564865 0.6126879795888729 0.6398271187819096
    outer loop
      vertex 120.64898888766766 134.73159762543742 12.811979969545497
      vertex 120.74680805206299 134.33367313403784 13.26395390783371
      vertex 120.74680805206299 134.7670283193486 12.84898007327994
    endloop
  endfacet
  facet normal -0.3692490179168172 0.6427463961674847 0.6712169790620441
    outer loop
      vertex 120.54789250344038 134.69954128160964 12.778503683420588
      vertex 120.44351889193058 134.67085928786528 12.748551214905213
      vertex 120.54789250344038 134.2661860962989 13.193477517974358
    endloop
  endfacet
  facet normal -1.4490668822516703e-13 0.7222586421845628 -0.69162305758969
    outer loop
      vertex 121.02060221880674 134.89356652219453 12.981123311665435
      vertex 121.81919000297785 133.94375980870163 11.98924471580714
      vertex 120.93261472135782 134.84801276772714 12.933551744339908
    endloop
  endfacet
  facet normal -0.5556015329024562 0.5750490904196627 0.6005210073294353
    outer loop
      vertex 120.84134999662638 134.80583336849617 12.88950400000516
      vertex 120.93261472135782 134.4146575824164 13.348525578893678
      vertex 120.93261472135782 134.84801276772714 12.933551744339908
    endloop
  endfacet
  facet normal -0.7831085024571938 0.4301100719832791 0.44916188546869135
    outer loop
      vertex 121.33978000283241 135.10952505120397 13.206647767825352
      vertex 121.33978000283241 134.6761698658932 13.621621602379122
      vertex 121.41098555922508 134.73818463598496 13.686383329378167
    endloop
  endfacet
  facet normal -0.7518316260606276 0.45602522080193353 0.4762249510972523
    outer loop
      vertex 121.26490139216185 135.05047389125002 13.144980924680453
      vertex 121.26490139216185 134.61711870593925 13.559954759234223
      vertex 121.33978000283241 134.6761698658932 13.621621602379122
    endloop
  endfacet
  facet normal -0.680481848956155 0.5067971263850318 0.5292458086079533
    outer loop
      vertex 121.10531249642372 134.9424946267453 13.032218696600495
      vertex 121.10531249642372 134.5091394414345 13.447192531154265
      vertex 121.18674555420876 134.5614418960687 13.501811733698851
    endloop
  endfacet
  facet normal -0.6409967901750496 0.5308508231190981 0.5543649687516874
    outer loop
      vertex 121.02060221880674 134.89356652219453 12.981123311665435
      vertex 121.02060221880674 134.46021133688373 13.396097146219205
      vertex 121.10531249642372 134.5091394414345 13.447192531154265
    endloop
  endfacet
  facet normal -0.5992682613545196 0.5536776501648368 0.5782029147635593
    outer loop
      vertex 120.93261472135782 134.84801276772714 12.933551744339908
      vertex 120.93261472135782 134.4146575824164 13.348525578893678
      vertex 121.02060221880674 134.46021133688373 13.396097146219205
    endloop
  endfacet
  facet normal -0.7174832863563646 0.48176782936159246 0.5031078337608054
    outer loop
      vertex 121.18674555420876 134.99479708137946 13.086837899145081
      vertex 121.18674555420876 134.5614418960687 13.501811733698851
      vertex 121.26490139216185 134.61711870593925 13.559954759234223
    endloop
  endfacet
  facet normal -0.41675577014085585 0.6286981523638964 0.6565464654299232
    outer loop
      vertex 120.54789250344038 134.69954128160964 12.778503683420588
      vertex 120.54789250344038 134.2661860962989 13.193477517974358
      vertex 120.64898888766766 134.29824244012667 13.226953804099267
    endloop
  endfacet
  facet normal -0.5556015329024562 0.5750490904196627 0.6005210073294353
    outer loop
      vertex 120.84134999662638 134.80583336849617 12.88950400000516
      vertex 120.84134999662638 134.37247818318542 13.30447783455893
      vertex 120.93261472135782 134.4146575824164 13.348525578893678
    endloop
  endfacet
  facet normal -0.5103567819700454 0.5947700761023819 0.6211155381008805
    outer loop
      vertex 120.74680805206299 134.7670283193486 12.84898007327994
      vertex 120.74680805206299 134.33367313403784 13.26395390783371
      vertex 120.84134999662638 134.37247818318542 13.30447783455893
    endloop
  endfacet
  facet normal -0.46393393682550876 0.6126879795889445 0.6398271187819425
    outer loop
      vertex 120.64898888766766 134.73159762543742 12.811979969545497
      vertex 120.64898888766766 134.29824244012667 13.226953804099267
      vertex 120.74680805206299 134.33367313403784 13.26395390783371
    endloop
  endfacet
  facet normal -0.36924901791696846 0.6427463961674212 0.6712169790620219
    outer loop
      vertex 120.44351889193058 134.67085928786528 12.748551214905213
      vertex 120.44351889193058 134.2375041025545 13.163525049458983
      vertex 120.54789250344038 134.2661860962989 13.193477517974358
    endloop
  endfacet
  facet normal -0.9513516245302022 0.21309408841322228 0.22253313458243285
    outer loop
      vertex 121.7954955548048 135.67751050013 13.799792248218537
      vertex 121.83415000140667 135.32670359876755 14.300970859818015
      vertex 121.83415000140667 135.76005878407832 13.885997025264246
    endloop
  endfacet
  facet normal -0.9380325250692407 0.23968005410486942 0.25029673105438527
    outer loop
      vertex 121.7954955548048 135.67751050013 13.799792248218537
      vertex 121.75277221947908 135.59752890154903 13.716267848392732
      vertex 121.7954955548048 135.24415531481924 14.214766082772307
    endloop
  endfacet
  facet normal -0.9226262314245658 0.2667557381578481 0.2785717380625059
    outer loop
      vertex 121.75277221947908 135.59752890154903 13.716267848392732
      vertex 121.7059800028801 135.52011399864134 13.635423836549315
      vertex 121.75277221947908 135.16417371623825 14.131241682946502
    endloop
  endfacet
  facet normal -0.905032750072606 0.2941762567812956 0.30720685415882426
    outer loop
      vertex 121.7059800028801 135.52011399864134 13.635423836549315
      vertex 121.65511889010668 135.445265781101 13.557260201925793
      vertex 121.7059800028801 135.08675881333056 14.050397671103084
    endloop
  endfacet
  facet normal -0.8630343783934266 0.3493700599657043 0.36484547812825074
    outer loop
      vertex 121.60018888860941 135.37298425408096 13.48177694990342
      vertex 121.54118999838829 135.30326942273422 13.408974085863434
      vertex 121.60018888860941 134.93962906877016 13.89675078445719
    endloop
  endfacet
  facet normal -0.8851808094842377 0.3217756742104002 0.3360287934199572
    outer loop
      vertex 121.60018888860941 135.37298425408096 13.48177694990342
      vertex 121.65511889010668 135.0119105957902 13.972234036479563
      vertex 121.65511889010668 135.445265781101 13.557260201925793
    endloop
  endfacet
  facet normal -0.8385986022410283 0.3767615475114974 0.39345027720937664
    outer loop
      vertex 121.54118999838829 135.30326942273422 13.408974085863434
      vertex 121.47812221944332 135.23612127675483 13.338851599043345
      vertex 121.54118999838829 134.86991423742344 13.823947920417204
    endloop
  endfacet
  facet normal -0.8119239562615586 0.4037440985182649 0.4216280258240101
    outer loop
      vertex 121.47812221944332 135.23612127675483 13.338851599043345
      vertex 121.41098555922508 135.17153982129574 13.271409494824397
      vertex 121.47812221944332 134.80276609144403 13.753825433597115
    endloop
  endfacet
  facet normal -2.3050473950837655e-14 0.7222586421845884 -0.6916230575896634
    outer loop
      vertex 121.75277221947908 135.59752890154903 13.716267848392732
      vertex 123.32461000233889 135.0013690390279 13.093700962999861
      vertex 121.7059800028801 135.52011399864134 13.635423836549315
    endloop
  endfacet
  facet normal 6.292891640057141e-14 0.722258642184709 -0.6916230575895373
    outer loop
      vertex 121.7059800028801 135.52011399864134 13.635423836549315
      vertex 123.23583916574717 134.89082711879666 12.978262565834555
      vertex 121.65511889010668 135.445265781101 13.557260201925793
    endloop
  endfacet
  facet normal -1.1614970878891127e-14 0.7222586421846127 -0.6916230575896379
    outer loop
      vertex 121.60018888860941 135.37298425408096 13.48177694990342
      vertex 121.65511889010668 135.445265781101 13.557260201925793
      vertex 123.13996666669846 134.78401112192495 12.866715132564998
    endloop
  endfacet
  facet normal -0.9513516245302022 0.21309408841322228 0.22253313458243285
    outer loop
      vertex 121.7954955548048 135.67751050013 13.799792248218537
      vertex 121.7954955548048 135.24415531481924 14.214766082772307
      vertex 121.83415000140667 135.32670359876755 14.300970859818015
    endloop
  endfacet
  facet normal -0.9380325250692407 0.23968005410486937 0.2502967310543852
    outer loop
      vertex 121.75277221947908 135.59752890154903 13.716267848392732
      vertex 121.75277221947908 135.16417371623825 14.131241682946502
      vertex 121.7954955548048 135.24415531481924 14.214766082772307
    endloop
  endfacet
  facet normal -0.9226262314245658 0.2667557381578481 0.2785717380625059
    outer loop
      vertex 121.7059800028801 135.52011399864134 13.635423836549315
      vertex 121.7059800028801 135.08675881333056 14.050397671103084
      vertex 121.75277221947908 135.16417371623825 14.131241682946502
    endloop
  endfacet
  facet normal -0.9627052288843609 0.18712033070104017 0.19540886396743498
    outer loop
      vertex 121.8687355518341 135.4118185732362 14.389856019464865
      vertex 121.83415000140667 135.76005878407832 13.885997025264246
      vertex 121.83415000140667 135.32670359876755 14.300970859818015
    endloop
  endfacet
  facet normal -0.9050327500726357 0.2941762567812418 0.3072068541587883
    outer loop
      vertex 121.65511889010668 135.445265781101 13.557260201925793
      vertex 121.65511889010668 135.0119105957902 13.972234036479563
      vertex 121.7059800028801 135.08675881333056 14.050397671103084
    endloop
  endfacet
  facet normal -0.8851808094842377 0.3217756742104002 0.3360287934199572
    outer loop
      vertex 121.60018888860941 135.37298425408096 13.48177694990342
      vertex 121.60018888860941 134.93962906877016 13.89675078445719
      vertex 121.65511889010668 135.0119105957902 13.972234036479563
    endloop
  endfacet
  facet normal -0.8630343783933837 0.3493700599657671 0.3648454781282923
    outer loop
      vertex 121.54118999838829 135.30326942273422 13.408974085863434
      vertex 121.54118999838829 134.86991423742344 13.823947920417204
      vertex 121.60018888860941 134.93962906877016 13.89675078445719
    endloop
  endfacet
  facet normal -0.8385986022410787 0.37676154751143087 0.3934502772093329
    outer loop
      vertex 121.47812221944332 135.23612127675483 13.338851599043345
      vertex 121.47812221944332 134.80276609144403 13.753825433597115
      vertex 121.54118999838829 134.86991423742344 13.823947920417204
    endloop
  endfacet
  facet normal -0.8119239562615005 0.40374409851833487 0.42162802582405545
    outer loop
      vertex 121.47812221944332 134.80276609144403 13.753825433597115
      vertex 121.41098555922508 135.17153982129574 13.271409494824397
      vertex 121.41098555922508 134.73818463598496 13.686383329378167
    endloop
  endfacet
  facet normal -2.1161685882102378e-14 0.7222586421845645 -0.6916230575896882
    outer loop
      vertex 121.89925222098827 135.93285542868892 14.066447732540333
      vertex 123.66193916648626 135.6099675524134 13.729257471837641
      vertex 121.8687355518341 135.84517375854696 13.974882184911095
    endloop
  endfacet
  facet normal 3.300816212689095e-16 0.7222586421846172 -0.691623057589633
    outer loop
      vertex 121.8687355518341 135.84517375854696 13.974882184911095
      vertex 123.60867666453123 135.4807959947724 13.594364233668585
      vertex 121.83415000140667 135.76005878407832 13.885997025264246
    endloop
  endfacet
  facet normal 1.0402342631403158e-14 0.722258642184653 -0.6916230575895957
    outer loop
      vertex 121.7954955548048 135.67751050013 13.799792248218537
      vertex 121.83415000140667 135.76005878407832 13.885997025264246
      vertex 123.54831250011921 135.35535036564397 13.463361964776531
    endloop
  endfacet
  facet normal 8.554363790525409e-15 0.7222586421846416 -0.6916230575896077
    outer loop
      vertex 121.7954955548048 135.67751050013 13.799792248218537
      vertex 123.48084666579962 135.23363066502807 13.336250665161472
      vertex 121.75277221947908 135.59752890154903 13.716267848392732
    endloop
  endfacet
  facet normal 7.882888243651857e-15 0.7222586421846403 -0.6916230575896091
    outer loop
      vertex 121.89925222098827 135.93285542868892 14.066447732540333
      vertex 123.70809999853373 135.74286503341392 13.868041673902454
      vertex 123.66193916648626 135.6099675524134 13.729257471837641
    endloop
  endfacet
  facet normal -1.8421601671403998e-14 0.7222586421845746 -0.6916230575896777
    outer loop
      vertex 121.8687355518341 135.84517375854696 13.974882184911095
      vertex 123.66193916648626 135.6099675524134 13.729257471837641
      vertex 123.60867666453123 135.4807959947724 13.594364233668585
    endloop
  endfacet
  facet normal 1.5424289797888755e-14 0.7222586421846632 -0.6916230575895852
    outer loop
      vertex 121.83415000140667 135.76005878407832 13.885997025264246
      vertex 123.60867666453123 135.4807959947724 13.594364233668585
      vertex 123.54831250011921 135.35535036564397 13.463361964776531
    endloop
  endfacet
  facet normal 1.9364055933221783e-16 0.7222586421846264 -0.6916230575896235
    outer loop
      vertex 121.7954955548048 135.67751050013 13.799792248218537
      vertex 123.54831250011921 135.35535036564397 13.463361964776531
      vertex 123.48084666579962 135.23363066502807 13.336250665161472
    endloop
  endfacet
  facet normal 1.1402788168869285e-14 0.7222586421846481 -0.6916230575896007
    outer loop
      vertex 121.75277221947908 135.59752890154903 13.716267848392732
      vertex 123.48084666579962 135.23363066502807 13.336250665161472
      vertex 123.40627916902304 135.11563688777173 13.213030329442162
    endloop
  endfacet
  facet normal -3.13613606132485e-14 0.7222586421845776 -0.6916230575896745
    outer loop
      vertex 121.75277221947908 135.59752890154903 13.716267848392732
      vertex 123.40627916902304 135.11563688777173 13.213030329442162
      vertex 123.32461000233889 135.0013690390279 13.093700962999861
    endloop
  endfacet
  facet normal -2.6326019116574063e-14 0.7222586421845982 -0.6916230575896528
    outer loop
      vertex 121.33978000283241 135.10952505120397 13.206647767825352
      vertex 121.41098555922508 135.17153982129574 13.271409494824397
      vertex 122.68546000123024 134.39400641956348 12.459435092256783
    endloop
  endfacet
  facet normal -0.7831085024571937 0.4301100719832791 0.44916188546869135
    outer loop
      vertex 121.33978000283241 135.10952505120397 13.206647767825352
      vertex 121.41098555922508 134.73818463598496 13.686383329378167
      vertex 121.41098555922508 135.17153982129574 13.271409494824397
    endloop
  endfacet
  facet normal -5.63642982821243e-14 0.7222586421845609 -0.691623057589692
    outer loop
      vertex 121.60018888860941 135.37298425408096 13.48177694990342
      vertex 123.03699249774218 134.68092105871875 12.759058673953696
      vertex 121.54118999838829 135.30326942273422 13.408974085863434
    endloop
  endfacet
  facet normal 4.682868104984285e-14 0.7222586421846802 -0.6916230575895674
    outer loop
      vertex 121.54118999838829 135.30326942273422 13.408974085863434
      vertex 122.9269166663289 134.58155691887214 12.655293179238136
      vertex 121.47812221944332 135.23612127675483 13.338851599043345
    endloop
  endfacet
  facet normal -1.8151402817102432e-14 0.72225864218461 -0.6916230575896407
    outer loop
      vertex 121.47812221944332 135.23612127675483 13.338851599043345
      vertex 122.80973916500807 134.48591870238505 12.555418648418339
      vertex 121.41098555922508 135.17153982129574 13.271409494824397
    endloop
  endfacet
  facet normal 2.348067033501117e-14 0.7222586421846295 -0.6916230575896203
    outer loop
      vertex 121.26490139216185 135.05047389125002 13.144980924680453
      vertex 122.27716249972582 134.1463707812706 12.20083038278792
      vertex 121.18674555420876 134.99479708137946 13.086837899145081
    endloop
  endfacet
  facet normal 3.382751964554571e-14 0.7222586421846509 -0.6916230575895981
    outer loop
      vertex 121.33978000283241 135.10952505120397 13.206647767825352
      vertex 122.55488027632236 134.30645846959854 12.36800918796709
      vertex 121.26490139216185 135.05047389125002 13.144980924680453
    endloop
  endfacet
  facet normal -5.301763961484677e-14 0.7222586421846 -0.691623057589651
    outer loop
      vertex 121.10531249642372 134.9424946267453 13.032218696600495
      vertex 121.18674555420876 134.99479708137946 13.086837899145081
      vertex 122.13002444803715 134.07383105321364 12.125077492660921
    endloop
  endfacet
  facet normal 7.23813913313639e-14 0.7222586421846641 -0.6916230575895842
    outer loop
      vertex 121.10531249642372 134.9424946267453 13.032218696600495
      vertex 121.97736694663763 134.0062940623573 12.05454893700066
      vertex 121.02060221880674 134.89356652219453 12.981123311665435
    endloop
  endfacet
  facet normal 2.456984675217695e-14 0.7222586421846442 -0.691623057589605
    outer loop
      vertex 121.33978000283241 135.10952505120397 13.206647767825352
      vertex 122.68546000123024 134.39400641956348 12.459435092256783
      vertex 122.55488027632236 134.30645846959854 12.36800918796709
    endloop
  endfacet
  facet normal 3.960264405645513e-14 0.7222586421846817 -0.6916230575895657
    outer loop
      vertex 121.7059800028801 135.52011399864134 13.635423836549315
      vertex 123.32461000233889 135.0013690390279 13.093700962999861
      vertex 123.23583916574717 134.89082711879666 12.978262565834555
    endloop
  endfacet
  facet normal 6.701970424562516e-15 0.7222586421846323 -0.6916230575896175
    outer loop
      vertex 121.65511889010668 135.445265781101 13.557260201925793
      vertex 123.23583916574717 134.89082711879666 12.978262565834555
      vertex 123.13996666669846 134.78401112192495 12.866715132564998
    endloop
  endfacet
  facet normal -3.974444501793576e-14 0.7222586421845775 -0.6916230575896747
    outer loop
      vertex 121.60018888860941 135.37298425408096 13.48177694990342
      vertex 123.13996666669846 134.78401112192495 12.866715132564998
      vertex 123.03699249774218 134.68092105871875 12.759058673953696
    endloop
  endfacet
  facet normal 4.9059050144628164e-14 0.722258642184682 -0.6916230575895652
    outer loop
      vertex 121.54118999838829 135.30326942273422 13.408974085863434
      vertex 123.03699249774218 134.68092105871875 12.759058673953696
      vertex 122.9269166663289 134.58155691887214 12.655293179238136
    endloop
  endfacet
  facet normal -2.4122484436884072e-14 0.7222586421846047 -0.6916230575896464
    outer loop
      vertex 121.47812221944332 135.23612127675483 13.338851599043345
      vertex 122.9269166663289 134.58155691887214 12.655293179238136
      vertex 122.80973916500807 134.48591870238505 12.555418648418339
    endloop
  endfacet
  facet normal -4.551581073613954e-14 0.7222586421845835 -0.6916230575896684
    outer loop
      vertex 121.41098555922508 135.17153982129574 13.271409494824397
      vertex 122.80973916500807 134.48591870238505 12.555418648418339
      vertex 122.68546000123024 134.39400641956348 12.459435092256783
    endloop
  endfacet
  facet normal 0.8496114872225355 -0.36476826943769297 -0.3809257544337766
    outer loop
      vertex 123.13996666669846 134.78401112192495 12.866715132564998
      vertex 123.23583916574717 134.89082711879666 12.978262565834555
      vertex 123.13996666669846 134.35065593661415 13.281688967118768
    endloop
  endfacet
  facet normal 0.8227547930835772 -0.39311610654240214 -0.4105292647728573
    outer loop
      vertex 123.13996666669846 134.78401112192495 12.866715132564998
      vertex 123.03699249774218 134.24756587340798 13.174032508507466
      vertex 123.03699249774218 134.68092105871875 12.759058673953696
    endloop
  endfacet
  facet normal 0.7937922151387242 -0.42063756958321563 -0.4392697966401548
    outer loop
      vertex 122.9269166663289 134.58155691887214 12.655293179238136
      vertex 123.03699249774218 134.68092105871875 12.759058673953696
      vertex 122.9269166663289 134.14820173356134 13.070267013791906
    endloop
  endfacet
  facet normal 0.8496114872225355 -0.36476826943769297 -0.3809257544337766
    outer loop
      vertex 123.13996666669846 134.35065593661415 13.281688967118768
      vertex 123.23583916574717 134.89082711879666 12.978262565834555
      vertex 123.23583916574717 134.45747193348586 13.393236400388325
    endloop
  endfacet
  facet normal 0.8227547930835422 -0.39311610654242385 -0.41052926477290685
    outer loop
      vertex 123.13996666669846 134.78401112192495 12.866715132564998
      vertex 123.13996666669846 134.35065593661415 13.281688967118768
      vertex 123.03699249774218 134.24756587340798 13.174032508507466
    endloop
  endfacet
  facet normal 0.7937922151387643 -0.4206375695831937 -0.43926979664010324
    outer loop
      vertex 123.03699249774218 134.68092105871875 12.759058673953696
      vertex 123.03699249774218 134.24756587340798 13.174032508507466
      vertex 122.9269166663289 134.14820173356134 13.070267013791906
    endloop
  endfacet
  facet normal 0.996761512243185 0.05561650473489436 0.05808004917140071
    outer loop
      vertex 123.80970777571201 137.02017985884083 15.201935420404105
      vertex 123.82118000090122 136.48847472006634 15.514202870218178
      vertex 123.82118000090122 136.9218299053771 15.099229035664408
    endloop
  endfacet
  facet normal 0.9983892116253559 0.03923997708014584 0.040978119879396195
    outer loop
      vertex 123.82118000090122 136.9218299053771 15.099229035664408
      vertex 123.82937444746494 136.38874383137818 15.410054381446265
      vertex 123.82937444746494 136.82209901668895 14.995080546892495
    endloop
  endfacet
  facet normal 0.9994349626152889 0.02324672060943728 0.0242764388468091
    outer loop
      vertex 123.82937444746494 136.82209901668895 14.995080546892495
      vertex 123.8342911079526 136.28763199715965 15.304463777879654
      vertex 123.8342911079526 136.72098718247042 14.889489943325884
    endloop
  endfacet
  facet normal 0.9999388520584542 0.007648367423838578 0.007987153421001973
    outer loop
      vertex 123.8342911079526 136.72098718247042 14.889489943325884
      vertex 123.83592999726534 136.18513922256372 15.197431064899583
      vertex 123.83592999726534 136.6184944078745 14.782457230345813
    endloop
  endfacet
  facet normal 0.999874914685333 -0.010938909835763184 -0.011423451081132586
    outer loop
      vertex 123.83592999726534 136.6184944078745 14.782457230345813
      vertex 123.83237916976213 136.02988617564094 15.035301052554018
      vertex 123.83237916976213 136.4632413609517 14.620327218000249
    endloop
  endfacet
  facet normal 0.996761512243186 0.05561650473488863 0.05808004917139093
    outer loop
      vertex 123.80970777571201 137.02017985884083 15.201935420404105
      vertex 123.80970777571201 136.5868246735301 15.616909254957875
      vertex 123.82118000090122 136.48847472006634 15.514202870218178
    endloop
  endfacet
  facet normal 0.9983892116253559 0.03923997708014584 0.040978119879396195
    outer loop
      vertex 123.82118000090122 136.9218299053771 15.099229035664408
      vertex 123.82118000090122 136.48847472006634 15.514202870218178
      vertex 123.82937444746494 136.38874383137818 15.410054381446265
    endloop
  endfacet
  facet normal 0.9994349626152889 0.02324672060943728 0.0242764388468091
    outer loop
      vertex 123.82937444746494 136.82209901668895 14.995080546892495
      vertex 123.82937444746494 136.38874383137818 15.410054381446265
      vertex 123.8342911079526 136.28763199715965 15.304463777879654
    endloop
  endfacet
  facet normal 0.9999388520584542 0.007648367423838576 0.007987153421001971
    outer loop
      vertex 123.8342911079526 136.72098718247042 14.889489943325884
      vertex 123.8342911079526 136.28763199715965 15.304463777879654
      vertex 123.83592999726534 136.18513922256372 15.197431064899583
    endloop
  endfacet
  facet normal 0.999874914685333 -0.010938909835763184 -0.011423451081132586
    outer loop
      vertex 123.83592999726534 136.6184944078745 14.782457230345813
      vertex 123.83592999726534 136.18513922256372 15.197431064899583
      vertex 123.83237916976213 136.02988617564094 15.035301052554018
    endloop
  endfacet
  facet normal 0.9988200530320615 -0.03358826389981846 -0.035076062909424124
    outer loop
      vertex 123.83237916976213 136.4632413609517 14.620327218000249
      vertex 123.82172666490078 135.87835905723068 14.877062009485456
      vertex 123.82172666490078 136.31171424254146 14.462088174931687
    endloop
  endfacet
  facet normal 0.996566693564014 -0.05726215106160998 -0.059798589738269715
    outer loop
      vertex 123.82172666490078 136.31171424254146 14.462088174931687
      vertex 123.80397249758244 135.73055786217998 14.72271393031265
      vertex 123.80397249758244 136.16391304749075 14.30774009575888
    endloop
  endfacet
  facet normal 0.9929566486857558 -0.0819422839996365 -0.08557193420552715
    outer loop
      vertex 123.80397249758244 136.16391304749075 14.30774009575888
      vertex 123.7791166678071 135.58648260079482 14.572256825798085
      vertex 123.7791166678071 136.0198377861056 14.157282991244315
    endloop
  endfacet
  facet normal 0.9878256417177457 -0.10759241284358516 -0.11235824074548167
    outer loop
      vertex 123.7791166678071 136.0198377861056 14.157282991244315
      vertex 123.7471591681242 135.4461332627692 14.425690685179276
      vertex 123.7471591681242 135.87948844808 14.010716850625506
    endloop
  endfacet
  facet normal 0.9988200530320616 -0.03358826389981846 -0.03507606290942413
    outer loop
      vertex 123.83237916976213 136.4632413609517 14.620327218000249
      vertex 123.83237916976213 136.02988617564094 15.035301052554018
      vertex 123.82172666490078 135.87835905723068 14.877062009485456
    endloop
  endfacet
  facet normal 0.996566693564014 -0.05726215106160998 -0.059798589738269715
    outer loop
      vertex 123.82172666490078 136.31171424254146 14.462088174931687
      vertex 123.82172666490078 135.87835905723068 14.877062009485456
      vertex 123.80397249758244 135.73055786217998 14.72271393031265
    endloop
  endfacet
  facet normal 0.992956648685756 -0.0819422839996365 -0.08557193420552715
    outer loop
      vertex 123.80397249758244 136.16391304749075 14.30774009575888
      vertex 123.80397249758244 135.73055786217998 14.72271393031265
      vertex 123.7791166678071 135.58648260079482 14.572256825798085
    endloop
  endfacet
  facet normal 0.9878256417177479 -0.10759241284357865 -0.11235824074546749
    outer loop
      vertex 123.7791166678071 136.0198377861056 14.157282991244315
      vertex 123.7791166678071 135.58648260079482 14.572256825798085
      vertex 123.7471591681242 135.4461332627692 14.425690685179276
    endloop
  endfacet
  facet normal 0.9810070296717169 -0.1341556342169326 -0.14009808543491176
    outer loop
      vertex 123.7471591681242 135.87948844808 14.010716850625506
      vertex 123.7471591681242 135.4461332627692 14.425690685179276
      vertex 123.70809999853373 135.30950984810315 14.283015508456224
    endloop
  endfacet
  facet normal 4.5988588688424564e-15 0.7222586421846284 -0.6916230575896214
    outer loop
      vertex 125.19754000008106 139.6196889228425 17.91659026932689
      vertex 126.79657000303268 136.11199809280225 14.253525557549196
      vertex 125.19754000008106 133.6722009299367 11.705657081043348
    endloop
  endfacet
  facet normal 0.9999869241584597 -0.0035368599731460206 -0.0036935259080346913
    outer loop
      vertex 126.79657000303268 136.11199809280225 14.253525557549196
      vertex 126.79623111337423 135.63281039154379 14.620636715500382
      vertex 126.79623111337423 136.06616557685453 14.205662880946612
    endloop
  endfacet
  facet normal 0.9998902115458986 -0.010248277482688764 -0.010702227026922006
    outer loop
      vertex 126.79623111337423 136.06616557685453 14.205662880946612
      vertex 126.79521444439888 135.5853621699954 14.571086765287554
      vertex 126.79521444439888 136.01871735530617 14.156112930733784
    endloop
  endfacet
  facet normal 0.9997148645152337 -0.016515021180004596 -0.017246557416248122
    outer loop
      vertex 126.7935200035572 135.96965342300413 14.104875701529473
      vertex 126.79521444439888 136.01871735530617 14.156112930733784
      vertex 126.7935200035572 135.53629823769336 14.519849536083242
    endloop
  endfacet
  facet normal 0.9994763833749095 -0.0223786722872625 -0.023369940146910913
    outer loop
      vertex 126.7935200035572 135.96965342300413 14.104875701529473
      vertex 126.79114777594805 135.48561859979066 14.466925033268687
      vertex 126.79114777594805 135.91897378510143 14.051951198714917
    endloop
  endfacet
  facet normal 0.999187445028519 -0.027875495588468836 -0.029110246358931117
    outer loop
      vertex 126.79114777594805 135.91897378510143 14.051951198714917
      vertex 126.78809777647257 135.43332325113428 14.412313251462642
      vertex 126.78809777647257 135.86667843644506 13.997339416908872
    endloop
  endfacet
  facet normal 0.9988584122710242 -0.033038104732563085 -0.034501534329489096
    outer loop
      vertex 126.78809777647257 135.86667843644506 13.997339416908872
      vertex 126.78436999768019 135.37941219172427 14.356014190665107
      vertex 126.78436999768019 135.81276737703504 13.941040356111337
    endloop
  endfacet
  facet normal 0.9999869241584597 -0.003536859973146947 -0.003693525908035901
    outer loop
      vertex 126.79657000303268 136.11199809280225 14.253525557549196
      vertex 126.79657000303268 135.67864290749148 14.668499392102966
      vertex 126.79623111337423 135.63281039154379 14.620636715500382
    endloop
  endfacet
  facet normal 0.9998902115458989 -0.010248277482686183 -0.010702227026918606
    outer loop
      vertex 126.79623111337423 136.06616557685453 14.205662880946612
      vertex 126.79623111337423 135.63281039154379 14.620636715500382
      vertex 126.79521444439888 135.5853621699954 14.571086765287554
    endloop
  endfacet
  facet normal 0.9997148645152337 -0.0165150211800046 -0.017246557416248125
    outer loop
      vertex 126.79521444439888 136.01871735530617 14.156112930733784
      vertex 126.79521444439888 135.5853621699954 14.571086765287554
      vertex 126.7935200035572 135.53629823769336 14.519849536083242
    endloop
  endfacet
  facet normal 0.9994763833749095 -0.0223786722872625 -0.023369940146910913
    outer loop
      vertex 126.7935200035572 135.96965342300413 14.104875701529473
      vertex 126.7935200035572 135.53629823769336 14.519849536083242
      vertex 126.79114777594805 135.48561859979066 14.466925033268687
    endloop
  endfacet
  facet normal 0.999187445028519 -0.027875495588468836 -0.029110246358931117
    outer loop
      vertex 126.79114777594805 135.91897378510143 14.051951198714917
      vertex 126.79114777594805 135.48561859979066 14.466925033268687
      vertex 126.78809777647257 135.43332325113428 14.412313251462642
    endloop
  endfacet
  facet normal 0.9988584122710242 -0.033038104732563085 -0.034501534329489096
    outer loop
      vertex 126.78809777647257 135.86667843644506 13.997339416908872
      vertex 126.78809777647257 135.43332325113428 14.412313251462642
      vertex 126.78436999768019 135.37941219172427 14.356014190665107
    endloop
  endfacet
  facet normal 0.972336638972365 -0.16155204394751377 -0.16870802473002103
    outer loop
      vertex 123.66193916648626 135.6099675524134 13.729257471837641
      vertex 123.70809999853373 135.74286503341392 13.868041673902454
      vertex 123.66193916648626 135.17661236710262 14.144231306391411
    endloop
  endfacet
  facet normal 0.9616587077197953 -0.1896769519265887 -0.1980787312523279
    outer loop
      vertex 123.66193916648626 135.6099675524134 13.729257471837641
      vertex 123.60867666453123 135.04744080946165 14.009338068222355
      vertex 123.60867666453123 135.4807959947724 13.594364233668585
    endloop
  endfacet
  facet normal 0.9810070296717206 -0.13415563421692436 -0.14009808543489394
    outer loop
      vertex 123.7471591681242 135.87948844808 14.010716850625506
      vertex 123.70809999853373 135.30950984810315 14.283015508456224
      vertex 123.70809999853373 135.74286503341392 13.868041673902454
    endloop
  endfacet
  facet normal 0.948832866215279 -0.2183998350706999 -0.2280739003717643
    outer loop
      vertex 123.60867666453123 135.4807959947724 13.594364233668585
      vertex 123.54831250011921 134.9219951803332 13.878335799330301
      vertex 123.54831250011921 135.35535036564397 13.463361964776531
    endloop
  endfacet
  facet normal 0.9337417379841518 -0.2475646999565783 -0.25853062890447825
    outer loop
      vertex 123.54831250011921 135.35535036564397 13.463361964776531
      vertex 123.48084666579962 134.8002754797173 13.751224499715242
      vertex 123.48084666579962 135.23363066502807 13.336250665161472
    endloop
  endfacet
  facet normal 0.972336638972365 -0.16155204394751377 -0.16870802473002103
    outer loop
      vertex 123.70809999853373 135.74286503341392 13.868041673902454
      vertex 123.70809999853373 135.30950984810315 14.283015508456224
      vertex 123.66193916648626 135.17661236710262 14.144231306391411
    endloop
  endfacet
  facet normal 0.9616587077197877 -0.18967695192660075 -0.1980787312523534
    outer loop
      vertex 123.66193916648626 135.6099675524134 13.729257471837641
      vertex 123.66193916648626 135.17661236710262 14.144231306391411
      vertex 123.60867666453123 135.04744080946165 14.009338068222355
    endloop
  endfacet
  facet normal 0.9488328662152893 -0.2183998350706861 -0.22807390037173497
    outer loop
      vertex 123.60867666453123 135.4807959947724 13.594364233668585
      vertex 123.60867666453123 135.04744080946165 14.009338068222355
      vertex 123.54831250011921 134.9219951803332 13.878335799330301
    endloop
  endfacet
  facet normal 0.9162989403448125 -0.2769915824054821 -0.28926098112168697
    outer loop
      vertex 123.48084666579962 135.23363066502807 13.336250665161472
      vertex 123.48084666579962 134.8002754797173 13.751224499715242
      vertex 123.40627916902304 134.68228170246095 13.628004163995932
    endloop
  endfacet
  facet normal 0.9337417379841518 -0.24756469995657826 -0.25853062890447825
    outer loop
      vertex 123.54831250011921 135.35535036564397 13.463361964776531
      vertex 123.54831250011921 134.9219951803332 13.878335799330301
      vertex 123.48084666579962 134.8002754797173 13.751224499715242
    endloop
  endfacet
  facet normal 0.9162989403448124 -0.2769915824054821 -0.28926098112168697
    outer loop
      vertex 123.48084666579962 135.23363066502807 13.336250665161472
      vertex 123.40627916902304 134.68228170246095 13.628004163995932
      vertex 123.40627916902304 135.11563688777173 13.213030329442162
    endloop
  endfacet
  facet normal 0.8964565430414687 -0.3064800723114852 -0.3200556697108901
    outer loop
      vertex 123.40627916902304 135.11563688777173 13.213030329442162
      vertex 123.32461000233889 134.56801385371713 13.508674797553631
      vertex 123.32461000233889 135.0013690390279 13.093700962999861
    endloop
  endfacet
  facet normal 0.8742117284036881 -0.3358140511877536 -0.35068900317276164
    outer loop
      vertex 123.32461000233889 135.0013690390279 13.093700962999861
      vertex 123.23583916574717 134.45747193348586 13.393236400388325
      vertex 123.23583916574717 134.89082711879666 12.978262565834555
    endloop
  endfacet
  facet normal 0.8964565430414687 -0.3064800723114853 -0.3200556697108901
    outer loop
      vertex 123.40627916902304 135.11563688777173 13.213030329442162
      vertex 123.40627916902304 134.68228170246095 13.628004163995932
      vertex 123.32461000233889 134.56801385371713 13.508674797553631
    endloop
  endfacet
  facet normal 0.8742117284037133 -0.3358140511877335 -0.35068900317271773
    outer loop
      vertex 123.32461000233889 135.0013690390279 13.093700962999861
      vertex 123.32461000233889 134.56801385371713 13.508674797553631
      vertex 123.23583916574717 134.45747193348586 13.393236400388325
    endloop
  endfacet
  facet normal -1 0 0
    outer loop
      vertex 125.19754000008106 139.18633373753175 18.33156410388066
      vertex 125.19754000008106 133.6722009299367 11.705657081043348
      vertex 125.19754000008106 133.23884574462593 12.120630915597118
    endloop
  endfacet
  facet normal 0.998497809062462 -0.03789517095056328 -0.03957374528763672
    outer loop
      vertex 126.78436999768019 135.81276737703504 13.941040356111337
      vertex 126.77996444702148 135.3238854267136 14.298027856257335
      vertex 126.77996444702148 135.75724061202436 13.883054021703565
    endloop
  endfacet
  facet normal 0.9981126262437351 -0.04247255638413087 -0.04435388694388541
    outer loop
      vertex 126.77996444702148 135.75724061202436 13.883054021703565
      vertex 126.7748811095953 135.26674295610223 14.238354248239311
      vertex 126.7748811095953 135.70009814141304 13.823380413685541
    endloop
  endfacet
  facet normal 0.9977086586360633 -0.04679295124050431 -0.04886565457282883
    outer loop
      vertex 126.7748811095953 135.70009814141304 13.823380413685541
      vertex 126.76912000030279 135.20798477473724 14.176993361229805
      vertex 126.76912000030279 135.64133996004801 13.762019526676035
    endloop
  endfacet
  facet normal 0.9972906530053172 -0.050877107594491475 -0.05313071946667563
    outer loop
      vertex 126.76912000030279 135.64133996004801 13.762019526676035
      vertex 126.76268111169338 135.14761088261858 14.113945195228816
      vertex 126.76268111169338 135.58096606792935 13.698971360675046
    endloop
  endfacet
  facet normal 0.9968625480580352 -0.05474344076793362 -0.05716831265770636
    outer loop
      vertex 126.76268111169338 135.58096606792935 13.698971360675046
      vertex 126.75556444376707 135.08562128489925 14.049209755617575
      vertex 126.75556444376707 135.51897647021002 13.634235921063805
    endloop
  endfacet
  facet normal 1.7561641546495465e-13 0.7222586421845748 -0.6916230575896775
    outer loop
      vertex 126.79657000303268 136.11199809280225 14.253525557549196
      vertex 126.79623111337423 136.06616557685453 14.205662880946612
      vertex 125.19754000008106 133.6722009299367 11.705657081043348
    endloop
  endfacet
  facet normal -3.991215410951166e-13 0.7222586421847583 -0.6916230575894858
    outer loop
      vertex 126.79623111337423 136.06616557685453 14.205662880946612
      vertex 126.79521444439888 136.01871735530617 14.156112930733784
      vertex 125.19754000008106 133.6722009299367 11.705657081043348
    endloop
  endfacet
  facet normal -2.6254049461589544e-14 0.722258642184637 -0.6916230575896126
    outer loop
      vertex 126.7935200035572 135.96965342300413 14.104875701529473
      vertex 125.19754000008106 133.6722009299367 11.705657081043348
      vertex 126.79521444439888 136.01871735530617 14.156112930733784
    endloop
  endfacet
  facet normal 6.434033783562882e-14 0.7222586421846068 -0.6916230575896439
    outer loop
      vertex 126.7935200035572 135.96965342300413 14.104875701529473
      vertex 126.79114777594805 135.91897378510143 14.051951198714917
      vertex 125.19754000008106 133.6722009299367 11.705657081043348
    endloop
  endfacet
  facet normal 0.9955474122166382 -0.06519386578148557 -0.06808164138165833
    outer loop
      vertex 126.73929777741432 135.3901501476634 13.499703210248114
      vertex 126.73014777898788 134.88995823752532 13.844879773597427
      vertex 126.73014777898788 135.3233134228361 13.429905939043657
    endloop
  endfacet
  facet normal 0.996427594309479 -0.05840857781227345 -0.060995797696003315
    outer loop
      vertex 126.75556444376707 135.51897647021002 13.634235921063805
      vertex 126.74776999652386 135.02201597642627 13.982787037014852
      vertex 126.74776999652386 135.45537116173705 13.567813202461082
    endloop
  endfacet
  facet normal 0.9959884815676314 -0.061887490819687224 -0.06462880986562362
    outer loop
      vertex 126.74776999652386 135.45537116173705 13.567813202461082
      vertex 126.73929777741432 134.95679496235263 13.914677044801884
      vertex 126.73929777741432 135.3901501476634 13.499703210248114
    endloop
  endfacet
  facet normal 0.9951062171821965 -0.06833997575790919 -0.07136710894205815
    outer loop
      vertex 126.73014777898788 135.3233134228361 13.429905939043657
      vertex 126.72032000124454 134.82150580709734 13.773395228782732
      vertex 126.72032000124454 135.2548609924081 13.358421394228962
    endloop
  endfacet
  facet normal 0.9946663989365684 -0.07133700364469034 -0.07449689079120582
    outer loop
      vertex 126.72032000124454 135.2548609924081 13.358421394228962
      vertex 126.7098144441843 134.75143766591572 13.70022340497654
      vertex 126.7098144441843 135.1847928512265 13.28524957042277
    endloop
  endfacet
  facet normal 0.998497809062462 -0.037895170950563266 -0.039573745287636714
    outer loop
      vertex 126.78436999768019 135.81276737703504 13.941040356111337
      vertex 126.78436999768019 135.37941219172427 14.356014190665107
      vertex 126.77996444702148 135.3238854267136 14.298027856257335
    endloop
  endfacet
  facet normal 0.9981126262437359 -0.04247255638412226 -0.044353886943873516
    outer loop
      vertex 126.77996444702148 135.75724061202436 13.883054021703565
      vertex 126.77996444702148 135.3238854267136 14.298027856257335
      vertex 126.7748811095953 135.26674295610223 14.238354248239311
    endloop
  endfacet
  facet normal 0.9977086586360623 -0.0467929512405135 -0.04886565457284162
    outer loop
      vertex 126.7748811095953 135.70009814141304 13.823380413685541
      vertex 126.7748811095953 135.26674295610223 14.238354248239311
      vertex 126.76912000030279 135.20798477473724 14.176993361229805
    endloop
  endfacet
  facet normal 0.9972906530053172 -0.05087710759449148 -0.05313071946667564
    outer loop
      vertex 126.76912000030279 135.64133996004801 13.762019526676035
      vertex 126.76912000030279 135.20798477473724 14.176993361229805
      vertex 126.76268111169338 135.14761088261858 14.113945195228816
    endloop
  endfacet
  facet normal 0.9968625480580352 -0.054743440767933624 -0.05716831265770636
    outer loop
      vertex 126.76268111169338 135.58096606792935 13.698971360675046
      vertex 126.76268111169338 135.14761088261858 14.113945195228816
      vertex 126.75556444376707 135.08562128489925 14.049209755617575
    endloop
  endfacet
  facet normal 0.996427594309479 -0.05840857781227345 -0.06099579769600331
    outer loop
      vertex 126.75556444376707 135.51897647021002 13.634235921063805
      vertex 126.75556444376707 135.08562128489925 14.049209755617575
      vertex 126.74776999652386 135.02201597642627 13.982787037014852
    endloop
  endfacet
  facet normal 0.9959884815676314 -0.061887490819687224 -0.06462880986562362
    outer loop
      vertex 126.74776999652386 135.45537116173705 13.567813202461082
      vertex 126.74776999652386 135.02201597642627 13.982787037014852
      vertex 126.73929777741432 134.95679496235263 13.914677044801884
    endloop
  endfacet
  facet normal 0.9955474122166382 -0.06519386578148556 -0.06808164138165831
    outer loop
      vertex 126.73929777741432 135.3901501476634 13.499703210248114
      vertex 126.73929777741432 134.95679496235263 13.914677044801884
      vertex 126.73014777898788 134.88995823752532 13.844879773597427
    endloop
  endfacet
  facet normal 0.9951062171821965 -0.0683399757579092 -0.07136710894205817
    outer loop
      vertex 126.73014777898788 135.3233134228361 13.429905939043657
      vertex 126.73014777898788 134.88995823752532 13.844879773597427
      vertex 126.72032000124454 134.82150580709734 13.773395228782732
    endloop
  endfacet
  facet normal 0.9946663989365684 -0.07133700364469035 -0.07449689079120583
    outer loop
      vertex 126.72032000124454 135.2548609924081 13.358421394228962
      vertex 126.72032000124454 134.82150580709734 13.773395228782732
      vertex 126.7098144441843 134.75143766591572 13.70022340497654
    endloop
  endfacet
  facet normal 2.61518089903798e-13 0.72225864218454 -0.6916230575897139
    outer loop
      vertex 126.79114777594805 135.91897378510143 14.051951198714917
      vertex 126.78809777647257 135.86667843644506 13.997339416908872
      vertex 125.19754000008106 133.6722009299367 11.705657081043348
    endloop
  endfacet
  facet normal -1.3203792246251e-13 0.7222586421846764 -0.6916230575895713
    outer loop
      vertex 126.78809777647257 135.86667843644506 13.997339416908872
      vertex 126.78436999768019 135.81276737703504 13.941040356111337
      vertex 125.19754000008106 133.6722009299367 11.705657081043348
    endloop
  endfacet
  facet normal 8.427975364851015e-14 0.7222586421845997 -0.6916230575896515
    outer loop
      vertex 126.78436999768019 135.81276737703504 13.941040356111337
      vertex 126.77996444702148 135.75724061202436 13.883054021703565
      vertex 125.19754000008106 133.6722009299367 11.705657081043348
    endloop
  endfacet
  facet normal -5.03844221113026e-13 0.7222586421848132 -0.6916230575894285
    outer loop
      vertex 126.77996444702148 135.75724061202436 13.883054021703565
      vertex 126.7748811095953 135.70009814141304 13.823380413685541
      vertex 125.19754000008106 133.6722009299367 11.705657081043348
    endloop
  endfacet
  facet normal 3.0891086455690454e-13 0.7222586421845107 -0.6916230575897443
    outer loop
      vertex 126.7748811095953 135.70009814141304 13.823380413685541
      vertex 126.76912000030279 135.64133996004801 13.762019526676035
      vertex 125.19754000008106 133.6722009299367 11.705657081043348
    endloop
  endfacet
  facet normal 9.184634724849095e-14 0.7222586421845937 -0.6916230575896577
    outer loop
      vertex 126.76912000030279 135.64133996004801 13.762019526676035
      vertex 126.76268111169338 135.58096606792935 13.698971360675046
      vertex 125.19754000008106 133.6722009299367 11.705657081043348
    endloop
  endfacet
  facet normal 4.598384896594644e-14 0.7222586421846117 -0.6916230575896389
    outer loop
      vertex 126.76268111169338 135.58096606792935 13.698971360675046
      vertex 126.75556444376707 135.51897647021002 13.634235921063805
      vertex 125.19754000008106 133.6722009299367 11.705657081043348
    endloop
  endfacet
  facet normal -1.480571289181473e-13 0.7222586421846899 -0.6916230575895572
    outer loop
      vertex 126.75556444376707 135.51897647021002 13.634235921063805
      vertex 126.74776999652386 135.45537116173705 13.567813202461082
      vertex 125.19754000008106 133.6722009299367 11.705657081043348
    endloop
  endfacet
  facet normal 0.9942291864177201 -0.0741951505139753 -0.07748163985982186
    outer loop
      vertex 126.7098144441843 135.1847928512265 13.28524957042277
      vertex 126.69863110780716 134.67975381913342 13.625364307560119
      vertex 126.69863110780716 135.1131090044442 13.210390473006349
    endloop
  endfacet
  facet normal 0.9937955932608646 -0.07692365472508358 -0.0803310037222387
    outer loop
      vertex 126.69863110780716 135.1131090044442 13.210390473006349
      vertex 126.6867699995637 134.60645426159746 13.5488179311522
      vertex 126.6867699995637 135.03980944690824 13.13384409659843
    endloop
  endfacet
  facet normal -8.440672958669399e-14 0.7222586421846635 -0.6916230575895849
    outer loop
      vertex 126.74776999652386 135.45537116173705 13.567813202461082
      vertex 126.73929777741432 135.3901501476634 13.499703210248114
      vertex 125.19754000008106 133.6722009299367 11.705657081043348
    endloop
  endfacet
  facet normal 4.935865691533936e-14 0.7222586421846061 -0.6916230575896449
    outer loop
      vertex 126.73929777741432 135.3901501476634 13.499703210248114
      vertex 126.73014777898788 135.3233134228361 13.429905939043657
      vertex 125.19754000008106 133.6722009299367 11.705657081043348
    endloop
  endfacet
  facet normal 1.9536149751302304e-13 0.7222586421845412 -0.6916230575897124
    outer loop
      vertex 126.73014777898788 135.3233134228361 13.429905939043657
      vertex 126.72032000124454 135.2548609924081 13.358421394228962
      vertex 125.19754000008106 133.6722009299367 11.705657081043348
    endloop
  endfacet
  facet normal -1.3620408529086337e-13 0.7222586421846938 -0.6916230575895532
    outer loop
      vertex 126.72032000124454 135.2548609924081 13.358421394228962
      vertex 126.7098144441843 135.1847928512265 13.28524957042277
      vertex 125.19754000008106 133.6722009299367 11.705657081043348
    endloop
  endfacet
  facet normal 7.7525551082252e-14 0.7222586421845916 -0.6916230575896598
    outer loop
      vertex 126.7098144441843 135.1847928512265 13.28524957042277
      vertex 126.69863110780716 135.1131090044442 13.210390473006349
      vertex 125.19754000008106 133.6722009299367 11.705657081043348
    endloop
  endfacet
  facet normal 1.0461850026450534e-13 0.7222586421845781 -0.691623057589674
    outer loop
      vertex 126.69863110780716 135.1131090044442 13.210390473006349
      vertex 126.6867699995637 135.03980944690824 13.13384409659843
      vertex 125.19754000008106 133.6722009299367 11.705657081043348
    endloop
  endfacet
  facet normal 0.9942291864177202 -0.07419515051397531 -0.07748163985982187
    outer loop
      vertex 126.7098144441843 135.1847928512265 13.28524957042277
      vertex 126.7098144441843 134.75143766591572 13.70022340497654
      vertex 126.69863110780716 134.67975381913342 13.625364307560119
    endloop
  endfacet
  facet normal 0.9937955932608646 -0.07692365472508358 -0.0803310037222387
    outer loop
      vertex 126.69863110780716 135.1131090044442 13.210390473006349
      vertex 126.69863110780716 134.67975381913342 13.625364307560119
      vertex 126.6867699995637 134.60645426159746 13.5488179311522
    endloop
  endfacet
  facet normal -0.8703144456121845 0.3406219093753507 0.35570982642070276
    outer loop
      vertex 130.4340099990368 139.6196889228425 17.91659026932689
      vertex 126.6867699995637 135.03980944690824 13.13384409659843
      vertex 130.4340099990368 139.18633373753175 18.33156410388066
    endloop
  endfacet
  facet normal 1.632911319517713e-15 0.7222586421846265 -0.6916230575896234
    outer loop
      vertex 130.4340099990368 139.6196889228425 17.91659026932689
      vertex 131.05653999745846 138.29005051035574 16.52805525178988
      vertex 126.6867699995637 135.03980944690824 13.13384409659843
    endloop
  endfacet
  facet normal 0 0.7222586421846263 -0.6916230575896238
    outer loop
      vertex 130.4340099990368 139.6196889228425 17.91659026932689
      vertex 132.5457699969411 139.6196889228425 17.91659026932689
      vertex 131.05653999745846 138.29005051035574 16.52805525178988
    endloop
  endfacet
  facet normal -0.9932924913094497 0.07997156608986382 0.08351392294343055
    outer loop
      vertex 131.05653999745846 138.29005051035574 16.52805525178988
      vertex 131.044678889215 138.21958027079836 16.45446351857823
      vertex 131.05653999745846 137.856695325045 16.94302908634365
    endloop
  endfacet
  facet normal -0.993910537943443 0.0762099650049609 0.07958570097020237
    outer loop
      vertex 131.044678889215 138.21958027079836 16.45446351857823
      vertex 131.03349555283785 138.14981394558924 16.381606879744716
      vertex 131.044678889215 137.78622508548756 16.869437353132
    endloop
  endfacet
  facet normal -0.9945112181846874 0.07236452053149733 0.07556992174837691
    outer loop
      vertex 131.03349555283785 138.14981394558924 16.381606879744716
      vertex 131.0229900032282 138.08075153988142 16.309485340670577
      vertex 131.03349555283785 137.71645876027847 16.796580714298486
    endloop
  endfacet
  facet normal -0.9950928559238409 0.06843297568105045 0.07146422831578482
    outer loop
      vertex 131.0229900032282 138.08075153988142 16.309485340670577
      vertex 131.01316222548485 138.0123930536749 16.238098901355812
      vertex 131.0229900032282 137.64739635457067 16.724459175224347
    endloop
  endfacet
  facet normal -0.9956537081363931 0.06441269921290299 0.06726587288037268
    outer loop
      vertex 131.01316222548485 138.0123930536749 16.238098901355812
      vertex 131.00401221960783 137.9447384869697 16.16744756180043
      vertex 131.01316222548485 137.57903786836414 16.653072735909582
    endloop
  endfacet
  facet normal -0.9961919078048951 0.060300975240731705 0.0629720192550638
    outer loop
      vertex 131.00401221960783 137.9447384869697 16.16744756180043
      vertex 130.9955400004983 137.8777878397658 16.09753132200442
      vertex 131.00401221960783 137.51138330165892 16.5824213963542
    endloop
  endfacet
  facet normal -0.996705418288303 0.056095316585828975 0.05858007009107021
    outer loop
      vertex 130.9955400004983 137.8777878397658 16.09753132200442
      vertex 130.98774555325508 137.81154110691017 16.028350176586542
      vertex 130.9955400004983 137.444432654455 16.51250515655819
    endloop
  endfacet
  facet normal -0.9971921101571839 0.051792803221017245 0.054086976018002664
    outer loop
      vertex 130.98774555325508 137.81154110691017 16.028350176586542
      vertex 130.98062888532877 137.74599829870886 15.95990413630929
      vertex 130.98774555325508 137.3781859215994 16.443324011140312
    endloop
  endfacet
  facet normal -0.9976496834214111 0.047390611314745666 0.0494897881221265
    outer loop
      vertex 130.98062888532877 137.74599829870886 15.95990413630929
      vertex 130.97418999671936 137.68115940485583 15.892193190410168
      vertex 130.98062888532877 137.31264311339808 16.37487797086306
    endloop
  endfacet
  facet normal -0.9932924913094549 0.07997156608982789 0.08351392294340398
    outer loop
      vertex 131.044678889215 138.21958027079836 16.45446351857823
      vertex 131.044678889215 137.78622508548756 16.869437353132
      vertex 131.05653999745846 137.856695325045 16.94302908634365
    endloop
  endfacet
  facet normal -0.9939105379434405 0.07620996500497818 0.07958570097021518
    outer loop
      vertex 131.03349555283785 138.14981394558924 16.381606879744716
      vertex 131.03349555283785 137.71645876027847 16.796580714298486
      vertex 131.044678889215 137.78622508548756 16.869437353132
    endloop
  endfacet
  facet normal -0.9945112181846851 0.07236452053151389 0.07556992174838927
    outer loop
      vertex 131.0229900032282 138.08075153988142 16.309485340670577
      vertex 131.0229900032282 137.64739635457067 16.724459175224347
      vertex 131.03349555283785 137.71645876027847 16.796580714298486
    endloop
  endfacet
  facet normal -0.995092855923843 0.06843297568103464 0.07146422831577301
    outer loop
      vertex 131.01316222548485 138.0123930536749 16.238098901355812
      vertex 131.01316222548485 137.57903786836414 16.653072735909582
      vertex 131.0229900032282 137.64739635457067 16.724459175224347
    endloop
  endfacet
  facet normal -0.9956537081363931 0.06441269921290298 0.06726587288037268
    outer loop
      vertex 131.00401221960783 137.9447384869697 16.16744756180043
      vertex 131.00401221960783 137.51138330165892 16.5824213963542
      vertex 131.01316222548485 137.57903786836414 16.653072735909582
    endloop
  endfacet
  facet normal -0.9961919078048965 0.06030097524071749 0.06297201925505308
    outer loop
      vertex 130.9955400004983 137.8777878397658 16.09753132200442
      vertex 130.9955400004983 137.444432654455 16.51250515655819
      vertex 131.00401221960783 137.51138330165892 16.5824213963542
    endloop
  endfacet
  facet normal -0.9967054182883016 0.05609531658584233 0.05858007009108032
    outer loop
      vertex 130.98774555325508 137.81154110691017 16.028350176586542
      vertex 130.98774555325508 137.3781859215994 16.443324011140312
      vertex 130.9955400004983 137.444432654455 16.51250515655819
    endloop
  endfacet
  facet normal -0.9971921101571839 0.05179280322101723 0.05408697601800265
    outer loop
      vertex 130.98062888532877 137.74599829870886 15.95990413630929
      vertex 130.98062888532877 137.31264311339808 16.37487797086306
      vertex 130.98774555325508 137.3781859215994 16.443324011140312
    endloop
  endfacet
  facet normal -0.997649683421411 0.04739061131474565 0.04948978812212649
    outer loop
      vertex 130.97418999671936 137.68115940485583 15.892193190410168
      vertex 130.97418999671936 137.24780421954506 16.307167024963938
      vertex 130.98062888532877 137.31264311339808 16.37487797086306
    endloop
  endfacet
  facet normal -0.9980756843125695 0.042885807417442405 0.04478544301611815
    outer loop
      vertex 130.97418999671936 137.68115940485583 15.892193190410168
      vertex 130.96842888742685 137.6170244305041 15.825217344270428
      vertex 130.97418999671936 137.24780421954506 16.307167024963938
    endloop
  endfacet
  facet normal -0.9984674933584391 0.03827535174037456 0.039970766263181905
    outer loop
      vertex 130.96842888742685 137.6170244305041 15.825217344270428
      vertex 130.96334555745125 137.5535933705007 15.758976592508816
      vertex 130.96842888742685 137.18366924519333 16.240191178824197
    endloop
  endfacet
  facet normal -0.998822306808175 0.03355618959191172 0.035042567863497714
    outer loop
      vertex 130.96334555745125 137.5535933705007 15.758976592508816
      vertex 130.95893999934196 137.49086623515154 15.693470945887825
      vertex 130.96334555745125 137.12023818518992 16.173950427062586
    endloop
  endfacet
  facet normal -0.9991371442810884 0.028724987522739606 0.029997366711933076
    outer loop
      vertex 130.95893999934196 137.49086623515154 15.693470945887825
      vertex 130.95521222054958 137.42884301415074 15.62870039364497
      vertex 130.95893999934196 137.05751104984077 16.108444780441594
    endloop
  endfacet
  facet normal -0.9994088075553118 0.023778513505922548 0.024831787618260714
    outer loop
      vertex 130.95521222054958 137.42884301415074 15.62870039364497
      vertex 130.9521622210741 137.3675237178042 15.564664946542734
      vertex 130.95521222054958 136.99548782883994 16.04367422819874
    endloop
  endfacet
  facet normal -0.9996338874041194 0.018713371654535127 0.019542284274046664
    outer loop
      vertex 130.9521622210741 137.3675237178042 15.564664946542734
      vertex 130.94979000091553 137.30690833580596 15.501364593818629
      vertex 130.9521622210741 136.9341685324934 15.979638781096504
    endloop
  endfacet
  facet normal -0.9998087413341544 0.013526151756873784 0.01412529541156448
    outer loop
      vertex 130.94979000091553 137.30690833580596 15.501364593818629
      vertex 130.94809555262327 137.24699687330903 15.438799340853905
      vertex 130.94979000091553 136.87355315049518 15.916338428372399
    endloop
  endfacet
  facet normal -0.999929488229802 0.00821310952560526 0.008576910889510956
    outer loop
      vertex 130.94809555262327 137.24699687330903 15.438799340853905
      vertex 130.9470788910985 137.1877893251604 15.37696918226731
      vertex 130.94809555262327 136.81364168799826 15.853773175407675
    endloop
  endfacet
  facet normal -0.9999919748195836 0.002770837089752693 0.002893571884566991
    outer loop
      vertex 130.9470788910985 137.1877893251604 15.37696918226731
      vertex 130.94674000144005 137.12928570166605 15.315874128821342
      vertex 130.9470788910985 136.75443413984962 15.79194301682108
    endloop
  endfacet
  facet normal -0.9980756843125695 0.04288580741744241 0.04478544301611816
    outer loop
      vertex 130.97418999671936 137.24780421954506 16.307167024963938
      vertex 130.96842888742685 137.6170244305041 15.825217344270428
      vertex 130.96842888742685 137.18366924519333 16.240191178824197
    endloop
  endfacet
  facet normal -0.9984674933584391 0.038275351740374566 0.03997076626318191
    outer loop
      vertex 130.96334555745125 137.5535933705007 15.758976592508816
      vertex 130.96334555745125 137.12023818518992 16.173950427062586
      vertex 130.96842888742685 137.18366924519333 16.240191178824197
    endloop
  endfacet
  facet normal -0.998822306808175 0.033556189591911714 0.03504256786349771
    outer loop
      vertex 130.95893999934196 137.49086623515154 15.693470945887825
      vertex 130.95893999934196 137.05751104984077 16.108444780441594
      vertex 130.96334555745125 137.12023818518992 16.173950427062586
    endloop
  endfacet
  facet normal -0.9991371442810886 0.028724987522732334 0.029997366711927445
    outer loop
      vertex 130.95521222054958 137.42884301415074 15.62870039364497
      vertex 130.95521222054958 136.99548782883994 16.04367422819874
      vertex 130.95893999934196 137.05751104984077 16.108444780441594
    endloop
  endfacet
  facet normal -0.9994088075553118 0.02377851350592255 0.024831787618260718
    outer loop
      vertex 130.9521622210741 137.3675237178042 15.564664946542734
      vertex 130.9521622210741 136.9341685324934 15.979638781096504
      vertex 130.95521222054958 136.99548782883994 16.04367422819874
    endloop
  endfacet
  facet normal -0.9996338874041192 0.018713371654539956 0.01954228427405042
    outer loop
      vertex 130.94979000091553 137.30690833580596 15.501364593818629
      vertex 130.94979000091553 136.87355315049518 15.916338428372399
      vertex 130.9521622210741 136.9341685324934 15.979638781096504
    endloop
  endfacet
  facet normal -0.9998087413341543 0.01352615175687378 0.014125295411564476
    outer loop
      vertex 130.94809555262327 137.24699687330903 15.438799340853905
      vertex 130.94809555262327 136.81364168799826 15.853773175407675
      vertex 130.94979000091553 136.87355315049518 15.916338428372399
    endloop
  endfacet
  facet normal -0.999929488229802 0.00821310952560526 0.008576910889510956
    outer loop
      vertex 130.9470788910985 137.1877893251604 15.37696918226731
      vertex 130.9470788910985 136.75443413984962 15.79194301682108
      vertex 130.94809555262327 136.81364168799826 15.853773175407675
    endloop
  endfacet
  facet normal -0.9999919748195838 0.0027708370897526935 0.002893571884566992
    outer loop
      vertex 130.94674000144005 137.12928570166605 15.315874128821342
      vertex 130.94674000144005 136.69593051635528 15.730847963375112
      vertex 130.9470788910985 136.75443413984962 15.79194301682108
    endloop
  endfacet
  facet normal -4.206768908434486e-15 0.7222586421846285 -0.6916230575896215
    outer loop
      vertex 132.5457699969411 139.6196889228425 17.91659026932689
      vertex 132.5457699969411 133.6722009299367 11.705657081043348
      vertex 131.05653999745846 138.29005051035574 16.52805525178988
    endloop
  endfacet
  facet normal 1 0 0
    outer loop
      vertex 132.5457699969411 139.6196889228425 17.91659026932689
      vertex 132.5457699969411 139.18633373753175 18.33156410388066
      vertex 132.5457699969411 133.23884574462593 12.120630915597118
    endloop
  endfacet
  facet normal -0.8703144456121853 0.34062190937533815 0.3557098264207128
    outer loop
      vertex 130.4340099990368 139.18633373753175 18.33156410388066
      vertex 126.6867699995637 135.03980944690824 13.13384409659843
      vertex 126.6867699995637 134.60645426159746 13.5488179311522
    endloop
  endfacet
  facet normal 0.8689767064412139 -0.3422517393643181 -0.35741185006191256
    outer loop
      vertex 131.05653999745846 138.29005051035574 16.52805525178988
      vertex 131.05653999745846 137.856695325045 16.94302908634365
      vertex 127.25430999696255 133.23884574462593 12.120630915597118
    endloop
  endfacet
  facet normal -5.974762158865231e-15 0.7222586421846314 -0.6916230575896183
    outer loop
      vertex 126.6867699995637 135.03980944690824 13.13384409659843
      vertex 131.05653999745846 138.29005051035574 16.52805525178988
      vertex 127.25430999696255 133.6722009299367 11.705657081043348
    endloop
  endfacet
  facet normal 0.8689767064412135 -0.34225173936430703 -0.3574118500619245
    outer loop
      vertex 131.05653999745846 138.29005051035574 16.52805525178988
      vertex 127.25430999696255 133.23884574462593 12.120630915597118
      vertex 127.25430999696255 133.6722009299367 11.705657081043348
    endloop
  endfacet
  facet normal 6.33760495145832e-13 0.7222586421847268 -0.6916230575895187
    outer loop
      vertex 131.05653999745846 138.29005051035574 16.52805525178988
      vertex 132.5457699969411 133.6722009299367 11.705657081043348
      vertex 131.044678889215 138.21958027079836 16.45446351857823
    endloop
  endfacet
  facet normal -2.7800493571437434e-13 0.7222586421845829 -0.691623057589669
    outer loop
      vertex 131.044678889215 138.21958027079836 16.45446351857823
      vertex 132.5457699969411 133.6722009299367 11.705657081043348
      vertex 131.03349555283785 138.14981394558924 16.381606879744716
    endloop
  endfacet
  facet normal -3.6120826684667053e-13 0.7222586421845695 -0.691623057589683
    outer loop
      vertex 131.03349555283785 138.14981394558924 16.381606879744716
      vertex 132.5457699969411 133.6722009299367 11.705657081043348
      vertex 131.0229900032282 138.08075153988142 16.309485340670577
    endloop
  endfacet
  facet normal 1.6621612403113488e-13 0.7222586421846566 -0.6916230575895921
    outer loop
      vertex 131.0229900032282 138.08075153988142 16.309485340670577
      vertex 132.5457699969411 133.6722009299367 11.705657081043348
      vertex 131.01316222548485 138.0123930536749 16.238098901355812
    endloop
  endfacet
  facet normal -5.5018096468702575e-14 0.7222586421846191 -0.6916230575896312
    outer loop
      vertex 131.01316222548485 138.0123930536749 16.238098901355812
      vertex 132.5457699969411 133.6722009299367 11.705657081043348
      vertex 131.00401221960783 137.9447384869697 16.16744756180043
    endloop
  endfacet
  facet normal 4.939311117740121e-13 0.722258642184714 -0.6916230575895321
    outer loop
      vertex 131.00401221960783 137.9447384869697 16.16744756180043
      vertex 132.5457699969411 133.6722009299367 11.705657081043348
      vertex 130.9955400004983 137.8777878397658 16.09753132200442
    endloop
  endfacet
  facet normal -3.255099987696224e-13 0.7222586421845695 -0.691623057589683
    outer loop
      vertex 130.9955400004983 137.8777878397658 16.09753132200442
      vertex 132.5457699969411 133.6722009299367 11.705657081043348
      vertex 130.98774555325508 137.81154110691017 16.028350176586542
    endloop
  endfacet
  facet normal 1.9430024406459284e-13 0.7222586421846632 -0.6916230575895853
    outer loop
      vertex 130.98774555325508 137.81154110691017 16.028350176586542
      vertex 132.5457699969411 133.6722009299367 11.705657081043348
      vertex 130.98062888532877 137.74599829870886 15.95990413630929
    endloop
  endfacet
  facet normal -1.6118457125102952e-15 0.722258642184627 -0.691623057589623
    outer loop
      vertex 130.98062888532877 137.74599829870886 15.95990413630929
      vertex 132.5457699969411 133.6722009299367 11.705657081043348
      vertex 130.97418999671936 137.68115940485583 15.892193190410168
    endloop
  endfacet
  facet normal -2.4363295983178776e-13 0.7222586421845817 -0.6916230575896702
    outer loop
      vertex 130.97418999671936 137.68115940485583 15.892193190410168
      vertex 132.5457699969411 133.6722009299367 11.705657081043348
      vertex 130.96842888742685 137.6170244305041 15.825217344270428
    endloop
  endfacet
  facet normal 2.1495815132263652e-13 0.7222586421846694 -0.6916230575895786
    outer loop
      vertex 130.96842888742685 137.6170244305041 15.825217344270428
      vertex 132.5457699969411 133.6722009299367 11.705657081043348
      vertex 130.96334555745125 137.5535933705007 15.758976592508816
    endloop
  endfacet
  facet normal -4.220390358135409e-13 0.7222586421845453 -0.6916230575897084
    outer loop
      vertex 130.96334555745125 137.5535933705007 15.758976592508816
      vertex 132.5457699969411 133.6722009299367 11.705657081043348
      vertex 130.95893999934196 137.49086623515154 15.693470945887825
    endloop
  endfacet
  facet normal 5.745005401680839e-13 0.7222586421847433 -0.6916230575895016
    outer loop
      vertex 130.95893999934196 137.49086623515154 15.693470945887825
      vertex 132.5457699969411 133.6722009299367 11.705657081043348
      vertex 130.95521222054958 137.42884301415074 15.62870039364497
    endloop
  endfacet
  facet normal -7.178778506927772e-14 0.7222586421846124 -0.6916230575896383
    outer loop
      vertex 130.95521222054958 137.42884301415074 15.62870039364497
      vertex 132.5457699969411 133.6722009299367 11.705657081043348
      vertex 130.9521622210741 137.3675237178042 15.564664946542734
    endloop
  endfacet
  facet normal -2.9635965335544236e-13 0.722258642184566 -0.6916230575896866
    outer loop
      vertex 130.9521622210741 137.3675237178042 15.564664946542734
      vertex 132.5457699969411 133.6722009299367 11.705657081043348
      vertex 130.94979000091553 137.30690833580596 15.501364593818629
    endloop
  endfacet
  facet normal -1 0 0
    outer loop
      vertex 130.94674000144005 137.12928570166605 15.315874128821342
      vertex 130.94674000144005 133.6722009299367 11.705657081043348
      vertex 130.94674000144005 136.69593051635528 15.730847963375112
    endloop
  endfacet
  facet normal 1.5949159762740662e-13 0.7222586421846617 -0.6916230575895866
    outer loop
      vertex 130.94979000091553 137.30690833580596 15.501364593818629
      vertex 132.5457699969411 133.6722009299367 11.705657081043348
      vertex 130.94809555262327 137.24699687330903 15.438799340853905
    endloop
  endfacet
  facet normal -6.531672930547294e-14 0.7222586421846138 -0.6916230575896368
    outer loop
      vertex 130.94809555262327 137.24699687330903 15.438799340853905
      vertex 132.5457699969411 133.6722009299367 11.705657081043348
      vertex 130.9470788910985 137.1877893251604 15.37696918226731
    endloop
  endfacet
  facet normal -2.048326740693488e-13 0.7222586421845835 -0.6916230575896686
    outer loop
      vertex 130.9470788910985 137.1877893251604 15.37696918226731
      vertex 132.5457699969411 133.6722009299367 11.705657081043348
      vertex 130.94674000144005 137.12928570166605 15.315874128821342
    endloop
  endfacet
  facet normal 1 0 0
    outer loop
      vertex 132.5457699969411 139.6196889228425 17.91659026932689
      vertex 132.5457699969411 133.23884574462593 12.120630915597118
      vertex 132.5457699969411 133.6722009299367 11.705657081043348
    endloop
  endfacet
  facet normal -2.97795695035227e-17 0.7222586421846288 -0.6916230575896213
    outer loop
      vertex 130.94674000144005 137.12928570166605 15.315874128821342
      vertex 132.5457699969411 133.6722009299367 11.705657081043348
      vertex 130.94674000144005 133.6722009299367 11.705657081043348
    endloop
  endfacet
  facet normal -1 0 0
    outer loop
      vertex 130.94674000144005 136.69593051635528 15.730847963375112
      vertex 130.94674000144005 133.6722009299367 11.705657081043348
      vertex 130.94674000144005 133.23884574462593 12.120630915597118
    endloop
  endfacet
  facet normal 2.9790115270399038e-18 0.6916230575896454 0.7222586421846054
    outer loop
      vertex 136.30578999966383 139.6196889228425 17.91659026932689
      vertex 136.30578999966383 139.18633373753175 18.33156410388066
      vertex 138.1062399968505 139.18633373753175 18.33156410388066
    endloop
  endfacet
  facet normal 0 0.6916230575896454 0.7222586421846054
    outer loop
      vertex 136.30578999966383 139.6196889228425 17.91659026932689
      vertex 138.1062399968505 139.18633373753175 18.33156410388066
      vertex 138.1062399968505 139.6196889228425 17.91659026932689
    endloop
  endfacet
  facet normal -1 0 0
    outer loop
      vertex 136.30578999966383 139.6196889228425 17.91659026932689
      vertex 136.30578999966383 134.63458750177028 12.710672762636875
      vertex 136.30578999966383 139.18633373753175 18.33156410388066
    endloop
  endfacet
  facet normal 0 0.722258642184629 -0.6916230575896208
    outer loop
      vertex 136.30578999966383 139.6196889228425 17.91659026932689
      vertex 138.1062399968505 139.6196889228425 17.91659026932689
      vertex 136.30578999966383 134.63458750177028 12.710672762636875
    endloop
  endfacet
  facet normal 1 0 0
    outer loop
      vertex 138.1062399968505 139.6196889228425 17.91659026932689
      vertex 138.1062399968505 139.18633373753175 18.33156410388066
      vertex 138.1062399968505 134.20123231645948 13.125646597190645
    endloop
  endfacet
  facet normal -1 0 0
    outer loop
      vertex 136.30578999966383 139.18633373753175 18.33156410388066
      vertex 136.30578999966383 134.63458750177028 12.710672762636875
      vertex 136.30578999966383 134.20123231645948 13.125646597190645
    endloop
  endfacet
  facet normal 5.5116935147139944e-18 0.722258642184629 -0.6916230575896208
    outer loop
      vertex 138.1062399968505 139.6196889228425 17.91659026932689
      vertex 138.1062399968505 134.63458750177028 12.710672762636875
      vertex 136.30578999966383 134.63458750177028 12.710672762636875
    endloop
  endfacet
  facet normal 1 0 0
    outer loop
      vertex 138.1062399968505 139.6196889228425 17.91659026932689
      vertex 138.1062399968505 134.20123231645948 13.125646597190645
      vertex 138.1062399968505 134.63458750177028 12.710672762636875
    endloop
  endfacet
  facet normal 4.1569231971297175e-18 0.6916230575895982 0.7222586421846507
    outer loop
      vertex 133.52893000096083 134.63458750177028 12.710672762636875
      vertex 133.52893000096083 134.20123231645948 13.125646597190645
      vertex 136.30578999966383 134.20123231645948 13.125646597190645
    endloop
  endfacet
  facet normal 0 0.6916230575895982 0.7222586421846507
    outer loop
      vertex 133.52893000096083 134.63458750177028 12.710672762636875
      vertex 136.30578999966383 134.20123231645948 13.125646597190645
      vertex 136.30578999966383 134.63458750177028 12.710672762636875
    endloop
  endfacet
  facet normal 4.147647641301019e-18 0.6916230575895982 0.7222586421846509
    outer loop
      vertex 138.1062399968505 134.63458750177028 12.710672762636875
      vertex 138.1062399968505 134.20123231645948 13.125646597190645
      vertex 140.88931000232697 134.20123231645948 13.125646597190645
    endloop
  endfacet
  facet normal 0 0.6916230575895982 0.7222586421846509
    outer loop
      vertex 138.1062399968505 134.63458750177028 12.710672762636875
      vertex 140.88931000232697 134.20123231645948 13.125646597190645
      vertex 140.88931000232697 134.63458750177028 12.710672762636875
    endloop
  endfacet
  facet normal 1.4395433732111764e-13 0.7222586421846249 -0.6916230575896252
    outer loop
      vertex 119.62114138901234 134.56456719582576 12.637550892939394
      vertex 119.7484555542469 134.56962872352733 12.642836622044314
      vertex 119.71496027708054 133.58606389015836 11.615704583495166
    endloop
  endfacet
  facet normal -1.4644839675924362e-13 0.7222586421846212 -0.6916230575896289
    outer loop
      vertex 119.87249249964952 134.57806460646535 12.651646174140012
      vertex 119.93385110795498 133.59356799853586 11.62354108788589
      vertex 119.7484555542469 134.56962872352733 12.642836622044314
    endloop
  endfacet
  facet normal -5.514404552174312e-14 0.7222586421846211 -0.6916230575896292
    outer loop
      vertex 119.9932522252202 134.58987483948673 12.663979543845244
      vertex 120.11073472350836 134.60505942259152 12.679836731160002
      vertex 120.35507444292307 133.62358444235178 11.654887116211285
    endloop
  endfacet
  facet normal 8.671684265456024e-14 0.7222586421846289 -0.691623057589621
    outer loop
      vertex 119.87249249964952 134.57806460646535 12.651646174140012
      vertex 119.9932522252202 134.58987483948673 12.663979543845244
      vertex 120.14722249656916 133.60607484926697 11.636601932124599
    endloop
  endfacet
  facet normal 5.330463555947525e-14 0.7222586421846305 -0.6916230575896193
    outer loop
      vertex 120.33586805313826 134.6455516442043 12.722122563999363
      vertex 120.55740694701672 133.6460967726372 11.678396634764702
      vertex 120.22494000196457 134.6236183557797 12.699217736084293
    endloop
  endfacet
  facet normal 1.4855897065757368e-14 0.7222586421846242 -0.6916230575896257
    outer loop
      vertex 120.11073472350836 134.60505942259152 12.679836731160002
      vertex 120.22494000196457 134.6236183557797 12.699217736084293
      vertex 120.55740694701672 133.6460967726372 11.678396634764702
    endloop
  endfacet
  facet normal -5.141080185238613e-14 0.7222586421846294 -0.6916230575896205
    outer loop
      vertex 119.49054999649525 134.56288002336055 12.635788986825254
      vertex 119.62114138901234 134.56456719582576 12.637550892939394
      vertex 119.49054999649525 133.58356251898155 11.613092413571174
    endloop
  endfacet
  facet normal -8.188380123837694e-14 0.7222586421846162 -0.6916230575896343
    outer loop
      vertex 119.9932522252202 134.58987483948673 12.663979543845244
      vertex 120.35507444292307 133.62358444235178 11.654887116211285
      vertex 120.14722249656916 133.60607484926697 11.636601932124599
    endloop
  endfacet
  facet normal 6.434655322849604e-14 0.7222586421846353 -0.6916230575896144
    outer loop
      vertex 120.11073472350836 134.60505942259152 12.679836731160002
      vertex 120.55740694701672 133.6460967726372 11.678396634764702
      vertex 120.35507444292307 133.62358444235178 11.654887116211285
    endloop
  endfacet
  facet normal 1.196765705992631e-13 0.7222586421846504 -0.6916230575895984
    outer loop
      vertex 120.54789250344038 134.69954128160964 12.778503683420588
      vertex 120.94551361352205 133.70612965511606 11.741088686034239
      vertex 120.44351889193058 134.67085928786528 12.748551214905213
    endloop
  endfacet
  facet normal -8.695653471287619e-14 0.7222586421846156 -0.691623057589635
    outer loop
      vertex 120.33586805313826 134.6455516442043 12.722122563999363
      vertex 120.44351889193058 134.67085928786528 12.748551214905213
      vertex 120.75422000139952 133.67361184012333 11.707130487784852
    endloop
  endfacet
  facet normal 1.435643405546426e-14 0.7222586421846297 -0.6916230575896203
    outer loop
      vertex 120.64898888766766 134.73159762543742 12.811979969545497
      vertex 121.13128777593374 133.74365020215646 11.780271213369105
      vertex 120.54789250344038 134.69954128160964 12.778503683420588
    endloop
  endfacet
  facet normal 1.164099916984851e-13 0.7222586421846684 -0.6916230575895798
    outer loop
      vertex 120.84134999662638 134.80583336849617 12.88950400000516
      vertex 121.4862777814269 133.83369952845123 11.874309292964028
      vertex 120.74680805206299 134.7670283193486 12.84898007327994
    endloop
  endfacet
  facet normal -8.893766470689961e-14 0.7222586421846008 -0.6916230575896504
    outer loop
      vertex 120.64898888766766 134.73159762543742 12.811979969545497
      vertex 120.74680805206299 134.7670283193486 12.84898007327994
      vertex 121.31154250353575 133.78617349670353 11.8246780859332
    endloop
  endfacet
  facet normal -2.647363738562506e-14 0.7222586421846224 -0.6916230575896277
    outer loop
      vertex 120.84134999662638 134.80583336849617 12.88950400000516
      vertex 120.93261472135782 134.84801276772714 12.933551744339908
      vertex 121.65549360960722 133.8862282973996 11.929164834461595
    endloop
  endfacet
  facet normal -8.547575623937907e-14 0.7222586421846158 -0.6916230575896346
    outer loop
      vertex 120.33586805313826 134.6455516442043 12.722122563999363
      vertex 120.75422000139952 133.67361184012333 11.707130487784852
      vertex 120.55740694701672 133.6460967726372 11.678396634764702
    endloop
  endfacet
  facet normal 7.762520030125697e-14 0.72225864218464 -0.6916230575896094
    outer loop
      vertex 120.44351889193058 134.67085928786528 12.748551214905213
      vertex 120.94551361352205 133.70612965511606 11.741088686034239
      vertex 120.75422000139952 133.67361184012333 11.707130487784852
    endloop
  endfacet
  facet normal 2.1011952952570643e-14 0.7222586421846315 -0.6916230575896182
    outer loop
      vertex 120.54789250344038 134.69954128160964 12.778503683420588
      vertex 121.13128777593374 133.74365020215646 11.780271213369105
      vertex 120.94551361352205 133.70612965511606 11.741088686034239
    endloop
  endfacet
  facet normal -4.2445596620806183e-14 0.7222586421846163 -0.6916230575896342
    outer loop
      vertex 120.64898888766766 134.73159762543742 12.811979969545497
      vertex 121.31154250353575 133.78617349670353 11.8246780859332
      vertex 121.13128777593374 133.74365020215646 11.780271213369105
    endloop
  endfacet
  facet normal -2.0330714613408055e-14 0.7222586421846252 -0.691623057589625
    outer loop
      vertex 120.84134999662638 134.80583336849617 12.88950400000516
      vertex 121.65549360960722 133.8862282973996 11.929164834461595
      vertex 121.4862777814269 133.83369952845123 11.874309292964028
    endloop
  endfacet
  facet normal 9.323332469285752e-15 0.7222586421846277 -0.6916230575896223
    outer loop
      vertex 120.74680805206299 134.7670283193486 12.84898007327994
      vertex 121.4862777814269 133.83369952845123 11.874309292964028
      vertex 121.31154250353575 133.78617349670353 11.8246780859332
    endloop
  endfacet
  facet normal 7.12955852609016e-14 0.7222586421846215 -0.6916230575896286
    outer loop
      vertex 119.49054999649525 133.58356251898155 11.613092413571174
      vertex 119.62114138901234 134.56456719582576 12.637550892939394
      vertex 119.71496027708054 133.58606389015836 11.615704583495166
    endloop
  endfacet
  facet normal -6.79316478136962e-14 0.7222586421846283 -0.6916230575896215
    outer loop
      vertex 119.7484555542469 134.56962872352733 12.642836622044314
      vertex 119.93385110795498 133.59356799853586 11.62354108788589
      vertex 119.71496027708054 133.58606389015836 11.615704583495166
    endloop
  endfacet
  facet normal 8.013953362914764e-14 0.722258642184628 -0.691623057589622
    outer loop
      vertex 119.87249249964952 134.57806460646535 12.651646174140012
      vertex 120.14722249656916 133.60607484926697 11.636601932124599
      vertex 119.93385110795498 133.59356799853586 11.62354108788589
    endloop
  endfacet
  facet normal 0.15883162152073446 -0.6828433767655331 -0.7130900636052493
    outer loop
      vertex 120.35507444292307 133.62358444235178 11.654887116211285
      vertex 120.55740694701672 133.6460967726372 11.678396634764702
      vertex 120.35507444292307 133.190229257041 12.069860950765054
    endloop
  endfacet
  facet normal 0.016114229155674276 -0.691533255439638 -0.7221648622300693
    outer loop
      vertex 119.49054999649525 133.58356251898155 11.613092413571174
      vertex 119.71496027708054 133.58606389015836 11.615704583495166
      vertex 119.49054999649525 133.15020733367078 12.028066248124944
    endloop
  endfacet
  facet normal 0.04950729402331679 -0.6907749631766793 -0.7213729812563997
    outer loop
      vertex 119.71496027708054 133.58606389015836 11.615704583495166
      vertex 119.93385110795498 133.59356799853586 11.62354108788589
      vertex 119.71496027708054 133.1527087048476 12.030678418048936
    endloop
  endfacet
  facet normal 0.08444777312144418 -0.6891525156259061 -0.719678667060039
    outer loop
      vertex 119.93385110795498 133.59356799853586 11.62354108788589
      vertex 120.14722249656916 133.60607484926697 11.636601932124599
      vertex 119.93385110795498 133.1602128132251 12.03851492243966
    endloop
  endfacet
  facet normal 0.12090789169107052 -0.6865491244037806 -0.7169599580919582
    outer loop
      vertex 120.35507444292307 133.62358444235178 11.654887116211285
      vertex 120.14722249656916 133.17271966395623 12.051575766678368
      vertex 120.14722249656916 133.60607484926697 11.636601932124599
    endloop
  endfacet
  facet normal 0.12090789169097814 -0.6865491244037649 -0.716959958091989
    outer loop
      vertex 120.35507444292307 133.62358444235178 11.654887116211285
      vertex 120.35507444292307 133.190229257041 12.069860950765054
      vertex 120.14722249656916 133.17271966395623 12.051575766678368
    endloop
  endfacet
  facet normal 0.016114229155761835 -0.6915332554396606 -0.7221648622300456
    outer loop
      vertex 119.49054999649525 133.15020733367078 12.028066248124944
      vertex 119.71496027708054 133.58606389015836 11.615704583495166
      vertex 119.71496027708054 133.1527087048476 12.030678418048936
    endloop
  endfacet
  facet normal 0.049507294023227386 -0.6907749631766587 -0.7213729812564256
    outer loop
      vertex 119.93385110795498 133.59356799853586 11.62354108788589
      vertex 119.93385110795498 133.1602128132251 12.03851492243966
      vertex 119.71496027708054 133.1527087048476 12.030678418048936
    endloop
  endfacet
  facet normal 0.0844477731215354 -0.6891525156259243 -0.7196786670600108
    outer loop
      vertex 120.14722249656916 133.60607484926697 11.636601932124599
      vertex 120.14722249656916 133.17271966395623 12.051575766678368
      vertex 119.93385110795498 133.1602128132251 12.03851492243966
    endloop
  endfacet
  facet normal 0.19813040856374567 -0.6779120928521837 -0.7079403474637785
    outer loop
      vertex 120.55740694701672 133.6460967726372 11.678396634764702
      vertex 120.75422000139952 133.67361184012333 11.707130487784852
      vertex 120.55740694701672 133.21274158732643 12.093370469318472
    endloop
  endfacet
  facet normal 0.238679262755039 -0.6716340827486087 -0.7013842516204268
    outer loop
      vertex 120.75422000139952 133.67361184012333 11.707130487784852
      vertex 120.94551361352205 133.70612965511606 11.741088686034239
      vertex 120.75422000139952 133.24025665481255 12.122104322338622
    endloop
  endfacet
  facet normal 0.28031362650724306 -0.6638948310335621 -0.6933021881699754
    outer loop
      vertex 120.94551361352205 133.70612965511606 11.741088686034239
      vertex 121.13128777593374 133.74365020215646 11.780271213369105
      vertex 120.94551361352205 133.27277446980528 12.156062520588009
    endloop
  endfacet
  facet normal 0.3228285109586868 -0.6545918129312932 -0.6835870909807467
    outer loop
      vertex 121.31154250353575 133.78617349670353 11.8246780859332
      vertex 121.13128777593374 133.3102950168457 12.195245047922874
      vertex 121.13128777593374 133.74365020215646 11.780271213369105
    endloop
  endfacet
  facet normal 0.15883162152073446 -0.6828433767655331 -0.7130900636052493
    outer loop
      vertex 120.35507444292307 133.190229257041 12.069860950765054
      vertex 120.55740694701672 133.6460967726372 11.678396634764702
      vertex 120.55740694701672 133.21274158732643 12.093370469318472
    endloop
  endfacet
  facet normal 0.23867926275503892 -0.6716340827486087 -0.7013842516204268
    outer loop
      vertex 120.94551361352205 133.70612965511606 11.741088686034239
      vertex 120.94551361352205 133.27277446980528 12.156062520588009
      vertex 120.75422000139952 133.24025665481255 12.122104322338622
    endloop
  endfacet
  facet normal 0.19813040856374559 -0.6779120928521837 -0.7079403474637785
    outer loop
      vertex 120.75422000139952 133.67361184012333 11.707130487784852
      vertex 120.75422000139952 133.24025665481255 12.122104322338622
      vertex 120.55740694701672 133.21274158732643 12.093370469318472
    endloop
  endfacet
  facet normal 0.32282851095859444 -0.6545918129312928 -0.683587090980791
    outer loop
      vertex 121.31154250353575 133.78617349670353 11.8246780859332
      vertex 121.31154250353575 133.35281831139275 12.23965192048697
      vertex 121.13128777593374 133.3102950168457 12.195245047922874
    endloop
  endfacet
  facet normal 0.28031362650733666 -0.663894831033566 -0.6933021881699338
    outer loop
      vertex 121.13128777593374 133.74365020215646 11.780271213369105
      vertex 121.13128777593374 133.3102950168457 12.195245047922874
      vertex 120.94551361352205 133.27277446980528 12.156062520588009
    endloop
  endfacet
  facet normal 1.5294069605931196e-14 0.7222586421846389 -0.6916230575896106
    outer loop
      vertex 121.10531249642372 134.9424946267453 13.032218696600495
      vertex 122.13002444803715 134.07383105321364 12.125077492660921
      vertex 121.97736694663763 134.0062940623573 12.05454893700066
    endloop
  endfacet
  facet normal -4.93647376951039e-14 0.7222586421846013 -0.6916230575896498
    outer loop
      vertex 121.02060221880674 134.89356652219453 12.981123311665435
      vertex 121.97736694663763 134.0062940623573 12.05454893700066
      vertex 121.81919000297785 133.94375980870163 11.98924471580714
    endloop
  endfacet
  facet normal -8.445346826031663e-15 0.7222586421846127 -0.6916230575896379
    outer loop
      vertex 121.26490139216185 135.05047389125002 13.144980924680453
      vertex 122.41878110915422 134.22391325683424 12.281807618144136
      vertex 122.27716249972582 134.1463707812706 12.20083038278792
    endloop
  endfacet
  facet normal 8.71754734162583e-14 0.7222586421846687 -0.6916230575895793
    outer loop
      vertex 121.18674555420876 134.99479708137946 13.086837899145081
      vertex 122.27716249972582 134.1463707812706 12.20083038278792
      vertex 122.13002444803715 134.07383105321364 12.125077492660921
    endloop
  endfacet
  facet normal -2.914708754071448e-14 0.7222586421845986 -0.6916230575896526
    outer loop
      vertex 121.26490139216185 135.05047389125002 13.144980924680453
      vertex 122.55488027632236 134.30645846959854 12.36800918796709
      vertex 122.41878110915422 134.22391325683424 12.281807618144136
    endloop
  endfacet
  facet normal 1.1003522657315693e-14 0.7222586421846358 -0.6916230575896136
    outer loop
      vertex 120.93261472135782 134.84801276772714 12.933551744339908
      vertex 121.81919000297785 133.94375980870163 11.98924471580714
      vertex 121.65549360960722 133.8862282973996 11.929164834461595
    endloop
  endfacet
  facet normal 0.5804490128441844 -0.5631863003344261 -0.5881327525345222
    outer loop
      vertex 122.27716249972582 134.1463707812706 12.20083038278792
      vertex 122.13002444803715 133.64047586790286 12.540051327214691
      vertex 122.13002444803715 134.07383105321364 12.125077492660921
    endloop
  endfacet
  facet normal 0.5388548047166054 -0.582622335733362 -0.6084297110911256
    outer loop
      vertex 121.97736694663763 134.0062940623573 12.05454893700066
      vertex 122.13002444803715 134.07383105321364 12.125077492660921
      vertex 121.97736694663763 133.57293887704654 12.46952277155443
    endloop
  endfacet
  facet normal 0.4962624187609696 -0.6004481675481691 -0.6270451417669687
    outer loop
      vertex 121.81919000297785 133.94375980870163 11.98924471580714
      vertex 121.97736694663763 134.0062940623573 12.05454893700066
      vertex 121.81919000297785 133.51040462339085 12.404218550360909
    endloop
  endfacet
  facet normal 0.5804490128442564 -0.5631863003344098 -0.5881327525344667
    outer loop
      vertex 122.27716249972582 134.1463707812706 12.20083038278792
      vertex 122.27716249972582 133.71301559595986 12.61580421734169
      vertex 122.13002444803715 133.64047586790286 12.540051327214691
    endloop
  endfacet
  facet normal 0.49626241876096966 -0.6004481675481691 -0.6270451417669687
    outer loop
      vertex 121.97736694663763 134.0062940623573 12.05454893700066
      vertex 121.97736694663763 133.57293887704654 12.46952277155443
      vertex 121.81919000297785 133.51040462339085 12.404218550360909
    endloop
  endfacet
  facet normal 0.5388548047166054 -0.582622335733362 -0.6084297110911256
    outer loop
      vertex 122.13002444803715 134.07383105321364 12.125077492660921
      vertex 122.13002444803715 133.64047586790286 12.540051327214691
      vertex 121.97736694663763 133.57293887704654 12.46952277155443
    endloop
  endfacet
  facet normal 0.7303828952758759 -0.47240478790952445 -0.4933300544752836
    outer loop
      vertex 122.68546000123024 134.39400641956348 12.459435092256783
      vertex 122.80973916500807 134.48591870238505 12.555418648418339
      vertex 122.68546000123024 133.9606512342527 12.874408926810553
    endloop
  endfacet
  facet normal 0.659327812499824 -0.5200006654482269 -0.5430342011306455
    outer loop
      vertex 122.55488027632236 134.30645846959854 12.36800918796709
      vertex 122.41878110915422 133.7905580715235 12.696781452697905
      vertex 122.41878110915422 134.22391325683424 12.281807618144136
    endloop
  endfacet
  facet normal 0.696034078409079 -0.49659140542159935 -0.5185880231499999
    outer loop
      vertex 122.68546000123024 134.39400641956348 12.459435092256783
      vertex 122.55488027632236 133.87310328428777 12.78298302252086
      vertex 122.55488027632236 134.30645846959854 12.36800918796709
    endloop
  endfacet
  facet normal 0.7629218602661797 -0.44712787995502035 -0.4669335007203067
    outer loop
      vertex 122.9269166663289 134.58155691887214 12.655293179238136
      vertex 122.80973916500807 134.05256351707428 12.970392482972109
      vertex 122.80973916500807 134.48591870238505 12.555418648418339
    endloop
  endfacet
  facet normal 0.6207095455150284 -0.5422605560135236 -0.5662800980949544
    outer loop
      vertex 122.27716249972582 134.1463707812706 12.20083038278792
      vertex 122.41878110915422 134.22391325683424 12.281807618144136
      vertex 122.27716249972582 133.71301559595986 12.61580421734169
    endloop
  endfacet
  facet normal 0.6593278124997625 -0.5200006654482463 -0.5430342011307014
    outer loop
      vertex 122.55488027632236 134.30645846959854 12.36800918796709
      vertex 122.55488027632236 133.87310328428777 12.78298302252086
      vertex 122.41878110915422 133.7905580715235 12.696781452697905
    endloop
  endfacet
  facet normal 0.6960340784090789 -0.4965914054215994 -0.51858802315
    outer loop
      vertex 122.68546000123024 134.39400641956348 12.459435092256783
      vertex 122.68546000123024 133.9606512342527 12.874408926810553
      vertex 122.55488027632236 133.87310328428777 12.78298302252086
    endloop
  endfacet
  facet normal 0.7629218602661344 -0.447127879955042 -0.46693350072035994
    outer loop
      vertex 122.9269166663289 134.58155691887214 12.655293179238136
      vertex 122.9269166663289 134.14820173356134 13.070267013791906
      vertex 122.80973916500807 134.05256351707428 12.970392482972109
    endloop
  endfacet
  facet normal 0.7303828952758759 -0.47240478790952445 -0.4933300544752836
    outer loop
      vertex 122.80973916500807 134.48591870238505 12.555418648418339
      vertex 122.80973916500807 134.05256351707428 12.970392482972109
      vertex 122.68546000123024 133.9606512342527 12.874408926810553
    endloop
  endfacet
  facet normal 0.6207095455150284 -0.5422605560135235 -0.5662800980949544
    outer loop
      vertex 122.27716249972582 133.71301559595986 12.61580421734169
      vertex 122.41878110915422 134.22391325683424 12.281807618144136
      vertex 122.41878110915422 133.7905580715235 12.696781452697905
    endloop
  endfacet
  facet normal 0.4094806634264205 -0.6309807154683805 -0.6589301351333609
    outer loop
      vertex 121.4862777814269 133.83369952845123 11.874309292964028
      vertex 121.65549360960722 133.8862282973996 11.929164834461595
      vertex 121.4862777814269 133.40034434314046 12.289283127517798
    endloop
  endfacet
  facet normal 0.36597838832051477 -0.6436405666861721 -0.6721507570465287
    outer loop
      vertex 121.31154250353575 133.78617349670353 11.8246780859332
      vertex 121.4862777814269 133.83369952845123 11.874309292964028
      vertex 121.31154250353575 133.35281831139275 12.23965192048697
    endloop
  endfacet
  facet normal 0.45302112088834073 -0.6165818061235785 -0.6438934231582563
    outer loop
      vertex 121.81919000297785 133.94375980870163 11.98924471580714
      vertex 121.65549360960722 133.45287311208884 12.344138669015365
      vertex 121.65549360960722 133.8862282973996 11.929164834461595
    endloop
  endfacet
  facet normal 0.4094806634264206 -0.6309807154683805 -0.6589301351333609
    outer loop
      vertex 121.65549360960722 133.8862282973996 11.929164834461595
      vertex 121.65549360960722 133.45287311208884 12.344138669015365
      vertex 121.4862777814269 133.40034434314046 12.289283127517798
    endloop
  endfacet
  facet normal 0.36597838832051477 -0.6436405666861721 -0.6721507570465287
    outer loop
      vertex 121.31154250353575 133.35281831139275 12.23965192048697
      vertex 121.4862777814269 133.83369952845123 11.874309292964028
      vertex 121.4862777814269 133.40034434314046 12.289283127517798
    endloop
  endfacet
  facet normal 0.45302112088834073 -0.6165818061235785 -0.6438934231582564
    outer loop
      vertex 121.81919000297785 133.94375980870163 11.98924471580714
      vertex 121.81919000297785 133.51040462339085 12.404218550360909
      vertex 121.65549360960722 133.45287311208884 12.344138669015365
    endloop
  endfacet
  facet normal 1.54253215882769e-17 0.7222586421846326 -0.6916230575896171
    outer loop
      vertex 126.6867699995637 135.03980944690824 13.13384409659843
      vertex 127.25430999696255 133.6722009299367 11.705657081043348
      vertex 125.19754000008106 133.6722009299367 11.705657081043348
    endloop
  endfacet
  facet normal 0 -0.691623057589622 -0.7222586421846282
    outer loop
      vertex 125.19754000008106 133.6722009299367 11.705657081043348
      vertex 127.25430999696255 133.6722009299367 11.705657081043348
      vertex 125.19754000008106 133.23884574462593 12.120630915597118
    endloop
  endfacet
  facet normal 0 -0.691623057589622 -0.7222586421846282
    outer loop
      vertex 125.19754000008106 133.23884574462593 12.120630915597118
      vertex 127.25430999696255 133.6722009299367 11.705657081043348
      vertex 127.25430999696255 133.23884574462593 12.120630915597118
    endloop
  endfacet
  facet normal 0 -0.6916230575896217 -0.7222586421846281
    outer loop
      vertex 130.94674000144005 133.6722009299367 11.705657081043348
      vertex 132.5457699969411 133.6722009299367 11.705657081043348
      vertex 130.94674000144005 133.23884574462593 12.120630915597118
    endloop
  endfacet
  facet normal 0 -0.6916230575896217 -0.7222586421846281
    outer loop
      vertex 130.94674000144005 133.23884574462593 12.120630915597118
      vertex 132.5457699969411 133.6722009299367 11.705657081043348
      vertex 132.5457699969411 133.23884574462593 12.120630915597118
    endloop
  endfacet
  facet normal -1 0 0
    outer loop
      vertex 133.52893000096083 134.63458750177028 12.710672762636875
      vertex 133.52893000096083 133.6722009299367 11.705657081043348
      vertex 133.52893000096083 134.20123231645948 13.125646597190645
    endloop
  endfacet
  facet normal -1 0 0
    outer loop
      vertex 133.52893000096083 134.20123231645948 13.125646597190645
      vertex 133.52893000096083 133.6722009299367 11.705657081043348
      vertex 133.52893000096083 133.23884574462593 12.120630915597118
    endloop
  endfacet
  facet normal 0 0.7222586421846254 -0.6916230575896245
    outer loop
      vertex 133.52893000096083 134.63458750177028 12.710672762636875
      vertex 136.30578999966383 134.63458750177028 12.710672762636875
      vertex 133.52893000096083 133.6722009299367 11.705657081043348
    endloop
  endfacet
  facet normal 0 -0.6916230575896218 -0.7222586421846281
    outer loop
      vertex 133.52893000096083 133.6722009299367 11.705657081043348
      vertex 140.88931000232697 133.6722009299367 11.705657081043348
      vertex 133.52893000096083 133.23884574462593 12.120630915597118
    endloop
  endfacet
  facet normal 2.7199418482672217e-18 0.7222586421846255 -0.6916230575896245
    outer loop
      vertex 136.30578999966383 134.63458750177028 12.710672762636875
      vertex 140.88931000232697 133.6722009299367 11.705657081043348
      vertex 133.52893000096083 133.6722009299367 11.705657081043348
    endloop
  endfacet
  facet normal 0 0.7222586421846254 -0.6916230575896246
    outer loop
      vertex 136.30578999966383 134.63458750177028 12.710672762636875
      vertex 138.1062399968505 134.63458750177028 12.710672762636875
      vertex 140.88931000232697 133.6722009299367 11.705657081043348
    endloop
  endfacet
  facet normal 0 0.7222586421846254 -0.6916230575896245
    outer loop
      vertex 138.1062399968505 134.63458750177028 12.710672762636875
      vertex 140.88931000232697 134.63458750177028 12.710672762636875
      vertex 140.88931000232697 133.6722009299367 11.705657081043348
    endloop
  endfacet
  facet normal 0 -0.6916230575896218 -0.7222586421846281
    outer loop
      vertex 133.52893000096083 133.23884574462593 12.120630915597118
      vertex 140.88931000232697 133.6722009299367 11.705657081043348
      vertex 140.88931000232697 133.23884574462593 12.120630915597118
    endloop
  endfacet
  facet normal 1 0 0
    outer loop
      vertex 140.88931000232697 134.63458750177028 12.710672762636875
      vertex 140.88931000232697 133.23884574462593 12.120630915597118
      vertex 140.88931000232697 133.6722009299367 11.705657081043348
    endloop
  endfacet
  facet normal 1 0 0
    outer loop
      vertex 140.88931000232697 134.63458750177028 12.710672762636875
      vertex 140.88931000232697 134.20123231645948 13.125646597190645
      vertex 140.88931000232697 133.23884574462593 12.120630915597118
    endloop
  endfacet
  facet normal 1 0 0
    outer loop
      vertex 61.14000000059605 143.6917140380515 23.03651114500368
      vertex 61.14000000059605 143.67376812803022 23.864743871758108
      vertex 61.14000000059605 141.33036521605956 20.570565894653008
    endloop
  endfacet
  facet normal 1 0 0
    outer loop
      vertex 61.14000000059605 143.67376812803022 23.864743871758108
      vertex 61.14000000059605 142.60596136409288 24.887258156606833
      vertex 61.14000000059605 141.33036521605956 20.570565894653008
    endloop
  endfacet
  facet normal 1 0 0
    outer loop
      vertex 61.14000000059605 142.60596136409288 24.887258156606833
      vertex 61.14000000059605 141.77772863733847 24.869312246585586
      vertex 61.14000000059605 141.33036521605956 20.570565894653008
    endloop
  endfacet
  facet normal 1 0 0
    outer loop
      vertex 61.14000000059605 141.77772863733847 24.869312246585586
      vertex 61.14000000059605 139.41637981534655 22.403366996234915
      vertex 61.14000000059605 141.33036521605956 20.570565894653008
    endloop
  endfacet
  facet normal 0.9993007047314957 0.025860613164112044 0.027006114306061986
    outer loop
      vertex 61.15118481218815 141.12362499534282 20.354668073634414
      vertex 61.14000000059605 141.33036521605956 20.570565894653008
      vertex 61.14000000059605 139.41637981534655 22.403366996234915
    endloop
  endfacet
  facet normal 0.9922392081257637 0.08599896478054325 0.08980830649017063
    outer loop
      vertex 61.20076898485422 140.84996887920923 20.068890303944357
      vertex 61.15118481218815 141.12362499534282 20.354668073634414
      vertex 61.15118481218815 139.20963959462983 22.18746917521632
    endloop
  endfacet
  facet normal 0.9749279080790275 0.15390062115285147 0.16071768059992003
    outer loop
      vertex 61.28950301557779 140.58108716598866 19.788098420319535
      vertex 61.20076898485422 140.84996887920923 20.068890303944357
      vertex 61.20076898485422 138.9359834784962 21.901691405526265
    endloop
  endfacet
  facet normal 0.9479273464361485 0.22027271029477455 0.23002973498640653
    outer loop
      vertex 61.41650500893593 140.31965211042296 19.515083045571274
      vertex 61.28950301557779 140.58108716598866 19.788098420319535
      vertex 61.28950301557779 138.66710176527567 21.620899521901443
    endloop
  endfacet
  facet normal 0.9993007047314957 0.02586061316411394 0.02700611430606356
    outer loop
      vertex 61.15118481218815 141.12362499534282 20.354668073634414
      vertex 61.14000000059605 139.41637981534655 22.403366996234915
      vertex 61.15118481218815 139.20963959462983 22.18746917521632
    endloop
  endfacet
  facet normal 0.9922392081257644 0.08599896478053842 0.08980830649016691
    outer loop
      vertex 61.20076898485422 140.84996887920923 20.068890303944357
      vertex 61.15118481218815 139.20963959462983 22.18746917521632
      vertex 61.20076898485422 138.9359834784962 21.901691405526265
    endloop
  endfacet
  facet normal 0.9749279080790251 0.15390062115286005 0.1607176805999266
    outer loop
      vertex 61.28950301557779 140.58108716598866 19.788098420319535
      vertex 61.20076898485422 138.9359834784962 21.901691405526265
      vertex 61.28950301557779 138.66710176527567 21.620899521901443
    endloop
  endfacet
  facet normal 0.9479273464361536 0.2202727102947626 0.2300297349863975
    outer loop
      vertex 61.41650500893593 140.31965211042296 19.515083045571274
      vertex 61.28950301557779 138.66710176527567 21.620899521901443
      vertex 61.41650500893593 138.40566670970995 21.34788414715318
    endloop
  endfacet
  facet normal 0.911505858976239 0.2844556335989641 0.2970556539872624
    outer loop
      vertex 61.5805127620697 140.0682619754225 19.252557533196338
      vertex 61.41650500893593 140.31965211042296 19.515083045571274
      vertex 61.41650500893593 138.40566670970995 21.34788414715318
    endloop
  endfacet
  facet normal 0.911505858976239 0.28445563359896414 0.2970556539872625
    outer loop
      vertex 61.5805127620697 140.0682619754225 19.252557533196338
      vertex 61.41650500893593 138.40566670970995 21.34788414715318
      vertex 61.5805127620697 138.15427657470948 21.085358634778245
    endloop
  endfacet
  facet normal 0.8660253926882419 0.34581154208723686 0.3611293349735294
    outer loop
      vertex 61.779896311461926 139.82941519495796 19.00313098580837
      vertex 61.5805127620697 140.0682619754225 19.252557533196338
      vertex 61.5805127620697 138.15427657470948 21.085358634778245
    endloop
  endfacet
  facet normal 0.8119380156028959 0.403730573928396 0.4216139021596414
    outer loop
      vertex 62.01267407089472 139.60548552117325 18.769282301387335
      vertex 61.779896311461926 139.82941519495796 19.00313098580837
      vertex 61.779896311461926 137.91542979424494 20.835932087390276
    endloop
  endfacet
  facet normal 0.7497811947147026 0.457637188630426 0.4779083213699391
    outer loop
      vertex 62.27653260529041 139.39869848551209 18.55333559174678
      vertex 62.01267407089472 139.60548552117325 18.769282301387335
      vertex 62.01267407089472 137.69150012046023 20.602083402969242
    endloop
  endfacet
  facet normal 0.6801727428522263 0.5069955737059015 0.5294530461934306
    outer loop
      vertex 62.56884956359863 139.21110921508162 18.357437016268825
      vertex 62.27653260529041 139.39869848551209 18.55333559174678
      vertex 62.27653260529041 137.48471308479907 20.386136693328687
    endloop
  endfacet
  facet normal 0.60380440377248 0.5513152253826111 0.5757358458931323
    outer loop
      vertex 62.88671977072954 139.0445820680228 18.183533515219068
      vertex 62.56884956359863 139.21110921508162 18.357437016268825
      vertex 62.56884956359863 137.2971238143686 20.190238117850733
    endloop
  endfacet
  facet normal 0.866025392688242 0.3458115420872369 0.36112933497352945
    outer loop
      vertex 61.779896311461926 139.82941519495796 19.00313098580837
      vertex 61.5805127620697 138.15427657470948 21.085358634778245
      vertex 61.779896311461926 137.91542979424494 20.835932087390276
    endloop
  endfacet
  facet normal 0.8119380156028957 0.403730573928396 0.4216139021596414
    outer loop
      vertex 62.01267407089472 139.60548552117325 18.769282301387335
      vertex 61.779896311461926 137.91542979424494 20.835932087390276
      vertex 62.01267407089472 137.69150012046023 20.602083402969242
    endloop
  endfacet
  facet normal 0.7497811947147026 0.4576371886304262 0.4779083213699392
    outer loop
      vertex 62.27653260529041 139.39869848551209 18.55333559174678
      vertex 62.01267407089472 137.69150012046023 20.602083402969242
      vertex 62.27653260529041 137.48471308479907 20.386136693328687
    endloop
  endfacet
  facet normal 0.6801727428522262 0.5069955737059015 0.5294530461934306
    outer loop
      vertex 62.56884956359863 139.21110921508162 18.357437016268825
      vertex 62.27653260529041 137.48471308479907 20.386136693328687
      vertex 62.56884956359863 137.2971238143686 20.190238117850733
    endloop
  endfacet
  facet normal 0.5214352123707151 0.5901556447677103 0.6162967095877728
    outer loop
      vertex 63.226984083652496 138.90077205696946 18.033353410353953
      vertex 62.88671977072954 139.0445820680228 18.183533515219068
      vertex 62.88671977072954 137.1305966673098 20.016334616800975
    endloop
  endfacet
  facet normal 0.43388373097415844 0.6231308459240439 0.650732554014266
    outer loop
      vertex 63.586260817945 138.7811084367645 17.908389265651564
      vertex 63.226984083652496 138.90077205696946 18.033353410353953
      vertex 63.226984083652496 136.98678665625647 19.86615451193586
    endloop
  endfacet
  facet normal 0.60380440377248 0.5513152253826112 0.5757358458931324
    outer loop
      vertex 62.88671977072954 139.0445820680228 18.183533515219068
      vertex 62.56884956359863 137.2971238143686 20.190238117850733
      vertex 62.88671977072954 137.1305966673098 20.016334616800975
    endloop
  endfacet
  facet normal 0.5214352123706791 0.59015564476773 0.6162967095877843
    outer loop
      vertex 63.226984083652496 138.90077205696946 18.033353410353953
      vertex 62.88671977072954 137.1305966673098 20.016334616800975
      vertex 63.226984083652496 136.98678665625647 19.86615451193586
    endloop
  endfacet
  facet normal 0.4338837309741985 0.6231308459240257 0.6507325540142567
    outer loop
      vertex 63.586260817945 138.7811084367645 17.908389265651564
      vertex 63.226984083652496 136.98678665625647 19.86615451193586
      vertex 63.586260817945 136.86712303605148 19.74119036723347
    endloop
  endfacet
  facet normal 0.34202015219798804 0.6499130813489253 0.6787011140273826
    outer loop
      vertex 63.96097930520773 138.68678047189226 17.8098830243095
      vertex 63.586260817945 138.7811084367645 17.908389265651564
      vertex 63.586260817945 136.86712303605148 19.74119036723347
    endloop
  endfacet
  facet normal 0.24675738774064565 0.6702361974946305 0.699924446753613
    outer loop
      vertex 64.34741542488337 138.61872564642988 17.738813696453555
      vertex 63.96097930520773 138.68678047189226 17.8098830243095
      vertex 63.96097930520773 136.77279507117925 19.642684125891407
    endloop
  endfacet
  facet normal 0.14904227768951314 0.6838981982724893 0.7141916086462827
    outer loop
      vertex 64.74172861129045 138.57762030621134 17.695887586794555
      vertex 64.34741542488337 138.61872564642988 17.738813696453555
      vertex 64.34741542488337 136.7047402457169 19.571614798035462
    endloop
  endfacet
  facet normal 0.04984588228567161 0.6907633157587267 0.7213608179137349
    outer loop
      vertex 65.14000000059605 138.5638729857011 17.6815313259145
      vertex 64.74172861129045 138.57762030621134 17.695887586794555
      vertex 64.74172861129045 136.66363490549833 19.528688688376462
    endloop
  endfacet
  facet normal 0.34202015219798815 0.6499130813489254 0.6787011140273826
    outer loop
      vertex 63.96097930520773 138.68678047189226 17.8098830243095
      vertex 63.586260817945 136.86712303605148 19.74119036723347
      vertex 63.96097930520773 136.77279507117925 19.642684125891407
    endloop
  endfacet
  facet normal 0.24675738774059935 0.6702361974946437 0.6999244467536165
    outer loop
      vertex 64.34741542488337 138.61872564642988 17.738813696453555
      vertex 63.96097930520773 136.77279507117925 19.642684125891407
      vertex 64.34741542488337 136.7047402457169 19.571614798035462
    endloop
  endfacet
  facet normal 0.14904227768956144 0.683898198272479 0.7141916086462825
    outer loop
      vertex 64.74172861129045 138.57762030621134 17.695887586794555
      vertex 64.34741542488337 136.7047402457169 19.571614798035462
      vertex 64.74172861129045 136.66363490549833 19.528688688376462
    endloop
  endfacet
  facet normal 0.04984588228567162 0.6907633157587267 0.7213608179137349
    outer loop
      vertex 65.14000000059605 138.5638729857011 17.6815313259145
      vertex 64.74172861129045 136.66363490549833 19.528688688376462
      vertex 65.14000000059605 136.64988758498808 19.514332427496406
    endloop
  endfacet
  facet normal 0 0.6916230575896232 0.7222586421846269
    outer loop
      vertex 65.14000000059605 138.5638729857011 17.6815313259145
      vertex 65.14000000059605 136.64988758498808 19.514332427496406
      vertex 79.14000000059605 138.5638729857011 17.6815313259145
    endloop
  endfacet
  facet normal -2.2311941191294698e-18 0.6916230575896232 0.7222586421846269
    outer loop
      vertex 79.14000000059605 138.5638729857011 17.6815313259145
      vertex 65.14000000059605 136.64988758498808 19.514332427496406
      vertex 79.14000000059605 136.64988758498808 19.514332427496406
    endloop
  endfacet
  facet normal -0.7330518671150605 0.4704231521005786 0.4912606417034438
    outer loop
      vertex 81.93294727057219 139.3499251408101 18.502401821779607
      vertex 81.93294727057219 137.43593974009707 20.335202923361514
      vertex 82.20417777448893 139.55209828930052 18.713530271174847
    endloop
  endfacet
  facet normal -0.6616858469486627 0.5185659624117942 0.54153594763022
    outer loop
      vertex 81.93294727057219 139.3499251408101 18.502401821779607
      vertex 81.63395921140909 139.16743449448023 18.311827714998152
      vertex 81.63395921140909 137.25344909376722 20.14462881658006
    endloop
  endfacet
  facet normal -0.7330518671150605 0.4704231521005786 0.4912606417034438
    outer loop
      vertex 82.20417777448893 139.55209828930052 18.713530271174847
      vertex 81.93294727057219 137.43593974009707 20.335202923361514
      vertex 82.20417777448893 137.6381128885875 20.546331372756754
    endloop
  endfacet
  facet normal -0.5837436584827757 0.5615550529245157 0.5864292486874173
    outer loop
      vertex 81.63395921140909 139.16743449448023 18.311827714998152
      vertex 81.31018505245447 137.09245462804944 19.976503068121346
      vertex 81.63395921140909 137.25344909376722 20.14462881658006
    endloop
  endfacet
  facet normal -0.6616858469486627 0.5185659624117942 0.54153594763022
    outer loop
      vertex 81.93294727057219 139.3499251408101 18.502401821779607
      vertex 81.63395921140909 137.25344909376722 20.14462881658006
      vertex 81.93294727057219 137.43593974009707 20.335202923361514
    endloop
  endfacet
  facet normal -1 0 0
    outer loop
      vertex 83.14000000059605 143.67376812803022 23.864743871758108
      vertex 83.14000000059605 143.6917140380515 23.03651114500368
      vertex 83.14000000059605 139.41637981534655 22.403366996234915
    endloop
  endfacet
  facet normal -1 0 0
    outer loop
      vertex 83.14000000059605 142.60596136409288 24.887258156606833
      vertex 83.14000000059605 143.67376812803022 23.864743871758108
      vertex 83.14000000059605 139.41637981534655 22.403366996234915
    endloop
  endfacet
  facet normal -1 0 0
    outer loop
      vertex 83.14000000059605 143.6917140380515 23.03651114500368
      vertex 83.14000000059605 141.33036521605956 20.570565894653008
      vertex 83.14000000059605 139.41637981534655 22.403366996234915
    endloop
  endfacet
  facet normal -0.9987569213873613 0.034474561514689625 0.036001619258165314
    outer loop
      vertex 83.120123103261 139.14092613932456 22.115712043374074
      vertex 83.14000000059605 141.33036521605956 20.570565894653008
      vertex 83.120123103261 141.05491154003755 20.282910941792167
    endloop
  endfacet
  facet normal -0.9888308244897687 0.1030810758057574 0.10764707311214716
    outer loop
      vertex 83.0606899484992 138.86821004769376 21.830915936764193
      vertex 83.120123103261 141.05491154003755 20.282910941792167
      vertex 83.0606899484992 140.78219544840678 19.998114835182285
    endloop
  endfacet
  facet normal -0.9690772887625714 0.17066309899200865 0.17822265581857913
    outer loop
      vertex 83.0606899484992 140.78219544840678 19.998114835182285
      vertex 82.96229122579098 140.51492731775366 19.719008008094264
      vertex 82.96229122579098 138.60094191704064 21.55180910967617
    endloop
  endfacet
  facet normal -0.9987569213873613 0.03447456151469106 0.03600161925816735
    outer loop
      vertex 83.120123103261 139.14092613932456 22.115712043374074
      vertex 83.14000000059605 139.41637981534655 22.403366996234915
      vertex 83.14000000059605 141.33036521605956 20.570565894653008
    endloop
  endfacet
  facet normal -0.9690772887625714 0.17066309899200865 0.17822265581857913
    outer loop
      vertex 83.0606899484992 138.86821004769376 21.830915936764193
      vertex 83.0606899484992 140.78219544840678 19.998114835182285
      vertex 82.96229122579098 138.60094191704064 21.55180910967617
    endloop
  endfacet
  facet normal -0.9396926175566498 0.2365490234204378 0.24702701072629515
    outer loop
      vertex 82.96229122579098 140.51492731775366 19.719008008094264
      vertex 82.8259048461914 138.34177797114464 21.281165443864317
      vertex 82.96229122579098 138.60094191704064 21.55180910967617
    endloop
  endfacet
  facet normal -0.9888308244897698 0.10308107580575317 0.10764707311214114
    outer loop
      vertex 83.0606899484992 138.86821004769376 21.830915936764193
      vertex 83.120123103261 139.14092613932456 22.115712043374074
      vertex 83.120123103261 141.05491154003755 20.282910941792167
    endloop
  endfacet
  facet normal -0.9396926175566498 0.2365490234204378 0.24702701072629515
    outer loop
      vertex 82.96229122579098 140.51492731775366 19.719008008094264
      vertex 82.8259048461914 140.25576337185765 19.44836434228241
      vertex 82.8259048461914 138.34177797114464 21.281165443864317
    endloop
  endfacet
  facet normal -0.9009688718240603 0.3000839926547601 0.3133762743994156
    outer loop
      vertex 82.8259048461914 140.25576337185765 19.44836434228241
      vertex 82.65288629382849 140.00727929836546 19.188873616003782
      vertex 82.65288629382849 138.09329389765244 21.02167471758569
    endloop
  endfacet
  facet normal -0.8532908761377581 0.36063661591470486 0.37661108847410063
    outer loop
      vertex 82.65288629382849 140.00727929836546 19.188873616003782
      vertex 82.44495509564877 139.77194465387305 18.94311477536816
      vertex 82.44495509564877 137.85795925316003 20.775915876950066
    endloop
  endfacet
  facet normal -0.797132512186633 0.4176050479231948 0.4361029488138021
    outer loop
      vertex 82.44495509564877 139.77194465387305 18.94311477536816
      vertex 82.20417777448893 139.55209828930052 18.713530271174847
      vertex 82.20417777448893 137.6381128885875 20.546331372756754
    endloop
  endfacet
  facet normal -0.9009688718240602 0.3000839926547601 0.3133762743994156
    outer loop
      vertex 82.8259048461914 140.25576337185765 19.44836434228241
      vertex 82.65288629382849 138.09329389765244 21.02167471758569
      vertex 82.8259048461914 138.34177797114464 21.281165443864317
    endloop
  endfacet
  facet normal -0.8532908761377582 0.36063661591470486 0.37661108847410063
    outer loop
      vertex 82.65288629382849 140.00727929836546 19.188873616003782
      vertex 82.44495509564877 137.85795925316003 20.775915876950066
      vertex 82.65288629382849 138.09329389765244 21.02167471758569
    endloop
  endfacet
  facet normal -0.7971325121866328 0.4176050479231948 0.4361029488138021
    outer loop
      vertex 82.44495509564877 139.77194465387305 18.94311477536816
      vertex 82.20417777448893 137.6381128885875 20.546331372756754
      vertex 82.44495509564877 137.85795925316003 20.775915876950066
    endloop
  endfacet
  facet normal -1 0 0
    outer loop
      vertex 83.14000000059605 141.77772863733847 24.869312246585586
      vertex 83.14000000059605 142.60596136409288 24.887258156606833
      vertex 83.14000000059605 139.41637981534655 22.403366996234915
    endloop
  endfacet
  facet normal -0.03739119579702976 0.6911394088578636 0.7217535701335124
    outer loop
      vertex 79.14000000059605 138.5638729857011 17.6815313259145
      vertex 79.14000000059605 136.64988758498808 19.514332427496406
      vertex 79.43892037123442 138.57160865929296 17.689609652748103
    endloop
  endfacet
  facet normal -0.12434369247355012 0.6862555149842527 0.7166533431832587
    outer loop
      vertex 79.83459271490574 138.60590221640032 17.72542224997175
      vertex 79.43892037123442 138.57160865929296 17.689609652748103
      vertex 79.43892037123442 136.65762325857997 19.52241075433001
    endloop
  endfacet
  facet normal -0.22252095193186747 0.6742826207150674 0.7041501071170523
    outer loop
      vertex 79.83459271490574 138.60590221640032 17.72542224997175
      vertex 79.83459271490574 136.6919168156873 19.558223351553657
      vertex 80.22336187213659 138.66727271804163 17.78951117051772
    endloop
  endfacet
  facet normal -0.037391195797095274 0.6911394088578673 0.7217535701335055
    outer loop
      vertex 79.43892037123442 138.57160865929296 17.689609652748103
      vertex 79.14000000059605 136.64988758498808 19.514332427496406
      vertex 79.43892037123442 136.65762325857997 19.52241075433001
    endloop
  endfacet
  facet normal -0.12434369247350155 0.6862555149842514 0.716653343183268
    outer loop
      vertex 79.83459271490574 138.60590221640032 17.72542224997175
      vertex 79.43892037123442 136.65762325857997 19.52241075433001
      vertex 79.83459271490574 136.6919168156873 19.558223351553657
    endloop
  endfacet
  facet normal -0.22252095193186738 0.6742826207150674 0.7041501071170523
    outer loop
      vertex 80.22336187213659 138.66727271804163 17.78951117051772
      vertex 79.83459271490574 136.6919168156873 19.558223351553657
      vertex 80.22336187213659 136.7532873173286 19.622312272099627
    endloop
  endfacet
  facet normal -0.5000000192191874 0.598963130041296 0.6254943242204086
    outer loop
      vertex 81.31018505245447 139.00644002876246 18.14370196653944
      vertex 80.96484263241291 138.86854176869872 17.999695474881463
      vertex 80.96484263241291 136.95455636798573 19.83249657646337
    endloop
  endfacet
  facet normal -0.31848664945099375 0.6556084097149878 0.6846487181266498
    outer loop
      vertex 80.60136409848928 138.75511022500797 17.88123945779531
      vertex 80.22336187213659 138.66727271804163 17.78951117051772
      vertex 80.22336187213659 136.7532873173286 19.622312272099627
    endloop
  endfacet
  facet normal -0.4112870883603771 0.6304184691960143 0.658342984047523
    outer loop
      vertex 80.96484263241291 138.86854176869872 17.999695474881463
      vertex 80.60136409848928 138.75511022500797 17.88123945779531
      vertex 80.60136409848928 136.84112482429495 19.714040559377217
    endloop
  endfacet
  facet normal -0.5837436584827758 0.5615550529245158 0.5864292486874173
    outer loop
      vertex 81.63395921140909 139.16743449448023 18.311827714998152
      vertex 81.31018505245447 139.00644002876246 18.14370196653944
      vertex 81.31018505245447 137.09245462804944 19.976503068121346
    endloop
  endfacet
  facet normal -0.5000000192191506 0.5989631300413062 0.6254943242204285
    outer loop
      vertex 81.31018505245447 139.00644002876246 18.14370196653944
      vertex 80.96484263241291 136.95455636798573 19.83249657646337
      vertex 81.31018505245447 137.09245462804944 19.976503068121346
    endloop
  endfacet
  facet normal -0.411287088360418 0.6304184691960065 0.658342984047505
    outer loop
      vertex 80.96484263241291 138.86854176869872 17.999695474881463
      vertex 80.60136409848928 136.84112482429495 19.714040559377217
      vertex 80.96484263241291 136.95455636798573 19.83249657646337
    endloop
  endfacet
  facet normal -0.31848664945099386 0.6556084097149876 0.6846487181266497
    outer loop
      vertex 80.60136409848928 138.75511022500797 17.88123945779531
      vertex 80.22336187213659 136.7532873173286 19.622312272099627
      vertex 80.60136409848928 136.84112482429495 19.714040559377217
    endloop
  endfacet
  facet normal 1 0 0
    outer loop
      vertex 155.85999999940395 143.6917140380515 23.03651114500368
      vertex 155.85999999940395 143.67376812803022 23.864743871758108
      vertex 155.85999999940395 141.33036521605956 20.570565894653008
    endloop
  endfacet
  facet normal 1 0 0
    outer loop
      vertex 155.85999999940395 143.67376812803022 23.864743871758108
      vertex 155.85999999940395 142.60596136409288 24.887258156606833
      vertex 155.85999999940395 141.33036521605956 20.570565894653008
    endloop
  endfacet
  facet normal 1 0 0
    outer loop
      vertex 155.85999999940395 142.60596136409288 24.887258156606833
      vertex 155.85999999940395 141.77772863733847 24.869312246585586
      vertex 155.85999999940395 141.33036521605956 20.570565894653008
    endloop
  endfacet
  facet normal 1 0 0
    outer loop
      vertex 155.85999999940395 141.77772863733847 24.869312246585586
      vertex 155.85999999940395 139.41637981534655 22.403366996234915
      vertex 155.85999999940395 141.33036521605956 20.570565894653008
    endloop
  endfacet
  facet normal 0.9993007047314958 0.025860613164112044 0.027006114306061986
    outer loop
      vertex 155.85999999940395 139.41637981534655 22.403366996234915
      vertex 155.87118481099606 141.12362499534282 20.354668073634414
      vertex 155.85999999940395 141.33036521605956 20.570565894653008
    endloop
  endfacet
  facet normal 0.9922392081257637 0.08599896478054325 0.08980830649017062
    outer loop
      vertex 155.87118481099606 139.20963959462983 22.18746917521632
      vertex 155.92076898366213 140.84996887920923 20.068890303944357
      vertex 155.87118481099606 141.12362499534282 20.354668073634414
    endloop
  endfacet
  facet normal 0.9749279080790275 0.15390062115285139 0.16071768059991998
    outer loop
      vertex 155.92076898366213 138.9359834784962 21.901691405526265
      vertex 156.0095030143857 140.58108716598866 19.788098420319535
      vertex 155.92076898366213 140.84996887920923 20.068890303944357
    endloop
  endfacet
  facet normal 0.9479273464361485 0.22027271029477455 0.23002973498640653
    outer loop
      vertex 156.13650500774384 140.31965211042296 19.515083045571274
      vertex 156.0095030143857 140.58108716598866 19.788098420319535
      vertex 156.0095030143857 138.66710176527567 21.620899521901443
    endloop
  endfacet
  facet normal 0.9993007047314957 0.025860613164113946 0.027006114306063568
    outer loop
      vertex 155.85999999940395 139.41637981534655 22.403366996234915
      vertex 155.87118481099606 139.20963959462983 22.18746917521632
      vertex 155.87118481099606 141.12362499534282 20.354668073634414
    endloop
  endfacet
  facet normal 0.9922392081257644 0.08599896478053838 0.08980830649016687
    outer loop
      vertex 155.87118481099606 139.20963959462983 22.18746917521632
      vertex 155.92076898366213 138.9359834784962 21.901691405526265
      vertex 155.92076898366213 140.84996887920923 20.068890303944357
    endloop
  endfacet
  facet normal 0.9749279080790251 0.15390062115286007 0.16071768059992667
    outer loop
      vertex 155.92076898366213 138.9359834784962 21.901691405526265
      vertex 156.0095030143857 138.66710176527567 21.620899521901443
      vertex 156.0095030143857 140.58108716598866 19.788098420319535
    endloop
  endfacet
  facet normal 0.9479273464361536 0.22027271029476256 0.23002973498639742
    outer loop
      vertex 156.0095030143857 138.66710176527567 21.620899521901443
      vertex 156.13650500774384 138.40566670970995 21.34788414715318
      vertex 156.13650500774384 140.31965211042296 19.515083045571274
    endloop
  endfacet
  facet normal 0.911505858976239 0.2844556335989641 0.2970556539872624
    outer loop
      vertex 156.3005127608776 140.0682619754225 19.252557533196338
      vertex 156.13650500774384 140.31965211042296 19.515083045571274
      vertex 156.13650500774384 138.40566670970995 21.34788414715318
    endloop
  endfacet
  facet normal 0.8660253926882419 0.34581154208723686 0.3611293349735294
    outer loop
      vertex 156.49989631026983 139.82941519495796 19.00313098580837
      vertex 156.3005127608776 140.0682619754225 19.252557533196338
      vertex 156.3005127608776 138.15427657470948 21.085358634778245
    endloop
  endfacet
  facet normal 0.8119380156028957 0.403730573928396 0.4216139021596414
    outer loop
      vertex 156.49989631026983 137.91542979424494 20.835932087390276
      vertex 156.73267406970263 139.60548552117325 18.769282301387335
      vertex 156.49989631026983 139.82941519495796 19.00313098580837
    endloop
  endfacet
  facet normal 0.7497811947147026 0.4576371886304262 0.4779083213699392
    outer loop
      vertex 156.73267406970263 137.69150012046023 20.602083402969242
      vertex 156.99653260409832 139.39869848551209 18.55333559174678
      vertex 156.73267406970263 139.60548552117325 18.769282301387335
    endloop
  endfacet
  facet normal 0.911505858976239 0.2844556335989641 0.2970556539872624
    outer loop
      vertex 156.13650500774384 138.40566670970995 21.34788414715318
      vertex 156.3005127608776 138.15427657470948 21.085358634778245
      vertex 156.3005127608776 140.0682619754225 19.252557533196338
    endloop
  endfacet
  facet normal 0.8660253926882419 0.34581154208723686 0.3611293349735294
    outer loop
      vertex 156.3005127608776 138.15427657470948 21.085358634778245
      vertex 156.49989631026983 137.91542979424494 20.835932087390276
      vertex 156.49989631026983 139.82941519495796 19.00313098580837
    endloop
  endfacet
  facet normal 0.8119380156028959 0.403730573928396 0.4216139021596414
    outer loop
      vertex 156.49989631026983 137.91542979424494 20.835932087390276
      vertex 156.73267406970263 137.69150012046023 20.602083402969242
      vertex 156.73267406970263 139.60548552117325 18.769282301387335
    endloop
  endfacet
  facet normal 0.6801727428522262 0.5069955737059015 0.5294530461934306
    outer loop
      vertex 156.99653260409832 137.48471308479907 20.386136693328687
      vertex 157.28884956240654 139.21110921508162 18.357437016268825
      vertex 156.99653260409832 139.39869848551209 18.55333559174678
    endloop
  endfacet
  facet normal 0.60380440377248 0.5513152253826112 0.5757358458931324
    outer loop
      vertex 157.28884956240654 137.2971238143686 20.190238117850733
      vertex 157.60671976953745 139.0445820680228 18.183533515219068
      vertex 157.28884956240654 139.21110921508162 18.357437016268825
    endloop
  endfacet
  facet normal 0.7497811947147026 0.457637188630426 0.4779083213699391
    outer loop
      vertex 156.73267406970263 137.69150012046023 20.602083402969242
      vertex 156.99653260409832 137.48471308479907 20.386136693328687
      vertex 156.99653260409832 139.39869848551209 18.55333559174678
    endloop
  endfacet
  facet normal 0.6801727428522263 0.5069955737059015 0.5294530461934306
    outer loop
      vertex 156.99653260409832 137.48471308479907 20.386136693328687
      vertex 157.28884956240654 137.2971238143686 20.190238117850733
      vertex 157.28884956240654 139.21110921508162 18.357437016268825
    endloop
  endfacet
  facet normal 0.5214352123707151 0.5901556447677103 0.6162967095877728
    outer loop
      vertex 157.60671976953745 137.1305966673098 20.016334616800975
      vertex 157.9469840824604 138.90077205696946 18.033353410353953
      vertex 157.60671976953745 139.0445820680228 18.183533515219068
    endloop
  endfacet
  facet normal 0.4338837309741583 0.6231308459240439 0.650732554014266
    outer loop
      vertex 157.9469840824604 136.98678665625647 19.86615451193586
      vertex 158.3062608167529 138.7811084367645 17.908389265651564
      vertex 157.9469840824604 138.90077205696946 18.033353410353953
    endloop
  endfacet
  facet normal 0.34202015219798815 0.6499130813489254 0.6787011140273826
    outer loop
      vertex 158.3062608167529 136.86712303605148 19.74119036723347
      vertex 158.68097930401564 138.68678047189226 17.8098830243095
      vertex 158.3062608167529 138.7811084367645 17.908389265651564
    endloop
  endfacet
  facet normal 0.60380440377248 0.5513152253826111 0.5757358458931323
    outer loop
      vertex 157.28884956240654 137.2971238143686 20.190238117850733
      vertex 157.60671976953745 137.1305966673098 20.016334616800975
      vertex 157.60671976953745 139.0445820680228 18.183533515219068
    endloop
  endfacet
  facet normal 0.5214352123706791 0.59015564476773 0.6162967095877843
    outer loop
      vertex 157.60671976953745 137.1305966673098 20.016334616800975
      vertex 157.9469840824604 136.98678665625647 19.86615451193586
      vertex 157.9469840824604 138.90077205696946 18.033353410353953
    endloop
  endfacet
  facet normal 0.4338837309741984 0.6231308459240257 0.6507325540142567
    outer loop
      vertex 157.9469840824604 136.98678665625647 19.86615451193586
      vertex 158.3062608167529 136.86712303605148 19.74119036723347
      vertex 158.3062608167529 138.7811084367645 17.908389265651564
    endloop
  endfacet
  facet normal 0.34202015219798804 0.6499130813489253 0.6787011140273826
    outer loop
      vertex 158.3062608167529 136.86712303605148 19.74119036723347
      vertex 158.68097930401564 136.77279507117925 19.642684125891407
      vertex 158.68097930401564 138.68678047189226 17.8098830243095
    endloop
  endfacet
  facet normal 0.24675738774064573 0.6702361974946305 0.699924446753613
    outer loop
      vertex 158.68097930401564 136.77279507117925 19.642684125891407
      vertex 159.06741542369127 138.61872564642988 17.738813696453555
      vertex 158.68097930401564 138.68678047189226 17.8098830243095
    endloop
  endfacet
  facet normal 0.14904227768951311 0.6838981982724893 0.7141916086462827
    outer loop
      vertex 159.06741542369127 138.61872564642988 17.738813696453555
      vertex 159.06741542369127 136.7047402457169 19.571614798035462
      vertex 159.46172861009836 138.57762030621134 17.695887586794555
    endloop
  endfacet
  facet normal 0.04984588228567162 0.6907633157587267 0.7213608179137349
    outer loop
      vertex 159.46172861009836 136.66363490549833 19.528688688376462
      vertex 159.85999999940395 138.5638729857011 17.6815313259145
      vertex 159.46172861009836 138.57762030621134 17.695887586794555
    endloop
  endfacet
  facet normal 0.2467573877405993 0.6702361974946437 0.6999244467536165
    outer loop
      vertex 158.68097930401564 136.77279507117925 19.642684125891407
      vertex 159.06741542369127 136.7047402457169 19.571614798035462
      vertex 159.06741542369127 138.61872564642988 17.738813696453555
    endloop
  endfacet
  facet normal 0.14904227768956133 0.683898198272479 0.7141916086462825
    outer loop
      vertex 159.06741542369127 136.7047402457169 19.571614798035462
      vertex 159.46172861009836 136.66363490549833 19.528688688376462
      vertex 159.46172861009836 138.57762030621134 17.695887586794555
    endloop
  endfacet
  facet normal 0.04984588228567161 0.6907633157587267 0.7213608179137349
    outer loop
      vertex 159.46172861009836 136.66363490549833 19.528688688376462
      vertex 159.85999999940395 136.64988758498808 19.514332427496406
      vertex 159.85999999940395 138.5638729857011 17.6815313259145
    endloop
  endfacet
  facet normal -1 0 0
    outer loop
      vertex 177.85999999940395 143.67376812803022 23.864743871758108
      vertex 177.85999999940395 143.6917140380515 23.03651114500368
      vertex 177.85999999940395 139.41637981534655 22.403366996234915
    endloop
  endfacet
  facet normal -1 0 0
    outer loop
      vertex 177.85999999940395 142.60596136409288 24.887258156606833
      vertex 177.85999999940395 143.67376812803022 23.864743871758108
      vertex 177.85999999940395 139.41637981534655 22.403366996234915
    endloop
  endfacet
  facet normal -1 0 0
    outer loop
      vertex 177.85999999940395 143.6917140380515 23.03651114500368
      vertex 177.85999999940395 141.33036521605956 20.570565894653008
      vertex 177.85999999940395 139.41637981534655 22.403366996234915
    endloop
  endfacet
  facet normal -0.9987569213873613 0.034474561514689625 0.036001619258165314
    outer loop
      vertex 177.85999999940395 141.33036521605956 20.570565894653008
      vertex 177.8401231020689 141.05491154003755 20.282910941792167
      vertex 177.8401231020689 139.14092613932456 22.115712043374074
    endloop
  endfacet
  facet normal -0.9888308244897687 0.10308107580575739 0.10764707311214715
    outer loop
      vertex 177.8401231020689 141.05491154003755 20.282910941792167
      vertex 177.7806899473071 140.78219544840678 19.998114835182285
      vertex 177.7806899473071 138.86821004769376 21.830915936764193
    endloop
  endfacet
  facet normal -0.9690772887625714 0.17066309899200865 0.17822265581857913
    outer loop
      vertex 177.68229122459888 138.60094191704064 21.55180910967617
      vertex 177.7806899473071 140.78219544840678 19.998114835182285
      vertex 177.68229122459888 140.51492731775366 19.719008008094264
    endloop
  endfacet
  facet normal -0.9987569213873613 0.03447456151469106 0.03600161925816735
    outer loop
      vertex 177.8401231020689 139.14092613932456 22.115712043374074
      vertex 177.85999999940395 139.41637981534655 22.403366996234915
      vertex 177.85999999940395 141.33036521605956 20.570565894653008
    endloop
  endfacet
  facet normal -0.9888308244897698 0.10308107580575317 0.10764707311214114
    outer loop
      vertex 177.7806899473071 138.86821004769376 21.830915936764193
      vertex 177.8401231020689 139.14092613932456 22.115712043374074
      vertex 177.8401231020689 141.05491154003755 20.282910941792167
    endloop
  endfacet
  facet normal -0.9690772887625714 0.17066309899200865 0.17822265581857913
    outer loop
      vertex 177.7806899473071 138.86821004769376 21.830915936764193
      vertex 177.7806899473071 140.78219544840678 19.998114835182285
      vertex 177.68229122459888 138.60094191704064 21.55180910967617
    endloop
  endfacet
  facet normal -0.9396926175566498 0.2365490234204378 0.24702701072629515
    outer loop
      vertex 177.5459048449993 138.34177797114464 21.281165443864317
      vertex 177.68229122459888 138.60094191704064 21.55180910967617
      vertex 177.68229122459888 140.51492731775366 19.719008008094264
    endloop
  endfacet
  facet normal -0.8532908761377582 0.36063661591470486 0.37661108847410063
    outer loop
      vertex 177.16495509445667 137.85795925316003 20.775915876950066
      vertex 177.3728862926364 140.00727929836546 19.188873616003782
      vertex 177.16495509445667 139.77194465387305 18.94311477536816
    endloop
  endfacet
  facet normal -0.7971325121866328 0.4176050479231948 0.4361029488138021
    outer loop
      vertex 176.92417777329683 137.6381128885875 20.546331372756754
      vertex 177.16495509445667 139.77194465387305 18.94311477536816
      vertex 176.92417777329683 139.55209828930052 18.713530271174847
    endloop
  endfacet
  facet normal -0.7330518671150605 0.4704231521005786 0.4912606417034438
    outer loop
      vertex 176.6529472693801 137.43593974009707 20.335202923361514
      vertex 176.92417777329683 139.55209828930052 18.713530271174847
      vertex 176.6529472693801 139.3499251408101 18.502401821779607
    endloop
  endfacet
  facet normal -0.6616858469486627 0.5185659624117942 0.54153594763022
    outer loop
      vertex 176.353959210217 137.25344909376722 20.14462881658006
      vertex 176.6529472693801 139.3499251408101 18.502401821779607
      vertex 176.353959210217 139.16743449448023 18.311827714998152
    endloop
  endfacet
  facet normal -0.8532908761377581 0.36063661591470486 0.37661108847410063
    outer loop
      vertex 177.16495509445667 137.85795925316003 20.775915876950066
      vertex 177.3728862926364 138.09329389765244 21.02167471758569
      vertex 177.3728862926364 140.00727929836546 19.188873616003782
    endloop
  endfacet
  facet normal -0.5837436584827758 0.5615550529245158 0.5864292486874173
    outer loop
      vertex 176.03018505126238 137.09245462804944 19.976503068121346
      vertex 176.353959210217 137.25344909376722 20.14462881658006
      vertex 176.353959210217 139.16743449448023 18.311827714998152
    endloop
  endfacet
  facet normal -0.7330518671150605 0.4704231521005787 0.4912606417034439
    outer loop
      vertex 176.6529472693801 137.43593974009707 20.335202923361514
      vertex 176.92417777329683 137.6381128885875 20.546331372756754
      vertex 176.92417777329683 139.55209828930052 18.713530271174847
    endloop
  endfacet
  facet normal -0.797132512186633 0.4176050479231948 0.4361029488138021
    outer loop
      vertex 176.92417777329683 137.6381128885875 20.546331372756754
      vertex 177.16495509445667 137.85795925316003 20.775915876950066
      vertex 177.16495509445667 139.77194465387305 18.94311477536816
    endloop
  endfacet
  facet normal -0.6616858469486627 0.5185659624117942 0.54153594763022
    outer loop
      vertex 176.353959210217 137.25344909376722 20.14462881658006
      vertex 176.6529472693801 137.43593974009707 20.335202923361514
      vertex 176.6529472693801 139.3499251408101 18.502401821779607
    endloop
  endfacet
  facet normal -0.9396926175566498 0.2365490234204378 0.24702701072629515
    outer loop
      vertex 177.5459048449993 138.34177797114464 21.281165443864317
      vertex 177.68229122459888 140.51492731775366 19.719008008094264
      vertex 177.5459048449993 140.25576337185765 19.44836434228241
    endloop
  endfacet
  facet normal -0.9009688718240602 0.3000839926547601 0.3133762743994156
    outer loop
      vertex 177.3728862926364 138.09329389765244 21.02167471758569
      vertex 177.5459048449993 140.25576337185765 19.44836434228241
      vertex 177.3728862926364 140.00727929836546 19.188873616003782
    endloop
  endfacet
  facet normal -0.9009688718240603 0.3000839926547601 0.3133762743994156
    outer loop
      vertex 177.3728862926364 138.09329389765244 21.02167471758569
      vertex 177.5459048449993 138.34177797114464 21.281165443864317
      vertex 177.5459048449993 140.25576337185765 19.44836434228241
    endloop
  endfacet
  facet normal -1 0 0
    outer loop
      vertex 177.85999999940395 141.77772863733847 24.869312246585586
      vertex 177.85999999940395 142.60596136409288 24.887258156606833
      vertex 177.85999999940395 139.41637981534655 22.403366996234915
    endloop
  endfacet
  facet normal 0 0.6916230575896232 0.7222586421846269
    outer loop
      vertex 159.85999999940395 138.5638729857011 17.6815313259145
      vertex 159.85999999940395 136.64988758498808 19.514332427496406
      vertex 173.85999999940395 138.5638729857011 17.6815313259145
    endloop
  endfacet
  facet normal 0 0.6916230575896232 0.7222586421846269
    outer loop
      vertex 159.85999999940395 136.64988758498808 19.514332427496406
      vertex 173.85999999940395 136.64988758498808 19.514332427496406
      vertex 173.85999999940395 138.5638729857011 17.6815313259145
    endloop
  endfacet
  facet normal -0.03739119579702976 0.6911394088578636 0.7217535701335124
    outer loop
      vertex 173.85999999940395 138.5638729857011 17.6815313259145
      vertex 173.85999999940395 136.64988758498808 19.514332427496406
      vertex 174.15892037004232 138.57160865929296 17.689609652748103
    endloop
  endfacet
  facet normal -0.1243436924735501 0.6862555149842527 0.7166533431832587
    outer loop
      vertex 174.15892037004232 138.57160865929296 17.689609652748103
      vertex 174.15892037004232 136.65762325857997 19.52241075433001
      vertex 174.55459271371365 138.60590221640032 17.72542224997175
    endloop
  endfacet
  facet normal -0.22252095193186738 0.6742826207150674 0.7041501071170523
    outer loop
      vertex 174.55459271371365 136.6919168156873 19.558223351553657
      vertex 174.9433618709445 138.66727271804163 17.78951117051772
      vertex 174.55459271371365 138.60590221640032 17.72542224997175
    endloop
  endfacet
  facet normal -0.31848664945099386 0.6556084097149876 0.6846487181266497
    outer loop
      vertex 174.9433618709445 136.7532873173286 19.622312272099627
      vertex 175.3213640972972 138.75511022500797 17.88123945779531
      vertex 174.9433618709445 138.66727271804163 17.78951117051772
    endloop
  endfacet
  facet normal -0.4112870883603773 0.6304184691960143 0.6583429840475229
    outer loop
      vertex 175.3213640972972 136.84112482429495 19.714040559377217
      vertex 175.68484263122082 138.86854176869872 17.999695474881463
      vertex 175.3213640972972 138.75511022500797 17.88123945779531
    endloop
  endfacet
  facet normal -0.03739119579709538 0.6911394088578674 0.7217535701335055
    outer loop
      vertex 173.85999999940395 136.64988758498808 19.514332427496406
      vertex 174.15892037004232 136.65762325857997 19.52241075433001
      vertex 174.15892037004232 138.57160865929296 17.689609652748103
    endloop
  endfacet
  facet normal -0.12434369247350155 0.6862555149842515 0.7166533431832681
    outer loop
      vertex 174.15892037004232 136.65762325857997 19.52241075433001
      vertex 174.55459271371365 136.6919168156873 19.558223351553657
      vertex 174.55459271371365 138.60590221640032 17.72542224997175
    endloop
  endfacet
  facet normal -0.22252095193186747 0.6742826207150674 0.7041501071170523
    outer loop
      vertex 174.55459271371365 136.6919168156873 19.558223351553657
      vertex 174.9433618709445 136.7532873173286 19.622312272099627
      vertex 174.9433618709445 138.66727271804163 17.78951117051772
    endloop
  endfacet
  facet normal -0.31848664945099375 0.6556084097149878 0.6846487181266498
    outer loop
      vertex 174.9433618709445 136.7532873173286 19.622312272099627
      vertex 175.3213640972972 136.84112482429495 19.714040559377217
      vertex 175.3213640972972 138.75511022500797 17.88123945779531
    endloop
  endfacet
  facet normal -0.5000000192191875 0.598963130041296 0.6254943242204086
    outer loop
      vertex 175.68484263122082 136.95455636798573 19.83249657646337
      vertex 176.03018505126238 139.00644002876246 18.14370196653944
      vertex 175.68484263122082 138.86854176869872 17.999695474881463
    endloop
  endfacet
  facet normal -0.5837436584827758 0.5615550529245157 0.5864292486874173
    outer loop
      vertex 176.03018505126238 139.00644002876246 18.14370196653944
      vertex 176.03018505126238 137.09245462804944 19.976503068121346
      vertex 176.353959210217 139.16743449448023 18.311827714998152
    endloop
  endfacet
  facet normal -0.5000000192191504 0.5989631300413062 0.6254943242204285
    outer loop
      vertex 175.68484263122082 136.95455636798573 19.83249657646337
      vertex 176.03018505126238 137.09245462804944 19.976503068121346
      vertex 176.03018505126238 139.00644002876246 18.14370196653944
    endloop
  endfacet
  facet normal -0.4112870883604181 0.6304184691960065 0.658342984047505
    outer loop
      vertex 175.3213640972972 136.84112482429495 19.714040559377217
      vertex 175.68484263122082 136.95455636798573 19.83249657646337
      vertex 175.68484263122082 138.86854176869872 17.999695474881463
    endloop
  endfacet
  facet normal -0.7071067811865482 -3.3882913364681417e-16 -0.7071067811865467
    outer loop
      vertex 0.8393602410765679 121.78615391181708 0.16063975892344473
      vertex 0.9999999961516283 1.6817565485653176 3.848441565423855e-9
      vertex 0 122.58991154439676 1.0000000000000142
    endloop
  endfacet
  facet normal -0.7071067811865477 -3.3697563413405856e-16 -0.7071067811865474
    outer loop
      vertex 0.8393602410765679 121.78615391181708 0.16063975892344473
      vertex 0.9999999958486171 121.40991485018148 4.1513956716698885e-9
      vertex 0.9999999961516283 1.6817565485653176 3.848441565423855e-9
    endloop
  endfacet
  facet normal -0.7071067811865429 -2.4869917405803054e-16 -0.7071067811865522
    outer loop
      vertex 0 122.58991154439676 1.0000000000000142
      vertex 0.9999999961516283 1.6817565485653176 3.848441565423855e-9
      vertex 4.266421588589642e-17 1.254794620950662 1.0000000000000568
    endloop
  endfacet
  facet normal 0.7071067811865506 -1.656336927077108e-16 -0.7071067811865445
    outer loop
      vertex 239 122.58991154439678 1.0000000000000284
      vertex 239 1.254794620950662 1.0000000000000568
      vertex 238.16063975892342 121.78615391181708 0.16063975892344473
    endloop
  endfacet
  facet normal 0.7071067811865792 -2.93749370178093e-16 -0.7071067811865158
    outer loop
      vertex 238.0000000041514 121.40991485018148 4.1513956716698885e-9
      vertex 238.16063975892342 121.78615391181708 0.16063975892344473
      vertex 238.00000000384838 1.6817565485653176 3.848441565423855e-9
    endloop
  endfacet
  facet normal 0.7071067811865475 -2.0903349098564986e-16 -0.7071067811865475
    outer loop
      vertex 238.16063975892342 121.78615391181708 0.16063975892344473
      vertex 239 1.254794620950662 1.0000000000000568
      vertex 238.00000000384838 1.6817565485653176 3.848441565423855e-9
    endloop
  endfacet
endsolid OpenSCAD_Model
