solid OpenSCAD_Model
  facet normal 0 0.47139673713269076 0.8819212641844241
    outer loop
      vertex 2.8 3.6888595297932625 3.337060771882534
      vertex 45.76 3.6888595297932625 3.337060771882534
      vertex 2.8 4.034633129835129 3.1522409319877625
    endloop
  endfacet
  facet normal 0 0.773010443534409 0.6343932961394976
    outer loop
      vertex 2.8 3.137060768902302 3.8888595327734947
      vertex 45.76 3.137060768902302 3.8888595327734947
      vertex 2.8 3.385786436498165 3.5857864394783974
    endloop
  endfacet
  facet normal 0 0.8819212641844241 0.47139673713269076
    outer loop
      vertex 2.8 2.95224092900753 4.234633132815361
      vertex 45.76 2.95224092900753 4.234633132815361
      vertex 2.8 3.137060768902302 3.8888595327734947
    endloop
  endfacet
  facet normal 0 0.6343932961394976 0.773010443534409
    outer loop
      vertex 2.8 3.385786436498165 3.5857864394783974
      vertex 45.76 3.385786436498165 3.5857864394783974
      vertex 2.8 3.6888595297932625 3.337060771882534
    endloop
  endfacet
  facet normal 0 0.290284671193326 0.9569403375708344
    outer loop
      vertex 2.8 4.034633129835129 3.1522409319877625
      vertex 45.76 4.034633129835129 3.1522409319877625
      vertex 2.8 4.409819349646568 3.0384294390678406
    endloop
  endfacet
  facet normal 0 0.0980171391808235 0.9951847267853376
    outer loop
      vertex 2.8 4.409819349646568 3.0384294390678406
      vertex 45.76 4.409819349646568 3.0384294390678406
      vertex 2.8 4.799999997019768 3
    endloop
  endfacet
  facet normal 0 0.9569403375708344 0.290284671193326
    outer loop
      vertex 2.8 2.95224092900753 4.234633132815361
      vertex 2.8 2.8384294360876083 4.6098193526268005
      vertex 45.76 2.8384294360876083 4.6098193526268005
    endloop
  endfacet
  facet normal 0 0.9951847267853376 0.0980171391808235
    outer loop
      vertex 2.8 2.8384294360876083 4.6098193526268005
      vertex 2.8 2.7999999970197678 5
      vertex 45.76 2.7999999970197678 5
    endloop
  endfacet
  facet normal 0 0 1
    outer loop
      vertex 2.8 4.799999997019768 3
      vertex 45.76 4.799999997019768 3
      vertex 2.8 7.300000000000001 3
    endloop
  endfacet
  facet normal 0 0 1
    outer loop
      vertex 2.8 7.300000000000001 3
      vertex 45.76 4.799999997019768 3
      vertex 7.8 7.300000000000001 3
    endloop
  endfacet
  facet normal 0 0 1
    outer loop
      vertex 7.8 7.300000000000001 3
      vertex 45.76 4.799999997019768 3
      vertex 7.8 26.3 3
    endloop
  endfacet
  facet normal 0 0 1
    outer loop
      vertex 7.8 26.3 3
      vertex 45.76 4.799999997019768 3
      vertex 2.8 30.447346039116383 3
    endloop
  endfacet
  facet normal 1 0 0
    outer loop
      vertex 2.8 3.137060768902302 3.8888595327734947
      vertex 2.8 3.385786436498165 3.5857864394783974
      vertex 2.8 7.300000000000001 47.652488141005215
    endloop
  endfacet
  facet normal 1 0 0
    outer loop
      vertex 2.8 2.95224092900753 4.234633132815361
      vertex 2.8 3.137060768902302 3.8888595327734947
      vertex 2.8 7.300000000000001 47.652488141005215
    endloop
  endfacet
  facet normal 1 0 0
    outer loop
      vertex 2.8 3.6888595297932625 3.337060771882534
      vertex 2.8 4.034633129835129 3.1522409319877625
      vertex 2.8 7.300000000000001 47.652488141005215
    endloop
  endfacet
  facet normal 1 0 0
    outer loop
      vertex 2.8 4.034633129835129 3.1522409319877625
      vertex 2.8 4.409819349646568 3.0384294390678406
      vertex 2.8 7.300000000000001 47.652488141005215
    endloop
  endfacet
  facet normal 1 0 0
    outer loop
      vertex 2.8 3.385786436498165 3.5857864394783974
      vertex 2.8 3.6888595297932625 3.337060771882534
      vertex 2.8 7.300000000000001 47.652488141005215
    endloop
  endfacet
  facet normal 1 0 0
    outer loop
      vertex 2.8 2.8384294360876083 4.6098193526268005
      vertex 2.8 7.300000000000001 47.652488141005215
      vertex 2.8 2.7999999970197678 5
    endloop
  endfacet
  facet normal 1 0 0
    outer loop
      vertex 2.8 2.95224092900753 4.234633132815361
      vertex 2.8 7.300000000000001 47.652488141005215
      vertex 2.8 2.8384294360876083 4.6098193526268005
    endloop
  endfacet
  facet normal 1 0 0
    outer loop
      vertex 2.8 4.409819349646568 3.0384294390678406
      vertex 2.8 4.799999997019768 3
      vertex 2.8 7.300000000000001 47.652488141005215
    endloop
  endfacet
  facet normal 1 0 0
    outer loop
      vertex 2.8 4.799999997019768 3
      vertex 2.8 7.300000000000001 3
      vertex 2.8 7.300000000000001 47.652488141005215
    endloop
  endfacet
  facet normal 1 0 0
    outer loop
      vertex 2.8 2.7999999970197678 5
      vertex 2.8 3.548982873558998 44.84525755792856
      vertex 2.8 2.7999999970197678 43.28482295572758
    endloop
  endfacet
  facet normal 1 0 0
    outer loop
      vertex 2.8 2.7999999970197678 5
      vertex 2.8 7.300000000000001 47.652488141005215
      vertex 2.8 3.548982873558998 44.84525755792856
    endloop
  endfacet
  facet normal 0 1 0
    outer loop
      vertex 2.8 2.7999999970197678 5
      vertex 2.8 2.7999999970197678 43.28482295572758
      vertex 45.76 2.7999999970197678 43.28482295572758
    endloop
  endfacet
  facet normal 0 0 1
    outer loop
      vertex 2.8 26.3 3
      vertex 7.8 26.3 3
      vertex 2.8 30.447346039116383 3
    endloop
  endfacet
  facet normal 0 -0.26934006166382596 0.9630451345512974
    outer loop
      vertex 2.8 30.837526686489582 3.0384294390678406
      vertex 23.07999999821186 31.131386324763298 3.1206147596240044
      vertex 2.8 31.131386324763298 3.1206147596240044
    endloop
  endfacet
  facet normal 1 0 0
    outer loop
      vertex 2.8 26.3 3
      vertex 2.8 30.447346039116383 3
      vertex 2.8 30.80693806707859 39.01171997189522
    endloop
  endfacet
  facet normal 1 0 0
    outer loop
      vertex 2.8 30.447346039116383 3
      vertex 2.8 30.837526686489582 3.0384294390678406
      vertex 2.8 30.80693806707859 39.01171997189522
    endloop
  endfacet
  facet normal 1 0 0
    outer loop
      vertex 2.8 30.837526686489582 3.0384294390678406
      vertex 2.8 31.131386324763298 3.1206147596240044
      vertex 2.8 30.80693806707859 39.01171997189522
    endloop
  endfacet
  facet normal 0 -0.09801713918081954 0.995184726785338
    outer loop
      vertex 2.8 30.837526686489582 3.0384294390678406
      vertex 23.07999999821186 30.799999997019768 3.0347333828023473
      vertex 23.07999999821186 30.837526686489582 3.0384294390678406
    endloop
  endfacet
  facet normal 0 -0.26934006166382596 0.9630451345512974
    outer loop
      vertex 2.8 30.837526686489582 3.0384294390678406
      vertex 23.07999999821186 30.837526686489582 3.0384294390678406
      vertex 23.07999999821186 31.131386324763298 3.1206147596240044
    endloop
  endfacet
  facet normal 0 -0.0980171391808235 0.9951847267853376
    outer loop
      vertex 2.8 30.447346039116383 3
      vertex 45.76 30.447346039116383 3
      vertex 2.8 30.837526686489582 3.0384294390678406
    endloop
  endfacet
  facet normal -9.247360004990995e-18 -0.09801713918082448 0.9951847267853375
    outer loop
      vertex 2.8 30.837526686489582 3.0384294390678406
      vertex 45.76 30.447346039116383 3
      vertex 23.07999999821186 30.799999997019768 3.0347333828023473
    endloop
  endfacet
  facet normal 0 -0.3420201431981685 0.9396926208323148
    outer loop
      vertex 2.8 31.131386324763298 3.1206147596240044
      vertex 23.07999999821186 31.131386324763298 3.1206147596240044
      vertex 23.07999999821186 45.99989762064054 8.532310296889461
    endloop
  endfacet
  facet normal 1 0 0
    outer loop
      vertex 2.8 26.3 3
      vertex 2.8 30.804101273417473 39.02278860658407
      vertex 2.8 30.799999997019768 39.07639529556036
    endloop
  endfacet
  facet normal 1 0 0
    outer loop
      vertex 2.8 26.3 3
      vertex 2.8 30.80693806707859 39.01171997189522
      vertex 2.8 30.804101273417473 39.02278860658407
    endloop
  endfacet
  facet normal 1 0 0
    outer loop
      vertex 2.8 26.3 3
      vertex 2.8 30.799999997019768 39.07639529556036
      vertex 2.8 30.799999997019768 62.5258798673749
    endloop
  endfacet
  facet normal 1 0 0
    outer loop
      vertex 2.8 31.131386324763298 3.1206147596240044
      vertex 2.8 60.8686136752367 13.944080360233784
      vertex 2.8 30.80693806707859 39.01171997189522
    endloop
  endfacet
  facet normal 1 0 0
    outer loop
      vertex 2.8 30.80693806707859 39.01171997189522
      vertex 2.8 60.8686136752367 13.944080360233784
      vertex 2.8 30.89232823997736 39.033604726195335
    endloop
  endfacet
  facet normal 0 0.47139673713269076 0.8819212641844241
    outer loop
      vertex 2.8 4.034633129835129 3.1522409319877625
      vertex 45.76 3.6888595297932625 3.337060771882534
      vertex 45.76 4.034633129835129 3.1522409319877625
    endloop
  endfacet
  facet normal 0 0.773010443534409 0.6343932961394976
    outer loop
      vertex 2.8 3.385786436498165 3.5857864394783974
      vertex 45.76 3.137060768902302 3.8888595327734947
      vertex 45.76 3.385786436498165 3.5857864394783974
    endloop
  endfacet
  facet normal 0 0.9569403375708344 0.290284671193326
    outer loop
      vertex 2.8 2.95224092900753 4.234633132815361
      vertex 45.76 2.8384294360876083 4.6098193526268005
      vertex 45.76 2.95224092900753 4.234633132815361
    endloop
  endfacet
  facet normal 0 0.8819212641844241 0.47139673713269076
    outer loop
      vertex 2.8 3.137060768902302 3.8888595327734947
      vertex 45.76 2.95224092900753 4.234633132815361
      vertex 45.76 3.137060768902302 3.8888595327734947
    endloop
  endfacet
  facet normal 0 0.6343932961394976 0.773010443534409
    outer loop
      vertex 2.8 3.6888595297932625 3.337060771882534
      vertex 45.76 3.385786436498165 3.5857864394783974
      vertex 45.76 3.6888595297932625 3.337060771882534
    endloop
  endfacet
  facet normal 0 0.290284671193326 0.9569403375708344
    outer loop
      vertex 2.8 4.409819349646568 3.0384294390678406
      vertex 45.76 4.034633129835129 3.1522409319877625
      vertex 45.76 4.409819349646568 3.0384294390678406
    endloop
  endfacet
  facet normal 0 0.0980171391808235 0.9951847267853376
    outer loop
      vertex 2.8 4.799999997019768 3
      vertex 45.76 4.409819349646568 3.0384294390678406
      vertex 45.76 4.799999997019768 3
    endloop
  endfacet
  facet normal 0 0.9951847267853376 0.0980171391808235
    outer loop
      vertex 2.8 2.8384294360876083 4.6098193526268005
      vertex 45.76 2.7999999970197678 5
      vertex 45.76 2.8384294360876083 4.6098193526268005
    endloop
  endfacet
  facet normal -1 0 0
    outer loop
      vertex 45.76 3.385786436498165 3.5857864394783974
      vertex 45.76 30.80693806707859 39.01171997189522
      vertex 45.76 3.6888595297932625 3.337060771882534
    endloop
  endfacet
  facet normal -1 0 0
    outer loop
      vertex 45.76 3.6888595297932625 3.337060771882534
      vertex 45.76 30.80693806707859 39.01171997189522
      vertex 45.76 4.034633129835129 3.1522409319877625
    endloop
  endfacet
  facet normal -1 0 0
    outer loop
      vertex 45.76 4.034633129835129 3.1522409319877625
      vertex 45.76 30.80693806707859 39.01171997189522
      vertex 45.76 4.409819349646568 3.0384294390678406
    endloop
  endfacet
  facet normal -1 0 0
    outer loop
      vertex 45.76 4.409819349646568 3.0384294390678406
      vertex 45.76 30.80693806707859 39.01171997189522
      vertex 45.76 4.799999997019768 3
    endloop
  endfacet
  facet normal -1 0 0
    outer loop
      vertex 45.76 2.95224092900753 4.234633132815361
      vertex 45.76 30.80693806707859 39.01171997189522
      vertex 45.76 3.137060768902302 3.8888595327734947
    endloop
  endfacet
  facet normal -1 0 0
    outer loop
      vertex 45.76 2.95224092900753 4.234633132815361
      vertex 45.76 2.8384294360876083 4.6098193526268005
      vertex 45.76 30.80693806707859 39.01171997189522
    endloop
  endfacet
  facet normal -1 0 0
    outer loop
      vertex 45.76 3.137060768902302 3.8888595327734947
      vertex 45.76 30.80693806707859 39.01171997189522
      vertex 45.76 3.385786436498165 3.5857864394783974
    endloop
  endfacet
  facet normal -1 0 0
    outer loop
      vertex 45.76 2.8384294360876083 4.6098193526268005
      vertex 45.76 2.7999999970197678 5
      vertex 45.76 30.80693806707859 39.01171997189522
    endloop
  endfacet
  facet normal 0 1 0
    outer loop
      vertex 2.8 2.7999999970197678 5
      vertex 45.76 2.7999999970197678 43.28482295572758
      vertex 45.76 2.7999999970197678 5
    endloop
  endfacet
  facet normal -1 0 0
    outer loop
      vertex 45.76 2.7999999970197678 5
      vertex 45.76 2.7999999970197678 43.28482295572758
      vertex 45.76 3.548982873558998 44.84525755792856
    endloop
  endfacet
  facet normal 0 0 1
    outer loop
      vertex 2.8 30.447346039116383 3
      vertex 45.76 4.799999997019768 3
      vertex 45.76 30.447346039116383 3
    endloop
  endfacet
  facet normal 0 -0.09801713918082391 0.9951847267853376
    outer loop
      vertex 23.07999999821186 30.799999997019768 3.0347333828023473
      vertex 45.76 30.447346039116383 3
      vertex 25.479999996721745 30.799999997019768 3.0347333828023473
    endloop
  endfacet
  facet normal 0 -0.09801713918081954 0.995184726785338
    outer loop
      vertex 25.479999996721745 30.837526686489582 3.0384294390678406
      vertex 25.479999996721745 30.799999997019768 3.0347333828023473
      vertex 45.76 30.837526686489582 3.0384294390678406
    endloop
  endfacet
  facet normal 0 -0.26934006166382596 0.9630451345512974
    outer loop
      vertex 25.479999996721745 30.837526686489582 3.0384294390678406
      vertex 45.76 31.131386324763298 3.1206147596240044
      vertex 25.479999996721745 31.131386324763298 3.1206147596240044
    endloop
  endfacet
  facet normal 7.390598103740821e-18 -0.09801713918082348 0.9951847267853376
    outer loop
      vertex 25.479999996721745 30.799999997019768 3.0347333828023473
      vertex 45.76 30.447346039116383 3
      vertex 45.76 30.837526686489582 3.0384294390678406
    endloop
  endfacet
  facet normal 0 -0.26934006166382596 0.9630451345512974
    outer loop
      vertex 25.479999996721745 30.837526686489582 3.0384294390678406
      vertex 45.76 30.837526686489582 3.0384294390678406
      vertex 45.76 31.131386324763298 3.1206147596240044
    endloop
  endfacet
  facet normal 0 -0.34202014319816854 0.9396926208323148
    outer loop
      vertex 25.479999996721745 31.131386324763298 3.1206147596240044
      vertex 45.76 31.131386324763298 3.1206147596240044
      vertex 45.76 60.8686136752367 13.944080360233784
    endloop
  endfacet
  facet normal -1 0 0
    outer loop
      vertex 45.76 4.799999997019768 3
      vertex 45.76 30.80693806707859 39.01171997189522
      vertex 45.76 30.447346039116383 3
    endloop
  endfacet
  facet normal -1 0 0
    outer loop
      vertex 45.76 30.447346039116383 3
      vertex 45.76 30.80693806707859 39.01171997189522
      vertex 45.76 30.837526686489582 3.0384294390678406
    endloop
  endfacet
  facet normal -1 0 0
    outer loop
      vertex 45.76 30.837526686489582 3.0384294390678406
      vertex 45.76 30.80693806707859 39.01171997189522
      vertex 45.76 31.131386324763298 3.1206147596240044
    endloop
  endfacet
  facet normal -1 0 0
    outer loop
      vertex 45.76 2.7999999970197678 5
      vertex 45.76 30.799999997019768 39.07639529556036
      vertex 45.76 30.804101273417473 39.02278860658407
    endloop
  endfacet
  facet normal -1 0 0
    outer loop
      vertex 45.76 2.7999999970197678 5
      vertex 45.76 30.804101273417473 39.02278860658407
      vertex 45.76 30.80693806707859 39.01171997189522
    endloop
  endfacet
  facet normal -1 0 0
    outer loop
      vertex 45.76 31.131386324763298 3.1206147596240044
      vertex 45.76 30.80693806707859 39.01171997189522
      vertex 45.76 60.8686136752367 13.944080360233784
    endloop
  endfacet
  facet normal -1 0 0
    outer loop
      vertex 45.76 30.80693806707859 39.01171997189522
      vertex 45.76 30.89232823997736 39.033604726195335
      vertex 45.76 60.8686136752367 13.944080360233784
    endloop
  endfacet
  facet normal 1 0 0
    outer loop
      vertex 2.8 2.7999999970197678 43.28482295572758
      vertex 2.8 3.548982873558998 44.84525755792856
      vertex 2.8 2.8120034113526344 43.5036141499877
    endloop
  endfacet
  facet normal 1 0 0
    outer loop
      vertex 2.8 2.8120034113526344 43.5036141499877
      vertex 2.8 3.548982873558998 44.84525755792856
      vertex 2.8 2.892886258661747 43.887249037623405
    endloop
  endfacet
  facet normal 1 0 0
    outer loop
      vertex 2.8 2.892886258661747 43.887249037623405
      vertex 2.8 3.548982873558998 44.84525755792856
      vertex 2.8 3.0470584109425545 44.247733019292355
    endloop
  endfacet
  facet normal 1 0 0
    outer loop
      vertex 2.8 3.0470584109425545 44.247733019292355
      vertex 2.8 3.548982873558998 44.84525755792856
      vertex 2.8 3.2685951218008995 44.57121291011572
    endloop
  endfacet
  facet normal 1 0 0
    outer loop
      vertex 2.8 3.548982873558998 44.84525755792856
      vertex 2.8 7.300000000000001 47.652488141005215
      vertex 2.8 26.3 62.884991529460486
    endloop
  endfacet
  facet normal 0 0.9984984462299653 -0.05478004085746
    outer loop
      vertex 2.8 2.7999999970197678 43.28482295572758
      vertex 2.8 2.8120034113526344 43.5036141499877
      vertex 45.76 2.8120034113526344 43.5036141499877
    endloop
  endfacet
  facet normal 0 0.9784892719391062 -0.2062977089065165
    outer loop
      vertex 2.8 2.8120034113526344 43.5036141499877
      vertex 2.8 2.892886258661747 43.887249037623405
      vertex 45.76 2.892886258661747 43.887249037623405
    endloop
  endfacet
  facet normal 0 0.9194411921313655 -0.3932275349108366
    outer loop
      vertex 2.8 2.892886258661747 43.887249037623405
      vertex 2.8 3.0470584109425545 44.247733019292355
      vertex 45.76 3.0470584109425545 44.247733019292355
    endloop
  endfacet
  facet normal 0 0.8250595065014483 -0.5650458483447044
    outer loop
      vertex 2.8 3.0470584109425545 44.247733019292355
      vertex 2.8 3.2685951218008995 44.57121291011572
      vertex 45.76 3.2685951218008995 44.57121291011572
    endloop
  endfacet
  facet normal 0 0.6989712302385408 -0.7151497880156442
    outer loop
      vertex 2.8 3.2685951218008995 44.57121291011572
      vertex 2.8 3.548982873558998 44.84525755792856
      vertex 45.76 3.548982873558998 44.84525755792856
    endloop
  endfacet
  facet normal 1 0 0
    outer loop
      vertex 2.8 3.548982873558998 44.84525755792856
      vertex 2.8 27.54898288553966 64.08631447835558
      vertex 2.8 20.564816440721383 58.48703347729899
    endloop
  endfacet
  facet normal 1 0 0
    outer loop
      vertex 2.8 3.548982873558998 44.84525755792856
      vertex 2.8 26.3 62.884991529460486
      vertex 2.8 27.54898288553966 64.08631447835558
    endloop
  endfacet
  facet normal 0 0.6255085627533583 -0.7802173017321702
    outer loop
      vertex 2.8 3.548982873558998 44.84525755792856
      vertex 2.8 20.564816440721383 58.48703347729899
      vertex 33.25834208522067 20.564816440721383 58.48703347729899
    endloop
  endfacet
  facet normal 0 -0.9686916073662104 -0.2482671339872994
    outer loop
      vertex 2.8 30.80693806707859 39.01171997189522
      vertex 23.07999999821186 30.804101273417473 39.02278860658407
      vertex 2.8 30.804101273417473 39.02278860658407
    endloop
  endfacet
  facet normal 0 -0.9970861400717312 -0.07628387298017801
    outer loop
      vertex 2.8 30.804101273417473 39.02278860658407
      vertex 23.07999999821186 30.799999997019768 39.07639529556036
      vertex 2.8 30.799999997019768 39.07639529556036
    endloop
  endfacet
  facet normal 0 0.248267181499205 -0.9686915951893258
    outer loop
      vertex 2.8 30.80693806707859 39.01171997189522
      vertex 2.8 30.89232823997736 39.033604726195335
      vertex 23.07999999821186 30.80693806707859 39.01171997189522
    endloop
  endfacet
  facet normal 1 0 0
    outer loop
      vertex 2.8 26.3 3
      vertex 2.8 27.54898288553966 64.08631447835558
      vertex 2.8 26.3 62.884991529460486
    endloop
  endfacet
  facet normal 1 0 0
    outer loop
      vertex 2.8 26.3 3
      vertex 2.8 27.688859529793262 64.18881909549236
      vertex 2.8 27.54898288553966 64.08631447835558
    endloop
  endfacet
  facet normal 1 0 0
    outer loop
      vertex 2.8 26.3 3
      vertex 2.8 28.03463312983513 64.37363893538713
      vertex 2.8 27.688859529793262 64.18881909549236
    endloop
  endfacet
  facet normal 1 0 0
    outer loop
      vertex 2.8 26.3 3
      vertex 2.8 28.40981934964657 64.48745042830706
      vertex 2.8 28.03463312983513 64.37363893538713
    endloop
  endfacet
  facet normal 1 0 0
    outer loop
      vertex 2.8 26.3 3
      vertex 2.8 28.799999997019768 64.5258798673749
      vertex 2.8 28.40981934964657 64.48745042830706
    endloop
  endfacet
  facet normal 1 0 0
    outer loop
      vertex 2.8 26.3 3
      vertex 2.8 30.799999997019768 62.5258798673749
      vertex 2.8 30.761570557951927 62.9160605147481
    endloop
  endfacet
  facet normal 1 0 0
    outer loop
      vertex 2.8 26.3 3
      vertex 2.8 29.190180644392967 64.48745042830706
      vertex 2.8 28.799999997019768 64.5258798673749
    endloop
  endfacet
  facet normal 1 0 0
    outer loop
      vertex 2.8 26.3 3
      vertex 2.8 29.565366864204407 64.37363893538713
      vertex 2.8 29.190180644392967 64.48745042830706
    endloop
  endfacet
  facet normal 1 0 0
    outer loop
      vertex 2.8 26.3 3
      vertex 2.8 29.911140464246273 64.18881909549236
      vertex 2.8 29.565366864204407 64.37363893538713
    endloop
  endfacet
  facet normal 1 0 0
    outer loop
      vertex 2.8 26.3 3
      vertex 2.8 30.761570557951927 62.9160605147481
      vertex 2.8 30.647759065032005 63.291246734559536
    endloop
  endfacet
  facet normal 1 0 0
    outer loop
      vertex 2.8 26.3 3
      vertex 2.8 30.647759065032005 63.291246734559536
      vertex 2.8 30.462939225137234 63.6370203346014
    endloop
  endfacet
  facet normal 1 0 0
    outer loop
      vertex 2.8 26.3 3
      vertex 2.8 30.21421355754137 63.9400934278965
      vertex 2.8 29.911140464246273 64.18881909549236
    endloop
  endfacet
  facet normal 1 0 0
    outer loop
      vertex 2.8 26.3 3
      vertex 2.8 30.462939225137234 63.6370203346014
      vertex 2.8 30.21421355754137 63.9400934278965
    endloop
  endfacet
  facet normal 0 -1 0
    outer loop
      vertex 2.8 30.799999997019768 39.07639529556036
      vertex 8.280000000000001 30.799999997019768 55.378692411729695
      vertex 8.280000000000001 30.799999997019768 62.5258798673749
    endloop
  endfacet
  facet normal 0 0.3420201433279513 -0.9396926207850776
    outer loop
      vertex 2.8 30.89232823997736 39.033604726195335
      vertex 2.8 61.12821190804243 50.03856638818979
      vertex 23.07999999821186 30.89232823997736 39.033604726195335
    endloop
  endfacet
  facet normal 0 -0.9686916073662104 -0.2482671339872994
    outer loop
      vertex 2.8 30.80693806707859 39.01171997189522
      vertex 23.07999999821186 30.80693806707859 39.01171997189522
      vertex 23.07999999821186 30.804101273417473 39.02278860658407
    endloop
  endfacet
  facet normal 0 -0.9970861400717312 -0.07628387298017801
    outer loop
      vertex 2.8 30.804101273417473 39.02278860658407
      vertex 23.07999999821186 30.804101273417473 39.02278860658407
      vertex 23.07999999821186 30.799999997019768 39.07639529556036
    endloop
  endfacet
  facet normal 0 0.248267181499205 -0.9686915951893258
    outer loop
      vertex 2.8 30.89232823997736 39.033604726195335
      vertex 23.07999999821186 30.89232823997736 39.033604726195335
      vertex 23.07999999821186 30.80693806707859 39.01171997189522
    endloop
  endfacet
  facet normal 0 -1 0
    outer loop
      vertex 2.8 30.799999997019768 39.07639529556036
      vertex 23.07999999821186 30.799999997019768 39.07639529556036
      vertex 8.280000000000001 30.799999997019768 55.378692411729695
    endloop
  endfacet
  facet normal 0 -1 0
    outer loop
      vertex 23.07999999821186 30.799999997019768 39.07639529556036
      vertex 25.479999996721745 30.799999997019768 39.07639529556036
      vertex 8.280000000000001 30.799999997019768 55.378692411729695
    endloop
  endfacet
  facet normal 0 -1 0
    outer loop
      vertex 2.8 30.799999997019768 39.07639529556036
      vertex 8.280000000000001 30.799999997019768 62.5258798673749
      vertex 2.8 30.799999997019768 62.5258798673749
    endloop
  endfacet
  facet normal 0 -0.9569403375708344 -0.29028467119332607
    outer loop
      vertex 2.8 30.647759065032005 63.291246734559536
      vertex 2.8 30.761570557951927 62.9160605147481
      vertex 8.280000000000001 30.647759065032005 63.291246734559536
    endloop
  endfacet
  facet normal 0 -0.773010443534409 -0.6343932961394977
    outer loop
      vertex 2.8 30.462939225137234 63.6370203346014
      vertex 8.280000000000001 30.21421355754137 63.9400934278965
      vertex 2.8 30.21421355754137 63.9400934278965
    endloop
  endfacet
  facet normal 0 -0.8819212641844241 -0.4713967371326908
    outer loop
      vertex 2.8 30.647759065032005 63.291246734559536
      vertex 8.280000000000001 30.462939225137234 63.6370203346014
      vertex 2.8 30.462939225137234 63.6370203346014
    endloop
  endfacet
  facet normal 0 -0.9951847267853376 -0.09801713918082348
    outer loop
      vertex 2.8 30.799999997019768 62.5258798673749
      vertex 8.280000000000001 30.761570557951927 62.9160605147481
      vertex 2.8 30.761570557951927 62.9160605147481
    endloop
  endfacet
  facet normal -2.5836736465701076e-17 -0.6343932961394977 -0.773010443534409
    outer loop
      vertex 2.8 29.911140464246273 64.18881909549236
      vertex 2.8 30.21421355754137 63.9400934278965
      vertex 8.280000000000001 30.2 63.95175819348144
    endloop
  endfacet
  facet normal 0 -0.8819212641844241 -0.4713967371326908
    outer loop
      vertex 2.8 30.647759065032005 63.291246734559536
      vertex 8.280000000000001 30.647759065032005 63.291246734559536
      vertex 8.280000000000001 30.462939225137234 63.6370203346014
    endloop
  endfacet
  facet normal 0 -0.773010443534409 -0.6343932961394977
    outer loop
      vertex 2.8 30.462939225137234 63.6370203346014
      vertex 8.280000000000001 30.462939225137234 63.6370203346014
      vertex 8.280000000000001 30.21421355754137 63.9400934278965
    endloop
  endfacet
  facet normal 0 -0.9951847267853376 -0.09801713918082348
    outer loop
      vertex 2.8 30.799999997019768 62.5258798673749
      vertex 8.280000000000001 30.799999997019768 62.5258798673749
      vertex 8.280000000000001 30.761570557951927 62.9160605147481
    endloop
  endfacet
  facet normal 0 -0.9569403375708344 -0.29028467119332607
    outer loop
      vertex 2.8 30.761570557951927 62.9160605147481
      vertex 8.280000000000001 30.761570557951927 62.9160605147481
      vertex 8.280000000000001 30.647759065032005 63.291246734559536
    endloop
  endfacet
  facet normal 0 -0.6343932961394922 -0.7730104435344135
    outer loop
      vertex 2.8 30.21421355754137 63.9400934278965
      vertex 8.280000000000001 30.21421355754137 63.9400934278965
      vertex 8.280000000000001 30.2 63.95175819348144
    endloop
  endfacet
  facet normal 0 0.5910951801371218 -0.8066018150355623
    outer loop
      vertex 2.8 27.54898288553966 64.08631447835558
      vertex 2.8 27.688859529793262 64.18881909549236
      vertex 45.76 27.54898288553966 64.08631447835558
    endloop
  endfacet
  facet normal 0 0.47139673713269076 -0.8819212641844241
    outer loop
      vertex 2.8 27.688859529793262 64.18881909549236
      vertex 2.8 28.03463312983513 64.37363893538713
      vertex 45.76 28.03463312983513 64.37363893538713
    endloop
  endfacet
  facet normal 0 0.290284671193326 -0.9569403375708344
    outer loop
      vertex 2.8 28.03463312983513 64.37363893538713
      vertex 2.8 28.40981934964657 64.48745042830706
      vertex 45.76 28.40981934964657 64.48745042830706
    endloop
  endfacet
  facet normal 0 0.0980171391808235 -0.9951847267853376
    outer loop
      vertex 2.8 28.40981934964657 64.48745042830706
      vertex 2.8 28.799999997019768 64.5258798673749
      vertex 45.76 28.799999997019768 64.5258798673749
    endloop
  endfacet
  facet normal 0 -0.0980171391808235 -0.9951847267853376
    outer loop
      vertex 2.8 28.799999997019768 64.5258798673749
      vertex 2.8 29.190180644392967 64.48745042830706
      vertex 45.76 29.190180644392967 64.48745042830706
    endloop
  endfacet
  facet normal 0 -0.290284671193326 -0.9569403375708344
    outer loop
      vertex 2.8 29.190180644392967 64.48745042830706
      vertex 2.8 29.565366864204407 64.37363893538713
      vertex 45.76 29.565366864204407 64.37363893538713
    endloop
  endfacet
  facet normal 0 -0.47139673713269076 -0.8819212641844241
    outer loop
      vertex 2.8 29.565366864204407 64.37363893538713
      vertex 2.8 29.911140464246273 64.18881909549236
      vertex 45.76 29.911140464246273 64.18881909549236
    endloop
  endfacet
  facet normal 0 -0.6343932961394979 -0.7730104435344087
    outer loop
      vertex 2.8 29.911140464246273 64.18881909549236
      vertex 8.280000000000001 30.2 63.95175819348144
      vertex 40.28 30.2 63.95175819348144
    endloop
  endfacet
  facet normal 0 0.9984984462299653 -0.05478004085746
    outer loop
      vertex 2.8 2.7999999970197678 43.28482295572758
      vertex 45.76 2.8120034113526344 43.5036141499877
      vertex 45.76 2.7999999970197678 43.28482295572758
    endloop
  endfacet
  facet normal 0 0.9784892719391062 -0.2062977089065165
    outer loop
      vertex 2.8 2.8120034113526344 43.5036141499877
      vertex 45.76 2.892886258661747 43.887249037623405
      vertex 45.76 2.8120034113526344 43.5036141499877
    endloop
  endfacet
  facet normal 0 0.9194411921313655 -0.3932275349108366
    outer loop
      vertex 2.8 2.892886258661747 43.887249037623405
      vertex 45.76 3.0470584109425545 44.247733019292355
      vertex 45.76 2.892886258661747 43.887249037623405
    endloop
  endfacet
  facet normal 0 0.8250595065014483 -0.5650458483447044
    outer loop
      vertex 2.8 3.0470584109425545 44.247733019292355
      vertex 45.76 3.2685951218008995 44.57121291011572
      vertex 45.76 3.0470584109425545 44.247733019292355
    endloop
  endfacet
  facet normal 0 0.6989712302385408 -0.7151497880156442
    outer loop
      vertex 2.8 3.2685951218008995 44.57121291011572
      vertex 45.76 3.548982873558998 44.84525755792856
      vertex 45.76 3.2685951218008995 44.57121291011572
    endloop
  endfacet
  facet normal 0 0.6255085627533582 -0.7802173017321701
    outer loop
      vertex 2.8 3.548982873558998 44.84525755792856
      vertex 33.25834208522067 20.564816440721383 58.48703347729899
      vertex 45.76 3.548982873558998 44.84525755792856
    endloop
  endfacet
  facet normal -1 0 0
    outer loop
      vertex 45.76 2.7999999970197678 43.28482295572758
      vertex 45.76 2.8120034113526344 43.5036141499877
      vertex 45.76 3.548982873558998 44.84525755792856
    endloop
  endfacet
  facet normal -1 0 0
    outer loop
      vertex 45.76 2.7999999970197678 5
      vertex 45.76 3.548982873558998 44.84525755792856
      vertex 45.76 20.564846801726873 58.48705781804209
    endloop
  endfacet
  facet normal -1 0 0
    outer loop
      vertex 45.76 2.8120034113526344 43.5036141499877
      vertex 45.76 2.892886258661747 43.887249037623405
      vertex 45.76 3.548982873558998 44.84525755792856
    endloop
  endfacet
  facet normal -1 0 0
    outer loop
      vertex 45.76 2.892886258661747 43.887249037623405
      vertex 45.76 3.0470584109425545 44.247733019292355
      vertex 45.76 3.548982873558998 44.84525755792856
    endloop
  endfacet
  facet normal -1 0 0
    outer loop
      vertex 45.76 3.0470584109425545 44.247733019292355
      vertex 45.76 3.2685951218008995 44.57121291011572
      vertex 45.76 3.548982873558998 44.84525755792856
    endloop
  endfacet
  facet normal -1 0 0
    outer loop
      vertex 45.76 2.7999999970197678 5
      vertex 45.76 20.564846801726873 58.48705781804209
      vertex 45.76 27.688859529793262 64.18881909549236
    endloop
  endfacet
  facet normal -1 0 0
    outer loop
      vertex 45.76 2.7999999970197678 5
      vertex 45.76 30.462939225137234 63.6370203346014
      vertex 45.76 30.647759065032005 63.291246734559536
    endloop
  endfacet
  facet normal -1 0 0
    outer loop
      vertex 45.76 2.7999999970197678 5
      vertex 45.76 27.688859529793262 64.18881909549236
      vertex 45.76 28.03463312983513 64.37363893538713
    endloop
  endfacet
  facet normal -1 0 0
    outer loop
      vertex 45.76 2.7999999970197678 5
      vertex 45.76 28.03463312983513 64.37363893538713
      vertex 45.76 28.40981934964657 64.48745042830706
    endloop
  endfacet
  facet normal -1 0 0
    outer loop
      vertex 45.76 2.7999999970197678 5
      vertex 45.76 28.40981934964657 64.48745042830706
      vertex 45.76 28.799999997019768 64.5258798673749
    endloop
  endfacet
  facet normal -1 0 0
    outer loop
      vertex 45.76 2.7999999970197678 5
      vertex 45.76 28.799999997019768 64.5258798673749
      vertex 45.76 29.190180644392967 64.48745042830706
    endloop
  endfacet
  facet normal -1 0 0
    outer loop
      vertex 45.76 2.7999999970197678 5
      vertex 45.76 29.190180644392967 64.48745042830706
      vertex 45.76 29.565366864204407 64.37363893538713
    endloop
  endfacet
  facet normal -1 0 0
    outer loop
      vertex 45.76 2.7999999970197678 5
      vertex 45.76 29.565366864204407 64.37363893538713
      vertex 45.76 29.911140464246273 64.18881909549236
    endloop
  endfacet
  facet normal -1 0 0
    outer loop
      vertex 45.76 2.7999999970197678 5
      vertex 45.76 29.911140464246273 64.18881909549236
      vertex 45.76 30.21421355754137 63.9400934278965
    endloop
  endfacet
  facet normal -1 0 0
    outer loop
      vertex 45.76 2.7999999970197678 5
      vertex 45.76 30.21421355754137 63.9400934278965
      vertex 45.76 30.462939225137234 63.6370203346014
    endloop
  endfacet
  facet normal -6.254540474666828e-16 0.6255085627533579 -0.7802173017321702
    outer loop
      vertex 45.76 3.548982873558998 44.84525755792856
      vertex 33.25834208522067 20.564816440721383 58.48703347729899
      vertex 45.76 20.564846801726873 58.48705781804209
    endloop
  endfacet
  facet normal 0 0.248267181499205 -0.9686915951893259
    outer loop
      vertex 25.479999996721745 30.80693806707859 39.01171997189522
      vertex 25.479999996721745 30.89232823997736 39.033604726195335
      vertex 45.76 30.80693806707859 39.01171997189522
    endloop
  endfacet
  facet normal 0 -0.9686916073662104 -0.2482671339872994
    outer loop
      vertex 25.479999996721745 30.80693806707859 39.01171997189522
      vertex 45.76 30.804101273417473 39.02278860658407
      vertex 25.479999996721745 30.804101273417473 39.02278860658407
    endloop
  endfacet
  facet normal 0 -0.9970861400717311 -0.07628387298017801
    outer loop
      vertex 25.479999996721745 30.804101273417473 39.02278860658407
      vertex 45.76 30.799999997019768 39.07639529556036
      vertex 25.479999996721745 30.799999997019768 39.07639529556036
    endloop
  endfacet
  facet normal 0 -0.9686916073662104 -0.2482671339872994
    outer loop
      vertex 25.479999996721745 30.80693806707859 39.01171997189522
      vertex 45.76 30.80693806707859 39.01171997189522
      vertex 45.76 30.804101273417473 39.02278860658407
    endloop
  endfacet
  facet normal 0 -0.9970861400717311 -0.07628387298017801
    outer loop
      vertex 25.479999996721745 30.804101273417473 39.02278860658407
      vertex 45.76 30.804101273417473 39.02278860658407
      vertex 45.76 30.799999997019768 39.07639529556036
    endloop
  endfacet
  facet normal 0 0.248267181499205 -0.9686915951893259
    outer loop
      vertex 25.479999996721745 30.89232823997736 39.033604726195335
      vertex 45.76 30.89232823997736 39.033604726195335
      vertex 45.76 30.80693806707859 39.01171997189522
    endloop
  endfacet
  facet normal 0 -1 0
    outer loop
      vertex 25.479999996721745 30.799999997019768 39.07639529556036
      vertex 45.76 30.799999997019768 39.07639529556036
      vertex 8.280000000000001 30.799999997019768 55.378692411729695
    endloop
  endfacet
  facet normal 0 -1 0
    outer loop
      vertex 45.76 30.799999997019768 39.07639529556036
      vertex 40.28 30.799999997019768 55.378692411729695
      vertex 8.280000000000001 30.799999997019768 55.378692411729695
    endloop
  endfacet
  facet normal 0 0.34202014332795116 -0.9396926207850775
    outer loop
      vertex 25.479999996721745 30.89232823997736 39.033604726195335
      vertex 25.479999996721745 49.20000000298023 45.69705230669459
      vertex 45.76 30.89232823997736 39.033604726195335
    endloop
  endfacet
  facet normal -1 0 0
    outer loop
      vertex 45.76 2.7999999970197678 5
      vertex 45.76 30.799999997019768 62.5258798673749
      vertex 45.76 30.799999997019768 39.07639529556036
    endloop
  endfacet
  facet normal -1 0 0
    outer loop
      vertex 45.76 2.7999999970197678 5
      vertex 45.76 30.761570557951927 62.9160605147481
      vertex 45.76 30.799999997019768 62.5258798673749
    endloop
  endfacet
  facet normal -1 0 0
    outer loop
      vertex 45.76 2.7999999970197678 5
      vertex 45.76 30.647759065032005 63.291246734559536
      vertex 45.76 30.761570557951927 62.9160605147481
    endloop
  endfacet
  facet normal 0 -1 0
    outer loop
      vertex 45.76 30.799999997019768 39.07639529556036
      vertex 45.76 30.799999997019768 62.5258798673749
      vertex 40.28 30.799999997019768 55.378692411729695
    endloop
  endfacet
  facet normal 0 0.5910951801371218 -0.8066018150355623
    outer loop
      vertex 2.8 27.688859529793262 64.18881909549236
      vertex 45.76 27.688859529793262 64.18881909549236
      vertex 45.76 27.54898288553966 64.08631447835558
    endloop
  endfacet
  facet normal 0 0.47139673713269076 -0.8819212641844241
    outer loop
      vertex 2.8 27.688859529793262 64.18881909549236
      vertex 45.76 28.03463312983513 64.37363893538713
      vertex 45.76 27.688859529793262 64.18881909549236
    endloop
  endfacet
  facet normal 0 0.290284671193326 -0.9569403375708344
    outer loop
      vertex 2.8 28.03463312983513 64.37363893538713
      vertex 45.76 28.40981934964657 64.48745042830706
      vertex 45.76 28.03463312983513 64.37363893538713
    endloop
  endfacet
  facet normal 0 0.0980171391808235 -0.9951847267853376
    outer loop
      vertex 2.8 28.40981934964657 64.48745042830706
      vertex 45.76 28.799999997019768 64.5258798673749
      vertex 45.76 28.40981934964657 64.48745042830706
    endloop
  endfacet
  facet normal 0 -0.0980171391808235 -0.9951847267853376
    outer loop
      vertex 2.8 28.799999997019768 64.5258798673749
      vertex 45.76 29.190180644392967 64.48745042830706
      vertex 45.76 28.799999997019768 64.5258798673749
    endloop
  endfacet
  facet normal 0 -0.290284671193326 -0.9569403375708344
    outer loop
      vertex 2.8 29.190180644392967 64.48745042830706
      vertex 45.76 29.565366864204407 64.37363893538713
      vertex 45.76 29.190180644392967 64.48745042830706
    endloop
  endfacet
  facet normal 4.085853403056208e-17 -0.6343932961395009 -0.7730104435344062
    outer loop
      vertex 2.8 29.911140464246273 64.18881909549236
      vertex 40.28 30.2 63.95175819348144
      vertex 45.76 30.21421355754137 63.9400934278965
    endloop
  endfacet
  facet normal 0 -0.47139673713269076 -0.8819212641844241
    outer loop
      vertex 2.8 29.565366864204407 64.37363893538713
      vertex 45.76 29.911140464246273 64.18881909549236
      vertex 45.76 29.565366864204407 64.37363893538713
    endloop
  endfacet
  facet normal 0 -0.6343932961394976 -0.773010443534409
    outer loop
      vertex 2.8 29.911140464246273 64.18881909549236
      vertex 45.76 30.21421355754137 63.9400934278965
      vertex 45.76 29.911140464246273 64.18881909549236
    endloop
  endfacet
  facet normal 0 -1 0
    outer loop
      vertex 45.76 30.799999997019768 62.5258798673749
      vertex 40.28 30.799999997019768 62.5258798673749
      vertex 40.28 30.799999997019768 55.378692411729695
    endloop
  endfacet
  facet normal -1 0 0
    outer loop
      vertex 45.76 20.564846801726873 58.48705781804209
      vertex 45.76 27.54898288553966 64.08631447835558
      vertex 45.76 27.688859529793262 64.18881909549236
    endloop
  endfacet
  facet normal 0 -0.9569403375708344 -0.290284671193326
    outer loop
      vertex 45.76 30.647759065032005 63.291246734559536
      vertex 40.28 30.647759065032005 63.291246734559536
      vertex 40.28 30.761570557951927 62.9160605147481
    endloop
  endfacet
  facet normal 0 -0.7730104435344091 -0.6343932961394977
    outer loop
      vertex 45.76 30.21421355754137 63.9400934278965
      vertex 40.28 30.21421355754137 63.9400934278965
      vertex 40.28 30.462939225137234 63.6370203346014
    endloop
  endfacet
  facet normal 0 -0.8819212641844241 -0.47139673713269076
    outer loop
      vertex 45.76 30.462939225137234 63.6370203346014
      vertex 40.28 30.462939225137234 63.6370203346014
      vertex 40.28 30.647759065032005 63.291246734559536
    endloop
  endfacet
  facet normal 0 -0.9951847267853376 -0.0980171391808235
    outer loop
      vertex 45.76 30.761570557951927 62.9160605147481
      vertex 40.28 30.761570557951927 62.9160605147481
      vertex 40.28 30.799999997019768 62.5258798673749
    endloop
  endfacet
  facet normal 0 -0.6343932961394921 -0.7730104435344134
    outer loop
      vertex 45.76 30.21421355754137 63.9400934278965
      vertex 40.28 30.2 63.95175819348144
      vertex 40.28 30.21421355754137 63.9400934278965
    endloop
  endfacet
  facet normal 0 -0.8819212641844241 -0.47139673713269076
    outer loop
      vertex 45.76 30.647759065032005 63.291246734559536
      vertex 45.76 30.462939225137234 63.6370203346014
      vertex 40.28 30.647759065032005 63.291246734559536
    endloop
  endfacet
  facet normal 0 -0.7730104435344091 -0.6343932961394977
    outer loop
      vertex 45.76 30.462939225137234 63.6370203346014
      vertex 45.76 30.21421355754137 63.9400934278965
      vertex 40.28 30.462939225137234 63.6370203346014
    endloop
  endfacet
  facet normal 0 -0.9951847267853376 -0.0980171391808235
    outer loop
      vertex 45.76 30.799999997019768 62.5258798673749
      vertex 45.76 30.761570557951927 62.9160605147481
      vertex 40.28 30.799999997019768 62.5258798673749
    endloop
  endfacet
  facet normal 0 -0.9569403375708344 -0.290284671193326
    outer loop
      vertex 45.76 30.647759065032005 63.291246734559536
      vertex 40.28 30.761570557951927 62.9160605147481
      vertex 45.76 30.761570557951927 62.9160605147481
    endloop
  endfacet
  facet normal 8.85722308801576e-17 -0.3420201431981685 0.9396926208323146
    outer loop
      vertex 2.8 31.131386324763298 3.1206147596240044
      vertex 23.07999999821186 45.99989762064054 8.532310296889461
      vertex 2.8 60.8686136752367 13.944080360233784
    endloop
  endfacet
  facet normal 2.2450156650854983e-15 -0.3420201431981654 0.9396926208323158
    outer loop
      vertex 2.8 60.8686136752367 13.944080360233784
      vertex 23.07999999821186 45.99989762064054 8.532310296889461
      vertex 24.28013088067864 45.99990940343351 8.532314585475376
    endloop
  endfacet
  facet normal -3.4433046994002883e-15 -0.3420201431981713 0.9396926208323135
    outer loop
      vertex 2.8 60.8686136752367 13.944080360233784
      vertex 24.28013088067864 45.99990940343351 8.532314585475376
      vertex 25.06259884774792 45.99992452449077 8.53232008909013
    endloop
  endfacet
  facet normal -2.1515095999177555e-15 -0.3420201431981692 0.9396926208323144
    outer loop
      vertex 2.8 60.8686136752367 13.944080360233784
      vertex 25.06259884774792 45.99992452449077 8.53232008909013
      vertex 25.479999996721745 45.99994789405205 8.53232859491482
    endloop
  endfacet
  facet normal 4.598955127926113e-18 -0.432479201291757 0.901643910005521
    outer loop
      vertex 2.8 60.8686136752367 13.944080360233784
      vertex 24.246861368617427 60.86861367805661 13.944080361586371
      vertex 2.8 61.22211990505457 14.113641858100891
    endloop
  endfacet
  facet normal 0 -0.43247917285645743 0.9016439236446916
    outer loop
      vertex 2.8 60.8686136752367 13.944080360233784
      vertex 24.313138633561007 60.86861367805661 13.944080361586371
      vertex 24.246861368617427 60.86861367805661 13.944080361586371
    endloop
  endfacet
  facet normal -3.476925998689164e-17 -0.43247920129175893 0.90164391000552
    outer loop
      vertex 2.8 61.22211990505457 14.113641858100891
      vertex 24.246861368617427 60.86861367805661 13.944080361586371
      vertex 24.280000001192093 61.20000000298023 14.103031907237138
    endloop
  endfacet
  facet normal 0 -0.5824777059465526 0.8128466780858746
    outer loop
      vertex 2.8 61.22211990505457 14.113641858100891
      vertex 45.76 61.22211990505457 14.113641858100891
      vertex 2.8 61.47014860808849 14.29137671738863
    endloop
  endfacet
  facet normal 0 -0.4324791728564552 0.9016439236446928
    outer loop
      vertex 2.8 60.8686136752367 13.944080360233784
      vertex 45.76 60.8686136752367 13.944080360233784
      vertex 24.313138633561007 60.86861367805661 13.944080361586371
    endloop
  endfacet
  facet normal 0 -0.4324792012917315 0.9016439100055332
    outer loop
      vertex 2.8 61.22211990505457 14.113641858100891
      vertex 24.280000001192093 61.20000000298023 14.103031907237138
      vertex 45.76 61.22211990505457 14.113641858100891
    endloop
  endfacet
  facet normal 1 0 0
    outer loop
      vertex 2.8 30.89232823997736 39.033604726195335
      vertex 2.8 60.8686136752367 13.944080360233784
      vertex 2.8 61.12821190804243 50.03856638818979
    endloop
  endfacet
  facet normal 1 0 0
    outer loop
      vertex 2.8 60.8686136752367 13.944080360233784
      vertex 2.8 61.22211990505457 14.113641858100891
      vertex 2.8 89.1 73.47557483134946
    endloop
  endfacet
  facet normal 1 0 0
    outer loop
      vertex 2.8 61.22211990505457 14.113641858100891
      vertex 2.8 61.47014860808849 14.29137671738863
      vertex 2.8 89.1 73.47557483134946
    endloop
  endfacet
  facet normal 1.2607982439941436e-15 -0.6427876096924103 0.7660444431140517
    outer loop
      vertex 2.8 61.47014860808849 14.29137671738863
      vertex 7.8 89.1 37.47557483018547
      vertex 2.8 89.1 37.47557483018548
    endloop
  endfacet
  facet normal 0 -0.6427876096924103 0.7660444431140517
    outer loop
      vertex 2.8 61.47014860808849 14.29137671738863
      vertex 45.76 61.47014860808849 14.29137671738863
      vertex 7.8 89.1 37.47557483018547
    endloop
  endfacet
  facet normal 0 -0.3420201431981685 0.9396926208323146
    outer loop
      vertex 25.479999996721745 31.131386324763298 3.1206147596240044
      vertex 45.76 60.8686136752367 13.944080360233784
      vertex 25.479999996721745 45.99994789405205 8.53232859491482
    endloop
  endfacet
  facet normal 0 -0.3420201431981686 0.9396926208323148
    outer loop
      vertex 2.8 60.8686136752367 13.944080360233784
      vertex 25.479999996721745 45.99994789405205 8.53232859491482
      vertex 45.76 60.8686136752367 13.944080360233784
    endloop
  endfacet
  facet normal 3.427491032265745e-17 -0.43247920129175893 0.90164391000552
    outer loop
      vertex 24.313138633561007 60.86861367805661 13.944080361586371
      vertex 45.76 61.22211990505457 14.113641858100891
      vertex 24.280000001192093 61.20000000298023 14.103031907237138
    endloop
  endfacet
  facet normal 0 -0.5824777059465526 0.8128466780858746
    outer loop
      vertex 2.8 61.47014860808849 14.29137671738863
      vertex 45.76 61.22211990505457 14.113641858100891
      vertex 45.76 61.47014860808849 14.29137671738863
    endloop
  endfacet
  facet normal -4.598955128393245e-18 -0.432479201291757 0.9016439100055209
    outer loop
      vertex 24.313138633561007 60.86861367805661 13.944080361586371
      vertex 45.76 60.8686136752367 13.944080360233784
      vertex 45.76 61.22211990505457 14.113641858100891
    endloop
  endfacet
  facet normal -1 0 0
    outer loop
      vertex 45.76 30.89232823997736 39.033604726195335
      vertex 45.76 61.12821190804243 50.03856638818979
      vertex 45.76 60.8686136752367 13.944080360233784
    endloop
  endfacet
  facet normal 1 0 0
    outer loop
      vertex 2.8 60.8686136752367 13.944080360233784
      vertex 2.8 61.17718295753002 50.060754880309105
      vertex 2.8 61.12821190804243 50.03856638818979
    endloop
  endfacet
  facet normal 1 0 0
    outer loop
      vertex 2.8 60.8686136752367 13.944080360233784
      vertex 2.8 61.27526671439409 50.12785138934851
      vertex 2.8 61.17718295753002 50.060754880309105
    endloop
  endfacet
  facet normal -7.19341214051089e-17 0.34202014332795116 -0.9396926207850776
    outer loop
      vertex 23.07999999821186 30.89232823997736 39.033604726195335
      vertex 2.8 61.12821190804243 50.03856638818979
      vertex 23.07999999821186 49.20000000298023 45.69705230669459
    endloop
  endfacet
  facet normal 0 0.34202014332795133 -0.9396926207850776
    outer loop
      vertex 2.8 61.12821190804243 50.03856638818979
      vertex 24.272821191680485 61.12821190804243 50.03856638818979
      vertex 23.07999999821186 49.20000000298023 45.69705230669459
    endloop
  endfacet
  facet normal 0 0.41270700304606855 -0.910863837045215
    outer loop
      vertex 2.8 61.17718295753002 50.060754880309105
      vertex 24.272821191680485 61.12821190804243 50.03856638818979
      vertex 2.8 61.12821190804243 50.03856638818979
    endloop
  endfacet
  facet normal 0 0.41270700304606855 -0.9108638370452152
    outer loop
      vertex 2.8 61.17718295753002 50.060754880309105
      vertex 24.277718296641407 61.17718295753002 50.060754880309105
      vertex 24.272821191680485 61.12821190804243 50.03856638818979
    endloop
  endfacet
  facet normal 0 0.5646069381977501 -0.8253599247231247
    outer loop
      vertex 2.8 61.17718295753002 50.060754880309105
      vertex 24.280000001192093 61.20000000298023 50.076363418819966
      vertex 24.277718296641407 61.17718295753002 50.060754880309105
    endloop
  endfacet
  facet normal 0 0.5646069381976784 -0.8253599247231738
    outer loop
      vertex 2.8 61.17718295753002 50.060754880309105
      vertex 2.8 61.27526671439409 50.12785138934851
      vertex 45.76 61.27526671439409 50.12785138934851
    endloop
  endfacet
  facet normal 2.0905594984465581e-16 0.564606938197616 -0.8253599247232163
    outer loop
      vertex 2.8 61.17718295753002 50.060754880309105
      vertex 45.76 61.27526671439409 50.12785138934851
      vertex 24.280000001192093 61.20000000298023 50.076363418819966
    endloop
  endfacet
  facet normal 1 0 0
    outer loop
      vertex 2.8 60.8686136752367 13.944080360233784
      vertex 2.8 89.1 73.47557483134946
      vertex 2.8 61.27526671439409 50.12785138934851
    endloop
  endfacet
  facet normal 1 0 0
    outer loop
      vertex 2.8 61.47014860808849 14.29137671738863
      vertex 2.8 89.1 37.47557483018548
      vertex 2.8 89.1 73.47557483134946
    endloop
  endfacet
  facet normal 2.5039354560316473e-15 0.6427876097583176 -0.7660444430587489
    outer loop
      vertex 2.8 61.27526671439409 50.12785138934851
      vertex 2.8 89.1 73.47557483134946
      vertex 7.8 89.1 73.47557483134948
    endloop
  endfacet
  facet normal 4.3555739841223164e-17 0.3420201433279513 -0.9396926207850776
    outer loop
      vertex 45.76 30.89232823997736 39.033604726195335
      vertex 25.479999996721745 49.20000000298023 45.69705230669459
      vertex 45.76 61.12821190804243 50.03856638818979
    endloop
  endfacet
  facet normal 0 0.41270700304606867 -0.9108638370452152
    outer loop
      vertex 24.287178810659128 61.12821190804243 50.03856638818979
      vertex 24.282281705728614 61.17718295753002 50.060754880309105
      vertex 45.76 61.17718295753002 50.060754880309105
    endloop
  endfacet
  facet normal -4.803897139991366e-16 0.56460693819775 -0.8253599247231248
    outer loop
      vertex 24.282281705728614 61.17718295753002 50.060754880309105
      vertex 24.280000001192093 61.20000000298023 50.076363418819966
      vertex 45.76 61.27526671439409 50.12785138934851
    endloop
  endfacet
  facet normal 0 0.34202014332795133 -0.9396926207850775
    outer loop
      vertex 24.287178810659128 61.12821190804243 50.03856638818979
      vertex 45.76 61.12821190804243 50.03856638818979
      vertex 25.479999996721745 49.20000000298023 45.69705230669459
    endloop
  endfacet
  facet normal 0 0.4127070030460686 -0.9108638370452151
    outer loop
      vertex 24.287178810659128 61.12821190804243 50.03856638818979
      vertex 45.76 61.17718295753002 50.060754880309105
      vertex 45.76 61.12821190804243 50.03856638818979
    endloop
  endfacet
  facet normal 0 0.5646069381976784 -0.8253599247231738
    outer loop
      vertex 24.282281705728614 61.17718295753002 50.060754880309105
      vertex 45.76 61.27526671439409 50.12785138934851
      vertex 45.76 61.17718295753002 50.060754880309105
    endloop
  endfacet
  facet normal -1 0 0
    outer loop
      vertex 45.76 60.8686136752367 13.944080360233784
      vertex 45.76 61.12821190804243 50.03856638818979
      vertex 45.76 61.17718295753002 50.060754880309105
    endloop
  endfacet
  facet normal -1 0 0
    outer loop
      vertex 45.76 60.8686136752367 13.944080360233784
      vertex 45.76 61.17718295753002 50.060754880309105
      vertex 45.76 61.27526671439409 50.12785138934851
    endloop
  endfacet
  facet normal 0 -0.6427876096924102 0.7660444431140518
    outer loop
      vertex 45.76 61.47014860808849 14.29137671738863
      vertex 7.8 108.1 53.41846782280193
      vertex 7.8 89.1 37.47557483018547
    endloop
  endfacet
  facet normal 1.0886146286481615e-15 -0.6427876096924103 0.7660444431140517
    outer loop
      vertex 2.8 108.1 53.41846782280194
      vertex 7.8 108.1 53.41846782280193
      vertex 2.8 167.2855752184987 103.08106216043234
    endloop
  endfacet
  facet normal 0 -0.6427876096924103 0.7660444431140516
    outer loop
      vertex 45.76 61.47014860808849 14.29137671738863
      vertex 2.8 167.2855752184987 103.08106216043234
      vertex 7.8 108.1 53.41846782280193
    endloop
  endfacet
  facet normal -1 0 0
    outer loop
      vertex 45.76 60.8686136752367 13.944080360233784
      vertex 45.76 61.27526671439409 50.12785138934851
      vertex 45.76 135.92575278133154 112.76704672724009
    endloop
  endfacet
  facet normal -1 0 0
    outer loop
      vertex 45.76 60.8686136752367 13.944080360233784
      vertex 45.76 165.0124584948341 138
      vertex 45.76 61.22211990505457 14.113641858100891
    endloop
  endfacet
  facet normal -1 0 0
    outer loop
      vertex 45.76 61.22211990505457 14.113641858100891
      vertex 45.76 165.0124584948341 138
      vertex 45.76 61.47014860808849 14.29137671738863
    endloop
  endfacet
  facet normal -2.1187050317993402e-16 0.642787609758318 -0.7660444430587487
    outer loop
      vertex 2.8 61.27526671439409 50.12785138934851
      vertex 7.8 89.1 73.47557483134948
      vertex 45.76 135.92575278133154 112.76704672724009
    endloop
  endfacet
  facet normal 1 0 0
    outer loop
      vertex 2.8 108.1 53.41846782280194
      vertex 2.8 135.92575278133154 112.76704672724009
      vertex 2.8 108.1 89.41846782675158
    endloop
  endfacet
  facet normal 2.177229257139142e-15 0.6427876097583178 -0.7660444430587486
    outer loop
      vertex 2.8 108.1 89.41846782675158
      vertex 2.8 135.92575278133154 112.76704672724009
      vertex 7.8 108.1 89.4184678267516
    endloop
  endfacet
  facet normal 1 0 0
    outer loop
      vertex 2.8 108.1 53.41846782280194
      vertex 2.8 135.98958934098482 112.8321183398366
      vertex 2.8 135.92575278133154 112.76704672724009
    endloop
  endfacet
  facet normal -4.829968958214502e-16 0.642787609758318 -0.7660444430587486
    outer loop
      vertex 7.8 89.1 73.47557483134948
      vertex 7.8 108.1 89.4184678267516
      vertex 45.76 135.92575278133154 112.76704672724009
    endloop
  endfacet
  facet normal 0 0.6427876097583175 -0.7660444430587489
    outer loop
      vertex 7.8 108.1 89.4184678267516
      vertex 2.8 135.92575278133154 112.76704672724009
      vertex 45.76 135.92575278133154 112.76704672724009
    endloop
  endfacet
  facet normal 0 0.6427876097583178 -0.7660444430587487
    outer loop
      vertex 2.8 61.27526671439409 50.12785138934851
      vertex 45.76 135.92575278133154 112.76704672724009
      vertex 45.76 61.27526671439409 50.12785138934851
    endloop
  endfacet
  facet normal -1 0 0
    outer loop
      vertex 45.76 60.8686136752367 13.944080360233784
      vertex 45.76 135.92575278133154 112.76704672724009
      vertex 45.76 135.98958934098482 112.8321183398366
    endloop
  endfacet
  facet normal -1 0 0
    outer loop
      vertex 45.76 60.8686136752367 13.944080360233784
      vertex 45.76 135.98958934098482 112.8321183398366
      vertex 45.76 165.0124584948341 138
    endloop
  endfacet
  facet normal 1 0 0
    outer loop
      vertex 2.8 108.1 53.41846782280194
      vertex 2.8 164.7223450455545 141
      vertex 2.8 135.98958934098482 112.8321183398366
    endloop
  endfacet
  facet normal 1 0 0
    outer loop
      vertex 2.8 108.1 53.41846782280194
      vertex 2.8 167.2855752184987 103.08106216043234
      vertex 2.8 168 134.1715728789568
    endloop
  endfacet
  facet normal 1 0 0
    outer loop
      vertex 2.8 167.2855752184987 103.08106216043234
      vertex 2.8 167.55976896733046 103.36130409687757
      vertex 2.8 167.7740216627717 103.68965381383896
    endloop
  endfacet
  facet normal 1 0 0
    outer loop
      vertex 2.8 167.2855752184987 103.08106216043234
      vertex 2.8 167.7740216627717 103.68965381383896
      vertex 2.8 167.9200997054577 104.05349301546812
    endloop
  endfacet
  facet normal 1 0 0
    outer loop
      vertex 2.8 167.2855752184987 103.08106216043234
      vertex 2.8 167.9200997054577 104.05349301546812
      vertex 2.8 167.99238939583302 104.43883955478668
    endloop
  endfacet
  facet normal 1 0 0
    outer loop
      vertex 2.8 167.2855752184987 103.08106216043234
      vertex 2.8 167.99238939583302 104.43883955478668
      vertex 2.8 168 104.61315104365349
    endloop
  endfacet
  facet normal 0 -0.7147778879927615 0.699351535950703
    outer loop
      vertex 2.8 167.2855752184987 103.08106216043234
      vertex 45.76 167.2855752184987 103.08106216043234
      vertex 2.8 167.55976896733046 103.36130409687757
    endloop
  endfacet
  facet normal 0 -0.8374803597584746 0.5464674253958931
    outer loop
      vertex 2.8 167.55976896733046 103.36130409687757
      vertex 45.76 167.55976896733046 103.36130409687757
      vertex 2.8 167.7740216627717 103.68965381383896
    endloop
  endfacet
  facet normal 0 -0.9279989130940466 0.3725828998978189
    outer loop
      vertex 2.8 167.7740216627717 103.68965381383896
      vertex 45.76 167.7740216627717 103.68965381383896
      vertex 2.8 167.9200997054577 104.05349301546812
    endloop
  endfacet
  facet normal 0 -0.9828549900138027 0.18438022834612122
    outer loop
      vertex 2.8 167.9200997054577 104.05349301546812
      vertex 45.76 167.9200997054577 104.05349301546812
      vertex 2.8 167.99238939583302 104.43883955478668
    endloop
  endfacet
  facet normal 0 -0.999048221531088 0.04361938852815863
    outer loop
      vertex 2.8 167.99238939583302 104.43883955478668
      vertex 45.76 167.99238939583302 104.43883955478668
      vertex 2.8 168 104.61315104365349
    endloop
  endfacet
  facet normal 0 -0.6427876096924103 0.7660444431140517
    outer loop
      vertex 45.76 61.47014860808849 14.29137671738863
      vertex 45.76 167.2855752184987 103.08106216043234
      vertex 2.8 167.2855752184987 103.08106216043234
    endloop
  endfacet
  facet normal -1 0 0
    outer loop
      vertex 45.76 61.47014860808849 14.29137671738863
      vertex 45.76 168 134.1715728789568
      vertex 45.76 167.2855752184987 103.08106216043234
    endloop
  endfacet
  facet normal -1 0 0
    outer loop
      vertex 45.76 61.47014860808849 14.29137671738863
      vertex 45.76 165.0124584948341 138
      vertex 45.76 165.06947587430477 137.93052411824465
    endloop
  endfacet
  facet normal -1 0 0
    outer loop
      vertex 45.76 61.47014860808849 14.29137671738863
      vertex 45.76 165.06947587430477 137.93052411824465
      vertex 45.76 165.1999999959444 137.79999999701977
    endloop
  endfacet
  facet normal -1 0 0
    outer loop
      vertex 45.76 61.47014860808849 14.29137671738863
      vertex 45.76 167.84775906801224 134.93693974614143
      vertex 45.76 167.96157056093216 134.56175352633
    endloop
  endfacet
  facet normal -1 0 0
    outer loop
      vertex 45.76 61.47014860808849 14.29137671738863
      vertex 45.76 167.96157056093216 134.56175352633
      vertex 45.76 168 134.1715728789568
    endloop
  endfacet
  facet normal -1 0 0
    outer loop
      vertex 45.76 61.47014860808849 14.29137671738863
      vertex 45.76 165.1999999959444 137.79999999701977
      vertex 45.76 167.4142135605216 135.5857864394784
    endloop
  endfacet
  facet normal -1 0 0
    outer loop
      vertex 45.76 61.47014860808849 14.29137671738863
      vertex 45.76 167.66293922811747 135.2827133461833
      vertex 45.76 167.84775906801224 134.93693974614143
    endloop
  endfacet
  facet normal -1 0 0
    outer loop
      vertex 45.76 61.47014860808849 14.29137671738863
      vertex 45.76 167.4142135605216 135.5857864394784
      vertex 45.76 167.66293922811747 135.2827133461833
    endloop
  endfacet
  facet normal 0 -0.7147778879927615 0.699351535950703
    outer loop
      vertex 2.8 167.55976896733046 103.36130409687757
      vertex 45.76 167.2855752184987 103.08106216043234
      vertex 45.76 167.55976896733046 103.36130409687757
    endloop
  endfacet
  facet normal 0 -0.8374803597584746 0.5464674253958931
    outer loop
      vertex 2.8 167.7740216627717 103.68965381383896
      vertex 45.76 167.55976896733046 103.36130409687757
      vertex 45.76 167.7740216627717 103.68965381383896
    endloop
  endfacet
  facet normal 0 -0.9279989130940466 0.3725828998978189
    outer loop
      vertex 2.8 167.9200997054577 104.05349301546812
      vertex 45.76 167.7740216627717 103.68965381383896
      vertex 45.76 167.9200997054577 104.05349301546812
    endloop
  endfacet
  facet normal 0 -0.9828549900138027 0.18438022834612122
    outer loop
      vertex 2.8 167.99238939583302 104.43883955478668
      vertex 45.76 167.9200997054577 104.05349301546812
      vertex 45.76 167.99238939583302 104.43883955478668
    endloop
  endfacet
  facet normal 0 -0.999048221531088 0.04361938852815863
    outer loop
      vertex 2.8 168 104.61315104365349
      vertex 45.76 167.99238939583302 104.43883955478668
      vertex 45.76 168 104.61315104365349
    endloop
  endfacet
  facet normal -1 0 0
    outer loop
      vertex 45.76 167.2855752184987 103.08106216043234
      vertex 45.76 167.7740216627717 103.68965381383896
      vertex 45.76 167.55976896733046 103.36130409687757
    endloop
  endfacet
  facet normal -1 0 0
    outer loop
      vertex 45.76 167.2855752184987 103.08106216043234
      vertex 45.76 167.9200997054577 104.05349301546812
      vertex 45.76 167.7740216627717 103.68965381383896
    endloop
  endfacet
  facet normal -1 0 0
    outer loop
      vertex 45.76 167.2855752184987 103.08106216043234
      vertex 45.76 167.99238939583302 104.43883955478668
      vertex 45.76 167.9200997054577 104.05349301546812
    endloop
  endfacet
  facet normal -1 0 0
    outer loop
      vertex 45.76 167.2855752184987 103.08106216043234
      vertex 45.76 168 104.61315104365349
      vertex 45.76 167.99238939583302 104.43883955478668
    endloop
  endfacet
  facet normal 1 0 0
    outer loop
      vertex 2.8 108.1 53.41846782280194
      vertex 2.8 165.06947587430477 137.93052411824465
      vertex 2.8 165.00929782539606 138.00385128706694
    endloop
  endfacet
  facet normal 1 0 0
    outer loop
      vertex 2.8 108.1 53.41846782280194
      vertex 2.8 165.00929782539606 138.00385128706694
      vertex 2.8 165 138.0982536971569
    endloop
  endfacet
  facet normal 1 0 0
    outer loop
      vertex 2.8 108.1 53.41846782280194
      vertex 2.8 165.1999999959444 137.79999999701977
      vertex 2.8 165.06947587430477 137.93052411824465
    endloop
  endfacet
  facet normal 1 0 0
    outer loop
      vertex 2.8 108.1 53.41846782280194
      vertex 2.8 168 134.1715728789568
      vertex 2.8 167.96157056093216 134.56175352633
    endloop
  endfacet
  facet normal 1 0 0
    outer loop
      vertex 2.8 108.1 53.41846782280194
      vertex 2.8 167.96157056093216 134.56175352633
      vertex 2.8 167.84775906801224 134.93693974614143
    endloop
  endfacet
  facet normal 1 0 0
    outer loop
      vertex 2.8 108.1 53.41846782280194
      vertex 2.8 167.84775906801224 134.93693974614143
      vertex 2.8 167.66293922811747 135.2827133461833
    endloop
  endfacet
  facet normal 1 0 0
    outer loop
      vertex 2.8 108.1 53.41846782280194
      vertex 2.8 167.4142135605216 135.5857864394784
      vertex 2.8 165.1999999959444 137.79999999701977
    endloop
  endfacet
  facet normal 1 0 0
    outer loop
      vertex 2.8 108.1 53.41846782280194
      vertex 2.8 167.66293922811747 135.2827133461833
      vertex 2.8 167.4142135605216 135.5857864394784
    endloop
  endfacet
  facet normal 1 0 0
    outer loop
      vertex 2.8 108.1 53.41846782280194
      vertex 2.8 165 138.0982536971569
      vertex 2.8 165 140
    endloop
  endfacet
  facet normal 1 0 0
    outer loop
      vertex 2.8 108.1 53.41846782280194
      vertex 2.8 165 140
      vertex 2.8 164.96157056093216 140.3901806473732
    endloop
  endfacet
  facet normal 1 0 0
    outer loop
      vertex 2.8 108.1 53.41846782280194
      vertex 2.8 164.96157056093216 140.3901806473732
      vertex 2.8 164.84775906801224 140.76536686718464
    endloop
  endfacet
  facet normal 1 0 0
    outer loop
      vertex 2.8 108.1 53.41846782280194
      vertex 2.8 164.84775906801224 140.76536686718464
      vertex 2.8 164.7223450455545 141
    endloop
  endfacet
  facet normal 1 0 0
    outer loop
      vertex 2.8 135.98958934098482 112.8321183398366
      vertex 2.8 164.7223450455545 141
      vertex 2.8 135.97070348262787 112.92313183099031
    endloop
  endfacet
  facet normal 0 0.7138487196345743 -0.7002999396516316
    outer loop
      vertex 2.8 135.92575278133154 112.76704672724009
      vertex 2.8 135.98958934098482 112.8321183398366
      vertex 45.76 135.98958934098482 112.8321183398366
    endloop
  endfacet
  facet normal 0 0.9791418301201262 0.203177942968743
    outer loop
      vertex 2.8 135.98958934098482 112.8321183398366
      vertex 2.8 135.97070348262787 112.92313183099031
      vertex 45.76 135.97070348262787 112.92313183099031
    endloop
  endfacet
  facet normal 1 0 0
    outer loop
      vertex 2.8 129.62528378516436 135.8013063520193
      vertex 2.8 133.2 138
      vertex 2.8 130.99962185082862 137.79999999701977
    endloop
  endfacet
  facet normal 1 0 0
    outer loop
      vertex 2.8 129.62528378516436 135.8013063520193
      vertex 2.8 136.39999999999998 138
      vertex 2.8 133.2 138
    endloop
  endfacet
  facet normal 1 0 0
    outer loop
      vertex 2.8 130.99962185082862 137.79999999701977
      vertex 2.8 133.2 141
      vertex 2.8 131.0881029367447 137.9286776408553
    endloop
  endfacet
  facet normal 1 0 0
    outer loop
      vertex 2.8 131.12774908542633 138.00285036116838
      vertex 2.8 133.2 141
      vertex 2.8 131.13714549690485 138.0982536971569
    endloop
  endfacet
  facet normal 1 0 0
    outer loop
      vertex 2.8 131.0881029367447 137.9286776408553
      vertex 2.8 133.2 141
      vertex 2.8 131.12774908542633 138.00285036116838
    endloop
  endfacet
  facet normal 1 0 0
    outer loop
      vertex 2.8 131.13714549690485 138.0982536971569
      vertex 2.8 133.2 141
      vertex 2.8 131.13714549690485 140
    endloop
  endfacet
  facet normal 1 0 0
    outer loop
      vertex 2.8 131.13714549690485 140
      vertex 2.8 133.2 141
      vertex 2.8 131.1755749359727 140.3901806473732
    endloop
  endfacet
  facet normal 1 0 0
    outer loop
      vertex 2.8 131.1755749359727 140.3901806473732
      vertex 2.8 133.2 141
      vertex 2.8 131.2893864288926 140.76536686718464
    endloop
  endfacet
  facet normal 1 0 0
    outer loop
      vertex 2.8 131.2893864288926 140.76536686718464
      vertex 2.8 133.2 141
      vertex 2.8 131.41480045135035 141
    endloop
  endfacet
  facet normal 1 0 0
    outer loop
      vertex 2.8 130.99962185082862 137.79999999701977
      vertex 2.8 133.2 138
      vertex 2.8 133.2 141
    endloop
  endfacet
  facet normal 1 0 0
    outer loop
      vertex 2.8 135.97070348262787 112.92313183099031
      vertex 2.8 164.7223450455545 141
      vertex 2.8 129.36425253748894 134.0717720016837
    endloop
  endfacet
  facet normal 1 0 0
    outer loop
      vertex 2.8 129.36425253748894 134.0717720016837
      vertex 2.8 164.7223450455545 141
      vertex 2.8 129.3066834807396 134.30409574508667
    endloop
  endfacet
  facet normal 1 0 0
    outer loop
      vertex 2.8 129.3066834807396 134.30409574508667
      vertex 2.8 164.7223450455545 141
      vertex 2.8 129.27345409989357 134.6947536021471
    endloop
  endfacet
  facet normal 1 0 0
    outer loop
      vertex 2.8 129.27345409989357 134.6947536021471
      vertex 2.8 164.7223450455545 141
      vertex 2.8 129.31707677990198 135.08438781648874
    endloop
  endfacet
  facet normal 1 0 0
    outer loop
      vertex 2.8 129.31707677990198 135.08438781648874
      vertex 2.8 164.7223450455545 141
      vertex 2.8 129.43587512522936 135.45802494883537
    endloop
  endfacet
  facet normal 1 0 0
    outer loop
      vertex 2.8 129.43587512522936 135.45802494883537
      vertex 2.8 164.7223450455545 141
      vertex 2.8 129.62528378516436 135.8013063520193
    endloop
  endfacet
  facet normal 1 0 0
    outer loop
      vertex 2.8 129.62528378516436 135.8013063520193
      vertex 2.8 164.7223450455545 141
      vertex 2.8 136.39999999999998 138
    endloop
  endfacet
  facet normal 1 0 0
    outer loop
      vertex 2.8 164.7223450455545 141
      vertex 2.8 136.39999999999998 141
      vertex 2.8 136.39999999999998 138
    endloop
  endfacet
  facet normal 0 0.9545120845298336 0.29817223292337564
    outer loop
      vertex 2.8 135.97070348262787 112.92313183099031
      vertex 2.8 129.36425253748894 134.0717720016837
      vertex 45.76 129.36425253748894 134.0717720016837
    endloop
  endfacet
  facet normal 0 0.9706436167628949 0.24052228428452585
    outer loop
      vertex 2.8 129.36425253748894 134.0717720016837
      vertex 2.8 129.3066834807396 134.30409574508667
      vertex 45.76 129.3066834807396 134.30409574508667
    endloop
  endfacet
  facet normal 0 0.9964019060823466 0.08475400613225655
    outer loop
      vertex 2.8 129.3066834807396 134.30409574508667
      vertex 2.8 129.27345409989357 134.6947536021471
      vertex 45.76 129.27345409989357 134.6947536021471
    endloop
  endfacet
  facet normal 0 0.9937910093103901 -0.11126288605746373
    outer loop
      vertex 2.8 129.27345409989357 134.6947536021471
      vertex 2.8 129.31707677990198 135.08438781648874
      vertex 45.76 129.31707677990198 135.08438781648874
    endloop
  endfacet
  facet normal 0 0.9529892808654561 -0.30300401079117883
    outer loop
      vertex 2.8 129.31707677990198 135.08438781648874
      vertex 2.8 129.43587512522936 135.45802494883537
      vertex 45.76 129.43587512522936 135.45802494883537
    endloop
  endfacet
  facet normal 0 0.8755647122978065 -0.4831008534238572
    outer loop
      vertex 2.8 129.43587512522936 135.45802494883537
      vertex 2.8 129.62528378516436 135.8013063520193
      vertex 45.76 129.62528378516436 135.8013063520193
    endloop
  endfacet
  facet normal 0 0.8239964643925312 -0.5665949405603691
    outer loop
      vertex 2.8 129.62528378516436 135.8013063520193
      vertex 2.8 130.99962185082862 137.79999999701977
      vertex 45.76 129.62528378516436 135.8013063520193
    endloop
  endfacet
  facet normal 1 0 0
    outer loop
      vertex 2.8 167.2855752184987 103.08106216043234
      vertex 2.8 168 104.61315104365349
      vertex 2.8 168 134.1715728789568
    endloop
  endfacet
  facet normal 0 -1 0
    outer loop
      vertex 2.8 168 104.61315104365349
      vertex 45.76 168 104.61315104365349
      vertex 2.8 168 134.1715728789568
    endloop
  endfacet
  facet normal 0 -0.9951847267853376 -0.0980171391808235
    outer loop
      vertex 2.8 168 134.1715728789568
      vertex 45.76 168 134.1715728789568
      vertex 2.8 167.96157056093216 134.56175352633
    endloop
  endfacet
  facet normal 0 -0.9569403375708344 -0.290284671193326
    outer loop
      vertex 2.8 167.96157056093216 134.56175352633
      vertex 45.76 167.96157056093216 134.56175352633
      vertex 2.8 167.84775906801224 134.93693974614143
    endloop
  endfacet
  facet normal 0 -0.8819212641844241 -0.47139673713269076
    outer loop
      vertex 2.8 167.84775906801224 134.93693974614143
      vertex 45.76 167.84775906801224 134.93693974614143
      vertex 2.8 167.66293922811747 135.2827133461833
    endloop
  endfacet
  facet normal 0 -0.773010443534409 -0.6343932961394976
    outer loop
      vertex 2.8 167.66293922811747 135.2827133461833
      vertex 45.76 167.66293922811747 135.2827133461833
      vertex 2.8 167.4142135605216 135.5857864394784
    endloop
  endfacet
  facet normal 0 -0.7071067800631062 -0.7071067823099888
    outer loop
      vertex 2.8 165.1999999959444 137.79999999701977
      vertex 2.8 167.4142135605216 135.5857864394784
      vertex 45.76 165.1999999959444 137.79999999701977
    endloop
  endfacet
  facet normal 0 0.7138487196345743 -0.7002999396516316
    outer loop
      vertex 2.8 135.92575278133154 112.76704672724009
      vertex 45.76 135.98958934098482 112.8321183398366
      vertex 45.76 135.92575278133154 112.76704672724009
    endloop
  endfacet
  facet normal 0 0.9791418301201262 0.203177942968743
    outer loop
      vertex 2.8 135.98958934098482 112.8321183398366
      vertex 45.76 135.97070348262787 112.92313183099031
      vertex 45.76 135.98958934098482 112.8321183398366
    endloop
  endfacet
  facet normal 0 0.9545120845298336 0.29817223292337564
    outer loop
      vertex 2.8 135.97070348262787 112.92313183099031
      vertex 45.76 129.36425253748894 134.0717720016837
      vertex 45.76 135.97070348262787 112.92313183099031
    endloop
  endfacet
  facet normal -1 0 0
    outer loop
      vertex 45.76 135.98958934098482 112.8321183398366
      vertex 45.76 135.97070348262787 112.92313183099031
      vertex 45.76 165.0124584948341 138
    endloop
  endfacet
  facet normal 0 0.9706436167628949 0.24052228428452585
    outer loop
      vertex 2.8 129.36425253748894 134.0717720016837
      vertex 45.76 129.3066834807396 134.30409574508667
      vertex 45.76 129.36425253748894 134.0717720016837
    endloop
  endfacet
  facet normal 0 0.9964019060823466 0.08475400613225655
    outer loop
      vertex 2.8 129.3066834807396 134.30409574508667
      vertex 45.76 129.27345409989357 134.6947536021471
      vertex 45.76 129.3066834807396 134.30409574508667
    endloop
  endfacet
  facet normal 0 0.9937910093103901 -0.11126288605746373
    outer loop
      vertex 2.8 129.27345409989357 134.6947536021471
      vertex 45.76 129.31707677990198 135.08438781648874
      vertex 45.76 129.27345409989357 134.6947536021471
    endloop
  endfacet
  facet normal 0 0.9529892808654561 -0.30300401079117883
    outer loop
      vertex 2.8 129.31707677990198 135.08438781648874
      vertex 45.76 129.43587512522936 135.45802494883537
      vertex 45.76 129.31707677990198 135.08438781648874
    endloop
  endfacet
  facet normal 0 0.8755647122978065 -0.4831008534238572
    outer loop
      vertex 2.8 129.43587512522936 135.45802494883537
      vertex 45.76 129.62528378516436 135.8013063520193
      vertex 45.76 129.43587512522936 135.45802494883537
    endloop
  endfacet
  facet normal 0 0.8239964643925312 -0.5665949405603691
    outer loop
      vertex 2.8 130.99962185082862 137.79999999701977
      vertex 45.76 130.99962185082862 137.79999999701977
      vertex 45.76 129.62528378516436 135.8013063520193
    endloop
  endfacet
  facet normal -1 0 0
    outer loop
      vertex 45.76 129.62528378516436 135.8013063520193
      vertex 45.76 130.99962185082862 137.79999999701977
      vertex 45.76 133.2 138
    endloop
  endfacet
  facet normal -1 0 0
    outer loop
      vertex 45.76 130.99962185082862 137.79999999701977
      vertex 45.76 131.0881029367447 137.9286776408553
      vertex 45.76 133.2 138
    endloop
  endfacet
  facet normal -1 0 0
    outer loop
      vertex 45.76 131.0881029367447 137.9286776408553
      vertex 45.76 131.12622553549852 138
      vertex 45.76 133.2 138
    endloop
  endfacet
  facet normal -1 0 0
    outer loop
      vertex 45.76 129.62528378516436 135.8013063520193
      vertex 45.76 133.2 138
      vertex 45.76 136.39999999999998 138
    endloop
  endfacet
  facet normal -1 0 0
    outer loop
      vertex 45.76 135.97070348262787 112.92313183099031
      vertex 45.76 129.36425253748894 134.0717720016837
      vertex 45.76 165.0124584948341 138
    endloop
  endfacet
  facet normal -1 0 0
    outer loop
      vertex 45.76 129.36425253748894 134.0717720016837
      vertex 45.76 129.3066834807396 134.30409574508667
      vertex 45.76 165.0124584948341 138
    endloop
  endfacet
  facet normal -1 0 0
    outer loop
      vertex 45.76 129.3066834807396 134.30409574508667
      vertex 45.76 129.27345409989357 134.6947536021471
      vertex 45.76 165.0124584948341 138
    endloop
  endfacet
  facet normal -1 0 0
    outer loop
      vertex 45.76 129.27345409989357 134.6947536021471
      vertex 45.76 129.31707677990198 135.08438781648874
      vertex 45.76 165.0124584948341 138
    endloop
  endfacet
  facet normal -1 0 0
    outer loop
      vertex 45.76 129.31707677990198 135.08438781648874
      vertex 45.76 129.43587512522936 135.45802494883537
      vertex 45.76 165.0124584948341 138
    endloop
  endfacet
  facet normal -1 0 0
    outer loop
      vertex 45.76 129.43587512522936 135.45802494883537
      vertex 45.76 129.62528378516436 135.8013063520193
      vertex 45.76 165.0124584948341 138
    endloop
  endfacet
  facet normal -1 0 0
    outer loop
      vertex 45.76 129.62528378516436 135.8013063520193
      vertex 45.76 136.39999999999998 138
      vertex 45.76 165.0124584948341 138
    endloop
  endfacet
  facet normal -1 0 0
    outer loop
      vertex 45.76 167.2855752184987 103.08106216043234
      vertex 45.76 168 134.1715728789568
      vertex 45.76 168 104.61315104365349
    endloop
  endfacet
  facet normal 0 -1 0
    outer loop
      vertex 45.76 168 104.61315104365349
      vertex 45.76 168 134.1715728789568
      vertex 2.8 168 134.1715728789568
    endloop
  endfacet
  facet normal 0 -0.7071067800631062 -0.7071067823099888
    outer loop
      vertex 2.8 167.4142135605216 135.5857864394784
      vertex 45.76 167.4142135605216 135.5857864394784
      vertex 45.76 165.1999999959444 137.79999999701977
    endloop
  endfacet
  facet normal 0 -0.9951847267853376 -0.0980171391808235
    outer loop
      vertex 2.8 167.96157056093216 134.56175352633
      vertex 45.76 168 134.1715728789568
      vertex 45.76 167.96157056093216 134.56175352633
    endloop
  endfacet
  facet normal 0 -0.9569403375708344 -0.290284671193326
    outer loop
      vertex 2.8 167.84775906801224 134.93693974614143
      vertex 45.76 167.96157056093216 134.56175352633
      vertex 45.76 167.84775906801224 134.93693974614143
    endloop
  endfacet
  facet normal 0 -0.8819212641844241 -0.47139673713269076
    outer loop
      vertex 2.8 167.66293922811747 135.2827133461833
      vertex 45.76 167.84775906801224 134.93693974614143
      vertex 45.76 167.66293922811747 135.2827133461833
    endloop
  endfacet
  facet normal 0 -0.773010443534409 -0.6343932961394976
    outer loop
      vertex 2.8 167.4142135605216 135.5857864394784
      vertex 45.76 167.66293922811747 135.2827133461833
      vertex 45.76 167.4142135605216 135.5857864394784
    endloop
  endfacet
  facet normal 1 0 0
    outer loop
      vertex 2.8 33.20000000298023 55.06469511985779
      vertex 2.8 33.94898287951946 69.21726297587156
      vertex 2.8 33.20000000298023 67.65682837367058
    endloop
  endfacet
  facet normal 1 0 0
    outer loop
      vertex 2.8 33.20000000298023 67.65682837367058
      vertex 2.8 33.94898287951946 69.21726297587156
      vertex 2.8 33.2120034173131 67.8756195679307
    endloop
  endfacet
  facet normal 1 0 0
    outer loop
      vertex 2.8 33.2120034173131 67.8756195679307
      vertex 2.8 33.94898287951946 69.21726297587156
      vertex 2.8 33.29288626462221 68.2592544555664
    endloop
  endfacet
  facet normal 1 0 0
    outer loop
      vertex 2.8 33.29288626462221 68.2592544555664
      vertex 2.8 33.94898287951946 69.21726297587156
      vertex 2.8 33.44705841690302 68.61973843723536
    endloop
  endfacet
  facet normal 1 0 0
    outer loop
      vertex 2.8 33.44705841690302 68.61973843723536
      vertex 2.8 33.94898287951946 69.21726297587156
      vertex 2.8 33.668595127761364 68.94321832805872
    endloop
  endfacet
  facet normal 1 0 0
    outer loop
      vertex 2.8 34.43463313579559 53.21693605184555
      vertex 2.8 34.80981935560703 53.10312455892563
      vertex 2.8 57.94898287951946 88.45831988751888
    endloop
  endfacet
  facet normal 1 0 0
    outer loop
      vertex 2.8 33.78578644245863 53.650481559336185
      vertex 2.8 34.08885953575373 53.40175589174032
      vertex 2.8 57.94898287951946 88.45831988751888
    endloop
  endfacet
  facet normal 1 0 0
    outer loop
      vertex 2.8 33.537060774862766 53.95355465263128
      vertex 2.8 33.78578644245863 53.650481559336185
      vertex 2.8 57.94898287951946 88.45831988751888
    endloop
  endfacet
  facet normal 1 0 0
    outer loop
      vertex 2.8 33.352240934967995 54.29932825267315
      vertex 2.8 57.94898287951946 88.45831988751888
      vertex 2.8 33.23842944204807 54.67451447248459
    endloop
  endfacet
  facet normal 1 0 0
    outer loop
      vertex 2.8 33.352240934967995 54.29932825267315
      vertex 2.8 33.537060774862766 53.95355465263128
      vertex 2.8 57.94898287951946 88.45831988751888
    endloop
  endfacet
  facet normal 1 0 0
    outer loop
      vertex 2.8 33.23842944204807 54.67451447248459
      vertex 2.8 57.94898287951946 88.45831988751888
      vertex 2.8 33.20000000298023 55.06469511985779
    endloop
  endfacet
  facet normal 1 0 0
    outer loop
      vertex 2.8 34.08885953575373 53.40175589174032
      vertex 2.8 34.43463313579559 53.21693605184555
      vertex 2.8 57.94898287951946 88.45831988751888
    endloop
  endfacet
  facet normal 0 0.9569403375708344 0.290284671193326
    outer loop
      vertex 2.8 33.352240934967995 54.29932825267315
      vertex 2.8 33.23842944204807 54.67451447248459
      vertex 45.76 33.23842944204807 54.67451447248459
    endloop
  endfacet
  facet normal 0 0.9951847267853376 0.0980171391808235
    outer loop
      vertex 2.8 33.23842944204807 54.67451447248459
      vertex 2.8 33.20000000298023 55.06469511985779
      vertex 45.76 33.20000000298023 55.06469511985779
    endloop
  endfacet
  facet normal 0 0.773010443534409 0.6343932961394976
    outer loop
      vertex 2.8 33.537060774862766 53.95355465263128
      vertex 45.76 33.537060774862766 53.95355465263128
      vertex 2.8 33.78578644245863 53.650481559336185
    endloop
  endfacet
  facet normal 0 0.6343932961394976 0.773010443534409
    outer loop
      vertex 2.8 33.78578644245863 53.650481559336185
      vertex 45.76 33.78578644245863 53.650481559336185
      vertex 2.8 34.08885953575373 53.40175589174032
    endloop
  endfacet
  facet normal 0 0.47139673713269076 0.8819212641844241
    outer loop
      vertex 2.8 34.08885953575373 53.40175589174032
      vertex 45.76 34.08885953575373 53.40175589174032
      vertex 2.8 34.43463313579559 53.21693605184555
    endloop
  endfacet
  facet normal 0 0.290284671193326 0.9569403375708344
    outer loop
      vertex 2.8 34.43463313579559 53.21693605184555
      vertex 45.76 34.43463313579559 53.21693605184555
      vertex 2.8 34.80981935560703 53.10312455892563
    endloop
  endfacet
  facet normal 0 0.8819212641844241 0.47139673713269076
    outer loop
      vertex 2.8 33.352240934967995 54.29932825267315
      vertex 45.76 33.352240934967995 54.29932825267315
      vertex 2.8 33.537060774862766 53.95355465263128
    endloop
  endfacet
  facet normal 0 0.0980171391808235 0.9951847267853376
    outer loop
      vertex 2.8 34.80981935560703 53.10312455892563
      vertex 45.76 34.80981935560703 53.10312455892563
      vertex 2.8 35.20000000298023 53.06469511985779
    endloop
  endfacet
  facet normal 0 1 0
    outer loop
      vertex 2.8 33.20000000298023 55.06469511985779
      vertex 2.8 33.20000000298023 67.65682837367058
      vertex 45.76 33.20000000298023 67.65682837367058
    endloop
  endfacet
  facet normal 0 0.9984984462299653 -0.05478004085746
    outer loop
      vertex 2.8 33.20000000298023 67.65682837367058
      vertex 2.8 33.2120034173131 67.8756195679307
      vertex 45.76 33.2120034173131 67.8756195679307
    endloop
  endfacet
  facet normal 0 0.9784892719391062 -0.2062977089065165
    outer loop
      vertex 2.8 33.2120034173131 67.8756195679307
      vertex 2.8 33.29288626462221 68.2592544555664
      vertex 45.76 33.29288626462221 68.2592544555664
    endloop
  endfacet
  facet normal 0 0.9194411921313655 -0.3932275349108366
    outer loop
      vertex 2.8 33.29288626462221 68.2592544555664
      vertex 2.8 33.44705841690302 68.61973843723536
      vertex 45.76 33.44705841690302 68.61973843723536
    endloop
  endfacet
  facet normal 0 0.8250595065014483 -0.5650458483447044
    outer loop
      vertex 2.8 33.44705841690302 68.61973843723536
      vertex 2.8 33.668595127761364 68.94321832805872
      vertex 45.76 33.668595127761364 68.94321832805872
    endloop
  endfacet
  facet normal 0 0.6989712302385408 -0.7151497880156442
    outer loop
      vertex 2.8 33.668595127761364 68.94321832805872
      vertex 2.8 33.94898287951946 69.21726297587156
      vertex 45.76 33.94898287951946 69.21726297587156
    endloop
  endfacet
  facet normal 0 0.9569403375708344 0.290284671193326
    outer loop
      vertex 2.8 33.352240934967995 54.29932825267315
      vertex 45.76 33.23842944204807 54.67451447248459
      vertex 45.76 33.352240934967995 54.29932825267315
    endloop
  endfacet
  facet normal 0 0.9951847267853376 0.0980171391808235
    outer loop
      vertex 2.8 33.23842944204807 54.67451447248459
      vertex 45.76 33.20000000298023 55.06469511985779
      vertex 45.76 33.23842944204807 54.67451447248459
    endloop
  endfacet
  facet normal 0 0.6343932961394976 0.773010443534409
    outer loop
      vertex 2.8 34.08885953575373 53.40175589174032
      vertex 45.76 33.78578644245863 53.650481559336185
      vertex 45.76 34.08885953575373 53.40175589174032
    endloop
  endfacet
  facet normal 0 0.773010443534409 0.6343932961394976
    outer loop
      vertex 2.8 33.78578644245863 53.650481559336185
      vertex 45.76 33.537060774862766 53.95355465263128
      vertex 45.76 33.78578644245863 53.650481559336185
    endloop
  endfacet
  facet normal 0 0.47139673713269076 0.8819212641844241
    outer loop
      vertex 2.8 34.43463313579559 53.21693605184555
      vertex 45.76 34.08885953575373 53.40175589174032
      vertex 45.76 34.43463313579559 53.21693605184555
    endloop
  endfacet
  facet normal 0 0.290284671193326 0.9569403375708344
    outer loop
      vertex 2.8 34.80981935560703 53.10312455892563
      vertex 45.76 34.43463313579559 53.21693605184555
      vertex 45.76 34.80981935560703 53.10312455892563
    endloop
  endfacet
  facet normal 0 0.8819212641844241 0.47139673713269076
    outer loop
      vertex 2.8 33.537060774862766 53.95355465263128
      vertex 45.76 33.352240934967995 54.29932825267315
      vertex 45.76 33.537060774862766 53.95355465263128
    endloop
  endfacet
  facet normal 0 0.0980171391808235 0.9951847267853376
    outer loop
      vertex 2.8 35.20000000298023 53.06469511985779
      vertex 45.76 34.80981935560703 53.10312455892563
      vertex 45.76 35.20000000298023 53.06469511985779
    endloop
  endfacet
  facet normal 0 1 0
    outer loop
      vertex 2.8 33.20000000298023 55.06469511985779
      vertex 45.76 33.20000000298023 67.65682837367058
      vertex 45.76 33.20000000298023 55.06469511985779
    endloop
  endfacet
  facet normal 0 0.9984984462299653 -0.05478004085746
    outer loop
      vertex 2.8 33.20000000298023 67.65682837367058
      vertex 45.76 33.2120034173131 67.8756195679307
      vertex 45.76 33.20000000298023 67.65682837367058
    endloop
  endfacet
  facet normal 0 0.9784892719391062 -0.2062977089065165
    outer loop
      vertex 2.8 33.2120034173131 67.8756195679307
      vertex 45.76 33.29288626462221 68.2592544555664
      vertex 45.76 33.2120034173131 67.8756195679307
    endloop
  endfacet
  facet normal 0 0.9194411921313655 -0.3932275349108366
    outer loop
      vertex 2.8 33.29288626462221 68.2592544555664
      vertex 45.76 33.44705841690302 68.61973843723536
      vertex 45.76 33.29288626462221 68.2592544555664
    endloop
  endfacet
  facet normal 0 0.8250595065014483 -0.5650458483447044
    outer loop
      vertex 2.8 33.44705841690302 68.61973843723536
      vertex 45.76 33.668595127761364 68.94321832805872
      vertex 45.76 33.44705841690302 68.61973843723536
    endloop
  endfacet
  facet normal 0 0.6989712302385408 -0.7151497880156442
    outer loop
      vertex 2.8 33.668595127761364 68.94321832805872
      vertex 45.76 33.94898287951946 69.21726297587156
      vertex 45.76 33.668595127761364 68.94321832805872
    endloop
  endfacet
  facet normal -1 0 0
    outer loop
      vertex 45.76 33.20000000298023 55.06469511985779
      vertex 45.76 33.20000000298023 67.65682837367058
      vertex 45.76 33.94898287951946 69.21726297587156
    endloop
  endfacet
  facet normal -1 0 0
    outer loop
      vertex 45.76 33.20000000298023 67.65682837367058
      vertex 45.76 33.2120034173131 67.8756195679307
      vertex 45.76 33.94898287951946 69.21726297587156
    endloop
  endfacet
  facet normal -1 0 0
    outer loop
      vertex 45.76 33.2120034173131 67.8756195679307
      vertex 45.76 33.29288626462221 68.2592544555664
      vertex 45.76 33.94898287951946 69.21726297587156
    endloop
  endfacet
  facet normal -1 0 0
    outer loop
      vertex 45.76 33.29288626462221 68.2592544555664
      vertex 45.76 33.44705841690302 68.61973843723536
      vertex 45.76 33.94898287951946 69.21726297587156
    endloop
  endfacet
  facet normal -1 0 0
    outer loop
      vertex 45.76 33.44705841690302 68.61973843723536
      vertex 45.76 33.668595127761364 68.94321832805872
      vertex 45.76 33.94898287951946 69.21726297587156
    endloop
  endfacet
  facet normal -1 0 0
    outer loop
      vertex 45.76 34.43463313579559 53.21693605184555
      vertex 45.76 57.94898287951946 88.45831988751888
      vertex 45.76 34.80981935560703 53.10312455892563
    endloop
  endfacet
  facet normal -1 0 0
    outer loop
      vertex 45.76 33.78578644245863 53.650481559336185
      vertex 45.76 57.94898287951946 88.45831988751888
      vertex 45.76 34.08885953575373 53.40175589174032
    endloop
  endfacet
  facet normal -1 0 0
    outer loop
      vertex 45.76 33.537060774862766 53.95355465263128
      vertex 45.76 57.94898287951946 88.45831988751888
      vertex 45.76 33.78578644245863 53.650481559336185
    endloop
  endfacet
  facet normal -1 0 0
    outer loop
      vertex 45.76 33.352240934967995 54.29932825267315
      vertex 45.76 33.23842944204807 54.67451447248459
      vertex 45.76 57.94898287951946 88.45831988751888
    endloop
  endfacet
  facet normal -1 0 0
    outer loop
      vertex 45.76 33.352240934967995 54.29932825267315
      vertex 45.76 57.94898287951946 88.45831988751888
      vertex 45.76 33.537060774862766 53.95355465263128
    endloop
  endfacet
  facet normal -1 0 0
    outer loop
      vertex 45.76 33.23842944204807 54.67451447248459
      vertex 45.76 33.20000000298023 55.06469511985779
      vertex 45.76 57.94898287951946 88.45831988751888
    endloop
  endfacet
  facet normal -1 0 0
    outer loop
      vertex 45.76 34.08885953575373 53.40175589174032
      vertex 45.76 57.94898287951946 88.45831988751888
      vertex 45.76 34.43463313579559 53.21693605184555
    endloop
  endfacet
  facet normal 1 0 0
    outer loop
      vertex 2.8 34.80981935560703 53.10312455892563
      vertex 2.8 35.20000000298023 53.06469511985779
      vertex 2.8 89.1 76.47557482879301
    endloop
  endfacet
  facet normal 1 0 0
    outer loop
      vertex 2.8 35.20000000298023 53.06469511985779
      vertex 2.8 60.47205954045057 53.06469511985779
      vertex 2.8 89.1 76.47557482879301
    endloop
  endfacet
  facet normal 0 0 1
    outer loop
      vertex 2.8 35.20000000298023 53.06469511985779
      vertex 45.76 35.20000000298023 53.06469511985779
      vertex 2.8 60.47205954045057 53.06469511985779
    endloop
  endfacet
  facet normal 0 -0.0980171391808235 0.9951847267853376
    outer loop
      vertex 2.8 60.47205954045057 53.06469511985779
      vertex 45.76 60.47205954045057 53.06469511985779
      vertex 2.8 60.86224018782377 53.10312455892563
    endloop
  endfacet
  facet normal 0 -0.290284671193326 0.9569403375708344
    outer loop
      vertex 2.8 60.86224018782377 53.10312455892563
      vertex 45.76 60.86224018782377 53.10312455892563
      vertex 2.8 61.23742640763521 53.21693605184555
    endloop
  endfacet
  facet normal 0 -0.47139673713269076 0.8819212641844241
    outer loop
      vertex 2.8 61.23742640763521 53.21693605184555
      vertex 45.76 61.23742640763521 53.21693605184555
      vertex 2.8 61.58320000767708 53.40175589174032
    endloop
  endfacet
  facet normal 0 -0.6000712636235535 0.7999465473225269
    outer loop
      vertex 2.8 61.58320000767708 53.40175589174032
      vertex 45.76 61.58320000767708 53.40175589174032
      vertex 2.8 61.75763475894928 53.53260623663664
    endloop
  endfacet
  facet normal 1 0 0
    outer loop
      vertex 2.8 60.47205954045057 53.06469511985779
      vertex 2.8 60.86224018782377 53.10312455892563
      vertex 2.8 89.1 76.47557482879301
    endloop
  endfacet
  facet normal 1 0 0
    outer loop
      vertex 2.8 60.86224018782377 53.10312455892563
      vertex 2.8 61.23742640763521 53.21693605184555
      vertex 2.8 89.1 76.47557482879301
    endloop
  endfacet
  facet normal 1 0 0
    outer loop
      vertex 2.8 61.23742640763521 53.21693605184555
      vertex 2.8 61.58320000767708 53.40175589174032
      vertex 2.8 89.1 76.47557482879301
    endloop
  endfacet
  facet normal 1 0 0
    outer loop
      vertex 2.8 61.58320000767708 53.40175589174032
      vertex 2.8 61.75763475894928 53.53260623663664
      vertex 2.8 89.1 76.47557482879301
    endloop
  endfacet
  facet normal 0 -0.6427876097338273 0.7660444430792986
    outer loop
      vertex 2.8 61.75763475894928 53.53260623663664
      vertex 7.8 89.1 76.47557482879301
      vertex 2.8 89.1 76.47557482879301
    endloop
  endfacet
  facet normal 0 -0.6427876097338273 0.7660444430792988
    outer loop
      vertex 2.8 61.75763475894928 53.53260623663664
      vertex 45.76 61.75763475894928 53.53260623663664
      vertex 7.8 89.1 76.47557482879301
    endloop
  endfacet
  facet normal 0 0 1
    outer loop
      vertex 45.76 35.20000000298023 53.06469511985779
      vertex 45.76 60.47205954045057 53.06469511985779
      vertex 2.8 60.47205954045057 53.06469511985779
    endloop
  endfacet
  facet normal 0 -0.0980171391808235 0.9951847267853376
    outer loop
      vertex 2.8 60.86224018782377 53.10312455892563
      vertex 45.76 60.47205954045057 53.06469511985779
      vertex 45.76 60.86224018782377 53.10312455892563
    endloop
  endfacet
  facet normal 0 -0.290284671193326 0.9569403375708344
    outer loop
      vertex 2.8 61.23742640763521 53.21693605184555
      vertex 45.76 60.86224018782377 53.10312455892563
      vertex 45.76 61.23742640763521 53.21693605184555
    endloop
  endfacet
  facet normal 0 -0.47139673713269076 0.8819212641844241
    outer loop
      vertex 2.8 61.58320000767708 53.40175589174032
      vertex 45.76 61.23742640763521 53.21693605184555
      vertex 45.76 61.58320000767708 53.40175589174032
    endloop
  endfacet
  facet normal 0 -0.6000712636235535 0.7999465473225269
    outer loop
      vertex 2.8 61.75763475894928 53.53260623663664
      vertex 45.76 61.58320000767708 53.40175589174032
      vertex 45.76 61.75763475894928 53.53260623663664
    endloop
  endfacet
  facet normal 1 0 0
    outer loop
      vertex 2.8 33.20000000298023 55.06469511985779
      vertex 2.8 57.94898287951946 88.45831988751888
      vertex 2.8 33.94898287951946 69.21726297587156
    endloop
  endfacet
  facet normal 0 0.6255085627533582 -0.7802173017321702
    outer loop
      vertex 2.8 33.94898287951946 69.21726297587156
      vertex 45.76 57.94898287951946 88.45831988751888
      vertex 45.76 33.94898287951946 69.21726297587156
    endloop
  endfacet
  facet normal -1 0 0
    outer loop
      vertex 45.76 33.20000000298023 55.06469511985779
      vertex 45.76 33.94898287951946 69.21726297587156
      vertex 45.76 57.94898287951946 88.45831988751888
    endloop
  endfacet
  facet normal 1 0 0
    outer loop
      vertex 2.8 34.80981935560703 53.10312455892563
      vertex 2.8 61.269475877285004 85.39521923661232
      vertex 2.8 61.20929782837629 85.46854640543461
    endloop
  endfacet
  facet normal 1 0 0
    outer loop
      vertex 2.8 34.80981935560703 53.10312455892563
      vertex 2.8 61.20929782837629 85.46854640543461
      vertex 2.8 61.20000000298023 85.56294881552458
    endloop
  endfacet
  facet normal 1 0 0
    outer loop
      vertex 2.8 34.80981935560703 53.10312455892563
      vertex 2.8 63.530524119734764 83.13417099416256
      vertex 2.8 61.269475877285004 85.39521923661232
    endloop
  endfacet
  facet normal 1 0 0
    outer loop
      vertex 2.8 34.80981935560703 53.10312455892563
      vertex 2.8 58.08885953575373 88.56082451343536
      vertex 2.8 57.94898287951946 88.45831988751888
    endloop
  endfacet
  facet normal 1 0 0
    outer loop
      vertex 2.8 34.80981935560703 53.10312455892563
      vertex 2.8 58.43463313579559 88.74564435333014
      vertex 2.8 58.08885953575373 88.56082451343536
    endloop
  endfacet
  facet normal 1 0 0
    outer loop
      vertex 2.8 34.80981935560703 53.10312455892563
      vertex 2.8 58.80981935560703 88.85945584625006
      vertex 2.8 58.43463313579559 88.74564435333014
    endloop
  endfacet
  facet normal 1 0 0
    outer loop
      vertex 2.8 34.80981935560703 53.10312455892563
      vertex 2.8 59.20000000298023 88.8978852853179
      vertex 2.8 58.80981935560703 88.85945584625006
    endloop
  endfacet
  facet normal 1 0 0
    outer loop
      vertex 2.8 34.80981935560703 53.10312455892563
      vertex 2.8 59.59018065035343 88.85945584625006
      vertex 2.8 59.20000000298023 88.8978852853179
    endloop
  endfacet
  facet normal 1 0 0
    outer loop
      vertex 2.8 34.80981935560703 53.10312455892563
      vertex 2.8 60.31114047020674 88.56082451343536
      vertex 2.8 59.96536687016487 88.74564435333014
    endloop
  endfacet
  facet normal 1 0 0
    outer loop
      vertex 2.8 34.80981935560703 53.10312455892563
      vertex 2.8 59.96536687016487 88.74564435333014
      vertex 2.8 59.59018065035343 88.85945584625006
    endloop
  endfacet
  facet normal 1 0 0
    outer loop
      vertex 2.8 34.80981935560703 53.10312455892563
      vertex 2.8 60.614213563501835 88.3120988458395
      vertex 2.8 60.31114047020674 88.56082451343536
    endloop
  endfacet
  facet normal 1 0 0
    outer loop
      vertex 2.8 34.80981935560703 53.10312455892563
      vertex 2.8 61.20000000298023 85.56294881552458
      vertex 2.8 61.20000000298023 86.8978852853179
    endloop
  endfacet
  facet normal 1 0 0
    outer loop
      vertex 2.8 34.80981935560703 53.10312455892563
      vertex 2.8 61.20000000298023 86.8978852853179
      vertex 2.8 61.16157056391239 87.2880659326911
    endloop
  endfacet
  facet normal 1 0 0
    outer loop
      vertex 2.8 34.80981935560703 53.10312455892563
      vertex 2.8 61.16157056391239 87.2880659326911
      vertex 2.8 61.04775907099247 87.66325215250254
    endloop
  endfacet
  facet normal 1 0 0
    outer loop
      vertex 2.8 34.80981935560703 53.10312455892563
      vertex 2.8 61.04775907099247 87.66325215250254
      vertex 2.8 60.8629392310977 88.0090257525444
    endloop
  endfacet
  facet normal 1 0 0
    outer loop
      vertex 2.8 34.80981935560703 53.10312455892563
      vertex 2.8 60.8629392310977 88.0090257525444
      vertex 2.8 60.614213563501835 88.3120988458395
    endloop
  endfacet
  facet normal 1 0 0
    outer loop
      vertex 2.8 34.80981935560703 53.10312455892563
      vertex 2.8 63.59218184649944 83.08356980234385
      vertex 2.8 63.530524119734764 83.13417099416256
    endloop
  endfacet
  facet normal 1 0 0
    outer loop
      vertex 2.8 34.80981935560703 53.10312455892563
      vertex 2.8 89.1 76.47557482879301
      vertex 2.8 63.59218184649944 83.08356980234385
    endloop
  endfacet
  facet normal 0 0.6255085627533582 -0.7802173017321702
    outer loop
      vertex 2.8 33.94898287951946 69.21726297587156
      vertex 2.8 57.94898287951946 88.45831988751888
      vertex 45.76 57.94898287951946 88.45831988751888
    endloop
  endfacet
  facet normal 0 -0.6343933079284213 -0.773010433859489
    outer loop
      vertex 2.8 63.530524119734764 83.13417099416256
      vertex 2.8 63.59218184649944 83.08356980234385
      vertex 45.76 63.59218184649944 83.08356980234385
    endloop
  endfacet
  facet normal 0 0.9951847212440322 -0.09801719544262531
    outer loop
      vertex 2.8 63.59218184649944 83.08356980234385
      vertex 2.8 63.600000001490116 83.1629488170147
      vertex 45.76 63.600000001490116 83.1629488170147
    endloop
  endfacet
  facet normal 0 -0.9951847271390507 -0.09801713558951387
    outer loop
      vertex 2.8 61.20929782837629 85.46854640543461
      vertex 45.76 61.20929782837629 85.46854640543461
      vertex 2.8 61.20000000298023 85.56294881552458
    endloop
  endfacet
  facet normal 0 -0.7730104706049635 -0.634393263153931
    outer loop
      vertex 2.8 61.20929782837629 85.46854640543461
      vertex 2.8 61.269475877285004 85.39521923661232
      vertex 45.76 61.269475877285004 85.39521923661232
    endloop
  endfacet
  facet normal 0 -1 0
    outer loop
      vertex 2.8 61.20000000298023 85.56294881552458
      vertex 45.76 61.20000000298023 85.56294881552458
      vertex 2.8 61.20000000298023 86.8978852853179
    endloop
  endfacet
  facet normal 0 -0.9951847267853376 -0.0980171391808235
    outer loop
      vertex 2.8 61.20000000298023 86.8978852853179
      vertex 45.76 61.20000000298023 86.8978852853179
      vertex 2.8 61.16157056391239 87.2880659326911
    endloop
  endfacet
  facet normal 0 -0.9569403375708344 -0.290284671193326
    outer loop
      vertex 2.8 61.16157056391239 87.2880659326911
      vertex 45.76 61.16157056391239 87.2880659326911
      vertex 2.8 61.04775907099247 87.66325215250254
    endloop
  endfacet
  facet normal 0 -0.8819212641844241 -0.47139673713269076
    outer loop
      vertex 2.8 60.8629392310977 88.0090257525444
      vertex 2.8 61.04775907099247 87.66325215250254
      vertex 45.76 61.04775907099247 87.66325215250254
    endloop
  endfacet
  facet normal 0 -0.773010443534409 -0.6343932961394976
    outer loop
      vertex 2.8 60.8629392310977 88.0090257525444
      vertex 45.76 60.8629392310977 88.0090257525444
      vertex 2.8 60.614213563501835 88.3120988458395
    endloop
  endfacet
  facet normal 0 -0.7071067811865475 -0.7071067811865475
    outer loop
      vertex 2.8 63.530524119734764 83.13417099416256
      vertex 45.76 63.530524119734764 83.13417099416256
      vertex 2.8 61.269475877285004 85.39521923661232
    endloop
  endfacet
  facet normal 0 0.5910951801371412 -0.8066018150355482
    outer loop
      vertex 2.8 57.94898287951946 88.45831988751888
      vertex 2.8 58.08885953575373 88.56082451343536
      vertex 45.76 58.08885953575373 88.56082451343536
    endloop
  endfacet
  facet normal 0 0.47139673713269076 -0.8819212641844241
    outer loop
      vertex 2.8 58.08885953575373 88.56082451343536
      vertex 2.8 58.43463313579559 88.74564435333014
      vertex 45.76 58.43463313579559 88.74564435333014
    endloop
  endfacet
  facet normal 0 0.290284671193326 -0.9569403375708344
    outer loop
      vertex 2.8 58.43463313579559 88.74564435333014
      vertex 2.8 58.80981935560703 88.85945584625006
      vertex 45.76 58.80981935560703 88.85945584625006
    endloop
  endfacet
  facet normal 0 0.0980171391808235 -0.9951847267853376
    outer loop
      vertex 2.8 58.80981935560703 88.85945584625006
      vertex 2.8 59.20000000298023 88.8978852853179
      vertex 45.76 59.20000000298023 88.8978852853179
    endloop
  endfacet
  facet normal 0 -0.0980171391808235 -0.9951847267853376
    outer loop
      vertex 2.8 59.20000000298023 88.8978852853179
      vertex 2.8 59.59018065035343 88.85945584625006
      vertex 45.76 59.59018065035343 88.85945584625006
    endloop
  endfacet
  facet normal 0 -0.290284671193326 -0.9569403375708344
    outer loop
      vertex 2.8 59.59018065035343 88.85945584625006
      vertex 2.8 59.96536687016487 88.74564435333014
      vertex 45.76 59.96536687016487 88.74564435333014
    endloop
  endfacet
  facet normal 0 -0.47139673713269076 -0.8819212641844241
    outer loop
      vertex 2.8 59.96536687016487 88.74564435333014
      vertex 2.8 60.31114047020674 88.56082451343536
      vertex 45.76 60.31114047020674 88.56082451343536
    endloop
  endfacet
  facet normal 0 -0.6343932961394976 -0.773010443534409
    outer loop
      vertex 2.8 60.31114047020674 88.56082451343536
      vertex 2.8 60.614213563501835 88.3120988458395
      vertex 45.76 60.614213563501835 88.3120988458395
    endloop
  endfacet
  facet normal 1 0 0
    outer loop
      vertex 2.8 63.59218184649944 83.08356980234385
      vertex 2.8 89.1 76.47557482879301
      vertex 2.8 63.600000001490116 83.1629488170147
    endloop
  endfacet
  facet normal 1 0 0
    outer loop
      vertex 2.8 63.600000001490116 83.1629488170147
      vertex 2.8 89.1 76.47557482879301
      vertex 2.8 63.600000001490116 134.1715728789568
    endloop
  endfacet
  facet normal 0 0.9951847212440322 -0.09801719544262531
    outer loop
      vertex 2.8 63.59218184649944 83.08356980234385
      vertex 45.76 63.600000001490116 83.1629488170147
      vertex 45.76 63.59218184649944 83.08356980234385
    endloop
  endfacet
  facet normal 0 -0.6343933079284213 -0.773010433859489
    outer loop
      vertex 2.8 63.530524119734764 83.13417099416256
      vertex 45.76 63.59218184649944 83.08356980234385
      vertex 45.76 63.530524119734764 83.13417099416256
    endloop
  endfacet
  facet normal 0 -0.9951847271390507 -0.09801713558951387
    outer loop
      vertex 2.8 61.20000000298023 85.56294881552458
      vertex 45.76 61.20929782837629 85.46854640543461
      vertex 45.76 61.20000000298023 85.56294881552458
    endloop
  endfacet
  facet normal 0 -0.7730104706049635 -0.634393263153931
    outer loop
      vertex 2.8 61.20929782837629 85.46854640543461
      vertex 45.76 61.269475877285004 85.39521923661232
      vertex 45.76 61.20929782837629 85.46854640543461
    endloop
  endfacet
  facet normal 0 -1 0
    outer loop
      vertex 2.8 61.20000000298023 86.8978852853179
      vertex 45.76 61.20000000298023 85.56294881552458
      vertex 45.76 61.20000000298023 86.8978852853179
    endloop
  endfacet
  facet normal 0 -0.9951847267853376 -0.0980171391808235
    outer loop
      vertex 2.8 61.16157056391239 87.2880659326911
      vertex 45.76 61.20000000298023 86.8978852853179
      vertex 45.76 61.16157056391239 87.2880659326911
    endloop
  endfacet
  facet normal 0 -0.9569403375708344 -0.290284671193326
    outer loop
      vertex 2.8 61.04775907099247 87.66325215250254
      vertex 45.76 61.16157056391239 87.2880659326911
      vertex 45.76 61.04775907099247 87.66325215250254
    endloop
  endfacet
  facet normal 0 -0.8819212641844241 -0.47139673713269076
    outer loop
      vertex 2.8 60.8629392310977 88.0090257525444
      vertex 45.76 61.04775907099247 87.66325215250254
      vertex 45.76 60.8629392310977 88.0090257525444
    endloop
  endfacet
  facet normal 0 -0.7071067811865475 -0.7071067811865475
    outer loop
      vertex 2.8 61.269475877285004 85.39521923661232
      vertex 45.76 63.530524119734764 83.13417099416256
      vertex 45.76 61.269475877285004 85.39521923661232
    endloop
  endfacet
  facet normal -1 0 0
    outer loop
      vertex 45.76 34.80981935560703 53.10312455892563
      vertex 45.76 61.20929782837629 85.46854640543461
      vertex 45.76 61.269475877285004 85.39521923661232
    endloop
  endfacet
  facet normal -1 0 0
    outer loop
      vertex 45.76 34.80981935560703 53.10312455892563
      vertex 45.76 61.20000000298023 85.56294881552458
      vertex 45.76 61.20929782837629 85.46854640543461
    endloop
  endfacet
  facet normal -1 0 0
    outer loop
      vertex 45.76 34.80981935560703 53.10312455892563
      vertex 45.76 61.269475877285004 85.39521923661232
      vertex 45.76 63.530524119734764 83.13417099416256
    endloop
  endfacet
  facet normal -1 0 0
    outer loop
      vertex 45.76 34.80981935560703 53.10312455892563
      vertex 45.76 57.94898287951946 88.45831988751888
      vertex 45.76 58.08885953575373 88.56082451343536
    endloop
  endfacet
  facet normal -1 0 0
    outer loop
      vertex 45.76 34.80981935560703 53.10312455892563
      vertex 45.76 58.08885953575373 88.56082451343536
      vertex 45.76 58.43463313579559 88.74564435333014
    endloop
  endfacet
  facet normal -1 0 0
    outer loop
      vertex 45.76 34.80981935560703 53.10312455892563
      vertex 45.76 58.43463313579559 88.74564435333014
      vertex 45.76 58.80981935560703 88.85945584625006
    endloop
  endfacet
  facet normal -1 0 0
    outer loop
      vertex 45.76 34.80981935560703 53.10312455892563
      vertex 45.76 58.80981935560703 88.85945584625006
      vertex 45.76 59.20000000298023 88.8978852853179
    endloop
  endfacet
  facet normal -1 0 0
    outer loop
      vertex 45.76 34.80981935560703 53.10312455892563
      vertex 45.76 59.20000000298023 88.8978852853179
      vertex 45.76 59.59018065035343 88.85945584625006
    endloop
  endfacet
  facet normal -1 0 0
    outer loop
      vertex 45.76 34.80981935560703 53.10312455892563
      vertex 45.76 59.96536687016487 88.74564435333014
      vertex 45.76 60.31114047020674 88.56082451343536
    endloop
  endfacet
  facet normal -1 0 0
    outer loop
      vertex 45.76 34.80981935560703 53.10312455892563
      vertex 45.76 59.59018065035343 88.85945584625006
      vertex 45.76 59.96536687016487 88.74564435333014
    endloop
  endfacet
  facet normal -1 0 0
    outer loop
      vertex 45.76 34.80981935560703 53.10312455892563
      vertex 45.76 60.31114047020674 88.56082451343536
      vertex 45.76 60.614213563501835 88.3120988458395
    endloop
  endfacet
  facet normal -1 0 0
    outer loop
      vertex 45.76 34.80981935560703 53.10312455892563
      vertex 45.76 61.20000000298023 86.8978852853179
      vertex 45.76 61.20000000298023 85.56294881552458
    endloop
  endfacet
  facet normal -1 0 0
    outer loop
      vertex 45.76 34.80981935560703 53.10312455892563
      vertex 45.76 61.16157056391239 87.2880659326911
      vertex 45.76 61.20000000298023 86.8978852853179
    endloop
  endfacet
  facet normal -1 0 0
    outer loop
      vertex 45.76 34.80981935560703 53.10312455892563
      vertex 45.76 61.04775907099247 87.66325215250254
      vertex 45.76 61.16157056391239 87.2880659326911
    endloop
  endfacet
  facet normal -1 0 0
    outer loop
      vertex 45.76 34.80981935560703 53.10312455892563
      vertex 45.76 60.8629392310977 88.0090257525444
      vertex 45.76 61.04775907099247 87.66325215250254
    endloop
  endfacet
  facet normal -1 0 0
    outer loop
      vertex 45.76 34.80981935560703 53.10312455892563
      vertex 45.76 60.614213563501835 88.3120988458395
      vertex 45.76 60.8629392310977 88.0090257525444
    endloop
  endfacet
  facet normal -1 0 0
    outer loop
      vertex 45.76 34.80981935560703 53.10312455892563
      vertex 45.76 63.530524119734764 83.13417099416256
      vertex 45.76 63.59218184649944 83.08356980234385
    endloop
  endfacet
  facet normal 0 0.5910951801371412 -0.8066018150355482
    outer loop
      vertex 2.8 57.94898287951946 88.45831988751888
      vertex 45.76 58.08885953575373 88.56082451343536
      vertex 45.76 57.94898287951946 88.45831988751888
    endloop
  endfacet
  facet normal 0 0.47139673713269076 -0.8819212641844241
    outer loop
      vertex 2.8 58.08885953575373 88.56082451343536
      vertex 45.76 58.43463313579559 88.74564435333014
      vertex 45.76 58.08885953575373 88.56082451343536
    endloop
  endfacet
  facet normal 0 0.290284671193326 -0.9569403375708344
    outer loop
      vertex 2.8 58.43463313579559 88.74564435333014
      vertex 45.76 58.80981935560703 88.85945584625006
      vertex 45.76 58.43463313579559 88.74564435333014
    endloop
  endfacet
  facet normal 0 0.0980171391808235 -0.9951847267853376
    outer loop
      vertex 2.8 58.80981935560703 88.85945584625006
      vertex 45.76 59.20000000298023 88.8978852853179
      vertex 45.76 58.80981935560703 88.85945584625006
    endloop
  endfacet
  facet normal 0 -0.0980171391808235 -0.9951847267853376
    outer loop
      vertex 2.8 59.20000000298023 88.8978852853179
      vertex 45.76 59.59018065035343 88.85945584625006
      vertex 45.76 59.20000000298023 88.8978852853179
    endloop
  endfacet
  facet normal 0 -0.290284671193326 -0.9569403375708344
    outer loop
      vertex 2.8 59.59018065035343 88.85945584625006
      vertex 45.76 59.96536687016487 88.74564435333014
      vertex 45.76 59.59018065035343 88.85945584625006
    endloop
  endfacet
  facet normal 0 -0.773010443534409 -0.6343932961394976
    outer loop
      vertex 2.8 60.614213563501835 88.3120988458395
      vertex 45.76 60.8629392310977 88.0090257525444
      vertex 45.76 60.614213563501835 88.3120988458395
    endloop
  endfacet
  facet normal 0 -0.6343932961394976 -0.773010443534409
    outer loop
      vertex 2.8 60.31114047020674 88.56082451343536
      vertex 45.76 60.614213563501835 88.3120988458395
      vertex 45.76 60.31114047020674 88.56082451343536
    endloop
  endfacet
  facet normal 0 -0.47139673713269076 -0.8819212641844241
    outer loop
      vertex 2.8 59.96536687016487 88.74564435333014
      vertex 45.76 60.31114047020674 88.56082451343536
      vertex 45.76 59.96536687016487 88.74564435333014
    endloop
  endfacet
  facet normal 0 1 0
    outer loop
      vertex 2.8 63.600000001490116 83.1629488170147
      vertex 45.76 63.600000001490116 134.1715728789568
      vertex 45.76 63.600000001490116 83.1629488170147
    endloop
  endfacet
  facet normal -1 0 0
    outer loop
      vertex 45.76 34.80981935560703 53.10312455892563
      vertex 45.76 122.75128470947412 138
      vertex 45.76 35.20000000298023 53.06469511985779
    endloop
  endfacet
  facet normal -1 0 0
    outer loop
      vertex 45.76 35.20000000298023 53.06469511985779
      vertex 45.76 122.75128470947412 138
      vertex 45.76 60.47205954045057 53.06469511985779
    endloop
  endfacet
  facet normal -1 0 0
    outer loop
      vertex 45.76 60.47205954045057 53.06469511985779
      vertex 45.76 122.75128470947412 138
      vertex 45.76 60.86224018782377 53.10312455892563
    endloop
  endfacet
  facet normal -1 0 0
    outer loop
      vertex 45.76 60.86224018782377 53.10312455892563
      vertex 45.76 122.75128470947412 138
      vertex 45.76 61.23742640763521 53.21693605184555
    endloop
  endfacet
  facet normal -1 0 0
    outer loop
      vertex 45.76 61.23742640763521 53.21693605184555
      vertex 45.76 122.75128470947412 138
      vertex 45.76 61.58320000767708 53.40175589174032
    endloop
  endfacet
  facet normal -1 0 0
    outer loop
      vertex 45.76 61.58320000767708 53.40175589174032
      vertex 45.76 122.75128470947412 138
      vertex 45.76 61.75763475894928 53.53260623663664
    endloop
  endfacet
  facet normal -1 0 0
    outer loop
      vertex 45.76 34.80981935560703 53.10312455892563
      vertex 45.76 63.59218184649944 83.08356980234385
      vertex 45.76 122.75128470947412 138
    endloop
  endfacet
  facet normal -1 0 0
    outer loop
      vertex 45.76 63.59218184649944 83.08356980234385
      vertex 45.76 63.600000001490116 83.1629488170147
      vertex 45.76 122.75128470947412 138
    endloop
  endfacet
  facet normal 0 1 0
    outer loop
      vertex 2.8 63.600000001490116 83.1629488170147
      vertex 2.8 63.600000001490116 134.1715728789568
      vertex 45.76 63.600000001490116 134.1715728789568
    endloop
  endfacet
  facet normal 0 0.9951847267853376 -0.0980171391808235
    outer loop
      vertex 2.8 63.600000001490116 134.1715728789568
      vertex 2.8 63.63842944055796 134.56175352633
      vertex 45.76 63.63842944055796 134.56175352633
    endloop
  endfacet
  facet normal 0 0.9569403375708344 -0.290284671193326
    outer loop
      vertex 2.8 63.63842944055796 134.56175352633
      vertex 2.8 63.75224093347788 134.93693974614143
      vertex 45.76 63.75224093347788 134.93693974614143
    endloop
  endfacet
  facet normal 0 0.8819212641844241 -0.47139673713269076
    outer loop
      vertex 2.8 63.75224093347788 134.93693974614143
      vertex 2.8 63.93706077337265 135.2827133461833
      vertex 45.76 63.93706077337265 135.2827133461833
    endloop
  endfacet
  facet normal 1 0 0
    outer loop
      vertex 2.8 63.600000001490116 134.1715728789568
      vertex 2.8 89.1 76.47557482879301
      vertex 2.8 89.1 137.7
    endloop
  endfacet
  facet normal 1 0 0
    outer loop
      vertex 2.8 63.600000001490116 134.1715728789568
      vertex 2.8 89.1 137.7
      vertex 2.8 63.63842944055796 134.56175352633
    endloop
  endfacet
  facet normal 1 0 0
    outer loop
      vertex 2.8 63.63842944055796 134.56175352633
      vertex 2.8 89.1 137.7
      vertex 2.8 63.75224093347788 134.93693974614143
    endloop
  endfacet
  facet normal 1 0 0
    outer loop
      vertex 2.8 63.75224093347788 134.93693974614143
      vertex 2.8 89.1 137.7
      vertex 2.8 63.93706077337265 135.2827133461833
    endloop
  endfacet
  facet normal 1 0 0
    outer loop
      vertex 2.8 63.93706077337265 135.2827133461833
      vertex 2.8 122.45949053649889 141
      vertex 2.8 64.18578644096851 135.5857864394784
    endloop
  endfacet
  facet normal 1 0 0
    outer loop
      vertex 2.8 64.18578644096851 135.5857864394784
      vertex 2.8 122.45949053649889 141
      vertex 2.8 66.39999999850988 137.79999999701977
    endloop
  endfacet
  facet normal 1 0 0
    outer loop
      vertex 2.8 66.39999999850988 137.79999999701977
      vertex 2.8 122.45949053649889 141
      vertex 2.8 66.53052411973476 137.93052411824465
    endloop
  endfacet
  facet normal 1 0 0
    outer loop
      vertex 2.8 66.53052411973476 137.93052411824465
      vertex 2.8 122.45949053649889 141
      vertex 2.8 66.59070216864347 138.00385128706694
    endloop
  endfacet
  facet normal 1 0 0
    outer loop
      vertex 2.8 66.59070216864347 138.00385128706694
      vertex 2.8 122.45949053649889 141
      vertex 2.8 66.60000000149012 138.0982536971569
    endloop
  endfacet
  facet normal 1 0 0
    outer loop
      vertex 2.8 66.60000000149012 138.0982536971569
      vertex 2.8 122.45949053649889 141
      vertex 2.8 66.60000000149012 140
    endloop
  endfacet
  facet normal 1 0 0
    outer loop
      vertex 2.8 66.60000000149012 140
      vertex 2.8 122.45949053649889 141
      vertex 2.8 66.63842944055796 140.3901806473732
    endloop
  endfacet
  facet normal 1 0 0
    outer loop
      vertex 2.8 66.63842944055796 140.3901806473732
      vertex 2.8 122.45949053649889 141
      vertex 2.8 66.75224093347788 140.76536686718464
    endloop
  endfacet
  facet normal 1 0 0
    outer loop
      vertex 2.8 66.75224093347788 140.76536686718464
      vertex 2.8 122.45949053649889 141
      vertex 2.8 66.87765495593561 141
    endloop
  endfacet
  facet normal 0 0.773010443534409 -0.6343932961394976
    outer loop
      vertex 2.8 63.93706077337265 135.2827133461833
      vertex 2.8 64.18578644096851 135.5857864394784
      vertex 45.76 64.18578644096851 135.5857864394784
    endloop
  endfacet
  facet normal 0 0.7071067811865475 -0.7071067811865475
    outer loop
      vertex 2.8 64.18578644096851 135.5857864394784
      vertex 2.8 66.39999999850988 137.79999999701977
      vertex 45.76 64.18578644096851 135.5857864394784
    endloop
  endfacet
  facet normal 0 0.9951847267853376 -0.0980171391808235
    outer loop
      vertex 2.8 63.600000001490116 134.1715728789568
      vertex 45.76 63.63842944055796 134.56175352633
      vertex 45.76 63.600000001490116 134.1715728789568
    endloop
  endfacet
  facet normal 0 0.9569403375708344 -0.290284671193326
    outer loop
      vertex 2.8 63.63842944055796 134.56175352633
      vertex 45.76 63.75224093347788 134.93693974614143
      vertex 45.76 63.63842944055796 134.56175352633
    endloop
  endfacet
  facet normal 0 0.8819212641844241 -0.47139673713269076
    outer loop
      vertex 2.8 63.75224093347788 134.93693974614143
      vertex 45.76 63.93706077337265 135.2827133461833
      vertex 45.76 63.75224093347788 134.93693974614143
    endloop
  endfacet
  facet normal 0 0.773010443534409 -0.6343932961394976
    outer loop
      vertex 2.8 63.93706077337265 135.2827133461833
      vertex 45.76 64.18578644096851 135.5857864394784
      vertex 45.76 63.93706077337265 135.2827133461833
    endloop
  endfacet
  facet normal -1 0 0
    outer loop
      vertex 45.76 63.600000001490116 83.1629488170147
      vertex 45.76 63.600000001490116 134.1715728789568
      vertex 45.76 122.75128470947412 138
    endloop
  endfacet
  facet normal 0 0.7071067811865475 -0.7071067811865475
    outer loop
      vertex 2.8 66.39999999850988 137.79999999701977
      vertex 45.76 66.39999999850988 137.79999999701977
      vertex 45.76 64.18578644096851 135.5857864394784
    endloop
  endfacet
  facet normal -1 0 0
    outer loop
      vertex 45.76 63.600000001490116 134.1715728789568
      vertex 45.76 63.63842944055796 134.56175352633
      vertex 45.76 122.75128470947412 138
    endloop
  endfacet
  facet normal -1 0 0
    outer loop
      vertex 45.76 63.63842944055796 134.56175352633
      vertex 45.76 63.75224093347788 134.93693974614143
      vertex 45.76 122.75128470947412 138
    endloop
  endfacet
  facet normal -1 0 0
    outer loop
      vertex 45.76 63.75224093347788 134.93693974614143
      vertex 45.76 63.93706077337265 135.2827133461833
      vertex 45.76 122.75128470947412 138
    endloop
  endfacet
  facet normal -1 0 0
    outer loop
      vertex 45.76 63.93706077337265 135.2827133461833
      vertex 45.76 64.18578644096851 135.5857864394784
      vertex 45.76 122.75128470947412 138
    endloop
  endfacet
  facet normal -1 0 0
    outer loop
      vertex 45.76 64.18578644096851 135.5857864394784
      vertex 45.76 66.39999999850988 137.79999999701977
      vertex 45.76 122.75128470947412 138
    endloop
  endfacet
  facet normal -1 0 0
    outer loop
      vertex 45.76 66.39999999850988 137.79999999701977
      vertex 45.76 66.53052411973476 137.93052411824465
      vertex 45.76 122.75128470947412 138
    endloop
  endfacet
  facet normal -1 0 0
    outer loop
      vertex 45.76 66.53052411973476 137.93052411824465
      vertex 45.76 66.58754149920541 138
      vertex 45.76 122.75128470947412 138
    endloop
  endfacet
  facet normal -4.82996895834407e-16 -0.6427876097338276 0.7660444430792984
    outer loop
      vertex 45.76 61.75763475894928 53.53260623663664
      vertex 7.8 108.1 92.41846782316003
      vertex 7.8 89.1 76.47557482879301
    endloop
  endfacet
  facet normal 4.998206540441369e-16 -0.6427876097338273 0.7660444430792988
    outer loop
      vertex 45.76 61.75763475894928 53.53260623663664
      vertex 2.8 132.56457280367613 112.94668184220791
      vertex 7.8 108.1 92.41846782316003
    endloop
  endfacet
  facet normal 0 -0.6427876097338274 0.7660444430792986
    outer loop
      vertex 2.8 108.1 92.41846782316003
      vertex 7.8 108.1 92.41846782316003
      vertex 2.8 132.56457280367613 112.94668184220791
    endloop
  endfacet
  facet normal 0 -0.6427876097338274 0.7660444430792986
    outer loop
      vertex 45.76 61.75763475894928 53.53260623663664
      vertex 45.76 132.56457280367613 112.94668184220791
      vertex 2.8 132.56457280367613 112.94668184220791
    endloop
  endfacet
  facet normal -1 0 0
    outer loop
      vertex 45.76 61.75763475894928 53.53260623663664
      vertex 45.76 126.86779916286469 134.4080934524536
      vertex 45.76 132.56457280367613 112.94668184220791
    endloop
  endfacet
  facet normal 1 0 0
    outer loop
      vertex 2.8 63.93706077337265 135.2827133461833
      vertex 2.8 89.1 137.7
      vertex 2.8 122.45949053649889 141
    endloop
  endfacet
  facet normal 1 0 0
    outer loop
      vertex 2.8 89.1 137.7
      vertex 2.8 108.1 137.7
      vertex 2.8 122.45949053649889 141
    endloop
  endfacet
  facet normal 1 0 0
    outer loop
      vertex 2.8 108.1 92.41846782316003
      vertex 2.8 132.56457280367613 112.94668184220791
      vertex 2.8 126.86779916286469 134.4080934524536
    endloop
  endfacet
  facet normal 1 0 0
    outer loop
      vertex 2.8 108.1 92.41846782316003
      vertex 2.8 122.81529699265957 137.94045063108206
      vertex 2.8 122.74584402889013 138.00506135821342
    endloop
  endfacet
  facet normal 1 0 0
    outer loop
      vertex 2.8 108.1 92.41846782316003
      vertex 2.8 122.74584402889013 138.00506135821342
      vertex 2.8 122.73952705413103 138.03174541145563
    endloop
  endfacet
  facet normal 1 0 0
    outer loop
      vertex 2.8 108.1 92.41846782316003
      vertex 2.8 122.99962185302056 137.79999999701977
      vertex 2.8 122.81529699265957 137.94045063108206
    endloop
  endfacet
  facet normal 1 0 0
    outer loop
      vertex 2.8 108.1 92.41846782316003
      vertex 2.8 122.73952705413103 138.03174541145563
      vertex 2.8 122.73714549094439 138.0671642497182
    endloop
  endfacet
  facet normal 1 0 0
    outer loop
      vertex 2.8 108.1 92.41846782316003
      vertex 2.8 126.1789642572403 135.37742576748133
      vertex 2.8 122.99962185302056 137.79999999701977
    endloop
  endfacet
  facet normal 1 0 0
    outer loop
      vertex 2.8 108.1 92.41846782316003
      vertex 2.8 126.86779916286469 134.4080934524536
      vertex 2.8 126.71002772450447 134.76701673865318
    endloop
  endfacet
  facet normal 1 0 0
    outer loop
      vertex 2.8 108.1 92.41846782316003
      vertex 2.8 126.20214955508709 135.35948911309242
      vertex 2.8 126.1789642572403 135.37742576748133
    endloop
  endfacet
  facet normal 1 0 0
    outer loop
      vertex 2.8 108.1 92.41846782316003
      vertex 2.8 126.4852653592825 135.0882637426257
      vertex 2.8 126.20214955508709 135.35948911309242
    endloop
  endfacet
  facet normal 1 0 0
    outer loop
      vertex 2.8 108.1 92.41846782316003
      vertex 2.8 126.71002772450447 134.76701673865318
      vertex 2.8 126.4852653592825 135.0882637426257
    endloop
  endfacet
  facet normal 1 0 0
    outer loop
      vertex 2.8 108.1 92.41846782316003
      vertex 2.8 122.45949053649889 141
      vertex 2.8 108.1 137.7
    endloop
  endfacet
  facet normal 1 0 0
    outer loop
      vertex 2.8 108.1 92.41846782316003
      vertex 2.8 122.73714549094439 138.0671642497182
      vertex 2.8 122.73714549094439 140
    endloop
  endfacet
  facet normal 1 0 0
    outer loop
      vertex 2.8 108.1 92.41846782316003
      vertex 2.8 122.73714549094439 140
      vertex 2.8 122.69871605187654 140.3901806473732
    endloop
  endfacet
  facet normal 1 0 0
    outer loop
      vertex 2.8 108.1 92.41846782316003
      vertex 2.8 122.58490455895662 140.76536686718464
      vertex 2.8 122.45949053649889 141
    endloop
  endfacet
  facet normal 1 0 0
    outer loop
      vertex 2.8 108.1 92.41846782316003
      vertex 2.8 122.69871605187654 140.3901806473732
      vertex 2.8 122.58490455895662 140.76536686718464
    endloop
  endfacet
  facet normal 0 -0.8193643510024157 -0.5732731114454873
    outer loop
      vertex 2.8 126.71002772450447 134.76701673865318
      vertex 45.76 126.71002772450447 134.76701673865318
      vertex 2.8 126.4852653592825 135.0882637426257
    endloop
  endfacet
  facet normal 0 -0.6917804543136172 -0.7221078887740013
    outer loop
      vertex 2.8 126.20214955508709 135.35948911309242
      vertex 2.8 126.4852653592825 135.0882637426257
      vertex 45.76 126.4852653592825 135.0882637426257
    endloop
  endfacet
  facet normal 0 -0.6118904600409223 -0.7909425168183265
    outer loop
      vertex 2.8 126.20214955508709 135.35948911309242
      vertex 45.76 126.20214955508709 135.35948911309242
      vertex 2.8 126.1789642572403 135.37742576748133
    endloop
  endfacet
  facet normal 0 -0.9154605266097509 -0.40240778349753314
    outer loop
      vertex 2.8 126.71002772450447 134.76701673865318
      vertex 2.8 126.86779916286469 134.4080934524536
      vertex 45.76 126.86779916286469 134.4080934524536
    endloop
  endfacet
  facet normal 0 -0.606077739930448 -0.7954054143396312
    outer loop
      vertex 2.8 126.1789642572403 135.37742576748133
      vertex 45.76 122.99962185302056 137.79999999701977
      vertex 2.8 122.99962185302056 137.79999999701977
    endloop
  endfacet
  facet normal -1 0 0
    outer loop
      vertex 45.76 61.75763475894928 53.53260623663664
      vertex 45.76 122.75128470947412 138
      vertex 45.76 122.81529699265957 137.94045063108206
    endloop
  endfacet
  facet normal -1 0 0
    outer loop
      vertex 45.76 61.75763475894928 53.53260623663664
      vertex 45.76 122.81529699265957 137.94045063108206
      vertex 45.76 122.99962185302056 137.79999999701977
    endloop
  endfacet
  facet normal -1 0 0
    outer loop
      vertex 45.76 61.75763475894928 53.53260623663664
      vertex 45.76 122.99962185302056 137.79999999701977
      vertex 45.76 126.1789642572403 135.37742576748133
    endloop
  endfacet
  facet normal -1 0 0
    outer loop
      vertex 45.76 61.75763475894928 53.53260623663664
      vertex 45.76 126.4852653592825 135.0882637426257
      vertex 45.76 126.71002772450447 134.76701673865318
    endloop
  endfacet
  facet normal -1 0 0
    outer loop
      vertex 45.76 61.75763475894928 53.53260623663664
      vertex 45.76 126.71002772450447 134.76701673865318
      vertex 45.76 126.86779916286469 134.4080934524536
    endloop
  endfacet
  facet normal -1 0 0
    outer loop
      vertex 45.76 61.75763475894928 53.53260623663664
      vertex 45.76 126.1789642572403 135.37742576748133
      vertex 45.76 126.20214955508709 135.35948911309242
    endloop
  endfacet
  facet normal -1 0 0
    outer loop
      vertex 45.76 61.75763475894928 53.53260623663664
      vertex 45.76 126.20214955508709 135.35948911309242
      vertex 45.76 126.4852653592825 135.0882637426257
    endloop
  endfacet
  facet normal 0 -0.606077739930448 -0.7954054143396312
    outer loop
      vertex 2.8 126.1789642572403 135.37742576748133
      vertex 45.76 126.1789642572403 135.37742576748133
      vertex 45.76 122.99962185302056 137.79999999701977
    endloop
  endfacet
  facet normal 0 -0.9154605266097509 -0.40240778349753314
    outer loop
      vertex 2.8 126.71002772450447 134.76701673865318
      vertex 45.76 126.86779916286469 134.4080934524536
      vertex 45.76 126.71002772450447 134.76701673865318
    endloop
  endfacet
  facet normal 0 -0.6118904600409223 -0.7909425168183265
    outer loop
      vertex 2.8 126.1789642572403 135.37742576748133
      vertex 45.76 126.20214955508709 135.35948911309242
      vertex 45.76 126.1789642572403 135.37742576748133
    endloop
  endfacet
  facet normal 0 -0.6917804543136172 -0.7221078887740013
    outer loop
      vertex 2.8 126.20214955508709 135.35948911309242
      vertex 45.76 126.4852653592825 135.0882637426257
      vertex 45.76 126.20214955508709 135.35948911309242
    endloop
  endfacet
  facet normal 0 -0.8193643510024157 -0.5732731114454873
    outer loop
      vertex 2.8 126.4852653592825 135.0882637426257
      vertex 45.76 126.71002772450447 134.76701673865318
      vertex 45.76 126.4852653592825 135.0882637426257
    endloop
  endfacet
  facet normal 1 0 0
    outer loop
      vertex 2.8 132.56457280367613 112.94668184220791
      vertex 2.8 132.83876655250788 113.22692377865314
      vertex 2.8 133.05301924794912 113.55527349561453
    endloop
  endfacet
  facet normal 1 0 0
    outer loop
      vertex 2.8 132.56457280367613 112.94668184220791
      vertex 2.8 133.05301924794912 113.55527349561453
      vertex 2.8 133.1990972906351 113.91911269724369
    endloop
  endfacet
  facet normal 1 0 0
    outer loop
      vertex 2.8 132.56457280367613 112.94668184220791
      vertex 2.8 133.1990972906351 113.91911269724369
      vertex 2.8 133.27138698101044 114.30445923656225
    endloop
  endfacet
  facet normal 1 0 0
    outer loop
      vertex 2.8 132.56457280367613 112.94668184220791
      vertex 2.8 133.27138698101044 114.30445923656225
      vertex 2.8 133.26711025834084 114.69650447368622
    endloop
  endfacet
  facet normal 1 0 0
    outer loop
      vertex 2.8 132.56457280367613 112.94668184220791
      vertex 2.8 133.26711025834084 114.69650447368622
      vertex 2.8 133.18643148988485 115.08018232136965
    endloop
  endfacet
  facet normal 1 0 0
    outer loop
      vertex 2.8 132.56457280367613 112.94668184220791
      vertex 2.8 133.18643148988485 115.08018232136965
      vertex 2.8 133.1799879744649 115.10024923831224
    endloop
  endfacet
  facet normal 1 0 0
    outer loop
      vertex 2.8 126.86779916286469 134.4080934524536
      vertex 2.8 132.56457280367613 112.94668184220791
      vertex 2.8 133.1799879744649 115.10024923831224
    endloop
  endfacet
  facet normal 0 -0.7147778879927615 0.699351535950703
    outer loop
      vertex 2.8 132.56457280367613 112.94668184220791
      vertex 45.76 132.56457280367613 112.94668184220791
      vertex 2.8 132.83876655250788 113.22692377865314
    endloop
  endfacet
  facet normal 0 -0.8374803597584746 0.5464674253958931
    outer loop
      vertex 2.8 132.83876655250788 113.22692377865314
      vertex 45.76 132.83876655250788 113.22692377865314
      vertex 2.8 133.05301924794912 113.55527349561453
    endloop
  endfacet
  facet normal 0 -0.9279989130940466 0.3725828998978189
    outer loop
      vertex 2.8 133.05301924794912 113.55527349561453
      vertex 45.76 133.05301924794912 113.55527349561453
      vertex 2.8 133.1990972906351 113.91911269724369
    endloop
  endfacet
  facet normal 0 -0.9828549900138027 0.18438022834612122
    outer loop
      vertex 2.8 133.1990972906351 113.91911269724369
      vertex 45.76 133.1990972906351 113.91911269724369
      vertex 2.8 133.27138698101044 114.30445923656225
    endloop
  endfacet
  facet normal 0 -0.9999405049191996 -0.010908098914841341
    outer loop
      vertex 2.8 133.27138698101044 114.30445923656225
      vertex 45.76 133.27138698101044 114.30445923656225
      vertex 2.8 133.26711025834084 114.69650447368622
    endloop
  endfacet
  facet normal 0 -0.9785988686603567 -0.2057771956672307
    outer loop
      vertex 2.8 133.26711025834084 114.69650447368622
      vertex 45.76 133.26711025834084 114.69650447368622
      vertex 2.8 133.18643148988485 115.08018232136965
    endloop
  endfacet
  facet normal 0 -0.9521192662773269 -0.3057268434134047
    outer loop
      vertex 2.8 133.18643148988485 115.08018232136965
      vertex 45.76 133.18643148988485 115.08018232136965
      vertex 2.8 133.1799879744649 115.10024923831224
    endloop
  endfacet
  facet normal 0 -0.950495194718239 -0.31073925535332164
    outer loop
      vertex 2.8 126.86779916286469 134.4080934524536
      vertex 2.8 133.1799879744649 115.10024923831224
      vertex 45.76 133.1799879744649 115.10024923831224
    endloop
  endfacet
  facet normal 0 -0.7147778879927615 0.699351535950703
    outer loop
      vertex 2.8 132.83876655250788 113.22692377865314
      vertex 45.76 132.56457280367613 112.94668184220791
      vertex 45.76 132.83876655250788 113.22692377865314
    endloop
  endfacet
  facet normal 0 -0.8374803597584746 0.5464674253958931
    outer loop
      vertex 2.8 133.05301924794912 113.55527349561453
      vertex 45.76 132.83876655250788 113.22692377865314
      vertex 45.76 133.05301924794912 113.55527349561453
    endloop
  endfacet
  facet normal 0 -0.9279989130940466 0.3725828998978189
    outer loop
      vertex 2.8 133.1990972906351 113.91911269724369
      vertex 45.76 133.05301924794912 113.55527349561453
      vertex 45.76 133.1990972906351 113.91911269724369
    endloop
  endfacet
  facet normal 0 -0.9828549900138027 0.18438022834612122
    outer loop
      vertex 2.8 133.27138698101044 114.30445923656225
      vertex 45.76 133.1990972906351 113.91911269724369
      vertex 45.76 133.27138698101044 114.30445923656225
    endloop
  endfacet
  facet normal 0 -0.9999405049191996 -0.010908098914841341
    outer loop
      vertex 2.8 133.26711025834084 114.69650447368622
      vertex 45.76 133.27138698101044 114.30445923656225
      vertex 45.76 133.26711025834084 114.69650447368622
    endloop
  endfacet
  facet normal 0 -0.9785988686603567 -0.2057771956672307
    outer loop
      vertex 2.8 133.18643148988485 115.08018232136965
      vertex 45.76 133.26711025834084 114.69650447368622
      vertex 45.76 133.18643148988485 115.08018232136965
    endloop
  endfacet
  facet normal 0 -0.9521192662773269 -0.3057268434134047
    outer loop
      vertex 2.8 133.1799879744649 115.10024923831224
      vertex 45.76 133.18643148988485 115.08018232136965
      vertex 45.76 133.1799879744649 115.10024923831224
    endloop
  endfacet
  facet normal -1 0 0
    outer loop
      vertex 45.76 132.56457280367613 112.94668184220791
      vertex 45.76 133.05301924794912 113.55527349561453
      vertex 45.76 132.83876655250788 113.22692377865314
    endloop
  endfacet
  facet normal -1 0 0
    outer loop
      vertex 45.76 132.56457280367613 112.94668184220791
      vertex 45.76 133.1990972906351 113.91911269724369
      vertex 45.76 133.05301924794912 113.55527349561453
    endloop
  endfacet
  facet normal -1 0 0
    outer loop
      vertex 45.76 132.56457280367613 112.94668184220791
      vertex 45.76 133.27138698101044 114.30445923656225
      vertex 45.76 133.1990972906351 113.91911269724369
    endloop
  endfacet
  facet normal -1 0 0
    outer loop
      vertex 45.76 132.56457280367613 112.94668184220791
      vertex 45.76 133.26711025834084 114.69650447368622
      vertex 45.76 133.27138698101044 114.30445923656225
    endloop
  endfacet
  facet normal -1 0 0
    outer loop
      vertex 45.76 132.56457280367613 112.94668184220791
      vertex 45.76 133.18643148988485 115.08018232136965
      vertex 45.76 133.26711025834084 114.69650447368622
    endloop
  endfacet
  facet normal -1 0 0
    outer loop
      vertex 45.76 132.56457280367613 112.94668184220791
      vertex 45.76 133.1799879744649 115.10024923831224
      vertex 45.76 133.18643148988485 115.08018232136965
    endloop
  endfacet
  facet normal -1 0 0
    outer loop
      vertex 45.76 126.86779916286469 134.4080934524536
      vertex 45.76 133.1799879744649 115.10024923831224
      vertex 45.76 132.56457280367613 112.94668184220791
    endloop
  endfacet
  facet normal 0 -0.950495194718239 -0.31073925535332164
    outer loop
      vertex 2.8 126.86779916286469 134.4080934524536
      vertex 45.76 133.1799879744649 115.10024923831224
      vertex 45.76 126.86779916286469 134.4080934524536
    endloop
  endfacet
  facet normal 0 1 0
    outer loop
      vertex 2.8 63.600000001490116 137.79999999701977
      vertex 2.8 63.600000001490116 141
      vertex 45.76 63.600000001490116 137.79999999701977
    endloop
  endfacet
  facet normal 1 0 0
    outer loop
      vertex 2.8 63.600000001490116 137.79999999701977
      vertex 2.8 66.39999999850988 137.79999999701977
      vertex 2.8 66.53052411973476 137.93052411824465
    endloop
  endfacet
  facet normal 1 0 0
    outer loop
      vertex 2.8 63.600000001490116 137.79999999701977
      vertex 2.8 66.53052411973476 137.93052411824465
      vertex 2.8 66.59070216864347 138.00385128706694
    endloop
  endfacet
  facet normal 1 0 0
    outer loop
      vertex 2.8 63.600000001490116 137.79999999701977
      vertex 2.8 66.59070216864347 138.00385128706694
      vertex 2.8 66.60000000149012 138.0982536971569
    endloop
  endfacet
  facet normal 1 0 0
    outer loop
      vertex 2.8 63.600000001490116 137.79999999701977
      vertex 2.8 66.60000000149012 138.0982536971569
      vertex 2.8 66.60000000149012 140
    endloop
  endfacet
  facet normal 1 0 0
    outer loop
      vertex 2.8 63.600000001490116 137.79999999701977
      vertex 2.8 66.63842944055796 140.3901806473732
      vertex 2.8 63.600000001490116 141
    endloop
  endfacet
  facet normal 1 0 0
    outer loop
      vertex 2.8 63.600000001490116 137.79999999701977
      vertex 2.8 66.60000000149012 140
      vertex 2.8 66.63842944055796 140.3901806473732
    endloop
  endfacet
  facet normal 1 0 0
    outer loop
      vertex 2.8 63.600000001490116 141
      vertex 2.8 66.63842944055796 140.3901806473732
      vertex 2.8 66.75224093347788 140.76536686718464
    endloop
  endfacet
  facet normal 1 0 0
    outer loop
      vertex 2.8 63.600000001490116 141
      vertex 2.8 66.75224093347788 140.76536686718464
      vertex 2.8 66.87765495593561 141
    endloop
  endfacet
  facet normal 0 0 1
    outer loop
      vertex 2.8 63.600000001490116 137.79999999701977
      vertex 45.76 63.600000001490116 137.79999999701977
      vertex 2.8 66.39999999850988 137.79999999701977
    endloop
  endfacet
  facet normal 0 1 0
    outer loop
      vertex 2.8 63.600000001490116 141
      vertex 45.36 63.600000001490116 138
      vertex 45.76 63.600000001490116 137.79999999701977
    endloop
  endfacet
  facet normal 0 1 0
    outer loop
      vertex 2.8 63.600000001490116 141
      vertex 45.36 63.600000001490116 141
      vertex 45.36 63.600000001490116 138
    endloop
  endfacet
  facet normal 0 1 0
    outer loop
      vertex 45.76 63.600000001490116 137.79999999701977
      vertex 45.36 63.600000001490116 138
      vertex 45.76 63.600000001490116 138
    endloop
  endfacet
  facet normal 0 0 1
    outer loop
      vertex 2.8 66.39999999850988 137.79999999701977
      vertex 45.76 63.600000001490116 137.79999999701977
      vertex 45.76 66.39999999850988 137.79999999701977
    endloop
  endfacet
  facet normal -1 0 0
    outer loop
      vertex 45.76 63.600000001490116 137.79999999701977
      vertex 45.76 63.600000001490116 138
      vertex 45.76 66.58754149920541 138
    endloop
  endfacet
  facet normal -1 0 0
    outer loop
      vertex 45.76 63.600000001490116 137.79999999701977
      vertex 45.76 66.53052411973476 137.93052411824465
      vertex 45.76 66.39999999850988 137.79999999701977
    endloop
  endfacet
  facet normal -1 0 0
    outer loop
      vertex 45.76 63.600000001490116 137.79999999701977
      vertex 45.76 66.58754149920541 138
      vertex 45.76 66.53052411973476 137.93052411824465
    endloop
  endfacet
  facet normal 1 0 0
    outer loop
      vertex 2.8 122.74584402889013 138.00506135821342
      vertex 2.8 122.81529699265957 137.94045063108206
      vertex 2.8 130.99962185082862 137.79999999701977
    endloop
  endfacet
  facet normal 1 0 0
    outer loop
      vertex 2.8 122.73952705413103 138.03174541145563
      vertex 2.8 130.99962185082862 137.79999999701977
      vertex 2.8 122.73714549094439 138.0671642497182
    endloop
  endfacet
  facet normal 1 0 0
    outer loop
      vertex 2.8 122.74584402889013 138.00506135821342
      vertex 2.8 130.99962185082862 137.79999999701977
      vertex 2.8 122.73952705413103 138.03174541145563
    endloop
  endfacet
  facet normal 1 0 0
    outer loop
      vertex 2.8 122.81529699265957 137.94045063108206
      vertex 2.8 122.99962185302056 137.79999999701977
      vertex 2.8 130.99962185082862 137.79999999701977
    endloop
  endfacet
  facet normal 1 0 0
    outer loop
      vertex 2.8 122.73714549094439 138.0671642497182
      vertex 2.8 131.13714549690485 140
      vertex 2.8 122.73714549094439 140
    endloop
  endfacet
  facet normal 1 0 0
    outer loop
      vertex 2.8 122.73714549094439 140
      vertex 2.8 131.1755749359727 140.3901806473732
      vertex 2.8 122.69871605187654 140.3901806473732
    endloop
  endfacet
  facet normal 1 0 0
    outer loop
      vertex 2.8 122.69871605187654 140.3901806473732
      vertex 2.8 131.2893864288926 140.76536686718464
      vertex 2.8 122.58490455895662 140.76536686718464
    endloop
  endfacet
  facet normal 1 0 0
    outer loop
      vertex 2.8 122.58490455895662 140.76536686718464
      vertex 2.8 131.41480045135035 141
      vertex 2.8 122.45949053649889 141
    endloop
  endfacet
  facet normal 0 0 1
    outer loop
      vertex 2.8 122.99962185302056 137.79999999701977
      vertex 45.76 122.99962185302056 137.79999999701977
      vertex 2.8 130.99962185082862 137.79999999701977
    endloop
  endfacet
  facet normal -1 0 0
    outer loop
      vertex 45.76 122.81529699265957 137.94045063108206
      vertex 45.76 130.99962185082862 137.79999999701977
      vertex 45.76 122.99962185302056 137.79999999701977
    endloop
  endfacet
  facet normal -1 0 0
    outer loop
      vertex 45.76 122.81529699265957 137.94045063108206
      vertex 45.76 122.75128470947412 138
      vertex 45.76 131.12622553549852 138
    endloop
  endfacet
  facet normal 1 0 0
    outer loop
      vertex 2.8 122.73714549094439 138.0671642497182
      vertex 2.8 130.99962185082862 137.79999999701977
      vertex 2.8 131.0881029367447 137.9286776408553
    endloop
  endfacet
  facet normal 1 0 0
    outer loop
      vertex 2.8 122.73714549094439 138.0671642497182
      vertex 2.8 131.12774908542633 138.00285036116838
      vertex 2.8 131.13714549690485 138.0982536971569
    endloop
  endfacet
  facet normal 1 0 0
    outer loop
      vertex 2.8 122.73714549094439 138.0671642497182
      vertex 2.8 131.0881029367447 137.9286776408553
      vertex 2.8 131.12774908542633 138.00285036116838
    endloop
  endfacet
  facet normal 1 0 0
    outer loop
      vertex 2.8 122.73714549094439 138.0671642497182
      vertex 2.8 131.13714549690485 138.0982536971569
      vertex 2.8 131.13714549690485 140
    endloop
  endfacet
  facet normal 1 0 0
    outer loop
      vertex 2.8 122.73714549094439 140
      vertex 2.8 131.13714549690485 140
      vertex 2.8 131.1755749359727 140.3901806473732
    endloop
  endfacet
  facet normal 1 0 0
    outer loop
      vertex 2.8 122.69871605187654 140.3901806473732
      vertex 2.8 131.1755749359727 140.3901806473732
      vertex 2.8 131.2893864288926 140.76536686718464
    endloop
  endfacet
  facet normal 1 0 0
    outer loop
      vertex 2.8 122.58490455895662 140.76536686718464
      vertex 2.8 131.2893864288926 140.76536686718464
      vertex 2.8 131.41480045135035 141
    endloop
  endfacet
  facet normal 1 0 0
    outer loop
      vertex 2.8 165.06947587430477 137.93052411824465
      vertex 2.8 165.1999999959444 137.79999999701977
      vertex 2.8 168 141
    endloop
  endfacet
  facet normal 1 0 0
    outer loop
      vertex 2.8 165.06947587430477 137.93052411824465
      vertex 2.8 168 141
      vertex 2.8 165.00929782539606 138.00385128706694
    endloop
  endfacet
  facet normal 1 0 0
    outer loop
      vertex 2.8 165.00929782539606 138.00385128706694
      vertex 2.8 168 141
      vertex 2.8 165 138.0982536971569
    endloop
  endfacet
  facet normal 1 0 0
    outer loop
      vertex 2.8 165 138.0982536971569
      vertex 2.8 168 141
      vertex 2.8 165 140
    endloop
  endfacet
  facet normal 1 0 0
    outer loop
      vertex 2.8 164.96157056093216 140.3901806473732
      vertex 2.8 168 141
      vertex 2.8 164.84775906801224 140.76536686718464
    endloop
  endfacet
  facet normal 1 0 0
    outer loop
      vertex 2.8 165 140
      vertex 2.8 168 141
      vertex 2.8 164.96157056093216 140.3901806473732
    endloop
  endfacet
  facet normal 1 0 0
    outer loop
      vertex 2.8 164.7223450455545 141
      vertex 2.8 164.84775906801224 140.76536686718464
      vertex 2.8 168 141
    endloop
  endfacet
  facet normal 1 0 0
    outer loop
      vertex 2.8 165.1999999959444 137.79999999701977
      vertex 2.8 168 137.79999999701977
      vertex 2.8 168 141
    endloop
  endfacet
  facet normal 0 -1 0
    outer loop
      vertex 2.8 168 137.79999999701977
      vertex 45.36 168 141
      vertex 2.8 168 141
    endloop
  endfacet
  facet normal 0 0 1
    outer loop
      vertex 2.8 165.1999999959444 137.79999999701977
      vertex 45.76 165.1999999959444 137.79999999701977
      vertex 2.8 168 137.79999999701977
    endloop
  endfacet
  facet normal 0 0 1
    outer loop
      vertex 45.76 122.99962185302056 137.79999999701977
      vertex 45.76 130.99962185082862 137.79999999701977
      vertex 2.8 130.99962185082862 137.79999999701977
    endloop
  endfacet
  facet normal -1 0 0
    outer loop
      vertex 45.76 122.81529699265957 137.94045063108206
      vertex 45.76 131.12622553549852 138
      vertex 45.76 130.99962185082862 137.79999999701977
    endloop
  endfacet
  facet normal -1 0 0
    outer loop
      vertex 45.76 130.99962185082862 137.79999999701977
      vertex 45.76 131.12622553549852 138
      vertex 45.76 131.0881029367447 137.9286776408553
    endloop
  endfacet
  facet normal 0 0 1
    outer loop
      vertex 2.8 168 137.79999999701977
      vertex 45.76 165.1999999959444 137.79999999701977
      vertex 45.76 168 137.79999999701977
    endloop
  endfacet
  facet normal 0 -1 0
    outer loop
      vertex 2.8 168 137.79999999701977
      vertex 45.76 168 137.79999999701977
      vertex 45.36 168 138
    endloop
  endfacet
  facet normal 0 -1 0
    outer loop
      vertex 2.8 168 137.79999999701977
      vertex 45.36 168 138
      vertex 45.36 168 141
    endloop
  endfacet
  facet normal -1 0 0
    outer loop
      vertex 45.76 165.06947587430477 137.93052411824465
      vertex 45.76 168 137.79999999701977
      vertex 45.76 165.1999999959444 137.79999999701977
    endloop
  endfacet
  facet normal -1 0 0
    outer loop
      vertex 45.76 165.06947587430477 137.93052411824465
      vertex 45.76 165.0124584948341 138
      vertex 45.76 168 138
    endloop
  endfacet
  facet normal -1 0 0
    outer loop
      vertex 45.76 165.06947587430477 137.93052411824465
      vertex 45.76 168 138
      vertex 45.76 168 137.79999999701977
    endloop
  endfacet
  facet normal 0 -1 0
    outer loop
      vertex 45.76 168 137.79999999701977
      vertex 45.76 168 138
      vertex 45.36 168 138
    endloop
  endfacet
  facet normal 1 0 0
    outer loop
      vertex 48.16 3.385786436498165 3.5857864394783974
      vertex 48.16 3.6888595297932625 3.337060771882534
      vertex 48.16 30.80693806707859 39.01171997189522
    endloop
  endfacet
  facet normal 1 0 0
    outer loop
      vertex 48.16 3.6888595297932625 3.337060771882534
      vertex 48.16 4.034633129835129 3.1522409319877625
      vertex 48.16 30.80693806707859 39.01171997189522
    endloop
  endfacet
  facet normal 1 0 0
    outer loop
      vertex 48.16 4.034633129835129 3.1522409319877625
      vertex 48.16 4.409819349646568 3.0384294390678406
      vertex 48.16 30.80693806707859 39.01171997189522
    endloop
  endfacet
  facet normal 1 0 0
    outer loop
      vertex 48.16 4.409819349646568 3.0384294390678406
      vertex 48.16 4.799999997019768 3
      vertex 48.16 30.80693806707859 39.01171997189522
    endloop
  endfacet
  facet normal 1 0 0
    outer loop
      vertex 48.16 2.95224092900753 4.234633132815361
      vertex 48.16 3.137060768902302 3.8888595327734947
      vertex 48.16 30.80693806707859 39.01171997189522
    endloop
  endfacet
  facet normal 1 0 0
    outer loop
      vertex 48.16 2.95224092900753 4.234633132815361
      vertex 48.16 30.80693806707859 39.01171997189522
      vertex 48.16 2.8384294360876083 4.6098193526268005
    endloop
  endfacet
  facet normal 1 0 0
    outer loop
      vertex 48.16 3.137060768902302 3.8888595327734947
      vertex 48.16 3.385786436498165 3.5857864394783974
      vertex 48.16 30.80693806707859 39.01171997189522
    endloop
  endfacet
  facet normal 1 0 0
    outer loop
      vertex 48.16 2.8384294360876083 4.6098193526268005
      vertex 48.16 30.80693806707859 39.01171997189522
      vertex 48.16 2.7999999970197678 5
    endloop
  endfacet
  facet normal 1 0 0
    outer loop
      vertex 48.16 2.7999999970197678 5
      vertex 48.16 3.548982873558998 44.84525755792856
      vertex 48.16 2.7999999970197678 43.28482295572758
    endloop
  endfacet
  facet normal 1 0 0
    outer loop
      vertex 48.16 4.799999997019768 3
      vertex 48.16 30.447346039116383 3
      vertex 48.16 30.80693806707859 39.01171997189522
    endloop
  endfacet
  facet normal 1 0 0
    outer loop
      vertex 48.16 30.447346039116383 3
      vertex 48.16 30.837526686489582 3.0384294390678406
      vertex 48.16 30.80693806707859 39.01171997189522
    endloop
  endfacet
  facet normal 1 0 0
    outer loop
      vertex 48.16 30.837526686489582 3.0384294390678406
      vertex 48.16 31.131386324763298 3.1206147596240044
      vertex 48.16 30.80693806707859 39.01171997189522
    endloop
  endfacet
  facet normal 1 0 0
    outer loop
      vertex 48.16 2.7999999970197678 5
      vertex 48.16 30.804101273417473 39.02278860658407
      vertex 48.16 30.799999997019768 39.07639529556036
    endloop
  endfacet
  facet normal 1 0 0
    outer loop
      vertex 48.16 2.7999999970197678 5
      vertex 48.16 30.80693806707859 39.01171997189522
      vertex 48.16 30.804101273417473 39.02278860658407
    endloop
  endfacet
  facet normal 1 0 0
    outer loop
      vertex 48.16 31.131386324763298 3.1206147596240044
      vertex 48.16 60.8686136752367 13.944080360233784
      vertex 48.16 30.80693806707859 39.01171997189522
    endloop
  endfacet
  facet normal 1 0 0
    outer loop
      vertex 48.16 30.80693806707859 39.01171997189522
      vertex 48.16 60.8686136752367 13.944080360233784
      vertex 48.16 30.89232823997736 39.033604726195335
    endloop
  endfacet
  facet normal 1 0 0
    outer loop
      vertex 48.16 2.7999999970197678 43.28482295572758
      vertex 48.16 3.548982873558998 44.84525755792856
      vertex 48.16 2.8120034113526344 43.5036141499877
    endloop
  endfacet
  facet normal 1 0 0
    outer loop
      vertex 48.16 2.8120034113526344 43.5036141499877
      vertex 48.16 3.548982873558998 44.84525755792856
      vertex 48.16 2.892886258661747 43.887249037623405
    endloop
  endfacet
  facet normal 1 0 0
    outer loop
      vertex 48.16 2.892886258661747 43.887249037623405
      vertex 48.16 3.548982873558998 44.84525755792856
      vertex 48.16 3.0470584109425545 44.247733019292355
    endloop
  endfacet
  facet normal 1 0 0
    outer loop
      vertex 48.16 3.0470584109425545 44.247733019292355
      vertex 48.16 3.548982873558998 44.84525755792856
      vertex 48.16 3.2685951218008995 44.57121291011572
    endloop
  endfacet
  facet normal 1 0 0
    outer loop
      vertex 48.16 2.7999999970197678 5
      vertex 48.16 27.54898288553966 64.08631447835558
      vertex 48.16 3.548982873558998 44.84525755792856
    endloop
  endfacet
  facet normal 1 0 0
    outer loop
      vertex 48.16 2.7999999970197678 5
      vertex 48.16 30.647759065032005 63.291246734559536
      vertex 48.16 30.462939225137234 63.6370203346014
    endloop
  endfacet
  facet normal 1 0 0
    outer loop
      vertex 48.16 2.7999999970197678 5
      vertex 48.16 27.688859529793262 64.18881909549236
      vertex 48.16 27.54898288553966 64.08631447835558
    endloop
  endfacet
  facet normal 1 0 0
    outer loop
      vertex 48.16 2.7999999970197678 5
      vertex 48.16 28.03463312983513 64.37363893538713
      vertex 48.16 27.688859529793262 64.18881909549236
    endloop
  endfacet
  facet normal 1 0 0
    outer loop
      vertex 48.16 2.7999999970197678 5
      vertex 48.16 28.40981934964657 64.48745042830706
      vertex 48.16 28.03463312983513 64.37363893538713
    endloop
  endfacet
  facet normal 1 0 0
    outer loop
      vertex 48.16 2.7999999970197678 5
      vertex 48.16 28.799999997019768 64.5258798673749
      vertex 48.16 28.40981934964657 64.48745042830706
    endloop
  endfacet
  facet normal 1 0 0
    outer loop
      vertex 48.16 2.7999999970197678 5
      vertex 48.16 29.190180644392967 64.48745042830706
      vertex 48.16 28.799999997019768 64.5258798673749
    endloop
  endfacet
  facet normal 1 0 0
    outer loop
      vertex 48.16 2.7999999970197678 5
      vertex 48.16 29.565366864204407 64.37363893538713
      vertex 48.16 29.190180644392967 64.48745042830706
    endloop
  endfacet
  facet normal 1 0 0
    outer loop
      vertex 48.16 2.7999999970197678 5
      vertex 48.16 29.911140464246273 64.18881909549236
      vertex 48.16 29.565366864204407 64.37363893538713
    endloop
  endfacet
  facet normal 1 0 0
    outer loop
      vertex 48.16 2.7999999970197678 5
      vertex 48.16 30.21421355754137 63.9400934278965
      vertex 48.16 29.911140464246273 64.18881909549236
    endloop
  endfacet
  facet normal 1 0 0
    outer loop
      vertex 48.16 2.7999999970197678 5
      vertex 48.16 30.462939225137234 63.6370203346014
      vertex 48.16 30.21421355754137 63.9400934278965
    endloop
  endfacet
  facet normal 1 0 0
    outer loop
      vertex 48.16 3.548982873558998 44.84525755792856
      vertex 48.16 27.54898288553966 64.08631447835558
      vertex 48.16 20.564817168185904 58.487034060515086
    endloop
  endfacet
  facet normal 1 0 0
    outer loop
      vertex 48.16 2.7999999970197678 5
      vertex 48.16 30.799999997019768 39.07639529556036
      vertex 48.16 30.799999997019768 62.5258798673749
    endloop
  endfacet
  facet normal 1 0 0
    outer loop
      vertex 48.16 2.7999999970197678 5
      vertex 48.16 30.799999997019768 62.5258798673749
      vertex 48.16 30.761570557951927 62.9160605147481
    endloop
  endfacet
  facet normal 1 0 0
    outer loop
      vertex 48.16 2.7999999970197678 5
      vertex 48.16 30.761570557951927 62.9160605147481
      vertex 48.16 30.647759065032005 63.291246734559536
    endloop
  endfacet
  facet normal 0 -1 0
    outer loop
      vertex 48.16 30.799999997019768 39.07639529556036
      vertex 53.64 30.799999997019768 55.378692411729695
      vertex 53.64 30.799999997019768 62.5258798673749
    endloop
  endfacet
  facet normal 0 -1 0
    outer loop
      vertex 48.16 30.799999997019768 39.07639529556036
      vertex 53.64 30.799999997019768 62.5258798673749
      vertex 48.16 30.799999997019768 62.5258798673749
    endloop
  endfacet
  facet normal 0 -0.9569403375708345 -0.290284671193326
    outer loop
      vertex 48.16 30.647759065032005 63.291246734559536
      vertex 48.16 30.761570557951927 62.9160605147481
      vertex 53.64 30.647759065032005 63.291246734559536
    endloop
  endfacet
  facet normal 0 -0.773010443534409 -0.6343932961394976
    outer loop
      vertex 48.16 30.462939225137234 63.6370203346014
      vertex 53.64 30.21421355754137 63.9400934278965
      vertex 48.16 30.21421355754137 63.9400934278965
    endloop
  endfacet
  facet normal 0 -0.8819212641844242 -0.4713967371326908
    outer loop
      vertex 48.16 30.647759065032005 63.291246734559536
      vertex 53.64 30.462939225137234 63.6370203346014
      vertex 48.16 30.462939225137234 63.6370203346014
    endloop
  endfacet
  facet normal 0 -0.9951847267853376 -0.0980171391808235
    outer loop
      vertex 48.16 30.799999997019768 62.5258798673749
      vertex 53.64 30.761570557951927 62.9160605147481
      vertex 48.16 30.761570557951927 62.9160605147481
    endloop
  endfacet
  facet normal -2.583673646570106e-17 -0.6343932961394976 -0.773010443534409
    outer loop
      vertex 48.16 29.911140464246273 64.18881909549236
      vertex 48.16 30.21421355754137 63.9400934278965
      vertex 53.64 30.2 63.95175819348144
    endloop
  endfacet
  facet normal 0 -0.8819212641844242 -0.4713967371326908
    outer loop
      vertex 48.16 30.647759065032005 63.291246734559536
      vertex 53.64 30.647759065032005 63.291246734559536
      vertex 53.64 30.462939225137234 63.6370203346014
    endloop
  endfacet
  facet normal 0 -0.773010443534409 -0.6343932961394976
    outer loop
      vertex 48.16 30.462939225137234 63.6370203346014
      vertex 53.64 30.462939225137234 63.6370203346014
      vertex 53.64 30.21421355754137 63.9400934278965
    endloop
  endfacet
  facet normal 0 -0.9951847267853376 -0.0980171391808235
    outer loop
      vertex 48.16 30.799999997019768 62.5258798673749
      vertex 53.64 30.799999997019768 62.5258798673749
      vertex 53.64 30.761570557951927 62.9160605147481
    endloop
  endfacet
  facet normal 0 -0.9569403375708345 -0.290284671193326
    outer loop
      vertex 48.16 30.761570557951927 62.9160605147481
      vertex 53.64 30.761570557951927 62.9160605147481
      vertex 53.64 30.647759065032005 63.291246734559536
    endloop
  endfacet
  facet normal 0 -0.6343932961394922 -0.7730104435344134
    outer loop
      vertex 48.16 30.21421355754137 63.9400934278965
      vertex 53.64 30.21421355754137 63.9400934278965
      vertex 53.64 30.2 63.95175819348144
    endloop
  endfacet
  facet normal 1 0 0
    outer loop
      vertex 48.16 30.89232823997736 39.033604726195335
      vertex 48.16 60.8686136752367 13.944080360233784
      vertex 48.16 61.12821190804243 50.03856638818979
    endloop
  endfacet
  facet normal 1 0 0
    outer loop
      vertex 48.16 60.8686136752367 13.944080360233784
      vertex 48.16 61.17718295753002 50.060754880309105
      vertex 48.16 61.12821190804243 50.03856638818979
    endloop
  endfacet
  facet normal 1 0 0
    outer loop
      vertex 48.16 60.8686136752367 13.944080360233784
      vertex 48.16 61.27526671439409 50.12785138934851
      vertex 48.16 61.17718295753002 50.060754880309105
    endloop
  endfacet
  facet normal 0 0.47139673713269076 0.8819212641844241
    outer loop
      vertex 48.16 3.6888595297932625 3.337060771882534
      vertex 91.12 3.6888595297932625 3.337060771882534
      vertex 48.16 4.034633129835129 3.1522409319877625
    endloop
  endfacet
  facet normal 0 0.7730104435344091 0.6343932961394977
    outer loop
      vertex 48.16 3.137060768902302 3.8888595327734947
      vertex 91.12 3.137060768902302 3.8888595327734947
      vertex 48.16 3.385786436498165 3.5857864394783974
    endloop
  endfacet
  facet normal 0 0.8819212641844241 0.47139673713269076
    outer loop
      vertex 48.16 2.95224092900753 4.234633132815361
      vertex 91.12 2.95224092900753 4.234633132815361
      vertex 48.16 3.137060768902302 3.8888595327734947
    endloop
  endfacet
  facet normal 0 0.6343932961394977 0.7730104435344091
    outer loop
      vertex 48.16 3.385786436498165 3.5857864394783974
      vertex 91.12 3.385786436498165 3.5857864394783974
      vertex 48.16 3.6888595297932625 3.337060771882534
    endloop
  endfacet
  facet normal 0 0.29028467119332607 0.9569403375708344
    outer loop
      vertex 48.16 4.034633129835129 3.1522409319877625
      vertex 91.12 4.034633129835129 3.1522409319877625
      vertex 48.16 4.409819349646568 3.0384294390678406
    endloop
  endfacet
  facet normal 0 0.09801713918082348 0.9951847267853376
    outer loop
      vertex 48.16 4.409819349646568 3.0384294390678406
      vertex 91.12 4.409819349646568 3.0384294390678406
      vertex 48.16 4.799999997019768 3
    endloop
  endfacet
  facet normal 0 0.9569403375708344 0.29028467119332607
    outer loop
      vertex 48.16 2.95224092900753 4.234633132815361
      vertex 48.16 2.8384294360876083 4.6098193526268005
      vertex 91.12 2.8384294360876083 4.6098193526268005
    endloop
  endfacet
  facet normal 0 0.9951847267853376 0.09801713918082348
    outer loop
      vertex 48.16 2.8384294360876083 4.6098193526268005
      vertex 48.16 2.7999999970197678 5
      vertex 91.12 2.7999999970197678 5
    endloop
  endfacet
  facet normal 0 0 1
    outer loop
      vertex 48.16 4.799999997019768 3
      vertex 91.12 4.799999997019768 3
      vertex 48.16 30.447346039116383 3
    endloop
  endfacet
  facet normal 0 0.47139673713269076 0.8819212641844241
    outer loop
      vertex 48.16 4.034633129835129 3.1522409319877625
      vertex 91.12 3.6888595297932625 3.337060771882534
      vertex 91.12 4.034633129835129 3.1522409319877625
    endloop
  endfacet
  facet normal 0 0.7730104435344091 0.6343932961394977
    outer loop
      vertex 48.16 3.385786436498165 3.5857864394783974
      vertex 91.12 3.137060768902302 3.8888595327734947
      vertex 91.12 3.385786436498165 3.5857864394783974
    endloop
  endfacet
  facet normal 0 0.9569403375708344 0.29028467119332607
    outer loop
      vertex 48.16 2.95224092900753 4.234633132815361
      vertex 91.12 2.8384294360876083 4.6098193526268005
      vertex 91.12 2.95224092900753 4.234633132815361
    endloop
  endfacet
  facet normal 0 0.8819212641844241 0.47139673713269076
    outer loop
      vertex 48.16 3.137060768902302 3.8888595327734947
      vertex 91.12 2.95224092900753 4.234633132815361
      vertex 91.12 3.137060768902302 3.8888595327734947
    endloop
  endfacet
  facet normal 0 0.6343932961394977 0.7730104435344091
    outer loop
      vertex 48.16 3.6888595297932625 3.337060771882534
      vertex 91.12 3.385786436498165 3.5857864394783974
      vertex 91.12 3.6888595297932625 3.337060771882534
    endloop
  endfacet
  facet normal 0 0.29028467119332607 0.9569403375708344
    outer loop
      vertex 48.16 4.409819349646568 3.0384294390678406
      vertex 91.12 4.034633129835129 3.1522409319877625
      vertex 91.12 4.409819349646568 3.0384294390678406
    endloop
  endfacet
  facet normal 0 0.09801713918082348 0.9951847267853376
    outer loop
      vertex 48.16 4.799999997019768 3
      vertex 91.12 4.409819349646568 3.0384294390678406
      vertex 91.12 4.799999997019768 3
    endloop
  endfacet
  facet normal 0 0.9951847267853376 0.09801713918082348
    outer loop
      vertex 48.16 2.8384294360876083 4.6098193526268005
      vertex 91.12 2.7999999970197678 5
      vertex 91.12 2.8384294360876083 4.6098193526268005
    endloop
  endfacet
  facet normal 0 1 0
    outer loop
      vertex 48.16 2.7999999970197678 5
      vertex 48.16 2.7999999970197678 43.28482295572758
      vertex 91.12 2.7999999970197678 43.28482295572758
    endloop
  endfacet
  facet normal 0 1 0
    outer loop
      vertex 48.16 2.7999999970197678 5
      vertex 91.12 2.7999999970197678 43.28482295572758
      vertex 91.12 2.7999999970197678 5
    endloop
  endfacet
  facet normal 0 -0.269340061663826 0.9630451345512974
    outer loop
      vertex 48.16 30.837526686489582 3.0384294390678406
      vertex 68.43999999761581 31.131386324763298 3.1206147596240044
      vertex 48.16 31.131386324763298 3.1206147596240044
    endloop
  endfacet
  facet normal 0 -0.09801713918082348 0.9951847267853376
    outer loop
      vertex 48.16 30.447346039116383 3
      vertex 91.12 30.447346039116383 3
      vertex 48.16 30.837526686489582 3.0384294390678406
    endloop
  endfacet
  facet normal 0 -0.09801713918081954 0.995184726785338
    outer loop
      vertex 48.16 30.837526686489582 3.0384294390678406
      vertex 68.43999999761581 30.799999997019768 3.0347333828023473
      vertex 68.43999999761581 30.837526686489582 3.0384294390678406
    endloop
  endfacet
  facet normal 0 -0.269340061663826 0.9630451345512974
    outer loop
      vertex 48.16 30.837526686489582 3.0384294390678406
      vertex 68.43999999761581 30.837526686489582 3.0384294390678406
      vertex 68.43999999761581 31.131386324763298 3.1206147596240044
    endloop
  endfacet
  facet normal 0 -0.3420201431981685 0.9396926208323148
    outer loop
      vertex 48.16 31.131386324763298 3.1206147596240044
      vertex 68.43999999761581 31.131386324763298 3.1206147596240044
      vertex 68.43999999761581 45.99997429920494 8.5323382056045
    endloop
  endfacet
  facet normal -9.247360005332322e-18 -0.09801713918082448 0.9951847267853375
    outer loop
      vertex 48.16 30.837526686489582 3.0384294390678406
      vertex 91.12 30.447346039116383 3
      vertex 68.43999999761581 30.799999997019768 3.0347333828023473
    endloop
  endfacet
  facet normal 0 0 1
    outer loop
      vertex 48.16 30.447346039116383 3
      vertex 91.12 4.799999997019768 3
      vertex 91.12 30.447346039116383 3
    endloop
  endfacet
  facet normal 0 -0.09801713918082391 0.9951847267853375
    outer loop
      vertex 68.43999999761581 30.799999997019768 3.0347333828023473
      vertex 91.12 30.447346039116383 3
      vertex 70.84000000357628 30.799999997019768 3.0347333828023473
    endloop
  endfacet
  facet normal 0 -0.09801713918081954 0.995184726785338
    outer loop
      vertex 70.84000000357628 30.837526686489582 3.0384294390678406
      vertex 70.84000000357628 30.799999997019768 3.0347333828023473
      vertex 91.12 30.837526686489582 3.0384294390678406
    endloop
  endfacet
  facet normal 0 -0.26934006166382596 0.9630451345512974
    outer loop
      vertex 70.84000000357628 30.837526686489582 3.0384294390678406
      vertex 91.12 31.131386324763298 3.1206147596240044
      vertex 70.84000000357628 31.131386324763298 3.1206147596240044
    endloop
  endfacet
  facet normal -1 0 0
    outer loop
      vertex 91.12 3.385786436498165 3.5857864394783974
      vertex 91.12 30.80693806707859 39.01171997189522
      vertex 91.12 3.6888595297932625 3.337060771882534
    endloop
  endfacet
  facet normal -1 0 0
    outer loop
      vertex 91.12 3.6888595297932625 3.337060771882534
      vertex 91.12 30.80693806707859 39.01171997189522
      vertex 91.12 4.034633129835129 3.1522409319877625
    endloop
  endfacet
  facet normal -1 0 0
    outer loop
      vertex 91.12 4.034633129835129 3.1522409319877625
      vertex 91.12 30.80693806707859 39.01171997189522
      vertex 91.12 4.409819349646568 3.0384294390678406
    endloop
  endfacet
  facet normal -1 0 0
    outer loop
      vertex 91.12 4.409819349646568 3.0384294390678406
      vertex 91.12 30.80693806707859 39.01171997189522
      vertex 91.12 4.799999997019768 3
    endloop
  endfacet
  facet normal -1 0 0
    outer loop
      vertex 91.12 2.95224092900753 4.234633132815361
      vertex 91.12 30.80693806707859 39.01171997189522
      vertex 91.12 3.137060768902302 3.8888595327734947
    endloop
  endfacet
  facet normal -1 0 0
    outer loop
      vertex 91.12 2.95224092900753 4.234633132815361
      vertex 91.12 2.8384294360876083 4.6098193526268005
      vertex 91.12 30.80693806707859 39.01171997189522
    endloop
  endfacet
  facet normal -1 0 0
    outer loop
      vertex 91.12 3.137060768902302 3.8888595327734947
      vertex 91.12 30.80693806707859 39.01171997189522
      vertex 91.12 3.385786436498165 3.5857864394783974
    endloop
  endfacet
  facet normal -1 0 0
    outer loop
      vertex 91.12 2.8384294360876083 4.6098193526268005
      vertex 91.12 2.7999999970197678 5
      vertex 91.12 30.80693806707859 39.01171997189522
    endloop
  endfacet
  facet normal -1 0 0
    outer loop
      vertex 91.12 2.7999999970197678 5
      vertex 91.12 2.7999999970197678 43.28482295572758
      vertex 91.12 3.548982873558998 44.84525755792856
    endloop
  endfacet
  facet normal 7.390598106238803e-18 -0.09801713918082348 0.9951847267853376
    outer loop
      vertex 70.84000000357628 30.799999997019768 3.0347333828023473
      vertex 91.12 30.447346039116383 3
      vertex 91.12 30.837526686489582 3.0384294390678406
    endloop
  endfacet
  facet normal 0 -0.26934006166382596 0.9630451345512974
    outer loop
      vertex 70.84000000357628 30.837526686489582 3.0384294390678406
      vertex 91.12 30.837526686489582 3.0384294390678406
      vertex 91.12 31.131386324763298 3.1206147596240044
    endloop
  endfacet
  facet normal -1 0 0
    outer loop
      vertex 91.12 4.799999997019768 3
      vertex 91.12 30.80693806707859 39.01171997189522
      vertex 91.12 30.447346039116383 3
    endloop
  endfacet
  facet normal -1 0 0
    outer loop
      vertex 91.12 30.447346039116383 3
      vertex 91.12 30.80693806707859 39.01171997189522
      vertex 91.12 30.837526686489582 3.0384294390678406
    endloop
  endfacet
  facet normal -1 0 0
    outer loop
      vertex 91.12 30.837526686489582 3.0384294390678406
      vertex 91.12 30.80693806707859 39.01171997189522
      vertex 91.12 31.131386324763298 3.1206147596240044
    endloop
  endfacet
  facet normal 0 -0.3420201431981685 0.9396926208323146
    outer loop
      vertex 70.84000000357628 31.131386324763298 3.1206147596240044
      vertex 91.12 31.131386324763298 3.1206147596240044
      vertex 91.12 60.8686136752367 13.944080360233784
    endloop
  endfacet
  facet normal -1 0 0
    outer loop
      vertex 91.12 2.7999999970197678 5
      vertex 91.12 30.799999997019768 39.07639529556036
      vertex 91.12 30.804101273417473 39.02278860658407
    endloop
  endfacet
  facet normal -1 0 0
    outer loop
      vertex 91.12 2.7999999970197678 5
      vertex 91.12 30.804101273417473 39.02278860658407
      vertex 91.12 30.80693806707859 39.01171997189522
    endloop
  endfacet
  facet normal -1 0 0
    outer loop
      vertex 91.12 31.131386324763298 3.1206147596240044
      vertex 91.12 30.80693806707859 39.01171997189522
      vertex 91.12 60.8686136752367 13.944080360233784
    endloop
  endfacet
  facet normal -1 0 0
    outer loop
      vertex 91.12 30.80693806707859 39.01171997189522
      vertex 91.12 30.89232823997736 39.033604726195335
      vertex 91.12 60.8686136752367 13.944080360233784
    endloop
  endfacet
  facet normal 0 0.9984984462299653 -0.05478004085746
    outer loop
      vertex 48.16 2.7999999970197678 43.28482295572758
      vertex 48.16 2.8120034113526344 43.5036141499877
      vertex 91.12 2.8120034113526344 43.5036141499877
    endloop
  endfacet
  facet normal 0 0.9784892719391062 -0.20629770890651652
    outer loop
      vertex 48.16 2.8120034113526344 43.5036141499877
      vertex 48.16 2.892886258661747 43.887249037623405
      vertex 91.12 2.892886258661747 43.887249037623405
    endloop
  endfacet
  facet normal 0 0.9194411921313657 -0.3932275349108367
    outer loop
      vertex 48.16 2.892886258661747 43.887249037623405
      vertex 48.16 3.0470584109425545 44.247733019292355
      vertex 91.12 3.0470584109425545 44.247733019292355
    endloop
  endfacet
  facet normal 0 0.8250595065014482 -0.5650458483447042
    outer loop
      vertex 48.16 3.0470584109425545 44.247733019292355
      vertex 48.16 3.2685951218008995 44.57121291011572
      vertex 91.12 3.2685951218008995 44.57121291011572
    endloop
  endfacet
  facet normal 0 0.6989712302385408 -0.7151497880156441
    outer loop
      vertex 48.16 3.2685951218008995 44.57121291011572
      vertex 48.16 3.548982873558998 44.84525755792856
      vertex 91.12 3.548982873558998 44.84525755792856
    endloop
  endfacet
  facet normal 0 0.9984984462299653 -0.05478004085746
    outer loop
      vertex 48.16 2.7999999970197678 43.28482295572758
      vertex 91.12 2.8120034113526344 43.5036141499877
      vertex 91.12 2.7999999970197678 43.28482295572758
    endloop
  endfacet
  facet normal 0 0.9784892719391062 -0.20629770890651652
    outer loop
      vertex 48.16 2.8120034113526344 43.5036141499877
      vertex 91.12 2.892886258661747 43.887249037623405
      vertex 91.12 2.8120034113526344 43.5036141499877
    endloop
  endfacet
  facet normal 0 0.9194411921313657 -0.3932275349108367
    outer loop
      vertex 48.16 2.892886258661747 43.887249037623405
      vertex 91.12 3.0470584109425545 44.247733019292355
      vertex 91.12 2.892886258661747 43.887249037623405
    endloop
  endfacet
  facet normal 0 0.6255085627533581 -0.7802173017321702
    outer loop
      vertex 48.16 3.548982873558998 44.84525755792856
      vertex 78.61832753139053 20.56480831009003 58.4870269588848
      vertex 91.12 3.548982873558998 44.84525755792856
    endloop
  endfacet
  facet normal 0 0.8250595065014482 -0.5650458483447042
    outer loop
      vertex 48.16 3.0470584109425545 44.247733019292355
      vertex 91.12 3.2685951218008995 44.57121291011572
      vertex 91.12 3.0470584109425545 44.247733019292355
    endloop
  endfacet
  facet normal 0 0.6989712302385408 -0.7151497880156441
    outer loop
      vertex 48.16 3.2685951218008995 44.57121291011572
      vertex 91.12 3.548982873558998 44.84525755792856
      vertex 91.12 3.2685951218008995 44.57121291011572
    endloop
  endfacet
  facet normal -8.557294281458988e-17 0.6255085627533582 -0.7802173017321703
    outer loop
      vertex 48.16 3.548982873558998 44.84525755792856
      vertex 48.16 20.564817168185904 58.487034060515086
      vertex 78.61832753139053 20.56480831009003 58.4870269588848
    endloop
  endfacet
  facet normal 2.0392352249474454e-14 0.6255086055866336 -0.7802172673922728
    outer loop
      vertex 48.16 20.564817168185904 58.487034060515086
      vertex 77.28604609872995 20.56480878901132 58.48702734284113
      vertex 78.61832753139053 20.56480831009003 58.4870269588848
    endloop
  endfacet
  facet normal 0 -0.9686916073662104 -0.24826713398729938
    outer loop
      vertex 48.16 30.80693806707859 39.01171997189522
      vertex 68.43999999761581 30.804101273417473 39.02278860658407
      vertex 48.16 30.804101273417473 39.02278860658407
    endloop
  endfacet
  facet normal 0 -0.9970861400717311 -0.076283872980178
    outer loop
      vertex 48.16 30.804101273417473 39.02278860658407
      vertex 68.43999999761581 30.799999997019768 39.07639529556036
      vertex 48.16 30.799999997019768 39.07639529556036
    endloop
  endfacet
  facet normal 0 0.24826718149920501 -0.9686915951893259
    outer loop
      vertex 48.16 30.80693806707859 39.01171997189522
      vertex 48.16 30.89232823997736 39.033604726195335
      vertex 68.43999999761581 30.80693806707859 39.01171997189522
    endloop
  endfacet
  facet normal 0 -0.9686916073662104 -0.24826713398729938
    outer loop
      vertex 48.16 30.80693806707859 39.01171997189522
      vertex 68.43999999761581 30.80693806707859 39.01171997189522
      vertex 68.43999999761581 30.804101273417473 39.02278860658407
    endloop
  endfacet
  facet normal 0 -0.9970861400717311 -0.076283872980178
    outer loop
      vertex 48.16 30.804101273417473 39.02278860658407
      vertex 68.43999999761581 30.804101273417473 39.02278860658407
      vertex 68.43999999761581 30.799999997019768 39.07639529556036
    endloop
  endfacet
  facet normal 0 0.24826718149920501 -0.9686915951893259
    outer loop
      vertex 48.16 30.89232823997736 39.033604726195335
      vertex 68.43999999761581 30.89232823997736 39.033604726195335
      vertex 68.43999999761581 30.80693806707859 39.01171997189522
    endloop
  endfacet
  facet normal 0 -1 0
    outer loop
      vertex 48.16 30.799999997019768 39.07639529556036
      vertex 68.43999999761581 30.799999997019768 39.07639529556036
      vertex 53.64 30.799999997019768 55.378692411729695
    endloop
  endfacet
  facet normal 0 -1 0
    outer loop
      vertex 68.43999999761581 30.799999997019768 39.07639529556036
      vertex 70.84000000357628 30.799999997019768 39.07639529556036
      vertex 53.64 30.799999997019768 55.378692411729695
    endloop
  endfacet
  facet normal 0 0.3420201433279512 -0.9396926207850775
    outer loop
      vertex 48.16 30.89232823997736 39.033604726195335
      vertex 48.16 61.12821190804243 50.03856638818979
      vertex 68.43999999761581 30.89232823997736 39.033604726195335
    endloop
  endfacet
  facet normal 0 0.24826718149920501 -0.9686915951893259
    outer loop
      vertex 70.84000000357628 30.80693806707859 39.01171997189522
      vertex 70.84000000357628 30.89232823997736 39.033604726195335
      vertex 91.12 30.80693806707859 39.01171997189522
    endloop
  endfacet
  facet normal 0 -0.9686916073662104 -0.24826713398729938
    outer loop
      vertex 70.84000000357628 30.80693806707859 39.01171997189522
      vertex 91.12 30.804101273417473 39.02278860658407
      vertex 70.84000000357628 30.804101273417473 39.02278860658407
    endloop
  endfacet
  facet normal 0 -0.9970861400717314 -0.07628387298017804
    outer loop
      vertex 70.84000000357628 30.804101273417473 39.02278860658407
      vertex 91.12 30.799999997019768 39.07639529556036
      vertex 70.84000000357628 30.799999997019768 39.07639529556036
    endloop
  endfacet
  facet normal 0 -1 0
    outer loop
      vertex 70.84000000357628 30.799999997019768 39.07639529556036
      vertex 91.12 30.799999997019768 39.07639529556036
      vertex 53.64 30.799999997019768 55.378692411729695
    endloop
  endfacet
  facet normal 0 -1 0
    outer loop
      vertex 91.12 30.799999997019768 39.07639529556036
      vertex 85.64 30.799999997019768 55.378692411729695
      vertex 53.64 30.799999997019768 55.378692411729695
    endloop
  endfacet
  facet normal 0 0.3420201433279515 -0.9396926207850775
    outer loop
      vertex 70.84000000357628 30.89232823997736 39.033604726195335
      vertex 70.84000000357628 49.20000000298023 45.697052306694594
      vertex 91.12 30.89232823997736 39.033604726195335
    endloop
  endfacet
  facet normal 0 0.5910951801371219 -0.8066018150355623
    outer loop
      vertex 48.16 27.54898288553966 64.08631447835558
      vertex 48.16 27.688859529793262 64.18881909549236
      vertex 91.12 27.54898288553966 64.08631447835558
    endloop
  endfacet
  facet normal 0 0.47139673713269076 -0.8819212641844241
    outer loop
      vertex 48.16 27.688859529793262 64.18881909549236
      vertex 48.16 28.03463312983513 64.37363893538713
      vertex 91.12 28.03463312983513 64.37363893538713
    endloop
  endfacet
  facet normal 0 0.29028467119332607 -0.9569403375708344
    outer loop
      vertex 48.16 28.03463312983513 64.37363893538713
      vertex 48.16 28.40981934964657 64.48745042830706
      vertex 91.12 28.40981934964657 64.48745042830706
    endloop
  endfacet
  facet normal 0 0.09801713918082348 -0.9951847267853376
    outer loop
      vertex 48.16 28.40981934964657 64.48745042830706
      vertex 48.16 28.799999997019768 64.5258798673749
      vertex 91.12 28.799999997019768 64.5258798673749
    endloop
  endfacet
  facet normal 0 -0.09801713918082348 -0.9951847267853376
    outer loop
      vertex 48.16 28.799999997019768 64.5258798673749
      vertex 48.16 29.190180644392967 64.48745042830706
      vertex 91.12 29.190180644392967 64.48745042830706
    endloop
  endfacet
  facet normal 0 -0.29028467119332607 -0.9569403375708344
    outer loop
      vertex 48.16 29.190180644392967 64.48745042830706
      vertex 48.16 29.565366864204407 64.37363893538713
      vertex 91.12 29.565366864204407 64.37363893538713
    endloop
  endfacet
  facet normal 0 -0.47139673713269076 -0.8819212641844241
    outer loop
      vertex 48.16 29.565366864204407 64.37363893538713
      vertex 48.16 29.911140464246273 64.18881909549236
      vertex 91.12 29.911140464246273 64.18881909549236
    endloop
  endfacet
  facet normal 0 -0.6343932961394979 -0.7730104435344087
    outer loop
      vertex 48.16 29.911140464246273 64.18881909549236
      vertex 53.64 30.2 63.95175819348144
      vertex 85.64 30.2 63.95175819348144
    endloop
  endfacet
  facet normal 4.0858534030562004e-17 -0.634393296139501 -0.7730104435344062
    outer loop
      vertex 48.16 29.911140464246273 64.18881909549236
      vertex 85.64 30.2 63.95175819348144
      vertex 91.12 30.21421355754137 63.9400934278965
    endloop
  endfacet
  facet normal 0 0.5910951801371219 -0.8066018150355623
    outer loop
      vertex 48.16 27.688859529793262 64.18881909549236
      vertex 91.12 27.688859529793262 64.18881909549236
      vertex 91.12 27.54898288553966 64.08631447835558
    endloop
  endfacet
  facet normal 0 0.47139673713269076 -0.8819212641844241
    outer loop
      vertex 48.16 27.688859529793262 64.18881909549236
      vertex 91.12 28.03463312983513 64.37363893538713
      vertex 91.12 27.688859529793262 64.18881909549236
    endloop
  endfacet
  facet normal 0 0.29028467119332607 -0.9569403375708344
    outer loop
      vertex 48.16 28.03463312983513 64.37363893538713
      vertex 91.12 28.40981934964657 64.48745042830706
      vertex 91.12 28.03463312983513 64.37363893538713
    endloop
  endfacet
  facet normal 0 0.09801713918082348 -0.9951847267853376
    outer loop
      vertex 48.16 28.40981934964657 64.48745042830706
      vertex 91.12 28.799999997019768 64.5258798673749
      vertex 91.12 28.40981934964657 64.48745042830706
    endloop
  endfacet
  facet normal 0 -0.09801713918082348 -0.9951847267853376
    outer loop
      vertex 48.16 28.799999997019768 64.5258798673749
      vertex 91.12 29.190180644392967 64.48745042830706
      vertex 91.12 28.799999997019768 64.5258798673749
    endloop
  endfacet
  facet normal 0 -0.29028467119332607 -0.9569403375708344
    outer loop
      vertex 48.16 29.190180644392967 64.48745042830706
      vertex 91.12 29.565366864204407 64.37363893538713
      vertex 91.12 29.190180644392967 64.48745042830706
    endloop
  endfacet
  facet normal 0 -0.47139673713269076 -0.8819212641844241
    outer loop
      vertex 48.16 29.565366864204407 64.37363893538713
      vertex 91.12 29.911140464246273 64.18881909549236
      vertex 91.12 29.565366864204407 64.37363893538713
    endloop
  endfacet
  facet normal 0 -0.6343932961394977 -0.7730104435344091
    outer loop
      vertex 48.16 29.911140464246273 64.18881909549236
      vertex 91.12 30.21421355754137 63.9400934278965
      vertex 91.12 29.911140464246273 64.18881909549236
    endloop
  endfacet
  facet normal -1 0 0
    outer loop
      vertex 91.12 2.7999999970197678 43.28482295572758
      vertex 91.12 2.8120034113526344 43.5036141499877
      vertex 91.12 3.548982873558998 44.84525755792856
    endloop
  endfacet
  facet normal -1 0 0
    outer loop
      vertex 91.12 2.7999999970197678 5
      vertex 91.12 3.548982873558998 44.84525755792856
      vertex 91.12 20.56483560562939 58.48704884201089
    endloop
  endfacet
  facet normal -1 0 0
    outer loop
      vertex 91.12 2.8120034113526344 43.5036141499877
      vertex 91.12 2.892886258661747 43.887249037623405
      vertex 91.12 3.548982873558998 44.84525755792856
    endloop
  endfacet
  facet normal -1 0 0
    outer loop
      vertex 91.12 2.892886258661747 43.887249037623405
      vertex 91.12 3.0470584109425545 44.247733019292355
      vertex 91.12 3.548982873558998 44.84525755792856
    endloop
  endfacet
  facet normal -1 0 0
    outer loop
      vertex 91.12 3.0470584109425545 44.247733019292355
      vertex 91.12 3.2685951218008995 44.57121291011572
      vertex 91.12 3.548982873558998 44.84525755792856
    endloop
  endfacet
  facet normal -1 0 0
    outer loop
      vertex 91.12 2.7999999970197678 5
      vertex 91.12 20.56483560562939 58.48704884201089
      vertex 91.12 27.688859529793262 64.18881909549236
    endloop
  endfacet
  facet normal -1 0 0
    outer loop
      vertex 91.12 2.7999999970197678 5
      vertex 91.12 30.462939225137234 63.6370203346014
      vertex 91.12 30.647759065032005 63.291246734559536
    endloop
  endfacet
  facet normal -1 0 0
    outer loop
      vertex 91.12 2.7999999970197678 5
      vertex 91.12 27.688859529793262 64.18881909549236
      vertex 91.12 28.03463312983513 64.37363893538713
    endloop
  endfacet
  facet normal -1 0 0
    outer loop
      vertex 91.12 2.7999999970197678 5
      vertex 91.12 28.03463312983513 64.37363893538713
      vertex 91.12 28.40981934964657 64.48745042830706
    endloop
  endfacet
  facet normal -1 0 0
    outer loop
      vertex 91.12 2.7999999970197678 5
      vertex 91.12 28.40981934964657 64.48745042830706
      vertex 91.12 28.799999997019768 64.5258798673749
    endloop
  endfacet
  facet normal -1 0 0
    outer loop
      vertex 91.12 2.7999999970197678 5
      vertex 91.12 28.799999997019768 64.5258798673749
      vertex 91.12 29.190180644392967 64.48745042830706
    endloop
  endfacet
  facet normal -1 0 0
    outer loop
      vertex 91.12 2.7999999970197678 5
      vertex 91.12 29.190180644392967 64.48745042830706
      vertex 91.12 29.565366864204407 64.37363893538713
    endloop
  endfacet
  facet normal -1 0 0
    outer loop
      vertex 91.12 2.7999999970197678 5
      vertex 91.12 29.565366864204407 64.37363893538713
      vertex 91.12 29.911140464246273 64.18881909549236
    endloop
  endfacet
  facet normal -1 0 0
    outer loop
      vertex 91.12 2.7999999970197678 5
      vertex 91.12 29.911140464246273 64.18881909549236
      vertex 91.12 30.21421355754137 63.9400934278965
    endloop
  endfacet
  facet normal -1 0 0
    outer loop
      vertex 91.12 2.7999999970197678 5
      vertex 91.12 30.21421355754137 63.9400934278965
      vertex 91.12 30.462939225137234 63.6370203346014
    endloop
  endfacet
  facet normal 3.919066902597759e-18 0.6255085627533581 -0.7802173017321701
    outer loop
      vertex 78.61832753139053 20.56480831009003 58.4870269588848
      vertex 91.12 20.56483560562939 58.48704884201089
      vertex 91.12 3.548982873558998 44.84525755792856
    endloop
  endfacet
  facet normal 0 -0.9686916073662104 -0.24826713398729938
    outer loop
      vertex 70.84000000357628 30.80693806707859 39.01171997189522
      vertex 91.12 30.80693806707859 39.01171997189522
      vertex 91.12 30.804101273417473 39.02278860658407
    endloop
  endfacet
  facet normal 0 -0.9970861400717314 -0.07628387298017804
    outer loop
      vertex 70.84000000357628 30.804101273417473 39.02278860658407
      vertex 91.12 30.804101273417473 39.02278860658407
      vertex 91.12 30.799999997019768 39.07639529556036
    endloop
  endfacet
  facet normal 0 0.24826718149920501 -0.9686915951893259
    outer loop
      vertex 70.84000000357628 30.89232823997736 39.033604726195335
      vertex 91.12 30.89232823997736 39.033604726195335
      vertex 91.12 30.80693806707859 39.01171997189522
    endloop
  endfacet
  facet normal -1 0 0
    outer loop
      vertex 91.12 2.7999999970197678 5
      vertex 91.12 30.799999997019768 62.5258798673749
      vertex 91.12 30.799999997019768 39.07639529556036
    endloop
  endfacet
  facet normal -1 0 0
    outer loop
      vertex 91.12 2.7999999970197678 5
      vertex 91.12 30.761570557951927 62.9160605147481
      vertex 91.12 30.799999997019768 62.5258798673749
    endloop
  endfacet
  facet normal -1 0 0
    outer loop
      vertex 91.12 2.7999999970197678 5
      vertex 91.12 30.647759065032005 63.291246734559536
      vertex 91.12 30.761570557951927 62.9160605147481
    endloop
  endfacet
  facet normal 0 -1 0
    outer loop
      vertex 91.12 30.799999997019768 39.07639529556036
      vertex 91.12 30.799999997019768 62.5258798673749
      vertex 85.64 30.799999997019768 55.378692411729695
    endloop
  endfacet
  facet normal 0 -1 0
    outer loop
      vertex 91.12 30.799999997019768 62.5258798673749
      vertex 85.64 30.799999997019768 62.5258798673749
      vertex 85.64 30.799999997019768 55.378692411729695
    endloop
  endfacet
  facet normal 0 -0.9569403375708345 -0.290284671193326
    outer loop
      vertex 91.12 30.647759065032005 63.291246734559536
      vertex 85.64 30.647759065032005 63.291246734559536
      vertex 85.64 30.761570557951927 62.9160605147481
    endloop
  endfacet
  facet normal 0 -0.773010443534409 -0.6343932961394976
    outer loop
      vertex 91.12 30.21421355754137 63.9400934278965
      vertex 85.64 30.21421355754137 63.9400934278965
      vertex 85.64 30.462939225137234 63.6370203346014
    endloop
  endfacet
  facet normal 0 -0.8819212641844242 -0.4713967371326908
    outer loop
      vertex 91.12 30.462939225137234 63.6370203346014
      vertex 85.64 30.462939225137234 63.6370203346014
      vertex 85.64 30.647759065032005 63.291246734559536
    endloop
  endfacet
  facet normal 0 -0.9951847267853376 -0.0980171391808235
    outer loop
      vertex 91.12 30.761570557951927 62.9160605147481
      vertex 85.64 30.761570557951927 62.9160605147481
      vertex 85.64 30.799999997019768 62.5258798673749
    endloop
  endfacet
  facet normal 0 -0.8819212641844242 -0.4713967371326908
    outer loop
      vertex 91.12 30.647759065032005 63.291246734559536
      vertex 91.12 30.462939225137234 63.6370203346014
      vertex 85.64 30.647759065032005 63.291246734559536
    endloop
  endfacet
  facet normal 0 -0.773010443534409 -0.6343932961394976
    outer loop
      vertex 91.12 30.462939225137234 63.6370203346014
      vertex 91.12 30.21421355754137 63.9400934278965
      vertex 85.64 30.462939225137234 63.6370203346014
    endloop
  endfacet
  facet normal 0 -0.9951847267853376 -0.0980171391808235
    outer loop
      vertex 91.12 30.799999997019768 62.5258798673749
      vertex 91.12 30.761570557951927 62.9160605147481
      vertex 85.64 30.799999997019768 62.5258798673749
    endloop
  endfacet
  facet normal 0 -0.9569403375708345 -0.290284671193326
    outer loop
      vertex 91.12 30.647759065032005 63.291246734559536
      vertex 85.64 30.761570557951927 62.9160605147481
      vertex 91.12 30.761570557951927 62.9160605147481
    endloop
  endfacet
  facet normal 0 -0.6343932961394922 -0.7730104435344134
    outer loop
      vertex 91.12 30.21421355754137 63.9400934278965
      vertex 85.64 30.2 63.95175819348144
      vertex 85.64 30.21421355754137 63.9400934278965
    endloop
  endfacet
  facet normal -1 0 0
    outer loop
      vertex 91.12 20.56483560562939 58.48704884201089
      vertex 91.12 27.54898288553966 64.08631447835558
      vertex 91.12 27.688859529793262 64.18881909549236
    endloop
  endfacet
  facet normal 0 -0.3420201431981685 0.9396926208323146
    outer loop
      vertex 48.16 31.131386324763298 3.1206147596240044
      vertex 68.43999999761581 45.99997429920494 8.5323382056045
      vertex 48.16 60.8686136752367 13.944080360233784
    endloop
  endfacet
  facet normal 0 -0.3420201431981694 0.9396926208323143
    outer loop
      vertex 48.16 60.8686136752367 13.944080360233784
      vertex 68.43999999761581 45.99997429920494 8.5323382056045
      vertex 69.64001392310907 45.999990362321704 8.532344052100868
    endloop
  endfacet
  facet normal -1.1476125887571325e-15 -0.3420201431981723 0.9396926208323133
    outer loop
      vertex 48.16 60.8686136752367 13.944080360233784
      vertex 69.64001392310907 45.999990362321704 8.532344052100868
      vertex 70.42260799402794 45.999994603353635 8.532345595710254
    endloop
  endfacet
  facet normal 0 -0.3420201431981644 0.9396926208323162
    outer loop
      vertex 48.16 60.8686136752367 13.944080360233784
      vertex 70.42260799402794 45.999994603353635 8.532345595710254
      vertex 70.84000000357628 46.00001216772027 8.53235198861689
    endloop
  endfacet
  facet normal 4.598955128053924e-18 -0.43247920129175693 0.9016439100055209
    outer loop
      vertex 48.16 60.8686136752367 13.944080360233784
      vertex 69.60686136802138 60.86861367805661 13.944080361586371
      vertex 48.16 61.22211990505457 14.113641858100891
    endloop
  endfacet
  facet normal -3.476925998785634e-17 -0.4324792012917589 0.90164391000552
    outer loop
      vertex 48.16 61.22211990505457 14.113641858100891
      vertex 69.60686136802138 60.86861367805661 13.944080361586371
      vertex 69.64000000059605 61.20000000298023 14.103031907237138
    endloop
  endfacet
  facet normal 0 -0.4324791728564604 0.9016439236446901
    outer loop
      vertex 48.16 60.8686136752367 13.944080360233784
      vertex 69.67313863317071 60.86861367805661 13.944080361586371
      vertex 69.60686136802138 60.86861367805661 13.944080361586371
    endloop
  endfacet
  facet normal 0 -0.5824777059465526 0.8128466780858746
    outer loop
      vertex 48.16 61.22211990505457 14.113641858100891
      vertex 91.12 61.22211990505457 14.113641858100891
      vertex 48.16 61.47014860808849 14.29137671738863
    endloop
  endfacet
  facet normal 0 -0.3420201431981685 0.9396926208323146
    outer loop
      vertex 70.84000000357628 31.131386324763298 3.1206147596240044
      vertex 91.12 60.8686136752367 13.944080360233784
      vertex 70.84000000357628 46.00001216772027 8.53235198861689
    endloop
  endfacet
  facet normal 0 -0.3420201431981685 0.9396926208323146
    outer loop
      vertex 48.16 60.8686136752367 13.944080360233784
      vertex 70.84000000357628 46.00001216772027 8.53235198861689
      vertex 91.12 60.8686136752367 13.944080360233784
    endloop
  endfacet
  facet normal 0 -0.43247917285645515 0.9016439236446928
    outer loop
      vertex 48.16 60.8686136752367 13.944080360233784
      vertex 91.12 60.8686136752367 13.944080360233784
      vertex 69.67313863317071 60.86861367805661 13.944080361586371
    endloop
  endfacet
  facet normal 0 -0.43247920129173145 0.9016439100055331
    outer loop
      vertex 48.16 61.22211990505457 14.113641858100891
      vertex 69.64000000059605 61.20000000298023 14.103031907237138
      vertex 91.12 61.22211990505457 14.113641858100891
    endloop
  endfacet
  facet normal 3.427491032168454e-17 -0.4324792012917589 0.90164391000552
    outer loop
      vertex 69.67313863317071 60.86861367805661 13.944080361586371
      vertex 91.12 61.22211990505457 14.113641858100891
      vertex 69.64000000059605 61.20000000298023 14.103031907237138
    endloop
  endfacet
  facet normal 0 -0.5824777059465526 0.8128466780858746
    outer loop
      vertex 48.16 61.47014860808849 14.29137671738863
      vertex 91.12 61.22211990505457 14.113641858100891
      vertex 91.12 61.47014860808849 14.29137671738863
    endloop
  endfacet
  facet normal -4.59895512830955e-18 -0.432479201291757 0.901643910005521
    outer loop
      vertex 69.67313863317071 60.86861367805661 13.944080361586371
      vertex 91.12 60.8686136752367 13.944080360233784
      vertex 91.12 61.22211990505457 14.113641858100891
    endloop
  endfacet
  facet normal -1 0 0
    outer loop
      vertex 91.12 30.89232823997736 39.033604726195335
      vertex 91.12 61.12821190804243 50.03856638818979
      vertex 91.12 60.8686136752367 13.944080360233784
    endloop
  endfacet
  facet normal -1.4386824281444622e-16 0.3420201433279512 -0.9396926207850776
    outer loop
      vertex 48.16 61.12821190804243 50.03856638818979
      vertex 68.43999999761581 49.20000000298023 45.69705230669459
      vertex 68.43999999761581 30.89232823997736 39.033604726195335
    endloop
  endfacet
  facet normal 0 0.41270700304606855 -0.9108638370452152
    outer loop
      vertex 48.16 61.17718295753002 50.060754880309105
      vertex 69.63282119108443 61.12821190804243 50.03856638818979
      vertex 48.16 61.12821190804243 50.03856638818979
    endloop
  endfacet
  facet normal 0 0.3420201433279513 -0.9396926207850776
    outer loop
      vertex 48.16 61.12821190804243 50.03856638818979
      vertex 69.63282119108443 61.12821190804243 50.03856638818979
      vertex 68.43999999761581 49.20000000298023 45.69705230669459
    endloop
  endfacet
  facet normal 0 0.4127070030460686 -0.9108638370452152
    outer loop
      vertex 48.16 61.17718295753002 50.060754880309105
      vertex 69.63771829604536 61.17718295753002 50.060754880309105
      vertex 69.63282119108443 61.12821190804243 50.03856638818979
    endloop
  endfacet
  facet normal 0 0.5646069381975749 -0.8253599247232445
    outer loop
      vertex 48.16 61.17718295753002 50.060754880309105
      vertex 69.64000000059605 61.20000000298023 50.07636341881996
      vertex 69.63771829604536 61.17718295753002 50.060754880309105
    endloop
  endfacet
  facet normal 0 0.5646069381976784 -0.8253599247231738
    outer loop
      vertex 48.16 61.17718295753002 50.060754880309105
      vertex 48.16 61.27526671439409 50.12785138934851
      vertex 91.12 61.27526671439409 50.12785138934851
    endloop
  endfacet
  facet normal -3.01510784821958e-16 0.5646069381977684 -0.8253599247231121
    outer loop
      vertex 48.16 61.17718295753002 50.060754880309105
      vertex 91.12 61.27526671439409 50.12785138934851
      vertex 69.64000000059605 61.20000000298023 50.07636341881996
    endloop
  endfacet
  facet normal 0 0.3420201433279509 -0.9396926207850778
    outer loop
      vertex 70.84000000357628 49.20000000298023 45.697052306694594
      vertex 69.64717881010766 61.12821190804243 50.03856638818979
      vertex 91.12 61.12821190804243 50.03856638818979
    endloop
  endfacet
  facet normal 0 0.41270700304606855 -0.9108638370452151
    outer loop
      vertex 69.64717881010766 61.12821190804243 50.03856638818979
      vertex 69.64228170514673 61.17718295753002 50.060754880309105
      vertex 91.12 61.17718295753002 50.060754880309105
    endloop
  endfacet
  facet normal 6.928416999568534e-16 0.564606938197575 -0.8253599247232445
    outer loop
      vertex 69.64228170514673 61.17718295753002 50.060754880309105
      vertex 69.64000000059605 61.20000000298023 50.07636341881996
      vertex 91.12 61.27526671439409 50.12785138934851
    endloop
  endfacet
  facet normal -2.6133443913566856e-16 0.3420201433279512 -0.9396926207850776
    outer loop
      vertex 91.12 30.89232823997736 39.033604726195335
      vertex 70.84000000357628 49.20000000298023 45.697052306694594
      vertex 91.12 61.12821190804243 50.03856638818979
    endloop
  endfacet
  facet normal -1 0 0
    outer loop
      vertex 91.12 60.8686136752367 13.944080360233784
      vertex 91.12 61.12821190804243 50.03856638818979
      vertex 91.12 61.17718295753002 50.060754880309105
    endloop
  endfacet
  facet normal -1 0 0
    outer loop
      vertex 91.12 60.8686136752367 13.944080360233784
      vertex 91.12 61.17718295753002 50.060754880309105
      vertex 91.12 61.27526671439409 50.12785138934851
    endloop
  endfacet
  facet normal 0 0.4127070030460686 -0.9108638370452152
    outer loop
      vertex 69.64717881010766 61.12821190804243 50.03856638818979
      vertex 91.12 61.17718295753002 50.060754880309105
      vertex 91.12 61.12821190804243 50.03856638818979
    endloop
  endfacet
  facet normal 0 0.5646069381976784 -0.8253599247231737
    outer loop
      vertex 69.64228170514673 61.17718295753002 50.060754880309105
      vertex 91.12 61.27526671439409 50.12785138934851
      vertex 91.12 61.17718295753002 50.060754880309105
    endloop
  endfacet
  facet normal 1 0 0
    outer loop
      vertex 48.16 60.8686136752367 13.944080360233784
      vertex 48.16 135.92575278133154 112.76704672724009
      vertex 48.16 61.27526671439409 50.12785138934851
    endloop
  endfacet
  facet normal 1 0 0
    outer loop
      vertex 48.16 60.8686136752367 13.944080360233784
      vertex 48.16 61.22211990505457 14.113641858100891
      vertex 48.16 165.0124584948341 138
    endloop
  endfacet
  facet normal 1 0 0
    outer loop
      vertex 48.16 61.22211990505457 14.113641858100891
      vertex 48.16 61.47014860808849 14.29137671738863
      vertex 48.16 165.0124584948341 138
    endloop
  endfacet
  facet normal 0 -0.6427876096924102 0.7660444431140516
    outer loop
      vertex 48.16 61.47014860808849 14.29137671738863
      vertex 91.12 61.47014860808849 14.29137671738863
      vertex 48.16 167.2855752184987 103.08106216043234
    endloop
  endfacet
  facet normal -1 0 0
    outer loop
      vertex 91.12 60.8686136752367 13.944080360233784
      vertex 91.12 61.27526671439409 50.12785138934851
      vertex 91.12 135.92575278133154 112.76704672724009
    endloop
  endfacet
  facet normal -1 0 0
    outer loop
      vertex 91.12 60.8686136752367 13.944080360233784
      vertex 91.12 165.0124584948341 138
      vertex 91.12 61.22211990505457 14.113641858100891
    endloop
  endfacet
  facet normal -1 0 0
    outer loop
      vertex 91.12 61.22211990505457 14.113641858100891
      vertex 91.12 165.0124584948341 138
      vertex 91.12 61.47014860808849 14.29137671738863
    endloop
  endfacet
  facet normal 1 0 0
    outer loop
      vertex 48.16 60.8686136752367 13.944080360233784
      vertex 48.16 135.98958934098482 112.8321183398366
      vertex 48.16 135.92575278133154 112.76704672724009
    endloop
  endfacet
  facet normal 1 0 0
    outer loop
      vertex 48.16 60.8686136752367 13.944080360233784
      vertex 48.16 165.0124584948341 138
      vertex 48.16 135.98958934098482 112.8321183398366
    endloop
  endfacet
  facet normal 1 0 0
    outer loop
      vertex 48.16 61.47014860808849 14.29137671738863
      vertex 48.16 167.2855752184987 103.08106216043234
      vertex 48.16 168 134.1715728789568
    endloop
  endfacet
  facet normal 1 0 0
    outer loop
      vertex 48.16 61.47014860808849 14.29137671738863
      vertex 48.16 165.06947587430477 137.93052411824465
      vertex 48.16 165.0124584948341 138
    endloop
  endfacet
  facet normal 1 0 0
    outer loop
      vertex 48.16 61.47014860808849 14.29137671738863
      vertex 48.16 165.1999999959444 137.79999999701977
      vertex 48.16 165.06947587430477 137.93052411824465
    endloop
  endfacet
  facet normal 1 0 0
    outer loop
      vertex 48.16 61.47014860808849 14.29137671738863
      vertex 48.16 167.96157056093216 134.56175352633
      vertex 48.16 167.84775906801224 134.93693974614143
    endloop
  endfacet
  facet normal 1 0 0
    outer loop
      vertex 48.16 61.47014860808849 14.29137671738863
      vertex 48.16 168 134.1715728789568
      vertex 48.16 167.96157056093216 134.56175352633
    endloop
  endfacet
  facet normal 1 0 0
    outer loop
      vertex 48.16 61.47014860808849 14.29137671738863
      vertex 48.16 167.4142135605216 135.5857864394784
      vertex 48.16 165.1999999959444 137.79999999701977
    endloop
  endfacet
  facet normal 1 0 0
    outer loop
      vertex 48.16 61.47014860808849 14.29137671738863
      vertex 48.16 167.84775906801224 134.93693974614143
      vertex 48.16 167.66293922811747 135.2827133461833
    endloop
  endfacet
  facet normal 1 0 0
    outer loop
      vertex 48.16 61.47014860808849 14.29137671738863
      vertex 48.16 167.66293922811747 135.2827133461833
      vertex 48.16 167.4142135605216 135.5857864394784
    endloop
  endfacet
  facet normal 1 0 0
    outer loop
      vertex 48.16 167.2855752184987 103.08106216043234
      vertex 48.16 167.55976896733046 103.36130409687757
      vertex 48.16 167.7740216627717 103.68965381383896
    endloop
  endfacet
  facet normal 1 0 0
    outer loop
      vertex 48.16 167.2855752184987 103.08106216043234
      vertex 48.16 167.7740216627717 103.68965381383896
      vertex 48.16 167.9200997054577 104.05349301546812
    endloop
  endfacet
  facet normal 1 0 0
    outer loop
      vertex 48.16 167.2855752184987 103.08106216043234
      vertex 48.16 167.9200997054577 104.05349301546812
      vertex 48.16 167.99238939583302 104.43883955478668
    endloop
  endfacet
  facet normal 1 0 0
    outer loop
      vertex 48.16 167.2855752184987 103.08106216043234
      vertex 48.16 167.99238939583302 104.43883955478668
      vertex 48.16 168 104.61315104365349
    endloop
  endfacet
  facet normal 1 0 0
    outer loop
      vertex 48.16 135.98958934098482 112.8321183398366
      vertex 48.16 165.0124584948341 138
      vertex 48.16 135.97070348262787 112.92313183099031
    endloop
  endfacet
  facet normal 1 0 0
    outer loop
      vertex 48.16 135.97070348262787 112.92313183099031
      vertex 48.16 136.39999999999998 138
      vertex 48.16 129.36425253748894 134.0717720016837
    endloop
  endfacet
  facet normal 1 0 0
    outer loop
      vertex 48.16 129.36425253748894 134.0717720016837
      vertex 48.16 136.39999999999998 138
      vertex 48.16 129.3066834807396 134.30409574508667
    endloop
  endfacet
  facet normal 1 0 0
    outer loop
      vertex 48.16 129.3066834807396 134.30409574508667
      vertex 48.16 136.39999999999998 138
      vertex 48.16 129.27345409989357 134.6947536021471
    endloop
  endfacet
  facet normal 1 0 0
    outer loop
      vertex 48.16 129.27345409989357 134.6947536021471
      vertex 48.16 136.39999999999998 138
      vertex 48.16 129.31707677990198 135.08438781648874
    endloop
  endfacet
  facet normal 1 0 0
    outer loop
      vertex 48.16 129.31707677990198 135.08438781648874
      vertex 48.16 136.39999999999998 138
      vertex 48.16 129.43587512522936 135.45802494883537
    endloop
  endfacet
  facet normal 1 0 0
    outer loop
      vertex 48.16 129.43587512522936 135.45802494883537
      vertex 48.16 136.39999999999998 138
      vertex 48.16 129.62528378516436 135.8013063520193
    endloop
  endfacet
  facet normal 1 0 0
    outer loop
      vertex 48.16 129.62528378516436 135.8013063520193
      vertex 48.16 133.2 138
      vertex 48.16 130.99962185082862 137.79999999701977
    endloop
  endfacet
  facet normal 1 0 0
    outer loop
      vertex 48.16 130.99962185082862 137.79999999701977
      vertex 48.16 133.2 138
      vertex 48.16 131.0881029367447 137.9286776408553
    endloop
  endfacet
  facet normal 1 0 0
    outer loop
      vertex 48.16 131.0881029367447 137.9286776408553
      vertex 48.16 133.2 138
      vertex 48.16 131.12622553549852 138
    endloop
  endfacet
  facet normal 1 0 0
    outer loop
      vertex 48.16 129.62528378516436 135.8013063520193
      vertex 48.16 136.39999999999998 138
      vertex 48.16 133.2 138
    endloop
  endfacet
  facet normal 1 0 0
    outer loop
      vertex 48.16 135.97070348262787 112.92313183099031
      vertex 48.16 165.0124584948341 138
      vertex 48.16 136.39999999999998 138
    endloop
  endfacet
  facet normal 1 0 0
    outer loop
      vertex 48.16 167.2855752184987 103.08106216043234
      vertex 48.16 168 104.61315104365349
      vertex 48.16 168 134.1715728789568
    endloop
  endfacet
  facet normal 0 0.6427876097583178 -0.7660444430587487
    outer loop
      vertex 48.16 61.27526671439409 50.12785138934851
      vertex 91.12 135.92575278133154 112.76704672724009
      vertex 91.12 61.27526671439409 50.12785138934851
    endloop
  endfacet
  facet normal 0 0.6427876097583178 -0.7660444430587487
    outer loop
      vertex 48.16 61.27526671439409 50.12785138934851
      vertex 48.16 135.92575278133154 112.76704672724009
      vertex 91.12 135.92575278133154 112.76704672724009
    endloop
  endfacet
  facet normal -1 0 0
    outer loop
      vertex 91.12 60.8686136752367 13.944080360233784
      vertex 91.12 135.92575278133154 112.76704672724009
      vertex 91.12 135.98958934098482 112.8321183398366
    endloop
  endfacet
  facet normal -1 0 0
    outer loop
      vertex 91.12 60.8686136752367 13.944080360233784
      vertex 91.12 135.98958934098482 112.8321183398366
      vertex 91.12 165.0124584948341 138
    endloop
  endfacet
  facet normal 0 -0.6427876096924102 0.7660444431140516
    outer loop
      vertex 91.12 61.47014860808849 14.29137671738863
      vertex 91.12 167.2855752184987 103.08106216043234
      vertex 48.16 167.2855752184987 103.08106216043234
    endloop
  endfacet
  facet normal 0 -0.7147778879927614 0.699351535950703
    outer loop
      vertex 48.16 167.2855752184987 103.08106216043234
      vertex 91.12 167.2855752184987 103.08106216043234
      vertex 48.16 167.55976896733046 103.36130409687757
    endloop
  endfacet
  facet normal 0 -0.8374803597584747 0.5464674253958931
    outer loop
      vertex 48.16 167.55976896733046 103.36130409687757
      vertex 91.12 167.55976896733046 103.36130409687757
      vertex 48.16 167.7740216627717 103.68965381383896
    endloop
  endfacet
  facet normal 0 -0.9279989130940465 0.37258289989781884
    outer loop
      vertex 48.16 167.7740216627717 103.68965381383896
      vertex 91.12 167.7740216627717 103.68965381383896
      vertex 48.16 167.9200997054577 104.05349301546812
    endloop
  endfacet
  facet normal 0 -0.9828549900138027 0.1843802283461212
    outer loop
      vertex 48.16 167.9200997054577 104.05349301546812
      vertex 91.12 167.9200997054577 104.05349301546812
      vertex 48.16 167.99238939583302 104.43883955478668
    endloop
  endfacet
  facet normal 0 -0.999048221531088 0.04361938852815863
    outer loop
      vertex 48.16 167.99238939583302 104.43883955478668
      vertex 91.12 167.99238939583302 104.43883955478668
      vertex 48.16 168 104.61315104365349
    endloop
  endfacet
  facet normal 0 -0.7147778879927614 0.699351535950703
    outer loop
      vertex 48.16 167.55976896733046 103.36130409687757
      vertex 91.12 167.2855752184987 103.08106216043234
      vertex 91.12 167.55976896733046 103.36130409687757
    endloop
  endfacet
  facet normal 0 -0.8374803597584747 0.5464674253958931
    outer loop
      vertex 48.16 167.7740216627717 103.68965381383896
      vertex 91.12 167.55976896733046 103.36130409687757
      vertex 91.12 167.7740216627717 103.68965381383896
    endloop
  endfacet
  facet normal 0 -0.9279989130940465 0.37258289989781884
    outer loop
      vertex 48.16 167.9200997054577 104.05349301546812
      vertex 91.12 167.7740216627717 103.68965381383896
      vertex 91.12 167.9200997054577 104.05349301546812
    endloop
  endfacet
  facet normal 0 -0.9828549900138027 0.1843802283461212
    outer loop
      vertex 48.16 167.99238939583302 104.43883955478668
      vertex 91.12 167.9200997054577 104.05349301546812
      vertex 91.12 167.99238939583302 104.43883955478668
    endloop
  endfacet
  facet normal 0 -0.999048221531088 0.04361938852815863
    outer loop
      vertex 48.16 168 104.61315104365349
      vertex 91.12 167.99238939583302 104.43883955478668
      vertex 91.12 168 104.61315104365349
    endloop
  endfacet
  facet normal -1 0 0
    outer loop
      vertex 91.12 61.47014860808849 14.29137671738863
      vertex 91.12 168 134.1715728789568
      vertex 91.12 167.2855752184987 103.08106216043234
    endloop
  endfacet
  facet normal -1 0 0
    outer loop
      vertex 91.12 61.47014860808849 14.29137671738863
      vertex 91.12 165.0124584948341 138
      vertex 91.12 165.06947587430477 137.93052411824465
    endloop
  endfacet
  facet normal -1 0 0
    outer loop
      vertex 91.12 61.47014860808849 14.29137671738863
      vertex 91.12 165.06947587430477 137.93052411824465
      vertex 91.12 165.1999999959444 137.79999999701977
    endloop
  endfacet
  facet normal -1 0 0
    outer loop
      vertex 91.12 61.47014860808849 14.29137671738863
      vertex 91.12 167.84775906801224 134.93693974614143
      vertex 91.12 167.96157056093216 134.56175352633
    endloop
  endfacet
  facet normal -1 0 0
    outer loop
      vertex 91.12 61.47014860808849 14.29137671738863
      vertex 91.12 167.96157056093216 134.56175352633
      vertex 91.12 168 134.1715728789568
    endloop
  endfacet
  facet normal -1 0 0
    outer loop
      vertex 91.12 61.47014860808849 14.29137671738863
      vertex 91.12 165.1999999959444 137.79999999701977
      vertex 91.12 167.4142135605216 135.5857864394784
    endloop
  endfacet
  facet normal -1 0 0
    outer loop
      vertex 91.12 61.47014860808849 14.29137671738863
      vertex 91.12 167.66293922811747 135.2827133461833
      vertex 91.12 167.84775906801224 134.93693974614143
    endloop
  endfacet
  facet normal -1 0 0
    outer loop
      vertex 91.12 61.47014860808849 14.29137671738863
      vertex 91.12 167.4142135605216 135.5857864394784
      vertex 91.12 167.66293922811747 135.2827133461833
    endloop
  endfacet
  facet normal -1 0 0
    outer loop
      vertex 91.12 167.2855752184987 103.08106216043234
      vertex 91.12 167.7740216627717 103.68965381383896
      vertex 91.12 167.55976896733046 103.36130409687757
    endloop
  endfacet
  facet normal -1 0 0
    outer loop
      vertex 91.12 167.2855752184987 103.08106216043234
      vertex 91.12 167.9200997054577 104.05349301546812
      vertex 91.12 167.7740216627717 103.68965381383896
    endloop
  endfacet
  facet normal -1 0 0
    outer loop
      vertex 91.12 167.2855752184987 103.08106216043234
      vertex 91.12 167.99238939583302 104.43883955478668
      vertex 91.12 167.9200997054577 104.05349301546812
    endloop
  endfacet
  facet normal -1 0 0
    outer loop
      vertex 91.12 167.2855752184987 103.08106216043234
      vertex 91.12 168 104.61315104365349
      vertex 91.12 167.99238939583302 104.43883955478668
    endloop
  endfacet
  facet normal 0 0.7138487196345743 -0.7002999396516317
    outer loop
      vertex 48.16 135.92575278133154 112.76704672724009
      vertex 48.16 135.98958934098482 112.8321183398366
      vertex 91.12 135.98958934098482 112.8321183398366
    endloop
  endfacet
  facet normal 0 0.9791418301201262 0.203177942968743
    outer loop
      vertex 48.16 135.98958934098482 112.8321183398366
      vertex 48.16 135.97070348262787 112.92313183099031
      vertex 91.12 135.97070348262787 112.92313183099031
    endloop
  endfacet
  facet normal 0 0.7138487196345743 -0.7002999396516317
    outer loop
      vertex 48.16 135.92575278133154 112.76704672724009
      vertex 91.12 135.98958934098482 112.8321183398366
      vertex 91.12 135.92575278133154 112.76704672724009
    endloop
  endfacet
  facet normal 0 0.9791418301201262 0.203177942968743
    outer loop
      vertex 48.16 135.98958934098482 112.8321183398366
      vertex 91.12 135.97070348262787 112.92313183099031
      vertex 91.12 135.98958934098482 112.8321183398366
    endloop
  endfacet
  facet normal 0 0.9545120845298337 0.29817223292337564
    outer loop
      vertex 48.16 135.97070348262787 112.92313183099031
      vertex 91.12 129.36425253748894 134.0717720016837
      vertex 91.12 135.97070348262787 112.92313183099031
    endloop
  endfacet
  facet normal 0 0.9545120845298337 0.29817223292337564
    outer loop
      vertex 48.16 135.97070348262787 112.92313183099031
      vertex 48.16 129.36425253748894 134.0717720016837
      vertex 91.12 129.36425253748894 134.0717720016837
    endloop
  endfacet
  facet normal 0 0.9706436167628949 0.24052228428452585
    outer loop
      vertex 48.16 129.36425253748894 134.0717720016837
      vertex 48.16 129.3066834807396 134.30409574508667
      vertex 91.12 129.3066834807396 134.30409574508667
    endloop
  endfacet
  facet normal 0 0.9964019060823466 0.08475400613225655
    outer loop
      vertex 48.16 129.3066834807396 134.30409574508667
      vertex 48.16 129.27345409989357 134.6947536021471
      vertex 91.12 129.27345409989357 134.6947536021471
    endloop
  endfacet
  facet normal 0 0.9937910093103901 -0.11126288605746375
    outer loop
      vertex 48.16 129.27345409989357 134.6947536021471
      vertex 48.16 129.31707677990198 135.08438781648874
      vertex 91.12 129.31707677990198 135.08438781648874
    endloop
  endfacet
  facet normal 0 0.9529892808654561 -0.30300401079117883
    outer loop
      vertex 48.16 129.31707677990198 135.08438781648874
      vertex 48.16 129.43587512522936 135.45802494883537
      vertex 91.12 129.43587512522936 135.45802494883537
    endloop
  endfacet
  facet normal 0 0.8755647122978065 -0.4831008534238572
    outer loop
      vertex 48.16 129.43587512522936 135.45802494883537
      vertex 48.16 129.62528378516436 135.8013063520193
      vertex 91.12 129.62528378516436 135.8013063520193
    endloop
  endfacet
  facet normal 0 0.8239964643925312 -0.5665949405603691
    outer loop
      vertex 48.16 129.62528378516436 135.8013063520193
      vertex 48.16 130.99962185082862 137.79999999701977
      vertex 91.12 129.62528378516436 135.8013063520193
    endloop
  endfacet
  facet normal 0 0.9706436167628949 0.24052228428452585
    outer loop
      vertex 48.16 129.36425253748894 134.0717720016837
      vertex 91.12 129.3066834807396 134.30409574508667
      vertex 91.12 129.36425253748894 134.0717720016837
    endloop
  endfacet
  facet normal 0 0.9964019060823466 0.08475400613225655
    outer loop
      vertex 48.16 129.3066834807396 134.30409574508667
      vertex 91.12 129.27345409989357 134.6947536021471
      vertex 91.12 129.3066834807396 134.30409574508667
    endloop
  endfacet
  facet normal 0 0.9937910093103901 -0.11126288605746375
    outer loop
      vertex 48.16 129.27345409989357 134.6947536021471
      vertex 91.12 129.31707677990198 135.08438781648874
      vertex 91.12 129.27345409989357 134.6947536021471
    endloop
  endfacet
  facet normal 0 0.9529892808654561 -0.30300401079117883
    outer loop
      vertex 48.16 129.31707677990198 135.08438781648874
      vertex 91.12 129.43587512522936 135.45802494883537
      vertex 91.12 129.31707677990198 135.08438781648874
    endloop
  endfacet
  facet normal 0 0.8755647122978065 -0.4831008534238572
    outer loop
      vertex 48.16 129.43587512522936 135.45802494883537
      vertex 91.12 129.62528378516436 135.8013063520193
      vertex 91.12 129.43587512522936 135.45802494883537
    endloop
  endfacet
  facet normal 0 0.8239964643925312 -0.5665949405603691
    outer loop
      vertex 48.16 130.99962185082862 137.79999999701977
      vertex 91.12 130.99962185082862 137.79999999701977
      vertex 91.12 129.62528378516436 135.8013063520193
    endloop
  endfacet
  facet normal 0 -1 0
    outer loop
      vertex 48.16 168 104.61315104365349
      vertex 91.12 168 104.61315104365349
      vertex 48.16 168 134.1715728789568
    endloop
  endfacet
  facet normal 0 -0.9951847267853376 -0.09801713918082348
    outer loop
      vertex 48.16 168 134.1715728789568
      vertex 91.12 168 134.1715728789568
      vertex 48.16 167.96157056093216 134.56175352633
    endloop
  endfacet
  facet normal 0 -0.9569403375708344 -0.29028467119332607
    outer loop
      vertex 48.16 167.96157056093216 134.56175352633
      vertex 91.12 167.96157056093216 134.56175352633
      vertex 48.16 167.84775906801224 134.93693974614143
    endloop
  endfacet
  facet normal 0 -0.8819212641844241 -0.47139673713269076
    outer loop
      vertex 48.16 167.84775906801224 134.93693974614143
      vertex 91.12 167.84775906801224 134.93693974614143
      vertex 48.16 167.66293922811747 135.2827133461833
    endloop
  endfacet
  facet normal 0 -0.7730104435344091 -0.6343932961394977
    outer loop
      vertex 48.16 167.66293922811747 135.2827133461833
      vertex 91.12 167.66293922811747 135.2827133461833
      vertex 48.16 167.4142135605216 135.5857864394784
    endloop
  endfacet
  facet normal 0 -0.7071067800631061 -0.7071067823099887
    outer loop
      vertex 48.16 165.1999999959444 137.79999999701977
      vertex 48.16 167.4142135605216 135.5857864394784
      vertex 91.12 165.1999999959444 137.79999999701977
    endloop
  endfacet
  facet normal 0 -1 0
    outer loop
      vertex 48.16 168 134.1715728789568
      vertex 91.12 168 104.61315104365349
      vertex 91.12 168 134.1715728789568
    endloop
  endfacet
  facet normal 0 -0.7071067800631061 -0.7071067823099887
    outer loop
      vertex 48.16 167.4142135605216 135.5857864394784
      vertex 91.12 167.4142135605216 135.5857864394784
      vertex 91.12 165.1999999959444 137.79999999701977
    endloop
  endfacet
  facet normal 0 -0.9951847267853376 -0.09801713918082348
    outer loop
      vertex 48.16 167.96157056093216 134.56175352633
      vertex 91.12 168 134.1715728789568
      vertex 91.12 167.96157056093216 134.56175352633
    endloop
  endfacet
  facet normal 0 -0.9569403375708344 -0.29028467119332607
    outer loop
      vertex 48.16 167.84775906801224 134.93693974614143
      vertex 91.12 167.96157056093216 134.56175352633
      vertex 91.12 167.84775906801224 134.93693974614143
    endloop
  endfacet
  facet normal 0 -0.8819212641844241 -0.47139673713269076
    outer loop
      vertex 48.16 167.66293922811747 135.2827133461833
      vertex 91.12 167.84775906801224 134.93693974614143
      vertex 91.12 167.66293922811747 135.2827133461833
    endloop
  endfacet
  facet normal 0 -0.7730104435344091 -0.6343932961394977
    outer loop
      vertex 48.16 167.4142135605216 135.5857864394784
      vertex 91.12 167.66293922811747 135.2827133461833
      vertex 91.12 167.4142135605216 135.5857864394784
    endloop
  endfacet
  facet normal -1 0 0
    outer loop
      vertex 91.12 135.98958934098482 112.8321183398366
      vertex 91.12 135.97070348262787 112.92313183099031
      vertex 91.12 165.0124584948341 138
    endloop
  endfacet
  facet normal -1 0 0
    outer loop
      vertex 91.12 129.62528378516436 135.8013063520193
      vertex 91.12 130.99962185082862 137.79999999701977
      vertex 91.12 133.2 138
    endloop
  endfacet
  facet normal -1 0 0
    outer loop
      vertex 91.12 130.99962185082862 137.79999999701977
      vertex 91.12 131.0881029367447 137.9286776408553
      vertex 91.12 133.2 138
    endloop
  endfacet
  facet normal -1 0 0
    outer loop
      vertex 91.12 131.0881029367447 137.9286776408553
      vertex 91.12 131.12622553549852 138
      vertex 91.12 133.2 138
    endloop
  endfacet
  facet normal -1 0 0
    outer loop
      vertex 91.12 129.62528378516436 135.8013063520193
      vertex 91.12 133.2 138
      vertex 91.12 136.39999999999998 138
    endloop
  endfacet
  facet normal -1 0 0
    outer loop
      vertex 91.12 135.97070348262787 112.92313183099031
      vertex 91.12 129.36425253748894 134.0717720016837
      vertex 91.12 165.0124584948341 138
    endloop
  endfacet
  facet normal -1 0 0
    outer loop
      vertex 91.12 129.36425253748894 134.0717720016837
      vertex 91.12 129.3066834807396 134.30409574508667
      vertex 91.12 165.0124584948341 138
    endloop
  endfacet
  facet normal -1 0 0
    outer loop
      vertex 91.12 129.3066834807396 134.30409574508667
      vertex 91.12 129.27345409989357 134.6947536021471
      vertex 91.12 165.0124584948341 138
    endloop
  endfacet
  facet normal -1 0 0
    outer loop
      vertex 91.12 129.27345409989357 134.6947536021471
      vertex 91.12 129.31707677990198 135.08438781648874
      vertex 91.12 165.0124584948341 138
    endloop
  endfacet
  facet normal -1 0 0
    outer loop
      vertex 91.12 129.31707677990198 135.08438781648874
      vertex 91.12 129.43587512522936 135.45802494883537
      vertex 91.12 165.0124584948341 138
    endloop
  endfacet
  facet normal -1 0 0
    outer loop
      vertex 91.12 129.43587512522936 135.45802494883537
      vertex 91.12 129.62528378516436 135.8013063520193
      vertex 91.12 165.0124584948341 138
    endloop
  endfacet
  facet normal -1 0 0
    outer loop
      vertex 91.12 129.62528378516436 135.8013063520193
      vertex 91.12 136.39999999999998 138
      vertex 91.12 165.0124584948341 138
    endloop
  endfacet
  facet normal -1 0 0
    outer loop
      vertex 91.12 167.2855752184987 103.08106216043234
      vertex 91.12 168 134.1715728789568
      vertex 91.12 168 104.61315104365349
    endloop
  endfacet
  facet normal 1 0 0
    outer loop
      vertex 48.16 33.20000000298023 55.06469511985779
      vertex 48.16 33.94898287951946 69.21726297587156
      vertex 48.16 33.20000000298023 67.65682837367058
    endloop
  endfacet
  facet normal 1 0 0
    outer loop
      vertex 48.16 33.20000000298023 67.65682837367058
      vertex 48.16 33.94898287951946 69.21726297587156
      vertex 48.16 33.2120034173131 67.8756195679307
    endloop
  endfacet
  facet normal 1 0 0
    outer loop
      vertex 48.16 33.2120034173131 67.8756195679307
      vertex 48.16 33.94898287951946 69.21726297587156
      vertex 48.16 33.29288626462221 68.2592544555664
    endloop
  endfacet
  facet normal 1 0 0
    outer loop
      vertex 48.16 33.29288626462221 68.2592544555664
      vertex 48.16 33.94898287951946 69.21726297587156
      vertex 48.16 33.44705841690302 68.61973843723536
    endloop
  endfacet
  facet normal 1 0 0
    outer loop
      vertex 48.16 33.44705841690302 68.61973843723536
      vertex 48.16 33.94898287951946 69.21726297587156
      vertex 48.16 33.668595127761364 68.94321832805872
    endloop
  endfacet
  facet normal 1 0 0
    outer loop
      vertex 48.16 34.43463313579559 53.21693605184555
      vertex 48.16 34.80981935560703 53.10312455892563
      vertex 48.16 57.94898287951946 88.45831988751888
    endloop
  endfacet
  facet normal 1 0 0
    outer loop
      vertex 48.16 33.78578644245863 53.650481559336185
      vertex 48.16 34.08885953575373 53.40175589174032
      vertex 48.16 57.94898287951946 88.45831988751888
    endloop
  endfacet
  facet normal 1 0 0
    outer loop
      vertex 48.16 33.537060774862766 53.95355465263128
      vertex 48.16 33.78578644245863 53.650481559336185
      vertex 48.16 57.94898287951946 88.45831988751888
    endloop
  endfacet
  facet normal 1 0 0
    outer loop
      vertex 48.16 33.352240934967995 54.29932825267315
      vertex 48.16 57.94898287951946 88.45831988751888
      vertex 48.16 33.23842944204807 54.67451447248459
    endloop
  endfacet
  facet normal 1 0 0
    outer loop
      vertex 48.16 33.352240934967995 54.29932825267315
      vertex 48.16 33.537060774862766 53.95355465263128
      vertex 48.16 57.94898287951946 88.45831988751888
    endloop
  endfacet
  facet normal 1 0 0
    outer loop
      vertex 48.16 33.23842944204807 54.67451447248459
      vertex 48.16 57.94898287951946 88.45831988751888
      vertex 48.16 33.20000000298023 55.06469511985779
    endloop
  endfacet
  facet normal 1 0 0
    outer loop
      vertex 48.16 34.08885953575373 53.40175589174032
      vertex 48.16 34.43463313579559 53.21693605184555
      vertex 48.16 57.94898287951946 88.45831988751888
    endloop
  endfacet
  facet normal 0 0.9569403375708344 0.29028467119332607
    outer loop
      vertex 48.16 33.352240934967995 54.29932825267315
      vertex 48.16 33.23842944204807 54.67451447248459
      vertex 91.12 33.23842944204807 54.67451447248459
    endloop
  endfacet
  facet normal 0 0.9951847267853376 0.09801713918082348
    outer loop
      vertex 48.16 33.23842944204807 54.67451447248459
      vertex 48.16 33.20000000298023 55.06469511985779
      vertex 91.12 33.20000000298023 55.06469511985779
    endloop
  endfacet
  facet normal 0 0.7730104435344091 0.6343932961394977
    outer loop
      vertex 48.16 33.537060774862766 53.95355465263128
      vertex 91.12 33.537060774862766 53.95355465263128
      vertex 48.16 33.78578644245863 53.650481559336185
    endloop
  endfacet
  facet normal 0 0.6343932961394977 0.7730104435344091
    outer loop
      vertex 48.16 33.78578644245863 53.650481559336185
      vertex 91.12 33.78578644245863 53.650481559336185
      vertex 48.16 34.08885953575373 53.40175589174032
    endloop
  endfacet
  facet normal 0 0.47139673713269076 0.8819212641844241
    outer loop
      vertex 48.16 34.08885953575373 53.40175589174032
      vertex 91.12 34.08885953575373 53.40175589174032
      vertex 48.16 34.43463313579559 53.21693605184555
    endloop
  endfacet
  facet normal 0 0.29028467119332607 0.9569403375708344
    outer loop
      vertex 48.16 34.43463313579559 53.21693605184555
      vertex 91.12 34.43463313579559 53.21693605184555
      vertex 48.16 34.80981935560703 53.10312455892563
    endloop
  endfacet
  facet normal 0 0.8819212641844241 0.47139673713269076
    outer loop
      vertex 48.16 33.352240934967995 54.29932825267315
      vertex 91.12 33.352240934967995 54.29932825267315
      vertex 48.16 33.537060774862766 53.95355465263128
    endloop
  endfacet
  facet normal 0 0.09801713918082348 0.9951847267853376
    outer loop
      vertex 48.16 34.80981935560703 53.10312455892563
      vertex 91.12 34.80981935560703 53.10312455892563
      vertex 48.16 35.20000000298023 53.06469511985779
    endloop
  endfacet
  facet normal 0 1 0
    outer loop
      vertex 48.16 33.20000000298023 55.06469511985779
      vertex 48.16 33.20000000298023 67.65682837367058
      vertex 91.12 33.20000000298023 67.65682837367058
    endloop
  endfacet
  facet normal 0 0.9984984462299653 -0.05478004085746
    outer loop
      vertex 48.16 33.20000000298023 67.65682837367058
      vertex 48.16 33.2120034173131 67.8756195679307
      vertex 91.12 33.2120034173131 67.8756195679307
    endloop
  endfacet
  facet normal 0 0.9784892719391062 -0.20629770890651652
    outer loop
      vertex 48.16 33.2120034173131 67.8756195679307
      vertex 48.16 33.29288626462221 68.2592544555664
      vertex 91.12 33.29288626462221 68.2592544555664
    endloop
  endfacet
  facet normal 0 0.9194411921313657 -0.3932275349108367
    outer loop
      vertex 48.16 33.29288626462221 68.2592544555664
      vertex 48.16 33.44705841690302 68.61973843723536
      vertex 91.12 33.44705841690302 68.61973843723536
    endloop
  endfacet
  facet normal 0 0.8250595065014482 -0.5650458483447042
    outer loop
      vertex 48.16 33.44705841690302 68.61973843723536
      vertex 48.16 33.668595127761364 68.94321832805872
      vertex 91.12 33.668595127761364 68.94321832805872
    endloop
  endfacet
  facet normal 0 0.6989712302385408 -0.7151497880156441
    outer loop
      vertex 48.16 33.668595127761364 68.94321832805872
      vertex 48.16 33.94898287951946 69.21726297587156
      vertex 91.12 33.94898287951946 69.21726297587156
    endloop
  endfacet
  facet normal 0 0.9569403375708344 0.29028467119332607
    outer loop
      vertex 48.16 33.352240934967995 54.29932825267315
      vertex 91.12 33.23842944204807 54.67451447248459
      vertex 91.12 33.352240934967995 54.29932825267315
    endloop
  endfacet
  facet normal 0 0.9951847267853376 0.09801713918082348
    outer loop
      vertex 48.16 33.23842944204807 54.67451447248459
      vertex 91.12 33.20000000298023 55.06469511985779
      vertex 91.12 33.23842944204807 54.67451447248459
    endloop
  endfacet
  facet normal 0 0.6343932961394977 0.7730104435344091
    outer loop
      vertex 48.16 34.08885953575373 53.40175589174032
      vertex 91.12 33.78578644245863 53.650481559336185
      vertex 91.12 34.08885953575373 53.40175589174032
    endloop
  endfacet
  facet normal 0 0.7730104435344091 0.6343932961394977
    outer loop
      vertex 48.16 33.78578644245863 53.650481559336185
      vertex 91.12 33.537060774862766 53.95355465263128
      vertex 91.12 33.78578644245863 53.650481559336185
    endloop
  endfacet
  facet normal 0 0.47139673713269076 0.8819212641844241
    outer loop
      vertex 48.16 34.43463313579559 53.21693605184555
      vertex 91.12 34.08885953575373 53.40175589174032
      vertex 91.12 34.43463313579559 53.21693605184555
    endloop
  endfacet
  facet normal 0 0.29028467119332607 0.9569403375708344
    outer loop
      vertex 48.16 34.80981935560703 53.10312455892563
      vertex 91.12 34.43463313579559 53.21693605184555
      vertex 91.12 34.80981935560703 53.10312455892563
    endloop
  endfacet
  facet normal 0 0.8819212641844241 0.47139673713269076
    outer loop
      vertex 48.16 33.537060774862766 53.95355465263128
      vertex 91.12 33.352240934967995 54.29932825267315
      vertex 91.12 33.537060774862766 53.95355465263128
    endloop
  endfacet
  facet normal 0 0.09801713918082348 0.9951847267853376
    outer loop
      vertex 48.16 35.20000000298023 53.06469511985779
      vertex 91.12 34.80981935560703 53.10312455892563
      vertex 91.12 35.20000000298023 53.06469511985779
    endloop
  endfacet
  facet normal 0 1 0
    outer loop
      vertex 48.16 33.20000000298023 55.06469511985779
      vertex 91.12 33.20000000298023 67.65682837367058
      vertex 91.12 33.20000000298023 55.06469511985779
    endloop
  endfacet
  facet normal 0 0.9984984462299653 -0.05478004085746
    outer loop
      vertex 48.16 33.20000000298023 67.65682837367058
      vertex 91.12 33.2120034173131 67.8756195679307
      vertex 91.12 33.20000000298023 67.65682837367058
    endloop
  endfacet
  facet normal 0 0.9784892719391062 -0.20629770890651652
    outer loop
      vertex 48.16 33.2120034173131 67.8756195679307
      vertex 91.12 33.29288626462221 68.2592544555664
      vertex 91.12 33.2120034173131 67.8756195679307
    endloop
  endfacet
  facet normal 0 0.9194411921313657 -0.3932275349108367
    outer loop
      vertex 48.16 33.29288626462221 68.2592544555664
      vertex 91.12 33.44705841690302 68.61973843723536
      vertex 91.12 33.29288626462221 68.2592544555664
    endloop
  endfacet
  facet normal 0 0.8250595065014482 -0.5650458483447042
    outer loop
      vertex 48.16 33.44705841690302 68.61973843723536
      vertex 91.12 33.668595127761364 68.94321832805872
      vertex 91.12 33.44705841690302 68.61973843723536
    endloop
  endfacet
  facet normal 0 0.6989712302385408 -0.7151497880156441
    outer loop
      vertex 48.16 33.668595127761364 68.94321832805872
      vertex 91.12 33.94898287951946 69.21726297587156
      vertex 91.12 33.668595127761364 68.94321832805872
    endloop
  endfacet
  facet normal -1 0 0
    outer loop
      vertex 91.12 33.20000000298023 55.06469511985779
      vertex 91.12 33.20000000298023 67.65682837367058
      vertex 91.12 33.94898287951946 69.21726297587156
    endloop
  endfacet
  facet normal -1 0 0
    outer loop
      vertex 91.12 33.20000000298023 67.65682837367058
      vertex 91.12 33.2120034173131 67.8756195679307
      vertex 91.12 33.94898287951946 69.21726297587156
    endloop
  endfacet
  facet normal -1 0 0
    outer loop
      vertex 91.12 33.2120034173131 67.8756195679307
      vertex 91.12 33.29288626462221 68.2592544555664
      vertex 91.12 33.94898287951946 69.21726297587156
    endloop
  endfacet
  facet normal -1 0 0
    outer loop
      vertex 91.12 33.29288626462221 68.2592544555664
      vertex 91.12 33.44705841690302 68.61973843723536
      vertex 91.12 33.94898287951946 69.21726297587156
    endloop
  endfacet
  facet normal -1 0 0
    outer loop
      vertex 91.12 33.44705841690302 68.61973843723536
      vertex 91.12 33.668595127761364 68.94321832805872
      vertex 91.12 33.94898287951946 69.21726297587156
    endloop
  endfacet
  facet normal -1 0 0
    outer loop
      vertex 91.12 34.43463313579559 53.21693605184555
      vertex 91.12 57.94898287951946 88.45831988751888
      vertex 91.12 34.80981935560703 53.10312455892563
    endloop
  endfacet
  facet normal -1 0 0
    outer loop
      vertex 91.12 33.78578644245863 53.650481559336185
      vertex 91.12 57.94898287951946 88.45831988751888
      vertex 91.12 34.08885953575373 53.40175589174032
    endloop
  endfacet
  facet normal -1 0 0
    outer loop
      vertex 91.12 33.537060774862766 53.95355465263128
      vertex 91.12 57.94898287951946 88.45831988751888
      vertex 91.12 33.78578644245863 53.650481559336185
    endloop
  endfacet
  facet normal -1 0 0
    outer loop
      vertex 91.12 33.352240934967995 54.29932825267315
      vertex 91.12 33.23842944204807 54.67451447248459
      vertex 91.12 57.94898287951946 88.45831988751888
    endloop
  endfacet
  facet normal -1 0 0
    outer loop
      vertex 91.12 33.352240934967995 54.29932825267315
      vertex 91.12 57.94898287951946 88.45831988751888
      vertex 91.12 33.537060774862766 53.95355465263128
    endloop
  endfacet
  facet normal -1 0 0
    outer loop
      vertex 91.12 33.23842944204807 54.67451447248459
      vertex 91.12 33.20000000298023 55.06469511985779
      vertex 91.12 57.94898287951946 88.45831988751888
    endloop
  endfacet
  facet normal -1 0 0
    outer loop
      vertex 91.12 34.08885953575373 53.40175589174032
      vertex 91.12 57.94898287951946 88.45831988751888
      vertex 91.12 34.43463313579559 53.21693605184555
    endloop
  endfacet
  facet normal 0 0 1
    outer loop
      vertex 48.16 35.20000000298023 53.06469511985779
      vertex 91.12 35.20000000298023 53.06469511985779
      vertex 48.16 60.47205954045057 53.06469511985779
    endloop
  endfacet
  facet normal 0 -0.09801713918082348 0.9951847267853376
    outer loop
      vertex 48.16 60.47205954045057 53.06469511985779
      vertex 91.12 60.47205954045057 53.06469511985779
      vertex 48.16 60.86224018782377 53.10312455892563
    endloop
  endfacet
  facet normal 0 -0.29028467119332607 0.9569403375708344
    outer loop
      vertex 48.16 60.86224018782377 53.10312455892563
      vertex 91.12 60.86224018782377 53.10312455892563
      vertex 48.16 61.23742640763521 53.21693605184555
    endloop
  endfacet
  facet normal 0 -0.47139673713269076 0.8819212641844241
    outer loop
      vertex 48.16 61.23742640763521 53.21693605184555
      vertex 91.12 61.23742640763521 53.21693605184555
      vertex 48.16 61.58320000767708 53.40175589174032
    endloop
  endfacet
  facet normal 0 -0.6000712636235536 0.7999465473225269
    outer loop
      vertex 48.16 61.58320000767708 53.40175589174032
      vertex 91.12 61.58320000767708 53.40175589174032
      vertex 48.16 61.75763475894928 53.53260623663664
    endloop
  endfacet
  facet normal 0 0 1
    outer loop
      vertex 48.16 60.47205954045057 53.06469511985779
      vertex 91.12 35.20000000298023 53.06469511985779
      vertex 91.12 60.47205954045057 53.06469511985779
    endloop
  endfacet
  facet normal 0 -0.09801713918082348 0.9951847267853376
    outer loop
      vertex 48.16 60.86224018782377 53.10312455892563
      vertex 91.12 60.47205954045057 53.06469511985779
      vertex 91.12 60.86224018782377 53.10312455892563
    endloop
  endfacet
  facet normal 0 -0.29028467119332607 0.9569403375708344
    outer loop
      vertex 48.16 61.23742640763521 53.21693605184555
      vertex 91.12 60.86224018782377 53.10312455892563
      vertex 91.12 61.23742640763521 53.21693605184555
    endloop
  endfacet
  facet normal 0 -0.47139673713269076 0.8819212641844241
    outer loop
      vertex 48.16 61.58320000767708 53.40175589174032
      vertex 91.12 61.23742640763521 53.21693605184555
      vertex 91.12 61.58320000767708 53.40175589174032
    endloop
  endfacet
  facet normal 0 -0.6000712636235536 0.7999465473225269
    outer loop
      vertex 48.16 61.75763475894928 53.53260623663664
      vertex 91.12 61.58320000767708 53.40175589174032
      vertex 91.12 61.75763475894928 53.53260623663664
    endloop
  endfacet
  facet normal 1 0 0
    outer loop
      vertex 48.16 33.20000000298023 55.06469511985779
      vertex 48.16 57.94898287951946 88.45831988751888
      vertex 48.16 33.94898287951946 69.21726297587156
    endloop
  endfacet
  facet normal 1 0 0
    outer loop
      vertex 48.16 34.80981935560703 53.10312455892563
      vertex 48.16 61.269475877285004 85.39521923661232
      vertex 48.16 61.20929782837629 85.46854640543461
    endloop
  endfacet
  facet normal 1 0 0
    outer loop
      vertex 48.16 34.80981935560703 53.10312455892563
      vertex 48.16 61.20929782837629 85.46854640543461
      vertex 48.16 61.20000000298023 85.56294881552458
    endloop
  endfacet
  facet normal 1 0 0
    outer loop
      vertex 48.16 34.80981935560703 53.10312455892563
      vertex 48.16 63.530524119734764 83.13417099416256
      vertex 48.16 61.269475877285004 85.39521923661232
    endloop
  endfacet
  facet normal 1 0 0
    outer loop
      vertex 48.16 34.80981935560703 53.10312455892563
      vertex 48.16 58.08885953575373 88.56082451343536
      vertex 48.16 57.94898287951946 88.45831988751888
    endloop
  endfacet
  facet normal 1 0 0
    outer loop
      vertex 48.16 34.80981935560703 53.10312455892563
      vertex 48.16 58.43463313579559 88.74564435333014
      vertex 48.16 58.08885953575373 88.56082451343536
    endloop
  endfacet
  facet normal 1 0 0
    outer loop
      vertex 48.16 34.80981935560703 53.10312455892563
      vertex 48.16 58.80981935560703 88.85945584625006
      vertex 48.16 58.43463313579559 88.74564435333014
    endloop
  endfacet
  facet normal 1 0 0
    outer loop
      vertex 48.16 34.80981935560703 53.10312455892563
      vertex 48.16 59.20000000298023 88.8978852853179
      vertex 48.16 58.80981935560703 88.85945584625006
    endloop
  endfacet
  facet normal 1 0 0
    outer loop
      vertex 48.16 34.80981935560703 53.10312455892563
      vertex 48.16 59.59018065035343 88.85945584625006
      vertex 48.16 59.20000000298023 88.8978852853179
    endloop
  endfacet
  facet normal 1 0 0
    outer loop
      vertex 48.16 34.80981935560703 53.10312455892563
      vertex 48.16 60.31114047020674 88.56082451343536
      vertex 48.16 59.96536687016487 88.74564435333014
    endloop
  endfacet
  facet normal 1 0 0
    outer loop
      vertex 48.16 34.80981935560703 53.10312455892563
      vertex 48.16 59.96536687016487 88.74564435333014
      vertex 48.16 59.59018065035343 88.85945584625006
    endloop
  endfacet
  facet normal 1 0 0
    outer loop
      vertex 48.16 34.80981935560703 53.10312455892563
      vertex 48.16 60.614213563501835 88.3120988458395
      vertex 48.16 60.31114047020674 88.56082451343536
    endloop
  endfacet
  facet normal 1 0 0
    outer loop
      vertex 48.16 34.80981935560703 53.10312455892563
      vertex 48.16 61.20000000298023 85.56294881552458
      vertex 48.16 61.20000000298023 86.8978852853179
    endloop
  endfacet
  facet normal 1 0 0
    outer loop
      vertex 48.16 34.80981935560703 53.10312455892563
      vertex 48.16 61.20000000298023 86.8978852853179
      vertex 48.16 61.16157056391239 87.2880659326911
    endloop
  endfacet
  facet normal 1 0 0
    outer loop
      vertex 48.16 34.80981935560703 53.10312455892563
      vertex 48.16 61.16157056391239 87.2880659326911
      vertex 48.16 61.04775907099247 87.66325215250254
    endloop
  endfacet
  facet normal 1 0 0
    outer loop
      vertex 48.16 34.80981935560703 53.10312455892563
      vertex 48.16 61.04775907099247 87.66325215250254
      vertex 48.16 60.8629392310977 88.0090257525444
    endloop
  endfacet
  facet normal 1 0 0
    outer loop
      vertex 48.16 34.80981935560703 53.10312455892563
      vertex 48.16 60.8629392310977 88.0090257525444
      vertex 48.16 60.614213563501835 88.3120988458395
    endloop
  endfacet
  facet normal 1 0 0
    outer loop
      vertex 48.16 34.80981935560703 53.10312455892563
      vertex 48.16 63.59218184649944 83.08356980234385
      vertex 48.16 63.530524119734764 83.13417099416256
    endloop
  endfacet
  facet normal 1 0 0
    outer loop
      vertex 48.16 34.80981935560703 53.10312455892563
      vertex 48.16 35.20000000298023 53.06469511985779
      vertex 48.16 122.75128470947412 138
    endloop
  endfacet
  facet normal 1 0 0
    outer loop
      vertex 48.16 35.20000000298023 53.06469511985779
      vertex 48.16 60.47205954045057 53.06469511985779
      vertex 48.16 122.75128470947412 138
    endloop
  endfacet
  facet normal 1 0 0
    outer loop
      vertex 48.16 60.47205954045057 53.06469511985779
      vertex 48.16 60.86224018782377 53.10312455892563
      vertex 48.16 122.75128470947412 138
    endloop
  endfacet
  facet normal 1 0 0
    outer loop
      vertex 48.16 60.86224018782377 53.10312455892563
      vertex 48.16 61.23742640763521 53.21693605184555
      vertex 48.16 122.75128470947412 138
    endloop
  endfacet
  facet normal 1 0 0
    outer loop
      vertex 48.16 61.23742640763521 53.21693605184555
      vertex 48.16 61.58320000767708 53.40175589174032
      vertex 48.16 122.75128470947412 138
    endloop
  endfacet
  facet normal 1 0 0
    outer loop
      vertex 48.16 61.58320000767708 53.40175589174032
      vertex 48.16 61.75763475894928 53.53260623663664
      vertex 48.16 122.75128470947412 138
    endloop
  endfacet
  facet normal 1 0 0
    outer loop
      vertex 48.16 34.80981935560703 53.10312455892563
      vertex 48.16 122.75128470947412 138
      vertex 48.16 63.59218184649944 83.08356980234385
    endloop
  endfacet
  facet normal 1 0 0
    outer loop
      vertex 48.16 63.59218184649944 83.08356980234385
      vertex 48.16 122.75128470947412 138
      vertex 48.16 63.600000001490116 83.1629488170147
    endloop
  endfacet
  facet normal 1 0 0
    outer loop
      vertex 48.16 63.600000001490116 83.1629488170147
      vertex 48.16 122.75128470947412 138
      vertex 48.16 63.600000001490116 134.1715728789568
    endloop
  endfacet
  facet normal 1 0 0
    outer loop
      vertex 48.16 63.600000001490116 134.1715728789568
      vertex 48.16 122.75128470947412 138
      vertex 48.16 63.63842944055796 134.56175352633
    endloop
  endfacet
  facet normal 1 0 0
    outer loop
      vertex 48.16 63.63842944055796 134.56175352633
      vertex 48.16 122.75128470947412 138
      vertex 48.16 63.75224093347788 134.93693974614143
    endloop
  endfacet
  facet normal 1 0 0
    outer loop
      vertex 48.16 63.75224093347788 134.93693974614143
      vertex 48.16 122.75128470947412 138
      vertex 48.16 63.93706077337265 135.2827133461833
    endloop
  endfacet
  facet normal 1 0 0
    outer loop
      vertex 48.16 63.93706077337265 135.2827133461833
      vertex 48.16 122.75128470947412 138
      vertex 48.16 64.18578644096851 135.5857864394784
    endloop
  endfacet
  facet normal 1 0 0
    outer loop
      vertex 48.16 64.18578644096851 135.5857864394784
      vertex 48.16 122.75128470947412 138
      vertex 48.16 66.39999999850988 137.79999999701977
    endloop
  endfacet
  facet normal 1 0 0
    outer loop
      vertex 48.16 66.39999999850988 137.79999999701977
      vertex 48.16 122.75128470947412 138
      vertex 48.16 66.53052411973476 137.93052411824465
    endloop
  endfacet
  facet normal 1 0 0
    outer loop
      vertex 48.16 66.53052411973476 137.93052411824465
      vertex 48.16 122.75128470947412 138
      vertex 48.16 66.58754149920541 138
    endloop
  endfacet
  facet normal 0 0.6255085627533582 -0.7802173017321703
    outer loop
      vertex 48.16 33.94898287951946 69.21726297587156
      vertex 91.12 57.94898287951946 88.45831988751888
      vertex 91.12 33.94898287951946 69.21726297587156
    endloop
  endfacet
  facet normal -1 0 0
    outer loop
      vertex 91.12 33.20000000298023 55.06469511985779
      vertex 91.12 33.94898287951946 69.21726297587156
      vertex 91.12 57.94898287951946 88.45831988751888
    endloop
  endfacet
  facet normal 0 0.6255085627533582 -0.7802173017321703
    outer loop
      vertex 48.16 33.94898287951946 69.21726297587156
      vertex 48.16 57.94898287951946 88.45831988751888
      vertex 91.12 57.94898287951946 88.45831988751888
    endloop
  endfacet
  facet normal 0 -0.6343933079284213 -0.7730104338594889
    outer loop
      vertex 48.16 63.530524119734764 83.13417099416256
      vertex 48.16 63.59218184649944 83.08356980234385
      vertex 91.12 63.59218184649944 83.08356980234385
    endloop
  endfacet
  facet normal 0 0.9951847212440323 -0.09801719544262533
    outer loop
      vertex 48.16 63.59218184649944 83.08356980234385
      vertex 48.16 63.600000001490116 83.1629488170147
      vertex 91.12 63.600000001490116 83.1629488170147
    endloop
  endfacet
  facet normal 0 -0.9951847271390507 -0.09801713558951387
    outer loop
      vertex 48.16 61.20929782837629 85.46854640543461
      vertex 91.12 61.20929782837629 85.46854640543461
      vertex 48.16 61.20000000298023 85.56294881552458
    endloop
  endfacet
  facet normal 0 -0.7730104706049635 -0.634393263153931
    outer loop
      vertex 48.16 61.20929782837629 85.46854640543461
      vertex 48.16 61.269475877285004 85.39521923661232
      vertex 91.12 61.269475877285004 85.39521923661232
    endloop
  endfacet
  facet normal 0 -1 0
    outer loop
      vertex 48.16 61.20000000298023 85.56294881552458
      vertex 91.12 61.20000000298023 85.56294881552458
      vertex 48.16 61.20000000298023 86.8978852853179
    endloop
  endfacet
  facet normal 0 -0.9951847267853376 -0.09801713918082348
    outer loop
      vertex 48.16 61.20000000298023 86.8978852853179
      vertex 91.12 61.20000000298023 86.8978852853179
      vertex 48.16 61.16157056391239 87.2880659326911
    endloop
  endfacet
  facet normal 0 -0.9569403375708344 -0.29028467119332607
    outer loop
      vertex 48.16 61.16157056391239 87.2880659326911
      vertex 91.12 61.16157056391239 87.2880659326911
      vertex 48.16 61.04775907099247 87.66325215250254
    endloop
  endfacet
  facet normal 0 -0.8819212641844241 -0.47139673713269076
    outer loop
      vertex 48.16 60.8629392310977 88.0090257525444
      vertex 48.16 61.04775907099247 87.66325215250254
      vertex 91.12 61.04775907099247 87.66325215250254
    endloop
  endfacet
  facet normal 0 -0.7730104435344091 -0.6343932961394977
    outer loop
      vertex 48.16 60.8629392310977 88.0090257525444
      vertex 91.12 60.8629392310977 88.0090257525444
      vertex 48.16 60.614213563501835 88.3120988458395
    endloop
  endfacet
  facet normal 0 -0.7071067811865476 -0.7071067811865476
    outer loop
      vertex 48.16 63.530524119734764 83.13417099416256
      vertex 91.12 63.530524119734764 83.13417099416256
      vertex 48.16 61.269475877285004 85.39521923661232
    endloop
  endfacet
  facet normal 0 0.9951847212440323 -0.09801719544262533
    outer loop
      vertex 48.16 63.59218184649944 83.08356980234385
      vertex 91.12 63.600000001490116 83.1629488170147
      vertex 91.12 63.59218184649944 83.08356980234385
    endloop
  endfacet
  facet normal 0 -0.6343933079284213 -0.7730104338594889
    outer loop
      vertex 48.16 63.530524119734764 83.13417099416256
      vertex 91.12 63.59218184649944 83.08356980234385
      vertex 91.12 63.530524119734764 83.13417099416256
    endloop
  endfacet
  facet normal 0 -0.9951847271390507 -0.09801713558951387
    outer loop
      vertex 48.16 61.20000000298023 85.56294881552458
      vertex 91.12 61.20929782837629 85.46854640543461
      vertex 91.12 61.20000000298023 85.56294881552458
    endloop
  endfacet
  facet normal 0 -0.7730104706049635 -0.634393263153931
    outer loop
      vertex 48.16 61.20929782837629 85.46854640543461
      vertex 91.12 61.269475877285004 85.39521923661232
      vertex 91.12 61.20929782837629 85.46854640543461
    endloop
  endfacet
  facet normal 0 -1 0
    outer loop
      vertex 48.16 61.20000000298023 86.8978852853179
      vertex 91.12 61.20000000298023 85.56294881552458
      vertex 91.12 61.20000000298023 86.8978852853179
    endloop
  endfacet
  facet normal 0 -0.9951847267853376 -0.09801713918082348
    outer loop
      vertex 48.16 61.16157056391239 87.2880659326911
      vertex 91.12 61.20000000298023 86.8978852853179
      vertex 91.12 61.16157056391239 87.2880659326911
    endloop
  endfacet
  facet normal 0 -0.9569403375708344 -0.29028467119332607
    outer loop
      vertex 48.16 61.04775907099247 87.66325215250254
      vertex 91.12 61.16157056391239 87.2880659326911
      vertex 91.12 61.04775907099247 87.66325215250254
    endloop
  endfacet
  facet normal 0 -0.8819212641844241 -0.47139673713269076
    outer loop
      vertex 48.16 60.8629392310977 88.0090257525444
      vertex 91.12 61.04775907099247 87.66325215250254
      vertex 91.12 60.8629392310977 88.0090257525444
    endloop
  endfacet
  facet normal 0 -0.7071067811865476 -0.7071067811865476
    outer loop
      vertex 48.16 61.269475877285004 85.39521923661232
      vertex 91.12 63.530524119734764 83.13417099416256
      vertex 91.12 61.269475877285004 85.39521923661232
    endloop
  endfacet
  facet normal 0 0.5910951801371412 -0.8066018150355482
    outer loop
      vertex 48.16 57.94898287951946 88.45831988751888
      vertex 48.16 58.08885953575373 88.56082451343536
      vertex 91.12 58.08885953575373 88.56082451343536
    endloop
  endfacet
  facet normal 0 0.47139673713269076 -0.8819212641844241
    outer loop
      vertex 48.16 58.08885953575373 88.56082451343536
      vertex 48.16 58.43463313579559 88.74564435333014
      vertex 91.12 58.43463313579559 88.74564435333014
    endloop
  endfacet
  facet normal 0 0.29028467119332607 -0.9569403375708344
    outer loop
      vertex 48.16 58.43463313579559 88.74564435333014
      vertex 48.16 58.80981935560703 88.85945584625006
      vertex 91.12 58.80981935560703 88.85945584625006
    endloop
  endfacet
  facet normal 0 0.09801713918082348 -0.9951847267853376
    outer loop
      vertex 48.16 58.80981935560703 88.85945584625006
      vertex 48.16 59.20000000298023 88.8978852853179
      vertex 91.12 59.20000000298023 88.8978852853179
    endloop
  endfacet
  facet normal 0 -0.09801713918082348 -0.9951847267853376
    outer loop
      vertex 48.16 59.20000000298023 88.8978852853179
      vertex 48.16 59.59018065035343 88.85945584625006
      vertex 91.12 59.59018065035343 88.85945584625006
    endloop
  endfacet
  facet normal 0 -0.29028467119332607 -0.9569403375708344
    outer loop
      vertex 48.16 59.59018065035343 88.85945584625006
      vertex 48.16 59.96536687016487 88.74564435333014
      vertex 91.12 59.96536687016487 88.74564435333014
    endloop
  endfacet
  facet normal 0 -0.47139673713269076 -0.8819212641844241
    outer loop
      vertex 48.16 59.96536687016487 88.74564435333014
      vertex 48.16 60.31114047020674 88.56082451343536
      vertex 91.12 60.31114047020674 88.56082451343536
    endloop
  endfacet
  facet normal 0 -0.6343932961394977 -0.7730104435344091
    outer loop
      vertex 48.16 60.31114047020674 88.56082451343536
      vertex 48.16 60.614213563501835 88.3120988458395
      vertex 91.12 60.614213563501835 88.3120988458395
    endloop
  endfacet
  facet normal 0 0.5910951801371412 -0.8066018150355482
    outer loop
      vertex 48.16 57.94898287951946 88.45831988751888
      vertex 91.12 58.08885953575373 88.56082451343536
      vertex 91.12 57.94898287951946 88.45831988751888
    endloop
  endfacet
  facet normal 0 0.47139673713269076 -0.8819212641844241
    outer loop
      vertex 48.16 58.08885953575373 88.56082451343536
      vertex 91.12 58.43463313579559 88.74564435333014
      vertex 91.12 58.08885953575373 88.56082451343536
    endloop
  endfacet
  facet normal 0 0.29028467119332607 -0.9569403375708344
    outer loop
      vertex 48.16 58.43463313579559 88.74564435333014
      vertex 91.12 58.80981935560703 88.85945584625006
      vertex 91.12 58.43463313579559 88.74564435333014
    endloop
  endfacet
  facet normal 0 0.09801713918082348 -0.9951847267853376
    outer loop
      vertex 48.16 58.80981935560703 88.85945584625006
      vertex 91.12 59.20000000298023 88.8978852853179
      vertex 91.12 58.80981935560703 88.85945584625006
    endloop
  endfacet
  facet normal 0 -0.09801713918082348 -0.9951847267853376
    outer loop
      vertex 48.16 59.20000000298023 88.8978852853179
      vertex 91.12 59.59018065035343 88.85945584625006
      vertex 91.12 59.20000000298023 88.8978852853179
    endloop
  endfacet
  facet normal 0 -0.29028467119332607 -0.9569403375708344
    outer loop
      vertex 48.16 59.59018065035343 88.85945584625006
      vertex 91.12 59.96536687016487 88.74564435333014
      vertex 91.12 59.59018065035343 88.85945584625006
    endloop
  endfacet
  facet normal 0 -0.7730104435344091 -0.6343932961394977
    outer loop
      vertex 48.16 60.614213563501835 88.3120988458395
      vertex 91.12 60.8629392310977 88.0090257525444
      vertex 91.12 60.614213563501835 88.3120988458395
    endloop
  endfacet
  facet normal 0 -0.6343932961394977 -0.7730104435344091
    outer loop
      vertex 48.16 60.31114047020674 88.56082451343536
      vertex 91.12 60.614213563501835 88.3120988458395
      vertex 91.12 60.31114047020674 88.56082451343536
    endloop
  endfacet
  facet normal 0 -0.47139673713269076 -0.8819212641844241
    outer loop
      vertex 48.16 59.96536687016487 88.74564435333014
      vertex 91.12 60.31114047020674 88.56082451343536
      vertex 91.12 59.96536687016487 88.74564435333014
    endloop
  endfacet
  facet normal 0 1 0
    outer loop
      vertex 48.16 63.600000001490116 83.1629488170147
      vertex 91.12 63.600000001490116 134.1715728789568
      vertex 91.12 63.600000001490116 83.1629488170147
    endloop
  endfacet
  facet normal 0 -0.6427876097338274 0.7660444430792985
    outer loop
      vertex 48.16 61.75763475894928 53.53260623663664
      vertex 91.12 61.75763475894928 53.53260623663664
      vertex 48.16 132.56457280367613 112.94668184220791
    endloop
  endfacet
  facet normal -1 0 0
    outer loop
      vertex 91.12 34.80981935560703 53.10312455892563
      vertex 91.12 61.20929782837629 85.46854640543461
      vertex 91.12 61.269475877285004 85.39521923661232
    endloop
  endfacet
  facet normal -1 0 0
    outer loop
      vertex 91.12 34.80981935560703 53.10312455892563
      vertex 91.12 61.20000000298023 85.56294881552458
      vertex 91.12 61.20929782837629 85.46854640543461
    endloop
  endfacet
  facet normal -1 0 0
    outer loop
      vertex 91.12 34.80981935560703 53.10312455892563
      vertex 91.12 61.269475877285004 85.39521923661232
      vertex 91.12 63.530524119734764 83.13417099416256
    endloop
  endfacet
  facet normal -1 0 0
    outer loop
      vertex 91.12 34.80981935560703 53.10312455892563
      vertex 91.12 57.94898287951946 88.45831988751888
      vertex 91.12 58.08885953575373 88.56082451343536
    endloop
  endfacet
  facet normal -1 0 0
    outer loop
      vertex 91.12 34.80981935560703 53.10312455892563
      vertex 91.12 58.08885953575373 88.56082451343536
      vertex 91.12 58.43463313579559 88.74564435333014
    endloop
  endfacet
  facet normal -1 0 0
    outer loop
      vertex 91.12 34.80981935560703 53.10312455892563
      vertex 91.12 58.43463313579559 88.74564435333014
      vertex 91.12 58.80981935560703 88.85945584625006
    endloop
  endfacet
  facet normal -1 0 0
    outer loop
      vertex 91.12 34.80981935560703 53.10312455892563
      vertex 91.12 58.80981935560703 88.85945584625006
      vertex 91.12 59.20000000298023 88.8978852853179
    endloop
  endfacet
  facet normal -1 0 0
    outer loop
      vertex 91.12 34.80981935560703 53.10312455892563
      vertex 91.12 59.20000000298023 88.8978852853179
      vertex 91.12 59.59018065035343 88.85945584625006
    endloop
  endfacet
  facet normal -1 0 0
    outer loop
      vertex 91.12 34.80981935560703 53.10312455892563
      vertex 91.12 59.96536687016487 88.74564435333014
      vertex 91.12 60.31114047020674 88.56082451343536
    endloop
  endfacet
  facet normal -1 0 0
    outer loop
      vertex 91.12 34.80981935560703 53.10312455892563
      vertex 91.12 59.59018065035343 88.85945584625006
      vertex 91.12 59.96536687016487 88.74564435333014
    endloop
  endfacet
  facet normal -1 0 0
    outer loop
      vertex 91.12 34.80981935560703 53.10312455892563
      vertex 91.12 60.31114047020674 88.56082451343536
      vertex 91.12 60.614213563501835 88.3120988458395
    endloop
  endfacet
  facet normal -1 0 0
    outer loop
      vertex 91.12 34.80981935560703 53.10312455892563
      vertex 91.12 61.20000000298023 86.8978852853179
      vertex 91.12 61.20000000298023 85.56294881552458
    endloop
  endfacet
  facet normal -1 0 0
    outer loop
      vertex 91.12 34.80981935560703 53.10312455892563
      vertex 91.12 61.16157056391239 87.2880659326911
      vertex 91.12 61.20000000298023 86.8978852853179
    endloop
  endfacet
  facet normal -1 0 0
    outer loop
      vertex 91.12 34.80981935560703 53.10312455892563
      vertex 91.12 61.04775907099247 87.66325215250254
      vertex 91.12 61.16157056391239 87.2880659326911
    endloop
  endfacet
  facet normal -1 0 0
    outer loop
      vertex 91.12 34.80981935560703 53.10312455892563
      vertex 91.12 60.8629392310977 88.0090257525444
      vertex 91.12 61.04775907099247 87.66325215250254
    endloop
  endfacet
  facet normal -1 0 0
    outer loop
      vertex 91.12 34.80981935560703 53.10312455892563
      vertex 91.12 60.614213563501835 88.3120988458395
      vertex 91.12 60.8629392310977 88.0090257525444
    endloop
  endfacet
  facet normal -1 0 0
    outer loop
      vertex 91.12 34.80981935560703 53.10312455892563
      vertex 91.12 63.530524119734764 83.13417099416256
      vertex 91.12 63.59218184649944 83.08356980234385
    endloop
  endfacet
  facet normal -1 0 0
    outer loop
      vertex 91.12 34.80981935560703 53.10312455892563
      vertex 91.12 122.75128470947412 138
      vertex 91.12 35.20000000298023 53.06469511985779
    endloop
  endfacet
  facet normal -1 0 0
    outer loop
      vertex 91.12 35.20000000298023 53.06469511985779
      vertex 91.12 122.75128470947412 138
      vertex 91.12 60.47205954045057 53.06469511985779
    endloop
  endfacet
  facet normal -1 0 0
    outer loop
      vertex 91.12 60.47205954045057 53.06469511985779
      vertex 91.12 122.75128470947412 138
      vertex 91.12 60.86224018782377 53.10312455892563
    endloop
  endfacet
  facet normal -1 0 0
    outer loop
      vertex 91.12 60.86224018782377 53.10312455892563
      vertex 91.12 122.75128470947412 138
      vertex 91.12 61.23742640763521 53.21693605184555
    endloop
  endfacet
  facet normal -1 0 0
    outer loop
      vertex 91.12 61.23742640763521 53.21693605184555
      vertex 91.12 122.75128470947412 138
      vertex 91.12 61.58320000767708 53.40175589174032
    endloop
  endfacet
  facet normal -1 0 0
    outer loop
      vertex 91.12 61.58320000767708 53.40175589174032
      vertex 91.12 122.75128470947412 138
      vertex 91.12 61.75763475894928 53.53260623663664
    endloop
  endfacet
  facet normal -1 0 0
    outer loop
      vertex 91.12 34.80981935560703 53.10312455892563
      vertex 91.12 63.59218184649944 83.08356980234385
      vertex 91.12 122.75128470947412 138
    endloop
  endfacet
  facet normal -1 0 0
    outer loop
      vertex 91.12 63.59218184649944 83.08356980234385
      vertex 91.12 63.600000001490116 83.1629488170147
      vertex 91.12 122.75128470947412 138
    endloop
  endfacet
  facet normal 0 1 0
    outer loop
      vertex 48.16 63.600000001490116 83.1629488170147
      vertex 48.16 63.600000001490116 134.1715728789568
      vertex 91.12 63.600000001490116 134.1715728789568
    endloop
  endfacet
  facet normal 0 0.9951847267853376 -0.09801713918082348
    outer loop
      vertex 48.16 63.600000001490116 134.1715728789568
      vertex 48.16 63.63842944055796 134.56175352633
      vertex 91.12 63.63842944055796 134.56175352633
    endloop
  endfacet
  facet normal 0 0.9569403375708344 -0.29028467119332607
    outer loop
      vertex 48.16 63.63842944055796 134.56175352633
      vertex 48.16 63.75224093347788 134.93693974614143
      vertex 91.12 63.75224093347788 134.93693974614143
    endloop
  endfacet
  facet normal 0 0.8819212641844241 -0.47139673713269076
    outer loop
      vertex 48.16 63.75224093347788 134.93693974614143
      vertex 48.16 63.93706077337265 135.2827133461833
      vertex 91.12 63.93706077337265 135.2827133461833
    endloop
  endfacet
  facet normal 0 0.9951847267853376 -0.09801713918082348
    outer loop
      vertex 48.16 63.600000001490116 134.1715728789568
      vertex 91.12 63.63842944055796 134.56175352633
      vertex 91.12 63.600000001490116 134.1715728789568
    endloop
  endfacet
  facet normal 0 0.9569403375708344 -0.29028467119332607
    outer loop
      vertex 48.16 63.63842944055796 134.56175352633
      vertex 91.12 63.75224093347788 134.93693974614143
      vertex 91.12 63.63842944055796 134.56175352633
    endloop
  endfacet
  facet normal 0 0.8819212641844241 -0.47139673713269076
    outer loop
      vertex 48.16 63.75224093347788 134.93693974614143
      vertex 91.12 63.93706077337265 135.2827133461833
      vertex 91.12 63.75224093347788 134.93693974614143
    endloop
  endfacet
  facet normal 0 0.7730104435344091 -0.6343932961394977
    outer loop
      vertex 48.16 63.93706077337265 135.2827133461833
      vertex 91.12 64.18578644096851 135.5857864394784
      vertex 91.12 63.93706077337265 135.2827133461833
    endloop
  endfacet
  facet normal 0 0.7730104435344091 -0.6343932961394977
    outer loop
      vertex 48.16 63.93706077337265 135.2827133461833
      vertex 48.16 64.18578644096851 135.5857864394784
      vertex 91.12 64.18578644096851 135.5857864394784
    endloop
  endfacet
  facet normal 0 0.7071067811865476 -0.7071067811865476
    outer loop
      vertex 48.16 64.18578644096851 135.5857864394784
      vertex 48.16 66.39999999850988 137.79999999701977
      vertex 91.12 64.18578644096851 135.5857864394784
    endloop
  endfacet
  facet normal 0 0.7071067811865476 -0.7071067811865476
    outer loop
      vertex 48.16 66.39999999850988 137.79999999701977
      vertex 91.12 66.39999999850988 137.79999999701977
      vertex 91.12 64.18578644096851 135.5857864394784
    endloop
  endfacet
  facet normal -1 0 0
    outer loop
      vertex 91.12 63.600000001490116 83.1629488170147
      vertex 91.12 63.600000001490116 134.1715728789568
      vertex 91.12 122.75128470947412 138
    endloop
  endfacet
  facet normal -1 0 0
    outer loop
      vertex 91.12 63.600000001490116 134.1715728789568
      vertex 91.12 63.63842944055796 134.56175352633
      vertex 91.12 122.75128470947412 138
    endloop
  endfacet
  facet normal -1 0 0
    outer loop
      vertex 91.12 63.63842944055796 134.56175352633
      vertex 91.12 63.75224093347788 134.93693974614143
      vertex 91.12 122.75128470947412 138
    endloop
  endfacet
  facet normal -1 0 0
    outer loop
      vertex 91.12 63.75224093347788 134.93693974614143
      vertex 91.12 63.93706077337265 135.2827133461833
      vertex 91.12 122.75128470947412 138
    endloop
  endfacet
  facet normal -1 0 0
    outer loop
      vertex 91.12 63.93706077337265 135.2827133461833
      vertex 91.12 64.18578644096851 135.5857864394784
      vertex 91.12 122.75128470947412 138
    endloop
  endfacet
  facet normal -1 0 0
    outer loop
      vertex 91.12 64.18578644096851 135.5857864394784
      vertex 91.12 66.39999999850988 137.79999999701977
      vertex 91.12 122.75128470947412 138
    endloop
  endfacet
  facet normal -1 0 0
    outer loop
      vertex 91.12 66.39999999850988 137.79999999701977
      vertex 91.12 66.53052411973476 137.93052411824465
      vertex 91.12 122.75128470947412 138
    endloop
  endfacet
  facet normal -1 0 0
    outer loop
      vertex 91.12 66.53052411973476 137.93052411824465
      vertex 91.12 66.58754149920541 138
      vertex 91.12 122.75128470947412 138
    endloop
  endfacet
  facet normal 1 0 0
    outer loop
      vertex 48.16 61.75763475894928 53.53260623663664
      vertex 48.16 132.56457280367613 112.94668184220791
      vertex 48.16 126.86779916286469 134.4080934524536
    endloop
  endfacet
  facet normal 1 0 0
    outer loop
      vertex 48.16 61.75763475894928 53.53260623663664
      vertex 48.16 122.81529699265957 137.94045063108206
      vertex 48.16 122.75128470947412 138
    endloop
  endfacet
  facet normal 1 0 0
    outer loop
      vertex 48.16 61.75763475894928 53.53260623663664
      vertex 48.16 122.99962185302056 137.79999999701977
      vertex 48.16 122.81529699265957 137.94045063108206
    endloop
  endfacet
  facet normal 1 0 0
    outer loop
      vertex 48.16 61.75763475894928 53.53260623663664
      vertex 48.16 126.1789642572403 135.37742576748133
      vertex 48.16 122.99962185302056 137.79999999701977
    endloop
  endfacet
  facet normal 1 0 0
    outer loop
      vertex 48.16 61.75763475894928 53.53260623663664
      vertex 48.16 126.71002772450447 134.76701673865318
      vertex 48.16 126.4852653592825 135.0882637426257
    endloop
  endfacet
  facet normal 1 0 0
    outer loop
      vertex 48.16 61.75763475894928 53.53260623663664
      vertex 48.16 126.86779916286469 134.4080934524536
      vertex 48.16 126.71002772450447 134.76701673865318
    endloop
  endfacet
  facet normal 1 0 0
    outer loop
      vertex 48.16 61.75763475894928 53.53260623663664
      vertex 48.16 126.20214955508709 135.35948911309242
      vertex 48.16 126.1789642572403 135.37742576748133
    endloop
  endfacet
  facet normal 1 0 0
    outer loop
      vertex 48.16 61.75763475894928 53.53260623663664
      vertex 48.16 126.4852653592825 135.0882637426257
      vertex 48.16 126.20214955508709 135.35948911309242
    endloop
  endfacet
  facet normal 1 0 0
    outer loop
      vertex 48.16 132.56457280367613 112.94668184220791
      vertex 48.16 132.83876655250788 113.22692377865314
      vertex 48.16 133.05301924794912 113.55527349561453
    endloop
  endfacet
  facet normal 1 0 0
    outer loop
      vertex 48.16 132.56457280367613 112.94668184220791
      vertex 48.16 133.05301924794912 113.55527349561453
      vertex 48.16 133.1990972906351 113.91911269724369
    endloop
  endfacet
  facet normal 1 0 0
    outer loop
      vertex 48.16 132.56457280367613 112.94668184220791
      vertex 48.16 133.1990972906351 113.91911269724369
      vertex 48.16 133.27138698101044 114.30445923656225
    endloop
  endfacet
  facet normal 1 0 0
    outer loop
      vertex 48.16 132.56457280367613 112.94668184220791
      vertex 48.16 133.27138698101044 114.30445923656225
      vertex 48.16 133.26711025834084 114.69650447368622
    endloop
  endfacet
  facet normal 1 0 0
    outer loop
      vertex 48.16 132.56457280367613 112.94668184220791
      vertex 48.16 133.26711025834084 114.69650447368622
      vertex 48.16 133.18643148988485 115.08018232136965
    endloop
  endfacet
  facet normal 1 0 0
    outer loop
      vertex 48.16 132.56457280367613 112.94668184220791
      vertex 48.16 133.18643148988485 115.08018232136965
      vertex 48.16 133.1799879744649 115.10024923831224
    endloop
  endfacet
  facet normal 1 0 0
    outer loop
      vertex 48.16 126.86779916286469 134.4080934524536
      vertex 48.16 132.56457280367613 112.94668184220791
      vertex 48.16 133.1799879744649 115.10024923831224
    endloop
  endfacet
  facet normal 0 -0.6427876097338274 0.7660444430792985
    outer loop
      vertex 91.12 61.75763475894928 53.53260623663664
      vertex 91.12 132.56457280367613 112.94668184220791
      vertex 48.16 132.56457280367613 112.94668184220791
    endloop
  endfacet
  facet normal -1 0 0
    outer loop
      vertex 91.12 61.75763475894928 53.53260623663664
      vertex 91.12 126.86779916286469 134.4080934524536
      vertex 91.12 132.56457280367613 112.94668184220791
    endloop
  endfacet
  facet normal 0 -0.8193643510024158 -0.5732731114454873
    outer loop
      vertex 48.16 126.71002772450447 134.76701673865318
      vertex 91.12 126.71002772450447 134.76701673865318
      vertex 48.16 126.4852653592825 135.0882637426257
    endloop
  endfacet
  facet normal 0 -0.6917804543136171 -0.7221078887740013
    outer loop
      vertex 48.16 126.20214955508709 135.35948911309242
      vertex 48.16 126.4852653592825 135.0882637426257
      vertex 91.12 126.4852653592825 135.0882637426257
    endloop
  endfacet
  facet normal 0 -0.6118904600409223 -0.7909425168183265
    outer loop
      vertex 48.16 126.20214955508709 135.35948911309242
      vertex 91.12 126.20214955508709 135.35948911309242
      vertex 48.16 126.1789642572403 135.37742576748133
    endloop
  endfacet
  facet normal 0 -0.9154605266097511 -0.4024077834975332
    outer loop
      vertex 48.16 126.71002772450447 134.76701673865318
      vertex 48.16 126.86779916286469 134.4080934524536
      vertex 91.12 126.86779916286469 134.4080934524536
    endloop
  endfacet
  facet normal 0 -0.606077739930448 -0.7954054143396311
    outer loop
      vertex 48.16 126.1789642572403 135.37742576748133
      vertex 91.12 122.99962185302056 137.79999999701977
      vertex 48.16 122.99962185302056 137.79999999701977
    endloop
  endfacet
  facet normal 0 -0.606077739930448 -0.7954054143396311
    outer loop
      vertex 48.16 126.1789642572403 135.37742576748133
      vertex 91.12 126.1789642572403 135.37742576748133
      vertex 91.12 122.99962185302056 137.79999999701977
    endloop
  endfacet
  facet normal 0 -0.9154605266097511 -0.4024077834975332
    outer loop
      vertex 48.16 126.71002772450447 134.76701673865318
      vertex 91.12 126.86779916286469 134.4080934524536
      vertex 91.12 126.71002772450447 134.76701673865318
    endloop
  endfacet
  facet normal 0 -0.6118904600409223 -0.7909425168183265
    outer loop
      vertex 48.16 126.1789642572403 135.37742576748133
      vertex 91.12 126.20214955508709 135.35948911309242
      vertex 91.12 126.1789642572403 135.37742576748133
    endloop
  endfacet
  facet normal 0 -0.6917804543136171 -0.7221078887740013
    outer loop
      vertex 48.16 126.20214955508709 135.35948911309242
      vertex 91.12 126.4852653592825 135.0882637426257
      vertex 91.12 126.20214955508709 135.35948911309242
    endloop
  endfacet
  facet normal 0 -0.8193643510024158 -0.5732731114454873
    outer loop
      vertex 48.16 126.4852653592825 135.0882637426257
      vertex 91.12 126.71002772450447 134.76701673865318
      vertex 91.12 126.4852653592825 135.0882637426257
    endloop
  endfacet
  facet normal -1 0 0
    outer loop
      vertex 91.12 61.75763475894928 53.53260623663664
      vertex 91.12 122.75128470947412 138
      vertex 91.12 122.81529699265957 137.94045063108206
    endloop
  endfacet
  facet normal -1 0 0
    outer loop
      vertex 91.12 61.75763475894928 53.53260623663664
      vertex 91.12 122.81529699265957 137.94045063108206
      vertex 91.12 122.99962185302056 137.79999999701977
    endloop
  endfacet
  facet normal -1 0 0
    outer loop
      vertex 91.12 61.75763475894928 53.53260623663664
      vertex 91.12 122.99962185302056 137.79999999701977
      vertex 91.12 126.1789642572403 135.37742576748133
    endloop
  endfacet
  facet normal -1 0 0
    outer loop
      vertex 91.12 61.75763475894928 53.53260623663664
      vertex 91.12 126.4852653592825 135.0882637426257
      vertex 91.12 126.71002772450447 134.76701673865318
    endloop
  endfacet
  facet normal -1 0 0
    outer loop
      vertex 91.12 61.75763475894928 53.53260623663664
      vertex 91.12 126.71002772450447 134.76701673865318
      vertex 91.12 126.86779916286469 134.4080934524536
    endloop
  endfacet
  facet normal -1 0 0
    outer loop
      vertex 91.12 61.75763475894928 53.53260623663664
      vertex 91.12 126.1789642572403 135.37742576748133
      vertex 91.12 126.20214955508709 135.35948911309242
    endloop
  endfacet
  facet normal -1 0 0
    outer loop
      vertex 91.12 61.75763475894928 53.53260623663664
      vertex 91.12 126.20214955508709 135.35948911309242
      vertex 91.12 126.4852653592825 135.0882637426257
    endloop
  endfacet
  facet normal 0 -0.7147778879927614 0.699351535950703
    outer loop
      vertex 48.16 132.56457280367613 112.94668184220791
      vertex 91.12 132.56457280367613 112.94668184220791
      vertex 48.16 132.83876655250788 113.22692377865314
    endloop
  endfacet
  facet normal 0 -0.8374803597584747 0.5464674253958931
    outer loop
      vertex 48.16 132.83876655250788 113.22692377865314
      vertex 91.12 132.83876655250788 113.22692377865314
      vertex 48.16 133.05301924794912 113.55527349561453
    endloop
  endfacet
  facet normal 0 -0.9279989130940465 0.37258289989781884
    outer loop
      vertex 48.16 133.05301924794912 113.55527349561453
      vertex 91.12 133.05301924794912 113.55527349561453
      vertex 48.16 133.1990972906351 113.91911269724369
    endloop
  endfacet
  facet normal 0 -0.9828549900138027 0.1843802283461212
    outer loop
      vertex 48.16 133.1990972906351 113.91911269724369
      vertex 91.12 133.1990972906351 113.91911269724369
      vertex 48.16 133.27138698101044 114.30445923656225
    endloop
  endfacet
  facet normal 0 -0.9999405049191996 -0.01090809891484134
    outer loop
      vertex 48.16 133.27138698101044 114.30445923656225
      vertex 91.12 133.27138698101044 114.30445923656225
      vertex 48.16 133.26711025834084 114.69650447368622
    endloop
  endfacet
  facet normal 0 -0.9785988686603567 -0.20577719566723074
    outer loop
      vertex 48.16 133.26711025834084 114.69650447368622
      vertex 91.12 133.26711025834084 114.69650447368622
      vertex 48.16 133.18643148988485 115.08018232136965
    endloop
  endfacet
  facet normal 0 -0.9521192662773269 -0.3057268434134047
    outer loop
      vertex 48.16 133.18643148988485 115.08018232136965
      vertex 91.12 133.18643148988485 115.08018232136965
      vertex 48.16 133.1799879744649 115.10024923831224
    endloop
  endfacet
  facet normal 0 -0.950495194718239 -0.3107392553533217
    outer loop
      vertex 48.16 126.86779916286469 134.4080934524536
      vertex 48.16 133.1799879744649 115.10024923831224
      vertex 91.12 133.1799879744649 115.10024923831224
    endloop
  endfacet
  facet normal 0 -0.7147778879927614 0.699351535950703
    outer loop
      vertex 48.16 132.83876655250788 113.22692377865314
      vertex 91.12 132.56457280367613 112.94668184220791
      vertex 91.12 132.83876655250788 113.22692377865314
    endloop
  endfacet
  facet normal 0 -0.8374803597584747 0.5464674253958931
    outer loop
      vertex 48.16 133.05301924794912 113.55527349561453
      vertex 91.12 132.83876655250788 113.22692377865314
      vertex 91.12 133.05301924794912 113.55527349561453
    endloop
  endfacet
  facet normal 0 -0.9279989130940465 0.37258289989781884
    outer loop
      vertex 48.16 133.1990972906351 113.91911269724369
      vertex 91.12 133.05301924794912 113.55527349561453
      vertex 91.12 133.1990972906351 113.91911269724369
    endloop
  endfacet
  facet normal 0 -0.9828549900138027 0.1843802283461212
    outer loop
      vertex 48.16 133.27138698101044 114.30445923656225
      vertex 91.12 133.1990972906351 113.91911269724369
      vertex 91.12 133.27138698101044 114.30445923656225
    endloop
  endfacet
  facet normal 0 -0.9999405049191996 -0.01090809891484134
    outer loop
      vertex 48.16 133.26711025834084 114.69650447368622
      vertex 91.12 133.27138698101044 114.30445923656225
      vertex 91.12 133.26711025834084 114.69650447368622
    endloop
  endfacet
  facet normal 0 -0.9785988686603567 -0.20577719566723074
    outer loop
      vertex 48.16 133.18643148988485 115.08018232136965
      vertex 91.12 133.26711025834084 114.69650447368622
      vertex 91.12 133.18643148988485 115.08018232136965
    endloop
  endfacet
  facet normal 0 -0.9521192662773269 -0.3057268434134047
    outer loop
      vertex 48.16 133.1799879744649 115.10024923831224
      vertex 91.12 133.18643148988485 115.08018232136965
      vertex 91.12 133.1799879744649 115.10024923831224
    endloop
  endfacet
  facet normal 0 -0.950495194718239 -0.3107392553533217
    outer loop
      vertex 48.16 126.86779916286469 134.4080934524536
      vertex 91.12 133.1799879744649 115.10024923831224
      vertex 91.12 126.86779916286469 134.4080934524536
    endloop
  endfacet
  facet normal -1 0 0
    outer loop
      vertex 91.12 132.56457280367613 112.94668184220791
      vertex 91.12 133.05301924794912 113.55527349561453
      vertex 91.12 132.83876655250788 113.22692377865314
    endloop
  endfacet
  facet normal -1 0 0
    outer loop
      vertex 91.12 132.56457280367613 112.94668184220791
      vertex 91.12 133.1990972906351 113.91911269724369
      vertex 91.12 133.05301924794912 113.55527349561453
    endloop
  endfacet
  facet normal -1 0 0
    outer loop
      vertex 91.12 132.56457280367613 112.94668184220791
      vertex 91.12 133.27138698101044 114.30445923656225
      vertex 91.12 133.1990972906351 113.91911269724369
    endloop
  endfacet
  facet normal -1 0 0
    outer loop
      vertex 91.12 132.56457280367613 112.94668184220791
      vertex 91.12 133.26711025834084 114.69650447368622
      vertex 91.12 133.27138698101044 114.30445923656225
    endloop
  endfacet
  facet normal -1 0 0
    outer loop
      vertex 91.12 132.56457280367613 112.94668184220791
      vertex 91.12 133.18643148988485 115.08018232136965
      vertex 91.12 133.26711025834084 114.69650447368622
    endloop
  endfacet
  facet normal -1 0 0
    outer loop
      vertex 91.12 132.56457280367613 112.94668184220791
      vertex 91.12 133.1799879744649 115.10024923831224
      vertex 91.12 133.18643148988485 115.08018232136965
    endloop
  endfacet
  facet normal -1 0 0
    outer loop
      vertex 91.12 126.86779916286469 134.4080934524536
      vertex 91.12 133.1799879744649 115.10024923831224
      vertex 91.12 132.56457280367613 112.94668184220791
    endloop
  endfacet
  facet normal 0 1 0
    outer loop
      vertex 48.16 63.600000001490116 137.79999999701977
      vertex 48.16 63.600000001490116 138
      vertex 48.56 63.600000001490116 138
    endloop
  endfacet
  facet normal 1 0 0
    outer loop
      vertex 48.16 63.600000001490116 137.79999999701977
      vertex 48.16 66.53052411973476 137.93052411824465
      vertex 48.16 63.600000001490116 138
    endloop
  endfacet
  facet normal 1 0 0
    outer loop
      vertex 48.16 63.600000001490116 137.79999999701977
      vertex 48.16 66.39999999850988 137.79999999701977
      vertex 48.16 66.53052411973476 137.93052411824465
    endloop
  endfacet
  facet normal 1 0 0
    outer loop
      vertex 48.16 66.53052411973476 137.93052411824465
      vertex 48.16 66.58754149920541 138
      vertex 48.16 63.600000001490116 138
    endloop
  endfacet
  facet normal 0 1 0
    outer loop
      vertex 48.16 63.600000001490116 137.79999999701977
      vertex 48.56 63.600000001490116 138
      vertex 91.12 63.600000001490116 137.79999999701977
    endloop
  endfacet
  facet normal 0 1 0
    outer loop
      vertex 91.12 63.600000001490116 137.79999999701977
      vertex 48.56 63.600000001490116 138
      vertex 48.56 63.600000001490116 141
    endloop
  endfacet
  facet normal 0 1 0
    outer loop
      vertex 91.12 63.600000001490116 137.79999999701977
      vertex 48.56 63.600000001490116 141
      vertex 90.72 63.600000001490116 138
    endloop
  endfacet
  facet normal 0 1 0
    outer loop
      vertex 48.56 63.600000001490116 141
      vertex 90.72 63.600000001490116 141
      vertex 90.72 63.600000001490116 138
    endloop
  endfacet
  facet normal 0 0 1
    outer loop
      vertex 48.16 63.600000001490116 137.79999999701977
      vertex 91.12 63.600000001490116 137.79999999701977
      vertex 48.16 66.39999999850988 137.79999999701977
    endloop
  endfacet
  facet normal 0 0 1
    outer loop
      vertex 48.16 66.39999999850988 137.79999999701977
      vertex 91.12 63.600000001490116 137.79999999701977
      vertex 91.12 66.39999999850988 137.79999999701977
    endloop
  endfacet
  facet normal 0 1 0
    outer loop
      vertex 91.12 63.600000001490116 137.79999999701977
      vertex 90.72 63.600000001490116 138
      vertex 91.12 63.600000001490116 138
    endloop
  endfacet
  facet normal -1 0 0
    outer loop
      vertex 91.12 63.600000001490116 137.79999999701977
      vertex 91.12 63.600000001490116 138
      vertex 91.12 66.58754149920541 138
    endloop
  endfacet
  facet normal -1 0 0
    outer loop
      vertex 91.12 63.600000001490116 137.79999999701977
      vertex 91.12 66.53052411973476 137.93052411824465
      vertex 91.12 66.39999999850988 137.79999999701977
    endloop
  endfacet
  facet normal -1 0 0
    outer loop
      vertex 91.12 63.600000001490116 137.79999999701977
      vertex 91.12 66.58754149920541 138
      vertex 91.12 66.53052411973476 137.93052411824465
    endloop
  endfacet
  facet normal 1 0 0
    outer loop
      vertex 48.16 122.81529699265957 137.94045063108206
      vertex 48.16 130.99962185082862 137.79999999701977
      vertex 48.16 122.75128470947412 138
    endloop
  endfacet
  facet normal 1 0 0
    outer loop
      vertex 48.16 122.81529699265957 137.94045063108206
      vertex 48.16 122.99962185302056 137.79999999701977
      vertex 48.16 130.99962185082862 137.79999999701977
    endloop
  endfacet
  facet normal 1 0 0
    outer loop
      vertex 48.16 130.99962185082862 137.79999999701977
      vertex 48.16 131.0881029367447 137.9286776408553
      vertex 48.16 122.75128470947412 138
    endloop
  endfacet
  facet normal 1 0 0
    outer loop
      vertex 48.16 131.0881029367447 137.9286776408553
      vertex 48.16 131.12622553549852 138
      vertex 48.16 122.75128470947412 138
    endloop
  endfacet
  facet normal 1 0 0
    outer loop
      vertex 48.16 165.06947587430477 137.93052411824465
      vertex 48.16 165.1999999959444 137.79999999701977
      vertex 48.16 165.0124584948341 138
    endloop
  endfacet
  facet normal 1 0 0
    outer loop
      vertex 48.16 165.1999999959444 137.79999999701977
      vertex 48.16 168 137.79999999701977
      vertex 48.16 165.0124584948341 138
    endloop
  endfacet
  facet normal 1 0 0
    outer loop
      vertex 48.16 168 137.79999999701977
      vertex 48.16 168 138
      vertex 48.16 165.0124584948341 138
    endloop
  endfacet
  facet normal 0 -1 0
    outer loop
      vertex 48.16 168 137.79999999701977
      vertex 48.56 168 138
      vertex 48.16 168 138
    endloop
  endfacet
  facet normal 0 0 1
    outer loop
      vertex 48.16 122.99962185302056 137.79999999701977
      vertex 91.12 122.99962185302056 137.79999999701977
      vertex 48.16 130.99962185082862 137.79999999701977
    endloop
  endfacet
  facet normal -1 0 0
    outer loop
      vertex 91.12 122.81529699265957 137.94045063108206
      vertex 91.12 130.99962185082862 137.79999999701977
      vertex 91.12 122.99962185302056 137.79999999701977
    endloop
  endfacet
  facet normal -1 0 0
    outer loop
      vertex 91.12 122.81529699265957 137.94045063108206
      vertex 91.12 122.75128470947412 138
      vertex 91.12 131.12622553549852 138
    endloop
  endfacet
  facet normal 0 0 1
    outer loop
      vertex 48.16 130.99962185082862 137.79999999701977
      vertex 91.12 122.99962185302056 137.79999999701977
      vertex 91.12 130.99962185082862 137.79999999701977
    endloop
  endfacet
  facet normal 0 0 1
    outer loop
      vertex 48.16 165.1999999959444 137.79999999701977
      vertex 91.12 165.1999999959444 137.79999999701977
      vertex 48.16 168 137.79999999701977
    endloop
  endfacet
  facet normal 0 -1 0
    outer loop
      vertex 48.16 168 137.79999999701977
      vertex 90.72 168 141
      vertex 48.56 168 138
    endloop
  endfacet
  facet normal 0 -1 0
    outer loop
      vertex 48.56 168 141
      vertex 48.56 168 138
      vertex 90.72 168 141
    endloop
  endfacet
  facet normal 0 -1 0
    outer loop
      vertex 48.16 168 137.79999999701977
      vertex 91.12 168 137.79999999701977
      vertex 90.72 168 138
    endloop
  endfacet
  facet normal 0 0 1
    outer loop
      vertex 48.16 168 137.79999999701977
      vertex 91.12 165.1999999959444 137.79999999701977
      vertex 91.12 168 137.79999999701977
    endloop
  endfacet
  facet normal 0 -1 0
    outer loop
      vertex 48.16 168 137.79999999701977
      vertex 90.72 168 138
      vertex 90.72 168 141
    endloop
  endfacet
  facet normal -1 0 0
    outer loop
      vertex 91.12 122.81529699265957 137.94045063108206
      vertex 91.12 131.12622553549852 138
      vertex 91.12 130.99962185082862 137.79999999701977
    endloop
  endfacet
  facet normal -1 0 0
    outer loop
      vertex 91.12 130.99962185082862 137.79999999701977
      vertex 91.12 131.12622553549852 138
      vertex 91.12 131.0881029367447 137.9286776408553
    endloop
  endfacet
  facet normal -1 0 0
    outer loop
      vertex 91.12 165.06947587430477 137.93052411824465
      vertex 91.12 168 137.79999999701977
      vertex 91.12 165.1999999959444 137.79999999701977
    endloop
  endfacet
  facet normal -1 0 0
    outer loop
      vertex 91.12 165.06947587430477 137.93052411824465
      vertex 91.12 165.0124584948341 138
      vertex 91.12 168 138
    endloop
  endfacet
  facet normal -1 0 0
    outer loop
      vertex 91.12 165.06947587430477 137.93052411824465
      vertex 91.12 168 138
      vertex 91.12 168 137.79999999701977
    endloop
  endfacet
  facet normal 0 -1 0
    outer loop
      vertex 91.12 168 137.79999999701977
      vertex 91.12 168 138
      vertex 90.72 168 138
    endloop
  endfacet
  facet normal 1 0 0
    outer loop
      vertex 93.52000000000001 3.385786436498165 3.5857864394783974
      vertex 93.52000000000001 3.6888595297932625 3.337060771882534
      vertex 93.52000000000001 30.80693806707859 39.01171997189522
    endloop
  endfacet
  facet normal 1 0 0
    outer loop
      vertex 93.52000000000001 3.6888595297932625 3.337060771882534
      vertex 93.52000000000001 4.034633129835129 3.1522409319877625
      vertex 93.52000000000001 30.80693806707859 39.01171997189522
    endloop
  endfacet
  facet normal 1 0 0
    outer loop
      vertex 93.52000000000001 4.034633129835129 3.1522409319877625
      vertex 93.52000000000001 4.409819349646568 3.0384294390678406
      vertex 93.52000000000001 30.80693806707859 39.01171997189522
    endloop
  endfacet
  facet normal 1 0 0
    outer loop
      vertex 93.52000000000001 4.409819349646568 3.0384294390678406
      vertex 93.52000000000001 4.799999997019768 3
      vertex 93.52000000000001 30.80693806707859 39.01171997189522
    endloop
  endfacet
  facet normal 1 0 0
    outer loop
      vertex 93.52000000000001 2.95224092900753 4.234633132815361
      vertex 93.52000000000001 3.137060768902302 3.8888595327734947
      vertex 93.52000000000001 30.80693806707859 39.01171997189522
    endloop
  endfacet
  facet normal 1 0 0
    outer loop
      vertex 93.52000000000001 2.95224092900753 4.234633132815361
      vertex 93.52000000000001 30.80693806707859 39.01171997189522
      vertex 93.52000000000001 2.8384294360876083 4.6098193526268005
    endloop
  endfacet
  facet normal 1 0 0
    outer loop
      vertex 93.52000000000001 3.137060768902302 3.8888595327734947
      vertex 93.52000000000001 3.385786436498165 3.5857864394783974
      vertex 93.52000000000001 30.80693806707859 39.01171997189522
    endloop
  endfacet
  facet normal 1 0 0
    outer loop
      vertex 93.52000000000001 2.8384294360876083 4.6098193526268005
      vertex 93.52000000000001 30.80693806707859 39.01171997189522
      vertex 93.52000000000001 2.7999999970197678 5
    endloop
  endfacet
  facet normal 0 0.47139673713269076 0.8819212641844241
    outer loop
      vertex 93.52000000000001 3.6888595297932625 3.337060771882534
      vertex 136.48000000000002 3.6888595297932625 3.337060771882534
      vertex 93.52000000000001 4.034633129835129 3.1522409319877625
    endloop
  endfacet
  facet normal 0 0.7730104435344091 0.6343932961394977
    outer loop
      vertex 93.52000000000001 3.137060768902302 3.8888595327734947
      vertex 136.48000000000002 3.137060768902302 3.8888595327734947
      vertex 93.52000000000001 3.385786436498165 3.5857864394783974
    endloop
  endfacet
  facet normal 0 0.8819212641844241 0.47139673713269076
    outer loop
      vertex 93.52000000000001 2.95224092900753 4.234633132815361
      vertex 136.48000000000002 2.95224092900753 4.234633132815361
      vertex 93.52000000000001 3.137060768902302 3.8888595327734947
    endloop
  endfacet
  facet normal 0 0.6343932961394977 0.7730104435344091
    outer loop
      vertex 93.52000000000001 3.385786436498165 3.5857864394783974
      vertex 136.48000000000002 3.385786436498165 3.5857864394783974
      vertex 93.52000000000001 3.6888595297932625 3.337060771882534
    endloop
  endfacet
  facet normal 0 0.29028467119332607 0.9569403375708344
    outer loop
      vertex 93.52000000000001 4.034633129835129 3.1522409319877625
      vertex 136.48000000000002 4.034633129835129 3.1522409319877625
      vertex 93.52000000000001 4.409819349646568 3.0384294390678406
    endloop
  endfacet
  facet normal 0 0.09801713918082348 0.9951847267853376
    outer loop
      vertex 93.52000000000001 4.409819349646568 3.0384294390678406
      vertex 136.48000000000002 4.409819349646568 3.0384294390678406
      vertex 93.52000000000001 4.799999997019768 3
    endloop
  endfacet
  facet normal 0 0.9569403375708344 0.29028467119332607
    outer loop
      vertex 93.52000000000001 2.95224092900753 4.234633132815361
      vertex 93.52000000000001 2.8384294360876083 4.6098193526268005
      vertex 136.48000000000002 2.8384294360876083 4.6098193526268005
    endloop
  endfacet
  facet normal 0 0.9951847267853376 0.09801713918082348
    outer loop
      vertex 93.52000000000001 2.8384294360876083 4.6098193526268005
      vertex 93.52000000000001 2.7999999970197678 5
      vertex 136.48000000000002 2.7999999970197678 5
    endloop
  endfacet
  facet normal 0 0 1
    outer loop
      vertex 93.52000000000001 4.799999997019768 3
      vertex 136.48000000000002 4.799999997019768 3
      vertex 93.52000000000001 30.447346039116383 3
    endloop
  endfacet
  facet normal 1 0 0
    outer loop
      vertex 93.52000000000001 2.7999999970197678 5
      vertex 93.52000000000001 3.548982873558998 44.84525755792856
      vertex 93.52000000000001 2.7999999970197678 43.28482295572758
    endloop
  endfacet
  facet normal 0 1 0
    outer loop
      vertex 93.52000000000001 2.7999999970197678 5
      vertex 93.52000000000001 2.7999999970197678 43.28482295572758
      vertex 136.48000000000002 2.7999999970197678 43.28482295572758
    endloop
  endfacet
  facet normal 1 0 0
    outer loop
      vertex 93.52000000000001 4.799999997019768 3
      vertex 93.52000000000001 30.447346039116383 3
      vertex 93.52000000000001 30.80693806707859 39.01171997189522
    endloop
  endfacet
  facet normal 1 0 0
    outer loop
      vertex 93.52000000000001 30.447346039116383 3
      vertex 93.52000000000001 30.837526686489582 3.0384294390678406
      vertex 93.52000000000001 30.80693806707859 39.01171997189522
    endloop
  endfacet
  facet normal 1 0 0
    outer loop
      vertex 93.52000000000001 30.837526686489582 3.0384294390678406
      vertex 93.52000000000001 31.131386324763298 3.1206147596240044
      vertex 93.52000000000001 30.80693806707859 39.01171997189522
    endloop
  endfacet
  facet normal 0 -0.26934006166382596 0.9630451345512974
    outer loop
      vertex 93.52000000000001 30.837526686489582 3.0384294390678406
      vertex 113.79999999701977 31.131386324763298 3.1206147596240044
      vertex 93.52000000000001 31.131386324763298 3.1206147596240044
    endloop
  endfacet
  facet normal 0 -0.09801713918082348 0.9951847267853376
    outer loop
      vertex 93.52000000000001 30.447346039116383 3
      vertex 136.48000000000002 30.447346039116383 3
      vertex 93.52000000000001 30.837526686489582 3.0384294390678406
    endloop
  endfacet
  facet normal 0 -0.09801713918081956 0.9951847267853381
    outer loop
      vertex 93.52000000000001 30.837526686489582 3.0384294390678406
      vertex 113.79999999701977 30.799999997019768 3.0347333828023473
      vertex 113.79999999701977 30.837526686489582 3.0384294390678406
    endloop
  endfacet
  facet normal 0 -0.26934006166382596 0.9630451345512974
    outer loop
      vertex 93.52000000000001 30.837526686489582 3.0384294390678406
      vertex 113.79999999701977 30.837526686489582 3.0384294390678406
      vertex 113.79999999701977 31.131386324763298 3.1206147596240044
    endloop
  endfacet
  facet normal 0 -0.3420201431981684 0.9396926208323146
    outer loop
      vertex 93.52000000000001 31.131386324763298 3.1206147596240044
      vertex 113.79999999701977 31.131386324763298 3.1206147596240044
      vertex 113.79999999701977 45.999974299595706 8.532338205746726
    endloop
  endfacet
  facet normal 1 0 0
    outer loop
      vertex 93.52000000000001 2.7999999970197678 5
      vertex 93.52000000000001 30.804101273417473 39.02278860658407
      vertex 93.52000000000001 30.799999997019768 39.07639529556036
    endloop
  endfacet
  facet normal 1 0 0
    outer loop
      vertex 93.52000000000001 2.7999999970197678 5
      vertex 93.52000000000001 30.80693806707859 39.01171997189522
      vertex 93.52000000000001 30.804101273417473 39.02278860658407
    endloop
  endfacet
  facet normal 1 0 0
    outer loop
      vertex 93.52000000000001 31.131386324763298 3.1206147596240044
      vertex 93.52000000000001 60.8686136752367 13.944080360233784
      vertex 93.52000000000001 30.80693806707859 39.01171997189522
    endloop
  endfacet
  facet normal 1 0 0
    outer loop
      vertex 93.52000000000001 30.80693806707859 39.01171997189522
      vertex 93.52000000000001 60.8686136752367 13.944080360233784
      vertex 93.52000000000001 30.89232823997736 39.033604726195335
    endloop
  endfacet
  facet normal 1 0 0
    outer loop
      vertex 93.52000000000001 2.7999999970197678 43.28482295572758
      vertex 93.52000000000001 3.548982873558998 44.84525755792856
      vertex 93.52000000000001 2.8120034113526344 43.5036141499877
    endloop
  endfacet
  facet normal 1 0 0
    outer loop
      vertex 93.52000000000001 2.7999999970197678 5
      vertex 93.52000000000001 20.56487886625964 58.48708352452125
      vertex 93.52000000000001 3.548982873558998 44.84525755792856
    endloop
  endfacet
  facet normal 1 0 0
    outer loop
      vertex 93.52000000000001 2.8120034113526344 43.5036141499877
      vertex 93.52000000000001 3.548982873558998 44.84525755792856
      vertex 93.52000000000001 2.892886258661747 43.887249037623405
    endloop
  endfacet
  facet normal 1 0 0
    outer loop
      vertex 93.52000000000001 2.892886258661747 43.887249037623405
      vertex 93.52000000000001 3.548982873558998 44.84525755792856
      vertex 93.52000000000001 3.0470584109425545 44.247733019292355
    endloop
  endfacet
  facet normal 1 0 0
    outer loop
      vertex 93.52000000000001 3.0470584109425545 44.247733019292355
      vertex 93.52000000000001 3.548982873558998 44.84525755792856
      vertex 93.52000000000001 3.2685951218008995 44.57121291011572
    endloop
  endfacet
  facet normal 1 0 0
    outer loop
      vertex 93.52000000000001 2.7999999970197678 5
      vertex 93.52000000000001 27.548982885539456 64.08631447835542
      vertex 93.52000000000001 20.56487886625964 58.48708352452125
    endloop
  endfacet
  facet normal 1 0 0
    outer loop
      vertex 93.52000000000001 2.7999999970197678 5
      vertex 93.52000000000001 30.647759065032005 63.291246734559536
      vertex 93.52000000000001 30.462939225137234 63.6370203346014
    endloop
  endfacet
  facet normal 1 0 0
    outer loop
      vertex 93.52000000000001 2.7999999970197678 5
      vertex 93.52000000000001 27.688859529793262 64.18881909549236
      vertex 93.52000000000001 27.548982885539456 64.08631447835542
    endloop
  endfacet
  facet normal 1 0 0
    outer loop
      vertex 93.52000000000001 2.7999999970197678 5
      vertex 93.52000000000001 28.03463312983513 64.37363893538713
      vertex 93.52000000000001 27.688859529793262 64.18881909549236
    endloop
  endfacet
  facet normal 1 0 0
    outer loop
      vertex 93.52000000000001 2.7999999970197678 5
      vertex 93.52000000000001 28.40981934964657 64.48745042830706
      vertex 93.52000000000001 28.03463312983513 64.37363893538713
    endloop
  endfacet
  facet normal 1 0 0
    outer loop
      vertex 93.52000000000001 2.7999999970197678 5
      vertex 93.52000000000001 28.799999997019768 64.5258798673749
      vertex 93.52000000000001 28.40981934964657 64.48745042830706
    endloop
  endfacet
  facet normal 1 0 0
    outer loop
      vertex 93.52000000000001 2.7999999970197678 5
      vertex 93.52000000000001 29.190180644392967 64.48745042830706
      vertex 93.52000000000001 28.799999997019768 64.5258798673749
    endloop
  endfacet
  facet normal 1 0 0
    outer loop
      vertex 93.52000000000001 2.7999999970197678 5
      vertex 93.52000000000001 29.565366864204407 64.37363893538713
      vertex 93.52000000000001 29.190180644392967 64.48745042830706
    endloop
  endfacet
  facet normal 1 0 0
    outer loop
      vertex 93.52000000000001 2.7999999970197678 5
      vertex 93.52000000000001 29.911140464246273 64.18881909549236
      vertex 93.52000000000001 29.565366864204407 64.37363893538713
    endloop
  endfacet
  facet normal 1 0 0
    outer loop
      vertex 93.52000000000001 2.7999999970197678 5
      vertex 93.52000000000001 30.21421355754137 63.9400934278965
      vertex 93.52000000000001 29.911140464246273 64.18881909549236
    endloop
  endfacet
  facet normal 1 0 0
    outer loop
      vertex 93.52000000000001 2.7999999970197678 5
      vertex 93.52000000000001 30.462939225137234 63.6370203346014
      vertex 93.52000000000001 30.21421355754137 63.9400934278965
    endloop
  endfacet
  facet normal 0 0.9984984462299653 -0.05478004085746
    outer loop
      vertex 93.52000000000001 2.7999999970197678 43.28482295572758
      vertex 93.52000000000001 2.8120034113526344 43.5036141499877
      vertex 136.48000000000002 2.8120034113526344 43.5036141499877
    endloop
  endfacet
  facet normal 0 0.9784892719391062 -0.20629770890651652
    outer loop
      vertex 93.52000000000001 2.8120034113526344 43.5036141499877
      vertex 93.52000000000001 2.892886258661747 43.887249037623405
      vertex 136.48000000000002 2.892886258661747 43.887249037623405
    endloop
  endfacet
  facet normal 0 0.9194411921313657 -0.3932275349108367
    outer loop
      vertex 93.52000000000001 2.892886258661747 43.887249037623405
      vertex 93.52000000000001 3.0470584109425545 44.247733019292355
      vertex 136.48000000000002 3.0470584109425545 44.247733019292355
    endloop
  endfacet
  facet normal 0 0.8250595065014482 -0.5650458483447042
    outer loop
      vertex 93.52000000000001 3.0470584109425545 44.247733019292355
      vertex 93.52000000000001 3.2685951218008995 44.57121291011572
      vertex 136.48000000000002 3.2685951218008995 44.57121291011572
    endloop
  endfacet
  facet normal 0 0.6989712302385408 -0.7151497880156441
    outer loop
      vertex 93.52000000000001 3.2685951218008995 44.57121291011572
      vertex 93.52000000000001 3.548982873558998 44.84525755792856
      vertex 136.48000000000002 3.548982873558998 44.84525755792856
    endloop
  endfacet
  facet normal 8.557259164602251e-17 0.625508562753358 -0.7802173017321702
    outer loop
      vertex 93.52000000000001 3.548982873558998 44.84525755792856
      vertex 93.52000000000001 20.56487886625964 58.48708352452125
      vertex 123.97834208522069 20.564816440721383 58.48703347729899
    endloop
  endfacet
  facet normal 1 0 0
    outer loop
      vertex 93.52000000000001 2.7999999970197678 5
      vertex 93.52000000000001 30.799999997019768 39.07639529556036
      vertex 93.52000000000001 30.799999997019768 62.5258798673749
    endloop
  endfacet
  facet normal 1 0 0
    outer loop
      vertex 93.52000000000001 2.7999999970197678 5
      vertex 93.52000000000001 30.799999997019768 62.5258798673749
      vertex 93.52000000000001 30.761570557951927 62.9160605147481
    endloop
  endfacet
  facet normal 1 0 0
    outer loop
      vertex 93.52000000000001 2.7999999970197678 5
      vertex 93.52000000000001 30.761570557951927 62.9160605147481
      vertex 93.52000000000001 30.647759065032005 63.291246734559536
    endloop
  endfacet
  facet normal 0 -1 0
    outer loop
      vertex 93.52000000000001 30.799999997019768 39.07639529556036
      vertex 99 30.799999997019768 55.378692411729695
      vertex 99 30.799999997019768 62.5258798673749
    endloop
  endfacet
  facet normal 0 -0.9686916073662104 -0.2482671339872994
    outer loop
      vertex 93.52000000000001 30.80693806707859 39.01171997189522
      vertex 113.79999999701977 30.804101273417473 39.02278860658407
      vertex 93.52000000000001 30.804101273417473 39.02278860658407
    endloop
  endfacet
  facet normal 0 -0.9970861400717312 -0.07628387298017802
    outer loop
      vertex 93.52000000000001 30.804101273417473 39.02278860658407
      vertex 113.79999999701977 30.799999997019768 39.07639529556036
      vertex 93.52000000000001 30.799999997019768 39.07639529556036
    endloop
  endfacet
  facet normal 0 0.248267181499205 -0.9686915951893259
    outer loop
      vertex 93.52000000000001 30.80693806707859 39.01171997189522
      vertex 93.52000000000001 30.89232823997736 39.033604726195335
      vertex 113.79999999701977 30.80693806707859 39.01171997189522
    endloop
  endfacet
  facet normal 0 -0.9686916073662104 -0.2482671339872994
    outer loop
      vertex 93.52000000000001 30.80693806707859 39.01171997189522
      vertex 113.79999999701977 30.80693806707859 39.01171997189522
      vertex 113.79999999701977 30.804101273417473 39.02278860658407
    endloop
  endfacet
  facet normal 0 -0.9970861400717312 -0.07628387298017802
    outer loop
      vertex 93.52000000000001 30.804101273417473 39.02278860658407
      vertex 113.79999999701977 30.804101273417473 39.02278860658407
      vertex 113.79999999701977 30.799999997019768 39.07639529556036
    endloop
  endfacet
  facet normal 0 0.248267181499205 -0.9686915951893259
    outer loop
      vertex 93.52000000000001 30.89232823997736 39.033604726195335
      vertex 113.79999999701977 30.89232823997736 39.033604726195335
      vertex 113.79999999701977 30.80693806707859 39.01171997189522
    endloop
  endfacet
  facet normal 0 -1 0
    outer loop
      vertex 93.52000000000001 30.799999997019768 39.07639529556036
      vertex 113.79999999701977 30.799999997019768 39.07639529556036
      vertex 99 30.799999997019768 55.378692411729695
    endloop
  endfacet
  facet normal 0 -1 0
    outer loop
      vertex 113.79999999701977 30.799999997019768 39.07639529556036
      vertex 116.20000000298023 30.799999997019768 39.07639529556036
      vertex 99 30.799999997019768 55.378692411729695
    endloop
  endfacet
  facet normal 0 0.3420201433279512 -0.9396926207850778
    outer loop
      vertex 93.52000000000001 30.89232823997736 39.033604726195335
      vertex 93.52000000000001 61.12821190804243 50.03856638818979
      vertex 113.79999999701977 30.89232823997736 39.033604726195335
    endloop
  endfacet
  facet normal 0 -1 0
    outer loop
      vertex 93.52000000000001 30.799999997019768 39.07639529556036
      vertex 99 30.799999997019768 62.5258798673749
      vertex 93.52000000000001 30.799999997019768 62.5258798673749
    endloop
  endfacet
  facet normal 0 -0.9569403375708344 -0.290284671193326
    outer loop
      vertex 93.52000000000001 30.647759065032005 63.291246734559536
      vertex 93.52000000000001 30.761570557951927 62.9160605147481
      vertex 99 30.647759065032005 63.291246734559536
    endloop
  endfacet
  facet normal 0 -0.7730104435344088 -0.6343932961394975
    outer loop
      vertex 93.52000000000001 30.462939225137234 63.6370203346014
      vertex 99 30.21421355754137 63.9400934278965
      vertex 93.52000000000001 30.21421355754137 63.9400934278965
    endloop
  endfacet
  facet normal 0 -0.8819212641844241 -0.47139673713269076
    outer loop
      vertex 93.52000000000001 30.647759065032005 63.291246734559536
      vertex 99 30.462939225137234 63.6370203346014
      vertex 93.52000000000001 30.462939225137234 63.6370203346014
    endloop
  endfacet
  facet normal 0 -0.9951847267853376 -0.09801713918082348
    outer loop
      vertex 93.52000000000001 30.799999997019768 62.5258798673749
      vertex 99 30.761570557951927 62.9160605147481
      vertex 93.52000000000001 30.761570557951927 62.9160605147481
    endloop
  endfacet
  facet normal 0 -0.8819212641844241 -0.47139673713269076
    outer loop
      vertex 93.52000000000001 30.647759065032005 63.291246734559536
      vertex 99 30.647759065032005 63.291246734559536
      vertex 99 30.462939225137234 63.6370203346014
    endloop
  endfacet
  facet normal 0 -0.7730104435344088 -0.6343932961394975
    outer loop
      vertex 93.52000000000001 30.462939225137234 63.6370203346014
      vertex 99 30.462939225137234 63.6370203346014
      vertex 99 30.21421355754137 63.9400934278965
    endloop
  endfacet
  facet normal 0 -0.9951847267853376 -0.09801713918082348
    outer loop
      vertex 93.52000000000001 30.799999997019768 62.5258798673749
      vertex 99 30.799999997019768 62.5258798673749
      vertex 99 30.761570557951927 62.9160605147481
    endloop
  endfacet
  facet normal 0 -0.9569403375708344 -0.290284671193326
    outer loop
      vertex 93.52000000000001 30.761570557951927 62.9160605147481
      vertex 99 30.761570557951927 62.9160605147481
      vertex 99 30.647759065032005 63.291246734559536
    endloop
  endfacet
  facet normal -2.5836736465701125e-17 -0.6343932961394975 -0.7730104435344088
    outer loop
      vertex 93.52000000000001 29.911140464246273 64.18881909549236
      vertex 93.52000000000001 30.21421355754137 63.9400934278965
      vertex 99 30.2 63.95175819348144
    endloop
  endfacet
  facet normal 0 -0.6343932961394921 -0.7730104435344134
    outer loop
      vertex 93.52000000000001 30.21421355754137 63.9400934278965
      vertex 99 30.21421355754137 63.9400934278965
      vertex 99 30.2 63.95175819348144
    endloop
  endfacet
  facet normal 9.98133430746932e-17 0.5910951801371418 -0.8066018150355475
    outer loop
      vertex 93.52000000000001 27.548982885539456 64.08631447835542
      vertex 93.52000000000001 27.688859529793262 64.18881909549236
      vertex 136.48000000000002 27.54898288553966 64.08631447835558
    endloop
  endfacet
  facet normal 0 0.47139673713269076 -0.8819212641844241
    outer loop
      vertex 93.52000000000001 27.688859529793262 64.18881909549236
      vertex 93.52000000000001 28.03463312983513 64.37363893538713
      vertex 136.48000000000002 28.03463312983513 64.37363893538713
    endloop
  endfacet
  facet normal 0 0.29028467119332607 -0.9569403375708344
    outer loop
      vertex 93.52000000000001 28.03463312983513 64.37363893538713
      vertex 93.52000000000001 28.40981934964657 64.48745042830706
      vertex 136.48000000000002 28.40981934964657 64.48745042830706
    endloop
  endfacet
  facet normal 0 0.09801713918082348 -0.9951847267853376
    outer loop
      vertex 93.52000000000001 28.40981934964657 64.48745042830706
      vertex 93.52000000000001 28.799999997019768 64.5258798673749
      vertex 136.48000000000002 28.799999997019768 64.5258798673749
    endloop
  endfacet
  facet normal 0 -0.09801713918082348 -0.9951847267853376
    outer loop
      vertex 93.52000000000001 28.799999997019768 64.5258798673749
      vertex 93.52000000000001 29.190180644392967 64.48745042830706
      vertex 136.48000000000002 29.190180644392967 64.48745042830706
    endloop
  endfacet
  facet normal 0 -0.29028467119332607 -0.9569403375708344
    outer loop
      vertex 93.52000000000001 29.190180644392967 64.48745042830706
      vertex 93.52000000000001 29.565366864204407 64.37363893538713
      vertex 136.48000000000002 29.565366864204407 64.37363893538713
    endloop
  endfacet
  facet normal 0 -0.47139673713269076 -0.8819212641844241
    outer loop
      vertex 93.52000000000001 29.565366864204407 64.37363893538713
      vertex 93.52000000000001 29.911140464246273 64.18881909549236
      vertex 136.48000000000002 29.911140464246273 64.18881909549236
    endloop
  endfacet
  facet normal 0 -0.6343932961394979 -0.7730104435344088
    outer loop
      vertex 93.52000000000001 29.911140464246273 64.18881909549236
      vertex 99 30.2 63.95175819348144
      vertex 131 30.2 63.95175819348144
    endloop
  endfacet
  facet normal 4.4286115442682046e-17 -0.34202014319816854 0.9396926208323148
    outer loop
      vertex 93.52000000000001 31.131386324763298 3.1206147596240044
      vertex 113.79999999701977 45.999974299595706 8.532338205746726
      vertex 93.52000000000001 60.8686136752367 13.944080360233784
    endloop
  endfacet
  facet normal -1.4968183157089979e-15 -0.34202014319817153 0.9396926208323136
    outer loop
      vertex 93.52000000000001 60.8686136752367 13.944080360233784
      vertex 113.79999999701977 45.999974299595706 8.532338205746726
      vertex 115.0000871119758 45.9999397004509 8.532325612687893
    endloop
  endfacet
  facet normal 0 -0.34202014319816715 0.9396926208323152
    outer loop
      vertex 93.52000000000001 60.8686136752367 13.944080360233784
      vertex 115.0000871119758 45.9999397004509 8.532325612687893
      vertex 115.78259743327197 45.99991364212777 8.532316128233923
    endloop
  endfacet
  facet normal 4.3030909988543295e-15 -0.34202014319816376 0.9396926208323164
    outer loop
      vertex 93.52000000000001 60.8686136752367 13.944080360233784
      vertex 115.78259743327197 45.99991364212777 8.532316128233923
      vertex 116.20000000298023 45.9999312069388 8.532322521302302
    endloop
  endfacet
  facet normal 4.598955128181739e-18 -0.4324792012917569 0.9016439100055209
    outer loop
      vertex 93.52000000000001 60.8686136752367 13.944080360233784
      vertex 114.96686136742534 60.86861367805661 13.944080361586371
      vertex 93.52000000000001 61.22211990505457 14.113641858100891
    endloop
  endfacet
  facet normal 0 -0.4324791728564604 0.9016439236446901
    outer loop
      vertex 93.52000000000001 60.8686136752367 13.944080360233784
      vertex 115.03313863257466 60.86861367805661 13.944080361586371
      vertex 114.96686136742534 60.86861367805661 13.944080361586371
    endloop
  endfacet
  facet normal -3.4769259988821077e-17 -0.43247920129175893 0.9016439100055201
    outer loop
      vertex 93.52000000000001 61.22211990505457 14.113641858100891
      vertex 114.96686136742534 60.86861367805661 13.944080361586371
      vertex 115 61.20000000298023 14.103031907237138
    endloop
  endfacet
  facet normal 0 -0.5824777059465526 0.8128466780858746
    outer loop
      vertex 93.52000000000001 61.22211990505457 14.113641858100891
      vertex 136.48000000000002 61.22211990505457 14.113641858100891
      vertex 93.52000000000001 61.47014860808849 14.29137671738863
    endloop
  endfacet
  facet normal 1 0 0
    outer loop
      vertex 93.52000000000001 30.89232823997736 39.033604726195335
      vertex 93.52000000000001 60.8686136752367 13.944080360233784
      vertex 93.52000000000001 61.12821190804243 50.03856638818979
    endloop
  endfacet
  facet normal 1 0 0
    outer loop
      vertex 93.52000000000001 60.8686136752367 13.944080360233784
      vertex 93.52000000000001 61.17718295753002 50.060754880309105
      vertex 93.52000000000001 61.12821190804243 50.03856638818979
    endloop
  endfacet
  facet normal 1 0 0
    outer loop
      vertex 93.52000000000001 60.8686136752367 13.944080360233784
      vertex 93.52000000000001 61.27526671439409 50.12785138934851
      vertex 93.52000000000001 61.17718295753002 50.060754880309105
    endloop
  endfacet
  facet normal 4.31604728456024e-16 0.34202014332795133 -0.9396926207850775
    outer loop
      vertex 93.52000000000001 61.12821190804243 50.03856638818979
      vertex 113.79999999701977 49.20000000298023 45.697052306694594
      vertex 113.79999999701977 30.89232823997736 39.033604726195335
    endloop
  endfacet
  facet normal 0 0.4127070030460686 -0.9108638370452151
    outer loop
      vertex 93.52000000000001 61.17718295753002 50.060754880309105
      vertex 114.99282119048839 61.12821190804243 50.03856638818979
      vertex 93.52000000000001 61.12821190804243 50.03856638818979
    endloop
  endfacet
  facet normal 0 0.3420201433279508 -0.9396926207850778
    outer loop
      vertex 93.52000000000001 61.12821190804243 50.03856638818979
      vertex 114.99282119048839 61.12821190804243 50.03856638818979
      vertex 113.79999999701977 49.20000000298023 45.697052306694594
    endloop
  endfacet
  facet normal 0 0.41270700304606855 -0.9108638370452151
    outer loop
      vertex 93.52000000000001 61.17718295753002 50.060754880309105
      vertex 114.99771829544932 61.17718295753002 50.060754880309105
      vertex 114.99282119048839 61.12821190804243 50.03856638818979
    endloop
  endfacet
  facet normal 0 0.56460693819775 -0.8253599247231246
    outer loop
      vertex 93.52000000000001 61.17718295753002 50.060754880309105
      vertex 115 61.20000000298023 50.076363418819966
      vertex 114.99771829544932 61.17718295753002 50.060754880309105
    endloop
  endfacet
  facet normal 0 0.5646069381976784 -0.8253599247231738
    outer loop
      vertex 93.52000000000001 61.17718295753002 50.060754880309105
      vertex 93.52000000000001 61.27526671439409 50.12785138934851
      vertex 136.48000000000002 61.27526671439409 50.12785138934851
    endloop
  endfacet
  facet normal 0 -0.6427876096924102 0.7660444431140516
    outer loop
      vertex 93.52000000000001 61.47014860808849 14.29137671738863
      vertex 136.48000000000002 61.47014860808849 14.29137671738863
      vertex 93.52000000000001 167.2855752184987 103.08106216043234
    endloop
  endfacet
  facet normal 1 0 0
    outer loop
      vertex 93.52000000000001 60.8686136752367 13.944080360233784
      vertex 93.52000000000001 135.92575278133154 112.76704672724009
      vertex 93.52000000000001 61.27526671439409 50.12785138934851
    endloop
  endfacet
  facet normal 1 0 0
    outer loop
      vertex 93.52000000000001 60.8686136752367 13.944080360233784
      vertex 93.52000000000001 61.22211990505457 14.113641858100891
      vertex 93.52000000000001 165.0124584948341 138
    endloop
  endfacet
  facet normal 1 0 0
    outer loop
      vertex 93.52000000000001 61.22211990505457 14.113641858100891
      vertex 93.52000000000001 61.47014860808849 14.29137671738863
      vertex 93.52000000000001 165.0124584948341 138
    endloop
  endfacet
  facet normal 1 0 0
    outer loop
      vertex 93.52000000000001 60.8686136752367 13.944080360233784
      vertex 93.52000000000001 135.98958934098482 112.8321183398366
      vertex 93.52000000000001 135.92575278133154 112.76704672724009
    endloop
  endfacet
  facet normal 1 0 0
    outer loop
      vertex 93.52000000000001 60.8686136752367 13.944080360233784
      vertex 93.52000000000001 165.0124584948341 138
      vertex 93.52000000000001 135.98958934098482 112.8321183398366
    endloop
  endfacet
  facet normal 0 0.6427876097583178 -0.7660444430587487
    outer loop
      vertex 93.52000000000001 61.27526671439409 50.12785138934851
      vertex 93.52000000000001 135.92575278133154 112.76704672724009
      vertex 136.48000000000002 135.92575278133154 112.76704672724009
    endloop
  endfacet
  facet normal 1 0 0
    outer loop
      vertex 93.52000000000001 61.47014860808849 14.29137671738863
      vertex 93.52000000000001 167.2855752184987 103.08106216043234
      vertex 93.52000000000001 168 134.1715728789568
    endloop
  endfacet
  facet normal 1 0 0
    outer loop
      vertex 93.52000000000001 61.47014860808849 14.29137671738863
      vertex 93.52000000000001 165.06947587430477 137.93052411824465
      vertex 93.52000000000001 165.0124584948341 138
    endloop
  endfacet
  facet normal 1 0 0
    outer loop
      vertex 93.52000000000001 61.47014860808849 14.29137671738863
      vertex 93.52000000000001 165.1999999959444 137.79999999701977
      vertex 93.52000000000001 165.06947587430477 137.93052411824465
    endloop
  endfacet
  facet normal 1 0 0
    outer loop
      vertex 93.52000000000001 61.47014860808849 14.29137671738863
      vertex 93.52000000000001 167.96157056093216 134.56175352633
      vertex 93.52000000000001 167.84775906801224 134.93693974614143
    endloop
  endfacet
  facet normal 1 0 0
    outer loop
      vertex 93.52000000000001 61.47014860808849 14.29137671738863
      vertex 93.52000000000001 168 134.1715728789568
      vertex 93.52000000000001 167.96157056093216 134.56175352633
    endloop
  endfacet
  facet normal 1 0 0
    outer loop
      vertex 93.52000000000001 61.47014860808849 14.29137671738863
      vertex 93.52000000000001 167.4142135605216 135.5857864394784
      vertex 93.52000000000001 165.1999999959444 137.79999999701977
    endloop
  endfacet
  facet normal 1 0 0
    outer loop
      vertex 93.52000000000001 61.47014860808849 14.29137671738863
      vertex 93.52000000000001 167.84775906801224 134.93693974614143
      vertex 93.52000000000001 167.66293922811747 135.2827133461833
    endloop
  endfacet
  facet normal 1 0 0
    outer loop
      vertex 93.52000000000001 61.47014860808849 14.29137671738863
      vertex 93.52000000000001 167.66293922811747 135.2827133461833
      vertex 93.52000000000001 167.4142135605216 135.5857864394784
    endloop
  endfacet
  facet normal 1 0 0
    outer loop
      vertex 93.52000000000001 167.2855752184987 103.08106216043234
      vertex 93.52000000000001 167.55976896733046 103.36130409687757
      vertex 93.52000000000001 167.7740216627717 103.68965381383896
    endloop
  endfacet
  facet normal 1 0 0
    outer loop
      vertex 93.52000000000001 167.2855752184987 103.08106216043234
      vertex 93.52000000000001 167.7740216627717 103.68965381383896
      vertex 93.52000000000001 167.9200997054577 104.05349301546812
    endloop
  endfacet
  facet normal 1 0 0
    outer loop
      vertex 93.52000000000001 167.2855752184987 103.08106216043234
      vertex 93.52000000000001 167.9200997054577 104.05349301546812
      vertex 93.52000000000001 167.99238939583302 104.43883955478668
    endloop
  endfacet
  facet normal 1 0 0
    outer loop
      vertex 93.52000000000001 167.2855752184987 103.08106216043234
      vertex 93.52000000000001 167.99238939583302 104.43883955478668
      vertex 93.52000000000001 168 104.61315104365349
    endloop
  endfacet
  facet normal 0 -0.7147778879927614 0.699351535950703
    outer loop
      vertex 93.52000000000001 167.2855752184987 103.08106216043234
      vertex 136.48000000000002 167.2855752184987 103.08106216043234
      vertex 93.52000000000001 167.55976896733046 103.36130409687757
    endloop
  endfacet
  facet normal 0 -0.8374803597584747 0.5464674253958931
    outer loop
      vertex 93.52000000000001 167.55976896733046 103.36130409687757
      vertex 136.48000000000002 167.55976896733046 103.36130409687757
      vertex 93.52000000000001 167.7740216627717 103.68965381383896
    endloop
  endfacet
  facet normal 0 -0.9279989130940465 0.37258289989781884
    outer loop
      vertex 93.52000000000001 167.7740216627717 103.68965381383896
      vertex 136.48000000000002 167.7740216627717 103.68965381383896
      vertex 93.52000000000001 167.9200997054577 104.05349301546812
    endloop
  endfacet
  facet normal 0 -0.9828549900138027 0.1843802283461212
    outer loop
      vertex 93.52000000000001 167.9200997054577 104.05349301546812
      vertex 136.48000000000002 167.9200997054577 104.05349301546812
      vertex 93.52000000000001 167.99238939583302 104.43883955478668
    endloop
  endfacet
  facet normal 0 -0.999048221531088 0.04361938852815863
    outer loop
      vertex 93.52000000000001 167.99238939583302 104.43883955478668
      vertex 136.48000000000002 167.99238939583302 104.43883955478668
      vertex 93.52000000000001 168 104.61315104365349
    endloop
  endfacet
  facet normal 1 0 0
    outer loop
      vertex 93.52000000000001 135.98958934098482 112.8321183398366
      vertex 93.52000000000001 165.0124584948341 138
      vertex 93.52000000000001 135.97070348262787 112.92313183099031
    endloop
  endfacet
  facet normal 0 0.7138487196345743 -0.7002999396516317
    outer loop
      vertex 93.52000000000001 135.92575278133154 112.76704672724009
      vertex 93.52000000000001 135.98958934098482 112.8321183398366
      vertex 136.48000000000002 135.98958934098482 112.8321183398366
    endloop
  endfacet
  facet normal 0 0.9791418301201262 0.203177942968743
    outer loop
      vertex 93.52000000000001 135.98958934098482 112.8321183398366
      vertex 93.52000000000001 135.97070348262787 112.92313183099031
      vertex 136.48000000000002 135.97070348262787 112.92313183099031
    endloop
  endfacet
  facet normal 1 0 0
    outer loop
      vertex 93.52000000000001 135.97070348262787 112.92313183099031
      vertex 93.52000000000001 136.39999999999998 138
      vertex 93.52000000000001 129.36425253748894 134.0717720016837
    endloop
  endfacet
  facet normal 1 0 0
    outer loop
      vertex 93.52000000000001 129.36425253748894 134.0717720016837
      vertex 93.52000000000001 136.39999999999998 138
      vertex 93.52000000000001 129.3066834807396 134.30409574508667
    endloop
  endfacet
  facet normal 1 0 0
    outer loop
      vertex 93.52000000000001 129.3066834807396 134.30409574508667
      vertex 93.52000000000001 136.39999999999998 138
      vertex 93.52000000000001 129.27345409989357 134.6947536021471
    endloop
  endfacet
  facet normal 1 0 0
    outer loop
      vertex 93.52000000000001 129.27345409989357 134.6947536021471
      vertex 93.52000000000001 136.39999999999998 138
      vertex 93.52000000000001 129.31707677990198 135.08438781648874
    endloop
  endfacet
  facet normal 1 0 0
    outer loop
      vertex 93.52000000000001 129.31707677990198 135.08438781648874
      vertex 93.52000000000001 136.39999999999998 138
      vertex 93.52000000000001 129.43587512522936 135.45802494883537
    endloop
  endfacet
  facet normal 1 0 0
    outer loop
      vertex 93.52000000000001 129.43587512522936 135.45802494883537
      vertex 93.52000000000001 136.39999999999998 138
      vertex 93.52000000000001 129.62528378516436 135.8013063520193
    endloop
  endfacet
  facet normal 1 0 0
    outer loop
      vertex 93.52000000000001 129.62528378516436 135.8013063520193
      vertex 93.52000000000001 133.2 138
      vertex 93.52000000000001 130.99962185082862 137.79999999701977
    endloop
  endfacet
  facet normal 1 0 0
    outer loop
      vertex 93.52000000000001 130.99962185082862 137.79999999701977
      vertex 93.52000000000001 133.2 138
      vertex 93.52000000000001 131.0881029367447 137.9286776408553
    endloop
  endfacet
  facet normal 1 0 0
    outer loop
      vertex 93.52000000000001 131.0881029367447 137.9286776408553
      vertex 93.52000000000001 133.2 138
      vertex 93.52000000000001 131.12622553549852 138
    endloop
  endfacet
  facet normal 1 0 0
    outer loop
      vertex 93.52000000000001 129.62528378516436 135.8013063520193
      vertex 93.52000000000001 136.39999999999998 138
      vertex 93.52000000000001 133.2 138
    endloop
  endfacet
  facet normal 1 0 0
    outer loop
      vertex 93.52000000000001 135.97070348262787 112.92313183099031
      vertex 93.52000000000001 165.0124584948341 138
      vertex 93.52000000000001 136.39999999999998 138
    endloop
  endfacet
  facet normal 0 0.9545120845298337 0.29817223292337564
    outer loop
      vertex 93.52000000000001 135.97070348262787 112.92313183099031
      vertex 93.52000000000001 129.36425253748894 134.0717720016837
      vertex 136.48000000000002 129.36425253748894 134.0717720016837
    endloop
  endfacet
  facet normal 0 0.9706436167628949 0.24052228428452585
    outer loop
      vertex 93.52000000000001 129.36425253748894 134.0717720016837
      vertex 93.52000000000001 129.3066834807396 134.30409574508667
      vertex 136.48000000000002 129.3066834807396 134.30409574508667
    endloop
  endfacet
  facet normal 0 0.9964019060823466 0.08475400613225655
    outer loop
      vertex 93.52000000000001 129.3066834807396 134.30409574508667
      vertex 93.52000000000001 129.27345409989357 134.6947536021471
      vertex 136.48000000000002 129.27345409989357 134.6947536021471
    endloop
  endfacet
  facet normal 0 0.9937910093103901 -0.11126288605746375
    outer loop
      vertex 93.52000000000001 129.27345409989357 134.6947536021471
      vertex 93.52000000000001 129.31707677990198 135.08438781648874
      vertex 136.48000000000002 129.31707677990198 135.08438781648874
    endloop
  endfacet
  facet normal 0 0.9529892808654561 -0.30300401079117883
    outer loop
      vertex 93.52000000000001 129.31707677990198 135.08438781648874
      vertex 93.52000000000001 129.43587512522936 135.45802494883537
      vertex 136.48000000000002 129.43587512522936 135.45802494883537
    endloop
  endfacet
  facet normal 0 0.8755647122978065 -0.4831008534238572
    outer loop
      vertex 93.52000000000001 129.43587512522936 135.45802494883537
      vertex 93.52000000000001 129.62528378516436 135.8013063520193
      vertex 136.48000000000002 129.62528378516436 135.8013063520193
    endloop
  endfacet
  facet normal 0 0.8239964643925312 -0.5665949405603691
    outer loop
      vertex 93.52000000000001 129.62528378516436 135.8013063520193
      vertex 93.52000000000001 130.99962185082862 137.79999999701977
      vertex 136.48000000000002 129.62528378516436 135.8013063520193
    endloop
  endfacet
  facet normal 1 0 0
    outer loop
      vertex 93.52000000000001 167.2855752184987 103.08106216043234
      vertex 93.52000000000001 168 104.61315104365349
      vertex 93.52000000000001 168 134.1715728789568
    endloop
  endfacet
  facet normal 0 -1 0
    outer loop
      vertex 93.52000000000001 168 104.61315104365349
      vertex 136.48000000000002 168 104.61315104365349
      vertex 93.52000000000001 168 134.1715728789568
    endloop
  endfacet
  facet normal 0 -1 0
    outer loop
      vertex 93.52000000000001 168 134.1715728789568
      vertex 136.48000000000002 168 104.61315104365349
      vertex 106.5 168 127.3
    endloop
  endfacet
  facet normal 0 -0.9951847267853376 -0.09801713918082348
    outer loop
      vertex 93.52000000000001 168 134.1715728789568
      vertex 106 167.96157056093216 134.56175352633
      vertex 93.52000000000001 167.96157056093216 134.56175352633
    endloop
  endfacet
  facet normal 0 -0.9569403375708343 -0.290284671193326
    outer loop
      vertex 93.52000000000001 167.96157056093216 134.56175352633
      vertex 106 167.84775906801224 134.93693974614143
      vertex 93.52000000000001 167.84775906801224 134.93693974614143
    endloop
  endfacet
  facet normal 0 -0.8819212641844241 -0.4713967371326908
    outer loop
      vertex 93.52000000000001 167.84775906801224 134.93693974614143
      vertex 106 167.66293922811747 135.2827133461833
      vertex 93.52000000000001 167.66293922811747 135.2827133461833
    endloop
  endfacet
  facet normal 0 -0.773010443534409 -0.6343932961394976
    outer loop
      vertex 93.52000000000001 167.66293922811747 135.2827133461833
      vertex 106 167.4142135605216 135.5857864394784
      vertex 93.52000000000001 167.4142135605216 135.5857864394784
    endloop
  endfacet
  facet normal 0 -0.7071067800631062 -0.7071067823099888
    outer loop
      vertex 93.52000000000001 165.1999999959444 137.79999999701977
      vertex 93.52000000000001 167.4142135605216 135.5857864394784
      vertex 106 165.1999999959444 137.79999999701977
    endloop
  endfacet
  facet normal 0 -1 0
    outer loop
      vertex 93.52000000000001 168 134.1715728789568
      vertex 106.5 168 127.3
      vertex 106.5 168 133.3
    endloop
  endfacet
  facet normal 0 -0.9951847267853376 -0.09801713918082348
    outer loop
      vertex 93.52000000000001 168 134.1715728789568
      vertex 106 168 134.1715728789568
      vertex 106 167.96157056093216 134.56175352633
    endloop
  endfacet
  facet normal 0 -0.7071067800631062 -0.7071067823099888
    outer loop
      vertex 93.52000000000001 167.4142135605216 135.5857864394784
      vertex 106 167.4142135605216 135.5857864394784
      vertex 106 165.1999999959444 137.79999999701977
    endloop
  endfacet
  facet normal 0 -0.9569403375708343 -0.290284671193326
    outer loop
      vertex 93.52000000000001 167.96157056093216 134.56175352633
      vertex 106 167.96157056093216 134.56175352633
      vertex 106 167.84775906801224 134.93693974614143
    endloop
  endfacet
  facet normal 0 -0.8819212641844241 -0.4713967371326908
    outer loop
      vertex 93.52000000000001 167.84775906801224 134.93693974614143
      vertex 106 167.84775906801224 134.93693974614143
      vertex 106 167.66293922811747 135.2827133461833
    endloop
  endfacet
  facet normal 0 -0.773010443534409 -0.6343932961394976
    outer loop
      vertex 93.52000000000001 167.66293922811747 135.2827133461833
      vertex 106 167.66293922811747 135.2827133461833
      vertex 106 167.4142135605216 135.5857864394784
    endloop
  endfacet
  facet normal 0 -1 0
    outer loop
      vertex 93.52000000000001 168 134.1715728789568
      vertex 106.5 168 133.3
      vertex 123.5 168 133.3
    endloop
  endfacet
  facet normal 0 -1 0
    outer loop
      vertex 93.52000000000001 168 134.1715728789568
      vertex 123.5 168 133.3
      vertex 106 168 134.1715728789568
    endloop
  endfacet
  facet normal 0 0.47139673713269076 0.8819212641844241
    outer loop
      vertex 93.52000000000001 4.034633129835129 3.1522409319877625
      vertex 136.48000000000002 3.6888595297932625 3.337060771882534
      vertex 136.48000000000002 4.034633129835129 3.1522409319877625
    endloop
  endfacet
  facet normal 0 0.7730104435344091 0.6343932961394977
    outer loop
      vertex 93.52000000000001 3.385786436498165 3.5857864394783974
      vertex 136.48000000000002 3.137060768902302 3.8888595327734947
      vertex 136.48000000000002 3.385786436498165 3.5857864394783974
    endloop
  endfacet
  facet normal 0 0.9569403375708344 0.29028467119332607
    outer loop
      vertex 93.52000000000001 2.95224092900753 4.234633132815361
      vertex 136.48000000000002 2.8384294360876083 4.6098193526268005
      vertex 136.48000000000002 2.95224092900753 4.234633132815361
    endloop
  endfacet
  facet normal 0 0.8819212641844241 0.47139673713269076
    outer loop
      vertex 93.52000000000001 3.137060768902302 3.8888595327734947
      vertex 136.48000000000002 2.95224092900753 4.234633132815361
      vertex 136.48000000000002 3.137060768902302 3.8888595327734947
    endloop
  endfacet
  facet normal 0 0.6343932961394977 0.7730104435344091
    outer loop
      vertex 93.52000000000001 3.6888595297932625 3.337060771882534
      vertex 136.48000000000002 3.385786436498165 3.5857864394783974
      vertex 136.48000000000002 3.6888595297932625 3.337060771882534
    endloop
  endfacet
  facet normal 0 0.29028467119332607 0.9569403375708344
    outer loop
      vertex 93.52000000000001 4.409819349646568 3.0384294390678406
      vertex 136.48000000000002 4.034633129835129 3.1522409319877625
      vertex 136.48000000000002 4.409819349646568 3.0384294390678406
    endloop
  endfacet
  facet normal 0 0.09801713918082348 0.9951847267853376
    outer loop
      vertex 93.52000000000001 4.799999997019768 3
      vertex 136.48000000000002 4.409819349646568 3.0384294390678406
      vertex 136.48000000000002 4.799999997019768 3
    endloop
  endfacet
  facet normal 0 0.9951847267853376 0.09801713918082348
    outer loop
      vertex 93.52000000000001 2.8384294360876083 4.6098193526268005
      vertex 136.48000000000002 2.7999999970197678 5
      vertex 136.48000000000002 2.8384294360876083 4.6098193526268005
    endloop
  endfacet
  facet normal -1 0 0
    outer loop
      vertex 136.48000000000002 3.385786436498165 3.5857864394783974
      vertex 136.48000000000002 30.80693806707859 39.01171997189522
      vertex 136.48000000000002 3.6888595297932625 3.337060771882534
    endloop
  endfacet
  facet normal -1 0 0
    outer loop
      vertex 136.48000000000002 3.6888595297932625 3.337060771882534
      vertex 136.48000000000002 30.80693806707859 39.01171997189522
      vertex 136.48000000000002 4.034633129835129 3.1522409319877625
    endloop
  endfacet
  facet normal -1 0 0
    outer loop
      vertex 136.48000000000002 4.034633129835129 3.1522409319877625
      vertex 136.48000000000002 30.80693806707859 39.01171997189522
      vertex 136.48000000000002 4.409819349646568 3.0384294390678406
    endloop
  endfacet
  facet normal -1 0 0
    outer loop
      vertex 136.48000000000002 4.409819349646568 3.0384294390678406
      vertex 136.48000000000002 30.80693806707859 39.01171997189522
      vertex 136.48000000000002 4.799999997019768 3
    endloop
  endfacet
  facet normal -1 0 0
    outer loop
      vertex 136.48000000000002 2.95224092900753 4.234633132815361
      vertex 136.48000000000002 30.80693806707859 39.01171997189522
      vertex 136.48000000000002 3.137060768902302 3.8888595327734947
    endloop
  endfacet
  facet normal -1 0 0
    outer loop
      vertex 136.48000000000002 2.95224092900753 4.234633132815361
      vertex 136.48000000000002 2.8384294360876083 4.6098193526268005
      vertex 136.48000000000002 30.80693806707859 39.01171997189522
    endloop
  endfacet
  facet normal -1 0 0
    outer loop
      vertex 136.48000000000002 3.137060768902302 3.8888595327734947
      vertex 136.48000000000002 30.80693806707859 39.01171997189522
      vertex 136.48000000000002 3.385786436498165 3.5857864394783974
    endloop
  endfacet
  facet normal -1 0 0
    outer loop
      vertex 136.48000000000002 2.8384294360876083 4.6098193526268005
      vertex 136.48000000000002 2.7999999970197678 5
      vertex 136.48000000000002 30.80693806707859 39.01171997189522
    endloop
  endfacet
  facet normal 0 1 0
    outer loop
      vertex 93.52000000000001 2.7999999970197678 5
      vertex 136.48000000000002 2.7999999970197678 43.28482295572758
      vertex 136.48000000000002 2.7999999970197678 5
    endloop
  endfacet
  facet normal -1 0 0
    outer loop
      vertex 136.48000000000002 2.7999999970197678 5
      vertex 136.48000000000002 2.7999999970197678 43.28482295572758
      vertex 136.48000000000002 3.548982873558998 44.84525755792856
    endloop
  endfacet
  facet normal -9.24736000567366e-18 -0.0980171391808245 0.9951847267853375
    outer loop
      vertex 93.52000000000001 30.837526686489582 3.0384294390678406
      vertex 136.48000000000002 30.447346039116383 3
      vertex 113.79999999701977 30.799999997019768 3.0347333828023473
    endloop
  endfacet
  facet normal 0 0 1
    outer loop
      vertex 93.52000000000001 30.447346039116383 3
      vertex 136.48000000000002 4.799999997019768 3
      vertex 136.48000000000002 30.447346039116383 3
    endloop
  endfacet
  facet normal 0 -0.09801713918082391 0.9951847267853375
    outer loop
      vertex 113.79999999701977 30.799999997019768 3.0347333828023473
      vertex 136.48000000000002 30.447346039116383 3
      vertex 116.20000000298023 30.799999997019768 3.0347333828023473
    endloop
  endfacet
  facet normal 0 -0.09801713918081954 0.9951847267853381
    outer loop
      vertex 116.20000000298023 30.837526686489582 3.0384294390678406
      vertex 116.20000000298023 30.799999997019768 3.0347333828023473
      vertex 136.48000000000002 30.837526686489582 3.0384294390678406
    endloop
  endfacet
  facet normal 0 -0.269340061663826 0.9630451345512975
    outer loop
      vertex 116.20000000298023 30.837526686489582 3.0384294390678406
      vertex 136.48000000000002 31.131386324763298 3.1206147596240044
      vertex 116.20000000298023 31.131386324763298 3.1206147596240044
    endloop
  endfacet
  facet normal 7.390598106021583e-18 -0.0980171391808235 0.9951847267853376
    outer loop
      vertex 116.20000000298023 30.799999997019768 3.0347333828023473
      vertex 136.48000000000002 30.447346039116383 3
      vertex 136.48000000000002 30.837526686489582 3.0384294390678406
    endloop
  endfacet
  facet normal 0 -0.269340061663826 0.9630451345512975
    outer loop
      vertex 116.20000000298023 30.837526686489582 3.0384294390678406
      vertex 136.48000000000002 30.837526686489582 3.0384294390678406
      vertex 136.48000000000002 31.131386324763298 3.1206147596240044
    endloop
  endfacet
  facet normal -1 0 0
    outer loop
      vertex 136.48000000000002 4.799999997019768 3
      vertex 136.48000000000002 30.80693806707859 39.01171997189522
      vertex 136.48000000000002 30.447346039116383 3
    endloop
  endfacet
  facet normal -1 0 0
    outer loop
      vertex 136.48000000000002 30.447346039116383 3
      vertex 136.48000000000002 30.80693806707859 39.01171997189522
      vertex 136.48000000000002 30.837526686489582 3.0384294390678406
    endloop
  endfacet
  facet normal -1 0 0
    outer loop
      vertex 136.48000000000002 30.837526686489582 3.0384294390678406
      vertex 136.48000000000002 30.80693806707859 39.01171997189522
      vertex 136.48000000000002 31.131386324763298 3.1206147596240044
    endloop
  endfacet
  facet normal 0 -0.3420201431981685 0.9396926208323146
    outer loop
      vertex 116.20000000298023 31.131386324763298 3.1206147596240044
      vertex 136.48000000000002 31.131386324763298 3.1206147596240044
      vertex 136.48000000000002 60.8686136752367 13.944080360233784
    endloop
  endfacet
  facet normal -1 0 0
    outer loop
      vertex 136.48000000000002 2.7999999970197678 5
      vertex 136.48000000000002 30.799999997019768 39.07639529556036
      vertex 136.48000000000002 30.804101273417473 39.02278860658407
    endloop
  endfacet
  facet normal -1 0 0
    outer loop
      vertex 136.48000000000002 2.7999999970197678 5
      vertex 136.48000000000002 30.804101273417473 39.02278860658407
      vertex 136.48000000000002 30.80693806707859 39.01171997189522
    endloop
  endfacet
  facet normal -1 0 0
    outer loop
      vertex 136.48000000000002 31.131386324763298 3.1206147596240044
      vertex 136.48000000000002 30.80693806707859 39.01171997189522
      vertex 136.48000000000002 60.8686136752367 13.944080360233784
    endloop
  endfacet
  facet normal -1 0 0
    outer loop
      vertex 136.48000000000002 30.80693806707859 39.01171997189522
      vertex 136.48000000000002 30.89232823997736 39.033604726195335
      vertex 136.48000000000002 60.8686136752367 13.944080360233784
    endloop
  endfacet
  facet normal 0 0.9984984462299653 -0.05478004085746
    outer loop
      vertex 93.52000000000001 2.7999999970197678 43.28482295572758
      vertex 136.48000000000002 2.8120034113526344 43.5036141499877
      vertex 136.48000000000002 2.7999999970197678 43.28482295572758
    endloop
  endfacet
  facet normal 0 0.9784892719391062 -0.20629770890651652
    outer loop
      vertex 93.52000000000001 2.8120034113526344 43.5036141499877
      vertex 136.48000000000002 2.892886258661747 43.887249037623405
      vertex 136.48000000000002 2.8120034113526344 43.5036141499877
    endloop
  endfacet
  facet normal 0 0.9194411921313657 -0.3932275349108367
    outer loop
      vertex 93.52000000000001 2.892886258661747 43.887249037623405
      vertex 136.48000000000002 3.0470584109425545 44.247733019292355
      vertex 136.48000000000002 2.892886258661747 43.887249037623405
    endloop
  endfacet
  facet normal 0 0.6255085627533582 -0.7802173017321701
    outer loop
      vertex 93.52000000000001 3.548982873558998 44.84525755792856
      vertex 123.97834208522069 20.564816440721383 58.48703347729899
      vertex 136.48000000000002 3.548982873558998 44.84525755792856
    endloop
  endfacet
  facet normal 0 0.8250595065014482 -0.5650458483447042
    outer loop
      vertex 93.52000000000001 3.0470584109425545 44.247733019292355
      vertex 136.48000000000002 3.2685951218008995 44.57121291011572
      vertex 136.48000000000002 3.0470584109425545 44.247733019292355
    endloop
  endfacet
  facet normal 0 0.6989712302385408 -0.7151497880156441
    outer loop
      vertex 93.52000000000001 3.2685951218008995 44.57121291011572
      vertex 136.48000000000002 3.548982873558998 44.84525755792856
      vertex 136.48000000000002 3.2685951218008995 44.57121291011572
    endloop
  endfacet
  facet normal -1 0 0
    outer loop
      vertex 136.48000000000002 2.7999999970197678 43.28482295572758
      vertex 136.48000000000002 2.8120034113526344 43.5036141499877
      vertex 136.48000000000002 3.548982873558998 44.84525755792856
    endloop
  endfacet
  facet normal -1 0 0
    outer loop
      vertex 136.48000000000002 2.8120034113526344 43.5036141499877
      vertex 136.48000000000002 2.892886258661747 43.887249037623405
      vertex 136.48000000000002 3.548982873558998 44.84525755792856
    endloop
  endfacet
  facet normal -1 0 0
    outer loop
      vertex 136.48000000000002 2.892886258661747 43.887249037623405
      vertex 136.48000000000002 3.0470584109425545 44.247733019292355
      vertex 136.48000000000002 3.548982873558998 44.84525755792856
    endloop
  endfacet
  facet normal -1 0 0
    outer loop
      vertex 136.48000000000002 3.0470584109425545 44.247733019292355
      vertex 136.48000000000002 3.2685951218008995 44.57121291011572
      vertex 136.48000000000002 3.548982873558998 44.84525755792856
    endloop
  endfacet
  facet normal -1 0 0
    outer loop
      vertex 136.48000000000002 2.7999999970197678 5
      vertex 136.48000000000002 3.548982873558998 44.84525755792856
      vertex 136.48000000000002 27.54898288553966 64.08631447835558
    endloop
  endfacet
  facet normal -1 0 0
    outer loop
      vertex 136.48000000000002 2.7999999970197678 5
      vertex 136.48000000000002 30.462939225137234 63.6370203346014
      vertex 136.48000000000002 30.647759065032005 63.291246734559536
    endloop
  endfacet
  facet normal -1 0 0
    outer loop
      vertex 136.48000000000002 2.7999999970197678 5
      vertex 136.48000000000002 27.54898288553966 64.08631447835558
      vertex 136.48000000000002 27.688859529793262 64.18881909549236
    endloop
  endfacet
  facet normal -1 0 0
    outer loop
      vertex 136.48000000000002 2.7999999970197678 5
      vertex 136.48000000000002 27.688859529793262 64.18881909549236
      vertex 136.48000000000002 28.03463312983513 64.37363893538713
    endloop
  endfacet
  facet normal -1 0 0
    outer loop
      vertex 136.48000000000002 2.7999999970197678 5
      vertex 136.48000000000002 28.03463312983513 64.37363893538713
      vertex 136.48000000000002 28.40981934964657 64.48745042830706
    endloop
  endfacet
  facet normal -1 0 0
    outer loop
      vertex 136.48000000000002 2.7999999970197678 5
      vertex 136.48000000000002 28.40981934964657 64.48745042830706
      vertex 136.48000000000002 28.799999997019768 64.5258798673749
    endloop
  endfacet
  facet normal -1 0 0
    outer loop
      vertex 136.48000000000002 2.7999999970197678 5
      vertex 136.48000000000002 28.799999997019768 64.5258798673749
      vertex 136.48000000000002 29.190180644392967 64.48745042830706
    endloop
  endfacet
  facet normal -1 0 0
    outer loop
      vertex 136.48000000000002 2.7999999970197678 5
      vertex 136.48000000000002 29.190180644392967 64.48745042830706
      vertex 136.48000000000002 29.565366864204407 64.37363893538713
    endloop
  endfacet
  facet normal -1 0 0
    outer loop
      vertex 136.48000000000002 2.7999999970197678 5
      vertex 136.48000000000002 29.565366864204407 64.37363893538713
      vertex 136.48000000000002 29.911140464246273 64.18881909549236
    endloop
  endfacet
  facet normal -1 0 0
    outer loop
      vertex 136.48000000000002 2.7999999970197678 5
      vertex 136.48000000000002 29.911140464246273 64.18881909549236
      vertex 136.48000000000002 30.21421355754137 63.9400934278965
    endloop
  endfacet
  facet normal -1 0 0
    outer loop
      vertex 136.48000000000002 2.7999999970197678 5
      vertex 136.48000000000002 30.21421355754137 63.9400934278965
      vertex 136.48000000000002 30.462939225137234 63.6370203346014
    endloop
  endfacet
  facet normal 0 0.6255085627533581 -0.7802173017321701
    outer loop
      vertex 136.48000000000002 3.548982873558998 44.84525755792856
      vertex 123.97834208522069 20.564816440721383 58.48703347729899
      vertex 136.48000000000002 20.564816440721383 58.48703347729899
    endloop
  endfacet
  facet normal -1 0 0
    outer loop
      vertex 136.48000000000002 3.548982873558998 44.84525755792856
      vertex 136.48000000000002 20.564816440721383 58.48703347729899
      vertex 136.48000000000002 27.54898288553966 64.08631447835558
    endloop
  endfacet
  facet normal 0 0.24826718149920501 -0.9686915951893259
    outer loop
      vertex 116.20000000298023 30.80693806707859 39.01171997189522
      vertex 116.20000000298023 30.89232823997736 39.033604726195335
      vertex 136.48000000000002 30.80693806707859 39.01171997189522
    endloop
  endfacet
  facet normal 0 -0.9686916073662104 -0.24826713398729938
    outer loop
      vertex 116.20000000298023 30.80693806707859 39.01171997189522
      vertex 136.48000000000002 30.804101273417473 39.02278860658407
      vertex 116.20000000298023 30.804101273417473 39.02278860658407
    endloop
  endfacet
  facet normal 0 -0.9970861400717312 -0.07628387298017801
    outer loop
      vertex 116.20000000298023 30.804101273417473 39.02278860658407
      vertex 136.48000000000002 30.799999997019768 39.07639529556036
      vertex 116.20000000298023 30.799999997019768 39.07639529556036
    endloop
  endfacet
  facet normal 0 -1 0
    outer loop
      vertex 116.20000000298023 30.799999997019768 39.07639529556036
      vertex 136.48000000000002 30.799999997019768 39.07639529556036
      vertex 99 30.799999997019768 55.378692411729695
    endloop
  endfacet
  facet normal 0 -1 0
    outer loop
      vertex 136.48000000000002 30.799999997019768 39.07639529556036
      vertex 131 30.799999997019768 55.378692411729695
      vertex 99 30.799999997019768 55.378692411729695
    endloop
  endfacet
  facet normal 0 0.34202014332795116 -0.9396926207850776
    outer loop
      vertex 116.20000000298023 30.89232823997736 39.033604726195335
      vertex 116.20000000298023 49.20000000298023 45.69705230669459
      vertex 136.48000000000002 30.89232823997736 39.033604726195335
    endloop
  endfacet
  facet normal 0 -0.9686916073662104 -0.24826713398729938
    outer loop
      vertex 116.20000000298023 30.80693806707859 39.01171997189522
      vertex 136.48000000000002 30.80693806707859 39.01171997189522
      vertex 136.48000000000002 30.804101273417473 39.02278860658407
    endloop
  endfacet
  facet normal 0 -0.9970861400717312 -0.07628387298017801
    outer loop
      vertex 116.20000000298023 30.804101273417473 39.02278860658407
      vertex 136.48000000000002 30.804101273417473 39.02278860658407
      vertex 136.48000000000002 30.799999997019768 39.07639529556036
    endloop
  endfacet
  facet normal 0 0.24826718149920501 -0.9686915951893259
    outer loop
      vertex 116.20000000298023 30.89232823997736 39.033604726195335
      vertex 136.48000000000002 30.89232823997736 39.033604726195335
      vertex 136.48000000000002 30.80693806707859 39.01171997189522
    endloop
  endfacet
  facet normal -1 0 0
    outer loop
      vertex 136.48000000000002 2.7999999970197678 5
      vertex 136.48000000000002 30.799999997019768 62.5258798673749
      vertex 136.48000000000002 30.799999997019768 39.07639529556036
    endloop
  endfacet
  facet normal -1 0 0
    outer loop
      vertex 136.48000000000002 2.7999999970197678 5
      vertex 136.48000000000002 30.761570557951927 62.9160605147481
      vertex 136.48000000000002 30.799999997019768 62.5258798673749
    endloop
  endfacet
  facet normal -1 0 0
    outer loop
      vertex 136.48000000000002 2.7999999970197678 5
      vertex 136.48000000000002 30.647759065032005 63.291246734559536
      vertex 136.48000000000002 30.761570557951927 62.9160605147481
    endloop
  endfacet
  facet normal 0 -1 0
    outer loop
      vertex 136.48000000000002 30.799999997019768 39.07639529556036
      vertex 136.48000000000002 30.799999997019768 62.5258798673749
      vertex 131 30.799999997019768 55.378692411729695
    endloop
  endfacet
  facet normal 0 0.5910951801371219 -0.8066018150355623
    outer loop
      vertex 93.52000000000001 27.688859529793262 64.18881909549236
      vertex 136.48000000000002 27.688859529793262 64.18881909549236
      vertex 136.48000000000002 27.54898288553966 64.08631447835558
    endloop
  endfacet
  facet normal 0 0.47139673713269076 -0.8819212641844241
    outer loop
      vertex 93.52000000000001 27.688859529793262 64.18881909549236
      vertex 136.48000000000002 28.03463312983513 64.37363893538713
      vertex 136.48000000000002 27.688859529793262 64.18881909549236
    endloop
  endfacet
  facet normal 0 0.29028467119332607 -0.9569403375708344
    outer loop
      vertex 93.52000000000001 28.03463312983513 64.37363893538713
      vertex 136.48000000000002 28.40981934964657 64.48745042830706
      vertex 136.48000000000002 28.03463312983513 64.37363893538713
    endloop
  endfacet
  facet normal 0 0.09801713918082348 -0.9951847267853376
    outer loop
      vertex 93.52000000000001 28.40981934964657 64.48745042830706
      vertex 136.48000000000002 28.799999997019768 64.5258798673749
      vertex 136.48000000000002 28.40981934964657 64.48745042830706
    endloop
  endfacet
  facet normal 0 -0.09801713918082348 -0.9951847267853376
    outer loop
      vertex 93.52000000000001 28.799999997019768 64.5258798673749
      vertex 136.48000000000002 29.190180644392967 64.48745042830706
      vertex 136.48000000000002 28.799999997019768 64.5258798673749
    endloop
  endfacet
  facet normal 0 -0.29028467119332607 -0.9569403375708344
    outer loop
      vertex 93.52000000000001 29.190180644392967 64.48745042830706
      vertex 136.48000000000002 29.565366864204407 64.37363893538713
      vertex 136.48000000000002 29.190180644392967 64.48745042830706
    endloop
  endfacet
  facet normal 4.0858534030561856e-17 -0.6343932961395014 -0.773010443534406
    outer loop
      vertex 93.52000000000001 29.911140464246273 64.18881909549236
      vertex 131 30.2 63.95175819348144
      vertex 136.48000000000002 30.21421355754137 63.9400934278965
    endloop
  endfacet
  facet normal 0 -0.47139673713269076 -0.8819212641844241
    outer loop
      vertex 93.52000000000001 29.565366864204407 64.37363893538713
      vertex 136.48000000000002 29.911140464246273 64.18881909549236
      vertex 136.48000000000002 29.565366864204407 64.37363893538713
    endloop
  endfacet
  facet normal 0 -0.6343932961394977 -0.7730104435344091
    outer loop
      vertex 93.52000000000001 29.911140464246273 64.18881909549236
      vertex 136.48000000000002 30.21421355754137 63.9400934278965
      vertex 136.48000000000002 29.911140464246273 64.18881909549236
    endloop
  endfacet
  facet normal 0 -1 0
    outer loop
      vertex 136.48000000000002 30.799999997019768 62.5258798673749
      vertex 131 30.799999997019768 62.5258798673749
      vertex 131 30.799999997019768 55.378692411729695
    endloop
  endfacet
  facet normal 0 -0.9569403375708344 -0.290284671193326
    outer loop
      vertex 136.48000000000002 30.647759065032005 63.291246734559536
      vertex 131 30.647759065032005 63.291246734559536
      vertex 131 30.761570557951927 62.9160605147481
    endloop
  endfacet
  facet normal 0 -0.773010443534409 -0.6343932961394977
    outer loop
      vertex 136.48000000000002 30.21421355754137 63.9400934278965
      vertex 131 30.21421355754137 63.9400934278965
      vertex 131 30.462939225137234 63.6370203346014
    endloop
  endfacet
  facet normal 0 -0.8819212641844242 -0.47139673713269087
    outer loop
      vertex 136.48000000000002 30.462939225137234 63.6370203346014
      vertex 131 30.462939225137234 63.6370203346014
      vertex 131 30.647759065032005 63.291246734559536
    endloop
  endfacet
  facet normal 0 -0.9951847267853376 -0.0980171391808235
    outer loop
      vertex 136.48000000000002 30.761570557951927 62.9160605147481
      vertex 131 30.761570557951927 62.9160605147481
      vertex 131 30.799999997019768 62.5258798673749
    endloop
  endfacet
  facet normal 0 -0.6343932961394921 -0.7730104435344135
    outer loop
      vertex 136.48000000000002 30.21421355754137 63.9400934278965
      vertex 131 30.2 63.95175819348144
      vertex 131 30.21421355754137 63.9400934278965
    endloop
  endfacet
  facet normal 0 -0.8819212641844242 -0.47139673713269087
    outer loop
      vertex 136.48000000000002 30.647759065032005 63.291246734559536
      vertex 136.48000000000002 30.462939225137234 63.6370203346014
      vertex 131 30.647759065032005 63.291246734559536
    endloop
  endfacet
  facet normal 0 -0.773010443534409 -0.6343932961394977
    outer loop
      vertex 136.48000000000002 30.462939225137234 63.6370203346014
      vertex 136.48000000000002 30.21421355754137 63.9400934278965
      vertex 131 30.462939225137234 63.6370203346014
    endloop
  endfacet
  facet normal 0 -0.9951847267853376 -0.0980171391808235
    outer loop
      vertex 136.48000000000002 30.799999997019768 62.5258798673749
      vertex 136.48000000000002 30.761570557951927 62.9160605147481
      vertex 131 30.799999997019768 62.5258798673749
    endloop
  endfacet
  facet normal 0 -0.9569403375708344 -0.290284671193326
    outer loop
      vertex 136.48000000000002 30.647759065032005 63.291246734559536
      vertex 131 30.761570557951927 62.9160605147481
      vertex 136.48000000000002 30.761570557951927 62.9160605147481
    endloop
  endfacet
  facet normal -8.857264068705933e-17 -0.3420201431981685 0.9396926208323148
    outer loop
      vertex 116.20000000298023 31.131386324763298 3.1206147596240044
      vertex 136.48000000000002 60.8686136752367 13.944080360233784
      vertex 116.20000000298023 45.9999312069388 8.532322521302302
    endloop
  endfacet
  facet normal 0 -0.3420201431981686 0.9396926208323146
    outer loop
      vertex 93.52000000000001 60.8686136752367 13.944080360233784
      vertex 116.20000000298023 45.9999312069388 8.532322521302302
      vertex 136.48000000000002 60.8686136752367 13.944080360233784
    endloop
  endfacet
  facet normal 0 -0.43247917285645515 0.9016439236446928
    outer loop
      vertex 93.52000000000001 60.8686136752367 13.944080360233784
      vertex 136.48000000000002 60.8686136752367 13.944080360233784
      vertex 115.03313863257466 60.86861367805661 13.944080361586371
    endloop
  endfacet
  facet normal 0 -0.43247920129173145 0.9016439100055331
    outer loop
      vertex 93.52000000000001 61.22211990505457 14.113641858100891
      vertex 115 61.20000000298023 14.103031907237138
      vertex 136.48000000000002 61.22211990505457 14.113641858100891
    endloop
  endfacet
  facet normal 3.4274910320733524e-17 -0.4324792012917589 0.90164391000552
    outer loop
      vertex 115.03313863257466 60.86861367805661 13.944080361586371
      vertex 136.48000000000002 61.22211990505457 14.113641858100891
      vertex 115 61.20000000298023 14.103031907237138
    endloop
  endfacet
  facet normal 0 -0.5824777059465526 0.8128466780858746
    outer loop
      vertex 93.52000000000001 61.47014860808849 14.29137671738863
      vertex 136.48000000000002 61.22211990505457 14.113641858100891
      vertex 136.48000000000002 61.47014860808849 14.29137671738863
    endloop
  endfacet
  facet normal -4.598955128181733e-18 -0.43247920129175693 0.9016439100055209
    outer loop
      vertex 115.03313863257466 60.86861367805661 13.944080361586371
      vertex 136.48000000000002 60.8686136752367 13.944080360233784
      vertex 136.48000000000002 61.22211990505457 14.113641858100891
    endloop
  endfacet
  facet normal -1 0 0
    outer loop
      vertex 136.48000000000002 30.89232823997736 39.033604726195335
      vertex 136.48000000000002 61.12821190804243 50.03856638818979
      vertex 136.48000000000002 60.8686136752367 13.944080360233784
    endloop
  endfacet
  facet normal 2.090559498663527e-16 0.5646069381976161 -0.8253599247232164
    outer loop
      vertex 93.52000000000001 61.17718295753002 50.060754880309105
      vertex 136.48000000000002 61.27526671439409 50.12785138934851
      vertex 115 61.20000000298023 50.076363418819966
    endloop
  endfacet
  facet normal 0 0.3420201433279513 -0.9396926207850776
    outer loop
      vertex 116.20000000298023 49.20000000298023 45.69705230669459
      vertex 115.00717880951161 61.12821190804243 50.03856638818979
      vertex 136.48000000000002 61.12821190804243 50.03856638818979
    endloop
  endfacet
  facet normal 0 0.4127070030460686 -0.9108638370452152
    outer loop
      vertex 115.00717880951161 61.12821190804243 50.03856638818979
      vertex 115.00228170455068 61.17718295753002 50.060754880309105
      vertex 136.48000000000002 61.17718295753002 50.060754880309105
    endloop
  endfacet
  facet normal -4.803897139714406e-16 0.5646069381977501 -0.8253599247231248
    outer loop
      vertex 115.00228170455068 61.17718295753002 50.060754880309105
      vertex 115 61.20000000298023 50.076363418819966
      vertex 136.48000000000002 61.27526671439409 50.12785138934851
    endloop
  endfacet
  facet normal 4.355573985466459e-17 0.3420201433279512 -0.9396926207850776
    outer loop
      vertex 136.48000000000002 30.89232823997736 39.033604726195335
      vertex 116.20000000298023 49.20000000298023 45.69705230669459
      vertex 136.48000000000002 61.12821190804243 50.03856638818979
    endloop
  endfacet
  facet normal -1 0 0
    outer loop
      vertex 136.48000000000002 60.8686136752367 13.944080360233784
      vertex 136.48000000000002 61.12821190804243 50.03856638818979
      vertex 136.48000000000002 61.17718295753002 50.060754880309105
    endloop
  endfacet
  facet normal -1 0 0
    outer loop
      vertex 136.48000000000002 60.8686136752367 13.944080360233784
      vertex 136.48000000000002 61.17718295753002 50.060754880309105
      vertex 136.48000000000002 61.27526671439409 50.12785138934851
    endloop
  endfacet
  facet normal 0 0.41270700304606867 -0.9108638370452152
    outer loop
      vertex 115.00717880951161 61.12821190804243 50.03856638818979
      vertex 136.48000000000002 61.17718295753002 50.060754880309105
      vertex 136.48000000000002 61.12821190804243 50.03856638818979
    endloop
  endfacet
  facet normal 0 0.5646069381976785 -0.8253599247231739
    outer loop
      vertex 115.00228170455068 61.17718295753002 50.060754880309105
      vertex 136.48000000000002 61.27526671439409 50.12785138934851
      vertex 136.48000000000002 61.17718295753002 50.060754880309105
    endloop
  endfacet
  facet normal -1 0 0
    outer loop
      vertex 136.48000000000002 60.8686136752367 13.944080360233784
      vertex 136.48000000000002 61.27526671439409 50.12785138934851
      vertex 136.48000000000002 135.92575278133154 112.76704672724009
    endloop
  endfacet
  facet normal -1 0 0
    outer loop
      vertex 136.48000000000002 60.8686136752367 13.944080360233784
      vertex 136.48000000000002 165.0124584948341 138
      vertex 136.48000000000002 61.22211990505457 14.113641858100891
    endloop
  endfacet
  facet normal -1 0 0
    outer loop
      vertex 136.48000000000002 61.22211990505457 14.113641858100891
      vertex 136.48000000000002 165.0124584948341 138
      vertex 136.48000000000002 61.47014860808849 14.29137671738863
    endloop
  endfacet
  facet normal 0 0.6427876097583178 -0.7660444430587487
    outer loop
      vertex 93.52000000000001 61.27526671439409 50.12785138934851
      vertex 136.48000000000002 135.92575278133154 112.76704672724009
      vertex 136.48000000000002 61.27526671439409 50.12785138934851
    endloop
  endfacet
  facet normal -1 0 0
    outer loop
      vertex 136.48000000000002 60.8686136752367 13.944080360233784
      vertex 136.48000000000002 135.92575278133154 112.76704672724009
      vertex 136.48000000000002 135.98958934098482 112.8321183398366
    endloop
  endfacet
  facet normal -1 0 0
    outer loop
      vertex 136.48000000000002 60.8686136752367 13.944080360233784
      vertex 136.48000000000002 135.98958934098482 112.8321183398366
      vertex 136.48000000000002 165.0124584948341 138
    endloop
  endfacet
  facet normal 0 -0.6427876096924102 0.7660444431140516
    outer loop
      vertex 93.52000000000001 167.2855752184987 103.08106216043234
      vertex 136.48000000000002 61.47014860808849 14.29137671738863
      vertex 136.48000000000002 167.2855752184987 103.08106216043234
    endloop
  endfacet
  facet normal -1 0 0
    outer loop
      vertex 136.48000000000002 61.47014860808849 14.29137671738863
      vertex 136.48000000000002 168 134.1715728789568
      vertex 136.48000000000002 167.2855752184987 103.08106216043234
    endloop
  endfacet
  facet normal -1 0 0
    outer loop
      vertex 136.48000000000002 61.47014860808849 14.29137671738863
      vertex 136.48000000000002 165.0124584948341 138
      vertex 136.48000000000002 165.06947587430477 137.93052411824465
    endloop
  endfacet
  facet normal -1 0 0
    outer loop
      vertex 136.48000000000002 61.47014860808849 14.29137671738863
      vertex 136.48000000000002 165.06947587430477 137.93052411824465
      vertex 136.48000000000002 165.1999999959444 137.79999999701977
    endloop
  endfacet
  facet normal -1 0 0
    outer loop
      vertex 136.48000000000002 61.47014860808849 14.29137671738863
      vertex 136.48000000000002 167.84775906801224 134.93693974614143
      vertex 136.48000000000002 167.96157056093216 134.56175352633
    endloop
  endfacet
  facet normal -1 0 0
    outer loop
      vertex 136.48000000000002 61.47014860808849 14.29137671738863
      vertex 136.48000000000002 167.96157056093216 134.56175352633
      vertex 136.48000000000002 168 134.1715728789568
    endloop
  endfacet
  facet normal -1 0 0
    outer loop
      vertex 136.48000000000002 61.47014860808849 14.29137671738863
      vertex 136.48000000000002 165.1999999959444 137.79999999701977
      vertex 136.48000000000002 167.4142135605216 135.5857864394784
    endloop
  endfacet
  facet normal -1 0 0
    outer loop
      vertex 136.48000000000002 61.47014860808849 14.29137671738863
      vertex 136.48000000000002 167.66293922811747 135.2827133461833
      vertex 136.48000000000002 167.84775906801224 134.93693974614143
    endloop
  endfacet
  facet normal -1 0 0
    outer loop
      vertex 136.48000000000002 61.47014860808849 14.29137671738863
      vertex 136.48000000000002 167.4142135605216 135.5857864394784
      vertex 136.48000000000002 167.66293922811747 135.2827133461833
    endloop
  endfacet
  facet normal 0 -0.7147778879927614 0.699351535950703
    outer loop
      vertex 93.52000000000001 167.55976896733046 103.36130409687757
      vertex 136.48000000000002 167.2855752184987 103.08106216043234
      vertex 136.48000000000002 167.55976896733046 103.36130409687757
    endloop
  endfacet
  facet normal 0 -0.8374803597584747 0.5464674253958931
    outer loop
      vertex 93.52000000000001 167.7740216627717 103.68965381383896
      vertex 136.48000000000002 167.55976896733046 103.36130409687757
      vertex 136.48000000000002 167.7740216627717 103.68965381383896
    endloop
  endfacet
  facet normal 0 -0.9279989130940465 0.37258289989781884
    outer loop
      vertex 93.52000000000001 167.9200997054577 104.05349301546812
      vertex 136.48000000000002 167.7740216627717 103.68965381383896
      vertex 136.48000000000002 167.9200997054577 104.05349301546812
    endloop
  endfacet
  facet normal 0 -0.9828549900138027 0.1843802283461212
    outer loop
      vertex 93.52000000000001 167.99238939583302 104.43883955478668
      vertex 136.48000000000002 167.9200997054577 104.05349301546812
      vertex 136.48000000000002 167.99238939583302 104.43883955478668
    endloop
  endfacet
  facet normal 0 -0.999048221531088 0.04361938852815863
    outer loop
      vertex 93.52000000000001 168 104.61315104365349
      vertex 136.48000000000002 167.99238939583302 104.43883955478668
      vertex 136.48000000000002 168 104.61315104365349
    endloop
  endfacet
  facet normal -1 0 0
    outer loop
      vertex 136.48000000000002 167.2855752184987 103.08106216043234
      vertex 136.48000000000002 167.7740216627717 103.68965381383896
      vertex 136.48000000000002 167.55976896733046 103.36130409687757
    endloop
  endfacet
  facet normal -1 0 0
    outer loop
      vertex 136.48000000000002 167.2855752184987 103.08106216043234
      vertex 136.48000000000002 167.9200997054577 104.05349301546812
      vertex 136.48000000000002 167.7740216627717 103.68965381383896
    endloop
  endfacet
  facet normal -1 0 0
    outer loop
      vertex 136.48000000000002 167.2855752184987 103.08106216043234
      vertex 136.48000000000002 167.99238939583302 104.43883955478668
      vertex 136.48000000000002 167.9200997054577 104.05349301546812
    endloop
  endfacet
  facet normal -1 0 0
    outer loop
      vertex 136.48000000000002 167.2855752184987 103.08106216043234
      vertex 136.48000000000002 168 104.61315104365349
      vertex 136.48000000000002 167.99238939583302 104.43883955478668
    endloop
  endfacet
  facet normal 0 0.7138487196345743 -0.7002999396516317
    outer loop
      vertex 93.52000000000001 135.92575278133154 112.76704672724009
      vertex 136.48000000000002 135.98958934098482 112.8321183398366
      vertex 136.48000000000002 135.92575278133154 112.76704672724009
    endloop
  endfacet
  facet normal 0 0.9791418301201262 0.203177942968743
    outer loop
      vertex 93.52000000000001 135.98958934098482 112.8321183398366
      vertex 136.48000000000002 135.97070348262787 112.92313183099031
      vertex 136.48000000000002 135.98958934098482 112.8321183398366
    endloop
  endfacet
  facet normal 0 0.9545120845298337 0.29817223292337564
    outer loop
      vertex 93.52000000000001 135.97070348262787 112.92313183099031
      vertex 136.48000000000002 129.36425253748894 134.0717720016837
      vertex 136.48000000000002 135.97070348262787 112.92313183099031
    endloop
  endfacet
  facet normal -1 0 0
    outer loop
      vertex 136.48000000000002 135.98958934098482 112.8321183398366
      vertex 136.48000000000002 135.97070348262787 112.92313183099031
      vertex 136.48000000000002 165.0124584948341 138
    endloop
  endfacet
  facet normal 0 0.9706436167628949 0.24052228428452585
    outer loop
      vertex 93.52000000000001 129.36425253748894 134.0717720016837
      vertex 136.48000000000002 129.3066834807396 134.30409574508667
      vertex 136.48000000000002 129.36425253748894 134.0717720016837
    endloop
  endfacet
  facet normal 0 0.9964019060823466 0.08475400613225655
    outer loop
      vertex 93.52000000000001 129.3066834807396 134.30409574508667
      vertex 136.48000000000002 129.27345409989357 134.6947536021471
      vertex 136.48000000000002 129.3066834807396 134.30409574508667
    endloop
  endfacet
  facet normal 0 0.9937910093103901 -0.11126288605746375
    outer loop
      vertex 93.52000000000001 129.27345409989357 134.6947536021471
      vertex 136.48000000000002 129.31707677990198 135.08438781648874
      vertex 136.48000000000002 129.27345409989357 134.6947536021471
    endloop
  endfacet
  facet normal 0 0.9529892808654561 -0.30300401079117883
    outer loop
      vertex 93.52000000000001 129.31707677990198 135.08438781648874
      vertex 136.48000000000002 129.43587512522936 135.45802494883537
      vertex 136.48000000000002 129.31707677990198 135.08438781648874
    endloop
  endfacet
  facet normal 0 0.8755647122978065 -0.4831008534238572
    outer loop
      vertex 93.52000000000001 129.43587512522936 135.45802494883537
      vertex 136.48000000000002 129.62528378516436 135.8013063520193
      vertex 136.48000000000002 129.43587512522936 135.45802494883537
    endloop
  endfacet
  facet normal 0 0.8239964643925312 -0.5665949405603691
    outer loop
      vertex 93.52000000000001 130.99962185082862 137.79999999701977
      vertex 136.48000000000002 130.99962185082862 137.79999999701977
      vertex 136.48000000000002 129.62528378516436 135.8013063520193
    endloop
  endfacet
  facet normal -1 0 0
    outer loop
      vertex 136.48000000000002 129.62528378516436 135.8013063520193
      vertex 136.48000000000002 130.99962185082862 137.79999999701977
      vertex 136.48000000000002 133.2 138
    endloop
  endfacet
  facet normal -1 0 0
    outer loop
      vertex 136.48000000000002 130.99962185082862 137.79999999701977
      vertex 136.48000000000002 131.0881029367447 137.9286776408553
      vertex 136.48000000000002 133.2 138
    endloop
  endfacet
  facet normal -1 0 0
    outer loop
      vertex 136.48000000000002 131.0881029367447 137.9286776408553
      vertex 136.48000000000002 131.12622553549852 138
      vertex 136.48000000000002 133.2 138
    endloop
  endfacet
  facet normal -1 0 0
    outer loop
      vertex 136.48000000000002 129.62528378516436 135.8013063520193
      vertex 136.48000000000002 133.2 138
      vertex 136.48000000000002 136.39999999999998 138
    endloop
  endfacet
  facet normal -1 0 0
    outer loop
      vertex 136.48000000000002 135.97070348262787 112.92313183099031
      vertex 136.48000000000002 129.36425253748894 134.0717720016837
      vertex 136.48000000000002 165.0124584948341 138
    endloop
  endfacet
  facet normal -1 0 0
    outer loop
      vertex 136.48000000000002 129.36425253748894 134.0717720016837
      vertex 136.48000000000002 129.3066834807396 134.30409574508667
      vertex 136.48000000000002 165.0124584948341 138
    endloop
  endfacet
  facet normal -1 0 0
    outer loop
      vertex 136.48000000000002 129.3066834807396 134.30409574508667
      vertex 136.48000000000002 129.27345409989357 134.6947536021471
      vertex 136.48000000000002 165.0124584948341 138
    endloop
  endfacet
  facet normal -1 0 0
    outer loop
      vertex 136.48000000000002 129.27345409989357 134.6947536021471
      vertex 136.48000000000002 129.31707677990198 135.08438781648874
      vertex 136.48000000000002 165.0124584948341 138
    endloop
  endfacet
  facet normal -1 0 0
    outer loop
      vertex 136.48000000000002 129.31707677990198 135.08438781648874
      vertex 136.48000000000002 129.43587512522936 135.45802494883537
      vertex 136.48000000000002 165.0124584948341 138
    endloop
  endfacet
  facet normal -1 0 0
    outer loop
      vertex 136.48000000000002 129.43587512522936 135.45802494883537
      vertex 136.48000000000002 129.62528378516436 135.8013063520193
      vertex 136.48000000000002 165.0124584948341 138
    endloop
  endfacet
  facet normal -1 0 0
    outer loop
      vertex 136.48000000000002 129.62528378516436 135.8013063520193
      vertex 136.48000000000002 136.39999999999998 138
      vertex 136.48000000000002 165.0124584948341 138
    endloop
  endfacet
  facet normal 0 -1 0
    outer loop
      vertex 136.48000000000002 168 104.61315104365349
      vertex 123.5 168 127.3
      vertex 106.5 168 127.3
    endloop
  endfacet
  facet normal -1 0 0
    outer loop
      vertex 136.48000000000002 167.2855752184987 103.08106216043234
      vertex 136.48000000000002 168 134.1715728789568
      vertex 136.48000000000002 168 104.61315104365349
    endloop
  endfacet
  facet normal 0 -1 0
    outer loop
      vertex 136.48000000000002 168 104.61315104365349
      vertex 136.48000000000002 168 134.1715728789568
      vertex 123.5 168 127.3
    endloop
  endfacet
  facet normal 0 -1 0
    outer loop
      vertex 123.5 168 133.3
      vertex 124 168 134.1715728789568
      vertex 106 168 134.1715728789568
    endloop
  endfacet
  facet normal 0 -1 0
    outer loop
      vertex 136.48000000000002 168 134.1715728789568
      vertex 123.5 168 133.3
      vertex 123.5 168 127.3
    endloop
  endfacet
  facet normal 0 -1 0
    outer loop
      vertex 123.5 168 133.3
      vertex 136.48000000000002 168 134.1715728789568
      vertex 124 168 134.1715728789568
    endloop
  endfacet
  facet normal 0 -0.9951847267853376 -0.0980171391808235
    outer loop
      vertex 136.48000000000002 167.96157056093216 134.56175352633
      vertex 124 167.96157056093216 134.56175352633
      vertex 124 168 134.1715728789568
    endloop
  endfacet
  facet normal 0 -0.9569403375708344 -0.29028467119332607
    outer loop
      vertex 136.48000000000002 167.84775906801224 134.93693974614143
      vertex 124 167.84775906801224 134.93693974614143
      vertex 124 167.96157056093216 134.56175352633
    endloop
  endfacet
  facet normal 0 -0.8819212641844242 -0.47139673713269076
    outer loop
      vertex 136.48000000000002 167.66293922811747 135.2827133461833
      vertex 124 167.66293922811747 135.2827133461833
      vertex 124 167.84775906801224 134.93693974614143
    endloop
  endfacet
  facet normal 0 -0.773010443534409 -0.6343932961394977
    outer loop
      vertex 136.48000000000002 167.4142135605216 135.5857864394784
      vertex 124 167.4142135605216 135.5857864394784
      vertex 124 167.66293922811747 135.2827133461833
    endloop
  endfacet
  facet normal 0 -0.9951847267853376 -0.0980171391808235
    outer loop
      vertex 136.48000000000002 168 134.1715728789568
      vertex 136.48000000000002 167.96157056093216 134.56175352633
      vertex 124 168 134.1715728789568
    endloop
  endfacet
  facet normal 0 -0.7071067800631063 -0.7071067823099889
    outer loop
      vertex 136.48000000000002 165.1999999959444 137.79999999701977
      vertex 124 167.4142135605216 135.5857864394784
      vertex 136.48000000000002 167.4142135605216 135.5857864394784
    endloop
  endfacet
  facet normal 0 -0.9569403375708344 -0.29028467119332607
    outer loop
      vertex 136.48000000000002 167.96157056093216 134.56175352633
      vertex 136.48000000000002 167.84775906801224 134.93693974614143
      vertex 124 167.96157056093216 134.56175352633
    endloop
  endfacet
  facet normal 0 -0.8819212641844242 -0.47139673713269076
    outer loop
      vertex 136.48000000000002 167.84775906801224 134.93693974614143
      vertex 136.48000000000002 167.66293922811747 135.2827133461833
      vertex 124 167.84775906801224 134.93693974614143
    endloop
  endfacet
  facet normal 0 -0.773010443534409 -0.6343932961394977
    outer loop
      vertex 136.48000000000002 167.66293922811747 135.2827133461833
      vertex 136.48000000000002 167.4142135605216 135.5857864394784
      vertex 124 167.66293922811747 135.2827133461833
    endloop
  endfacet
  facet normal 0 -0.7071067800631063 -0.7071067823099889
    outer loop
      vertex 136.48000000000002 165.1999999959444 137.79999999701977
      vertex 124 165.1999999959444 137.79999999701977
      vertex 124 167.4142135605216 135.5857864394784
    endloop
  endfacet
  facet normal 1 0 0
    outer loop
      vertex 93.52000000000001 33.20000000298023 55.06469511985779
      vertex 93.52000000000001 33.94898287951946 69.21726297587156
      vertex 93.52000000000001 33.20000000298023 67.65682837367058
    endloop
  endfacet
  facet normal 1 0 0
    outer loop
      vertex 93.52000000000001 33.20000000298023 67.65682837367058
      vertex 93.52000000000001 33.94898287951946 69.21726297587156
      vertex 93.52000000000001 33.2120034173131 67.8756195679307
    endloop
  endfacet
  facet normal 1 0 0
    outer loop
      vertex 93.52000000000001 33.2120034173131 67.8756195679307
      vertex 93.52000000000001 33.94898287951946 69.21726297587156
      vertex 93.52000000000001 33.29288626462221 68.2592544555664
    endloop
  endfacet
  facet normal 1 0 0
    outer loop
      vertex 93.52000000000001 33.29288626462221 68.2592544555664
      vertex 93.52000000000001 33.94898287951946 69.21726297587156
      vertex 93.52000000000001 33.44705841690302 68.61973843723536
    endloop
  endfacet
  facet normal 1 0 0
    outer loop
      vertex 93.52000000000001 33.44705841690302 68.61973843723536
      vertex 93.52000000000001 33.94898287951946 69.21726297587156
      vertex 93.52000000000001 33.668595127761364 68.94321832805872
    endloop
  endfacet
  facet normal 1 0 0
    outer loop
      vertex 93.52000000000001 34.43463313579559 53.21693605184555
      vertex 93.52000000000001 34.80981935560703 53.10312455892563
      vertex 93.52000000000001 57.94898287951946 88.45831988751888
    endloop
  endfacet
  facet normal 1 0 0
    outer loop
      vertex 93.52000000000001 33.78578644245863 53.650481559336185
      vertex 93.52000000000001 34.08885953575373 53.40175589174032
      vertex 93.52000000000001 57.94898287951946 88.45831988751888
    endloop
  endfacet
  facet normal 1 0 0
    outer loop
      vertex 93.52000000000001 33.537060774862766 53.95355465263128
      vertex 93.52000000000001 33.78578644245863 53.650481559336185
      vertex 93.52000000000001 57.94898287951946 88.45831988751888
    endloop
  endfacet
  facet normal 1 0 0
    outer loop
      vertex 93.52000000000001 33.352240934967995 54.29932825267315
      vertex 93.52000000000001 57.94898287951946 88.45831988751888
      vertex 93.52000000000001 33.23842944204807 54.67451447248459
    endloop
  endfacet
  facet normal 1 0 0
    outer loop
      vertex 93.52000000000001 33.352240934967995 54.29932825267315
      vertex 93.52000000000001 33.537060774862766 53.95355465263128
      vertex 93.52000000000001 57.94898287951946 88.45831988751888
    endloop
  endfacet
  facet normal 1 0 0
    outer loop
      vertex 93.52000000000001 33.23842944204807 54.67451447248459
      vertex 93.52000000000001 57.94898287951946 88.45831988751888
      vertex 93.52000000000001 33.20000000298023 55.06469511985779
    endloop
  endfacet
  facet normal 1 0 0
    outer loop
      vertex 93.52000000000001 34.08885953575373 53.40175589174032
      vertex 93.52000000000001 34.43463313579559 53.21693605184555
      vertex 93.52000000000001 57.94898287951946 88.45831988751888
    endloop
  endfacet
  facet normal 0 0.9569403375708344 0.29028467119332607
    outer loop
      vertex 93.52000000000001 33.352240934967995 54.29932825267315
      vertex 93.52000000000001 33.23842944204807 54.67451447248459
      vertex 136.48000000000002 33.23842944204807 54.67451447248459
    endloop
  endfacet
  facet normal 0 0.9951847267853376 0.09801713918082348
    outer loop
      vertex 93.52000000000001 33.23842944204807 54.67451447248459
      vertex 93.52000000000001 33.20000000298023 55.06469511985779
      vertex 136.48000000000002 33.20000000298023 55.06469511985779
    endloop
  endfacet
  facet normal 0 0.7730104435344091 0.6343932961394977
    outer loop
      vertex 93.52000000000001 33.537060774862766 53.95355465263128
      vertex 136.48000000000002 33.537060774862766 53.95355465263128
      vertex 93.52000000000001 33.78578644245863 53.650481559336185
    endloop
  endfacet
  facet normal 0 0.6343932961394977 0.7730104435344091
    outer loop
      vertex 93.52000000000001 33.78578644245863 53.650481559336185
      vertex 136.48000000000002 33.78578644245863 53.650481559336185
      vertex 93.52000000000001 34.08885953575373 53.40175589174032
    endloop
  endfacet
  facet normal 0 0.47139673713269076 0.8819212641844241
    outer loop
      vertex 93.52000000000001 34.08885953575373 53.40175589174032
      vertex 136.48000000000002 34.08885953575373 53.40175589174032
      vertex 93.52000000000001 34.43463313579559 53.21693605184555
    endloop
  endfacet
  facet normal 0 0.29028467119332607 0.9569403375708344
    outer loop
      vertex 93.52000000000001 34.43463313579559 53.21693605184555
      vertex 136.48000000000002 34.43463313579559 53.21693605184555
      vertex 93.52000000000001 34.80981935560703 53.10312455892563
    endloop
  endfacet
  facet normal 0 0.8819212641844241 0.47139673713269076
    outer loop
      vertex 93.52000000000001 33.352240934967995 54.29932825267315
      vertex 136.48000000000002 33.352240934967995 54.29932825267315
      vertex 93.52000000000001 33.537060774862766 53.95355465263128
    endloop
  endfacet
  facet normal 0 0.09801713918082348 0.9951847267853376
    outer loop
      vertex 93.52000000000001 34.80981935560703 53.10312455892563
      vertex 136.48000000000002 34.80981935560703 53.10312455892563
      vertex 93.52000000000001 35.20000000298023 53.06469511985779
    endloop
  endfacet
  facet normal 0 1 0
    outer loop
      vertex 93.52000000000001 33.20000000298023 55.06469511985779
      vertex 93.52000000000001 33.20000000298023 67.65682837367058
      vertex 136.48000000000002 33.20000000298023 67.65682837367058
    endloop
  endfacet
  facet normal 0 0.9984984462299653 -0.05478004085746
    outer loop
      vertex 93.52000000000001 33.20000000298023 67.65682837367058
      vertex 93.52000000000001 33.2120034173131 67.8756195679307
      vertex 136.48000000000002 33.2120034173131 67.8756195679307
    endloop
  endfacet
  facet normal 0 0.9784892719391062 -0.20629770890651652
    outer loop
      vertex 93.52000000000001 33.2120034173131 67.8756195679307
      vertex 93.52000000000001 33.29288626462221 68.2592544555664
      vertex 136.48000000000002 33.29288626462221 68.2592544555664
    endloop
  endfacet
  facet normal 0 0.9194411921313657 -0.3932275349108367
    outer loop
      vertex 93.52000000000001 33.29288626462221 68.2592544555664
      vertex 93.52000000000001 33.44705841690302 68.61973843723536
      vertex 136.48000000000002 33.44705841690302 68.61973843723536
    endloop
  endfacet
  facet normal 0 0.8250595065014482 -0.5650458483447042
    outer loop
      vertex 93.52000000000001 33.44705841690302 68.61973843723536
      vertex 93.52000000000001 33.668595127761364 68.94321832805872
      vertex 136.48000000000002 33.668595127761364 68.94321832805872
    endloop
  endfacet
  facet normal 0 0.6989712302385408 -0.7151497880156441
    outer loop
      vertex 93.52000000000001 33.668595127761364 68.94321832805872
      vertex 93.52000000000001 33.94898287951946 69.21726297587156
      vertex 136.48000000000002 33.94898287951946 69.21726297587156
    endloop
  endfacet
  facet normal 0 0 1
    outer loop
      vertex 93.52000000000001 35.20000000298023 53.06469511985779
      vertex 136.48000000000002 35.20000000298023 53.06469511985779
      vertex 93.52000000000001 60.47205954045057 53.06469511985779
    endloop
  endfacet
  facet normal 0 -0.09801713918082348 0.9951847267853376
    outer loop
      vertex 93.52000000000001 60.47205954045057 53.06469511985779
      vertex 136.48000000000002 60.47205954045057 53.06469511985779
      vertex 93.52000000000001 60.86224018782377 53.10312455892563
    endloop
  endfacet
  facet normal 0 -0.29028467119332607 0.9569403375708344
    outer loop
      vertex 93.52000000000001 60.86224018782377 53.10312455892563
      vertex 136.48000000000002 60.86224018782377 53.10312455892563
      vertex 93.52000000000001 61.23742640763521 53.21693605184555
    endloop
  endfacet
  facet normal 0 -0.47139673713269076 0.8819212641844241
    outer loop
      vertex 93.52000000000001 61.23742640763521 53.21693605184555
      vertex 136.48000000000002 61.23742640763521 53.21693605184555
      vertex 93.52000000000001 61.58320000767708 53.40175589174032
    endloop
  endfacet
  facet normal 0 -0.6000712636235536 0.7999465473225269
    outer loop
      vertex 93.52000000000001 61.58320000767708 53.40175589174032
      vertex 136.48000000000002 61.58320000767708 53.40175589174032
      vertex 93.52000000000001 61.75763475894928 53.53260623663664
    endloop
  endfacet
  facet normal 1 0 0
    outer loop
      vertex 93.52000000000001 33.20000000298023 55.06469511985779
      vertex 93.52000000000001 57.94898287951946 88.45831988751888
      vertex 93.52000000000001 33.94898287951946 69.21726297587156
    endloop
  endfacet
  facet normal 1 0 0
    outer loop
      vertex 93.52000000000001 34.80981935560703 53.10312455892563
      vertex 93.52000000000001 61.269475877285004 85.39521923661232
      vertex 93.52000000000001 61.20929782837629 85.46854640543461
    endloop
  endfacet
  facet normal 1 0 0
    outer loop
      vertex 93.52000000000001 34.80981935560703 53.10312455892563
      vertex 93.52000000000001 61.20929782837629 85.46854640543461
      vertex 93.52000000000001 61.20000000298023 85.56294881552458
    endloop
  endfacet
  facet normal 1 0 0
    outer loop
      vertex 93.52000000000001 34.80981935560703 53.10312455892563
      vertex 93.52000000000001 63.530524119734764 83.13417099416256
      vertex 93.52000000000001 61.269475877285004 85.39521923661232
    endloop
  endfacet
  facet normal 1 0 0
    outer loop
      vertex 93.52000000000001 34.80981935560703 53.10312455892563
      vertex 93.52000000000001 58.08885953575373 88.56082451343536
      vertex 93.52000000000001 57.94898287951946 88.45831988751888
    endloop
  endfacet
  facet normal 1 0 0
    outer loop
      vertex 93.52000000000001 34.80981935560703 53.10312455892563
      vertex 93.52000000000001 58.43463313579559 88.74564435333014
      vertex 93.52000000000001 58.08885953575373 88.56082451343536
    endloop
  endfacet
  facet normal 1 0 0
    outer loop
      vertex 93.52000000000001 34.80981935560703 53.10312455892563
      vertex 93.52000000000001 58.80981935560703 88.85945584625006
      vertex 93.52000000000001 58.43463313579559 88.74564435333014
    endloop
  endfacet
  facet normal 1 0 0
    outer loop
      vertex 93.52000000000001 34.80981935560703 53.10312455892563
      vertex 93.52000000000001 59.20000000298023 88.8978852853179
      vertex 93.52000000000001 58.80981935560703 88.85945584625006
    endloop
  endfacet
  facet normal 1 0 0
    outer loop
      vertex 93.52000000000001 34.80981935560703 53.10312455892563
      vertex 93.52000000000001 59.59018065035343 88.85945584625006
      vertex 93.52000000000001 59.20000000298023 88.8978852853179
    endloop
  endfacet
  facet normal 1 0 0
    outer loop
      vertex 93.52000000000001 34.80981935560703 53.10312455892563
      vertex 93.52000000000001 60.31114047020674 88.56082451343536
      vertex 93.52000000000001 59.96536687016487 88.74564435333014
    endloop
  endfacet
  facet normal 1 0 0
    outer loop
      vertex 93.52000000000001 34.80981935560703 53.10312455892563
      vertex 93.52000000000001 59.96536687016487 88.74564435333014
      vertex 93.52000000000001 59.59018065035343 88.85945584625006
    endloop
  endfacet
  facet normal 1 0 0
    outer loop
      vertex 93.52000000000001 34.80981935560703 53.10312455892563
      vertex 93.52000000000001 60.614213563501835 88.3120988458395
      vertex 93.52000000000001 60.31114047020674 88.56082451343536
    endloop
  endfacet
  facet normal 1 0 0
    outer loop
      vertex 93.52000000000001 34.80981935560703 53.10312455892563
      vertex 93.52000000000001 61.20000000298023 85.56294881552458
      vertex 93.52000000000001 61.20000000298023 86.8978852853179
    endloop
  endfacet
  facet normal 1 0 0
    outer loop
      vertex 93.52000000000001 34.80981935560703 53.10312455892563
      vertex 93.52000000000001 61.20000000298023 86.8978852853179
      vertex 93.52000000000001 61.16157056391239 87.2880659326911
    endloop
  endfacet
  facet normal 1 0 0
    outer loop
      vertex 93.52000000000001 34.80981935560703 53.10312455892563
      vertex 93.52000000000001 61.16157056391239 87.2880659326911
      vertex 93.52000000000001 61.04775907099247 87.66325215250254
    endloop
  endfacet
  facet normal 1 0 0
    outer loop
      vertex 93.52000000000001 34.80981935560703 53.10312455892563
      vertex 93.52000000000001 61.04775907099247 87.66325215250254
      vertex 93.52000000000001 60.8629392310977 88.0090257525444
    endloop
  endfacet
  facet normal 1 0 0
    outer loop
      vertex 93.52000000000001 34.80981935560703 53.10312455892563
      vertex 93.52000000000001 60.8629392310977 88.0090257525444
      vertex 93.52000000000001 60.614213563501835 88.3120988458395
    endloop
  endfacet
  facet normal 1 0 0
    outer loop
      vertex 93.52000000000001 34.80981935560703 53.10312455892563
      vertex 93.52000000000001 63.59218184649944 83.08356980234385
      vertex 93.52000000000001 63.530524119734764 83.13417099416256
    endloop
  endfacet
  facet normal 0 0.6255085627533582 -0.7802173017321703
    outer loop
      vertex 93.52000000000001 33.94898287951946 69.21726297587156
      vertex 93.52000000000001 57.94898287951946 88.45831988751888
      vertex 136.48000000000002 57.94898287951946 88.45831988751888
    endloop
  endfacet
  facet normal 0 -0.6343933079284213 -0.7730104338594889
    outer loop
      vertex 93.52000000000001 63.530524119734764 83.13417099416256
      vertex 93.52000000000001 63.59218184649944 83.08356980234385
      vertex 136.48000000000002 63.59218184649944 83.08356980234385
    endloop
  endfacet
  facet normal 0 0.9951847212440323 -0.09801719544262533
    outer loop
      vertex 93.52000000000001 63.59218184649944 83.08356980234385
      vertex 93.52000000000001 63.600000001490116 83.1629488170147
      vertex 136.48000000000002 63.600000001490116 83.1629488170147
    endloop
  endfacet
  facet normal 0 -0.9951847271390507 -0.09801713558951387
    outer loop
      vertex 93.52000000000001 61.20929782837629 85.46854640543461
      vertex 136.48000000000002 61.20929782837629 85.46854640543461
      vertex 93.52000000000001 61.20000000298023 85.56294881552458
    endloop
  endfacet
  facet normal 0 -0.7730104706049635 -0.634393263153931
    outer loop
      vertex 93.52000000000001 61.20929782837629 85.46854640543461
      vertex 93.52000000000001 61.269475877285004 85.39521923661232
      vertex 136.48000000000002 61.269475877285004 85.39521923661232
    endloop
  endfacet
  facet normal 0 -1 0
    outer loop
      vertex 93.52000000000001 61.20000000298023 85.56294881552458
      vertex 136.48000000000002 61.20000000298023 85.56294881552458
      vertex 93.52000000000001 61.20000000298023 86.8978852853179
    endloop
  endfacet
  facet normal 0 -0.9951847267853376 -0.09801713918082348
    outer loop
      vertex 93.52000000000001 61.20000000298023 86.8978852853179
      vertex 136.48000000000002 61.20000000298023 86.8978852853179
      vertex 93.52000000000001 61.16157056391239 87.2880659326911
    endloop
  endfacet
  facet normal 0 -0.9569403375708344 -0.29028467119332607
    outer loop
      vertex 93.52000000000001 61.16157056391239 87.2880659326911
      vertex 136.48000000000002 61.16157056391239 87.2880659326911
      vertex 93.52000000000001 61.04775907099247 87.66325215250254
    endloop
  endfacet
  facet normal 0 -0.8819212641844241 -0.47139673713269076
    outer loop
      vertex 93.52000000000001 60.8629392310977 88.0090257525444
      vertex 93.52000000000001 61.04775907099247 87.66325215250254
      vertex 136.48000000000002 61.04775907099247 87.66325215250254
    endloop
  endfacet
  facet normal 0 -0.7730104435344091 -0.6343932961394977
    outer loop
      vertex 93.52000000000001 60.8629392310977 88.0090257525444
      vertex 136.48000000000002 60.8629392310977 88.0090257525444
      vertex 93.52000000000001 60.614213563501835 88.3120988458395
    endloop
  endfacet
  facet normal 0 -0.7071067811865476 -0.7071067811865476
    outer loop
      vertex 93.52000000000001 63.530524119734764 83.13417099416256
      vertex 136.48000000000002 63.530524119734764 83.13417099416256
      vertex 93.52000000000001 61.269475877285004 85.39521923661232
    endloop
  endfacet
  facet normal 0 0.5910951801371412 -0.8066018150355482
    outer loop
      vertex 93.52000000000001 57.94898287951946 88.45831988751888
      vertex 93.52000000000001 58.08885953575373 88.56082451343536
      vertex 136.48000000000002 58.08885953575373 88.56082451343536
    endloop
  endfacet
  facet normal 0 0.47139673713269076 -0.8819212641844241
    outer loop
      vertex 93.52000000000001 58.08885953575373 88.56082451343536
      vertex 93.52000000000001 58.43463313579559 88.74564435333014
      vertex 136.48000000000002 58.43463313579559 88.74564435333014
    endloop
  endfacet
  facet normal 0 0.29028467119332607 -0.9569403375708344
    outer loop
      vertex 93.52000000000001 58.43463313579559 88.74564435333014
      vertex 93.52000000000001 58.80981935560703 88.85945584625006
      vertex 136.48000000000002 58.80981935560703 88.85945584625006
    endloop
  endfacet
  facet normal 0 0.09801713918082348 -0.9951847267853376
    outer loop
      vertex 93.52000000000001 58.80981935560703 88.85945584625006
      vertex 93.52000000000001 59.20000000298023 88.8978852853179
      vertex 136.48000000000002 59.20000000298023 88.8978852853179
    endloop
  endfacet
  facet normal 0 -0.09801713918082348 -0.9951847267853376
    outer loop
      vertex 93.52000000000001 59.20000000298023 88.8978852853179
      vertex 93.52000000000001 59.59018065035343 88.85945584625006
      vertex 136.48000000000002 59.59018065035343 88.85945584625006
    endloop
  endfacet
  facet normal 0 -0.29028467119332607 -0.9569403375708344
    outer loop
      vertex 93.52000000000001 59.59018065035343 88.85945584625006
      vertex 93.52000000000001 59.96536687016487 88.74564435333014
      vertex 136.48000000000002 59.96536687016487 88.74564435333014
    endloop
  endfacet
  facet normal 0 -0.47139673713269076 -0.8819212641844241
    outer loop
      vertex 93.52000000000001 59.96536687016487 88.74564435333014
      vertex 93.52000000000001 60.31114047020674 88.56082451343536
      vertex 136.48000000000002 60.31114047020674 88.56082451343536
    endloop
  endfacet
  facet normal 0 -0.6343932961394977 -0.7730104435344091
    outer loop
      vertex 93.52000000000001 60.31114047020674 88.56082451343536
      vertex 93.52000000000001 60.614213563501835 88.3120988458395
      vertex 136.48000000000002 60.614213563501835 88.3120988458395
    endloop
  endfacet
  facet normal 1 0 0
    outer loop
      vertex 93.52000000000001 34.80981935560703 53.10312455892563
      vertex 93.52000000000001 35.20000000298023 53.06469511985779
      vertex 93.52000000000001 122.75128470947412 138
    endloop
  endfacet
  facet normal 1 0 0
    outer loop
      vertex 93.52000000000001 35.20000000298023 53.06469511985779
      vertex 93.52000000000001 60.47205954045057 53.06469511985779
      vertex 93.52000000000001 122.75128470947412 138
    endloop
  endfacet
  facet normal 1 0 0
    outer loop
      vertex 93.52000000000001 60.47205954045057 53.06469511985779
      vertex 93.52000000000001 60.86224018782377 53.10312455892563
      vertex 93.52000000000001 122.75128470947412 138
    endloop
  endfacet
  facet normal 1 0 0
    outer loop
      vertex 93.52000000000001 60.86224018782377 53.10312455892563
      vertex 93.52000000000001 61.23742640763521 53.21693605184555
      vertex 93.52000000000001 122.75128470947412 138
    endloop
  endfacet
  facet normal 1 0 0
    outer loop
      vertex 93.52000000000001 61.23742640763521 53.21693605184555
      vertex 93.52000000000001 61.58320000767708 53.40175589174032
      vertex 93.52000000000001 122.75128470947412 138
    endloop
  endfacet
  facet normal 1 0 0
    outer loop
      vertex 93.52000000000001 61.58320000767708 53.40175589174032
      vertex 93.52000000000001 61.75763475894928 53.53260623663664
      vertex 93.52000000000001 122.75128470947412 138
    endloop
  endfacet
  facet normal 0 -0.6427876097338274 0.7660444430792985
    outer loop
      vertex 93.52000000000001 61.75763475894928 53.53260623663664
      vertex 136.48000000000002 61.75763475894928 53.53260623663664
      vertex 93.52000000000001 132.56457280367613 112.94668184220791
    endloop
  endfacet
  facet normal 1 0 0
    outer loop
      vertex 93.52000000000001 34.80981935560703 53.10312455892563
      vertex 93.52000000000001 122.75128470947412 138
      vertex 93.52000000000001 63.59218184649944 83.08356980234385
    endloop
  endfacet
  facet normal 1 0 0
    outer loop
      vertex 93.52000000000001 63.59218184649944 83.08356980234385
      vertex 93.52000000000001 122.75128470947412 138
      vertex 93.52000000000001 63.600000001490116 83.1629488170147
    endloop
  endfacet
  facet normal 0 1 0
    outer loop
      vertex 93.52000000000001 63.600000001490116 83.1629488170147
      vertex 93.52000000000001 63.600000001490116 134.1715728789568
      vertex 106 63.600000001490116 134
    endloop
  endfacet
  facet normal 0 1 0
    outer loop
      vertex 93.52000000000001 63.600000001490116 83.1629488170147
      vertex 106.5 63.600000001490116 127.3
      vertex 123.5 63.600000001490116 127.3
    endloop
  endfacet
  facet normal 0 1 0
    outer loop
      vertex 93.52000000000001 63.600000001490116 83.1629488170147
      vertex 106.5 63.600000001490116 133.3
      vertex 106.5 63.600000001490116 127.3
    endloop
  endfacet
  facet normal 0 1 0
    outer loop
      vertex 93.52000000000001 63.600000001490116 83.1629488170147
      vertex 106 63.600000001490116 134
      vertex 106.5 63.600000001490116 133.3
    endloop
  endfacet
  facet normal 0 0.9951847267853376 -0.09801713918082348
    outer loop
      vertex 93.52000000000001 63.600000001490116 134.1715728789568
      vertex 93.52000000000001 63.63842944055796 134.56175352633
      vertex 106 63.600000001490116 134.1715728789568
    endloop
  endfacet
  facet normal 0 0.9569403375708343 -0.290284671193326
    outer loop
      vertex 93.52000000000001 63.63842944055796 134.56175352633
      vertex 93.52000000000001 63.75224093347788 134.93693974614143
      vertex 106 63.63842944055796 134.56175352633
    endloop
  endfacet
  facet normal 0 0.8819212641844241 -0.4713967371326908
    outer loop
      vertex 93.52000000000001 63.75224093347788 134.93693974614143
      vertex 93.52000000000001 63.93706077337265 135.2827133461833
      vertex 106 63.75224093347788 134.93693974614143
    endloop
  endfacet
  facet normal 0 0.773010443534409 -0.6343932961394976
    outer loop
      vertex 93.52000000000001 63.93706077337265 135.2827133461833
      vertex 93.52000000000001 64.18578644096851 135.5857864394784
      vertex 106 63.93706077337265 135.2827133461833
    endloop
  endfacet
  facet normal 0 1 0
    outer loop
      vertex 93.52000000000001 63.600000001490116 134.1715728789568
      vertex 106 63.600000001490116 134.1715728789568
      vertex 106 63.600000001490116 134
    endloop
  endfacet
  facet normal 0 0.9951847267853376 -0.09801713918082348
    outer loop
      vertex 93.52000000000001 63.63842944055796 134.56175352633
      vertex 106 63.63842944055796 134.56175352633
      vertex 106 63.600000001490116 134.1715728789568
    endloop
  endfacet
  facet normal 0 0.9569403375708343 -0.290284671193326
    outer loop
      vertex 93.52000000000001 63.75224093347788 134.93693974614143
      vertex 106 63.75224093347788 134.93693974614143
      vertex 106 63.63842944055796 134.56175352633
    endloop
  endfacet
  facet normal 0 0.8819212641844241 -0.4713967371326908
    outer loop
      vertex 93.52000000000001 63.93706077337265 135.2827133461833
      vertex 106 63.93706077337265 135.2827133461833
      vertex 106 63.75224093347788 134.93693974614143
    endloop
  endfacet
  facet normal 0 1 0
    outer loop
      vertex 106 63.600000001490116 134
      vertex 124 63.600000001490116 134
      vertex 106.5 63.600000001490116 133.3
    endloop
  endfacet
  facet normal 1 0 0
    outer loop
      vertex 93.52000000000001 63.600000001490116 83.1629488170147
      vertex 93.52000000000001 122.75128470947412 138
      vertex 93.52000000000001 63.600000001490116 134.1715728789568
    endloop
  endfacet
  facet normal 0 0.7071067811865475 -0.7071067811865475
    outer loop
      vertex 93.52000000000001 64.18578644096851 135.5857864394784
      vertex 93.52000000000001 66.39999999850988 137.79999999701977
      vertex 106 64.18578644096851 135.5857864394784
    endloop
  endfacet
  facet normal 1 0 0
    outer loop
      vertex 93.52000000000001 63.600000001490116 134.1715728789568
      vertex 93.52000000000001 122.75128470947412 138
      vertex 93.52000000000001 63.63842944055796 134.56175352633
    endloop
  endfacet
  facet normal 1 0 0
    outer loop
      vertex 93.52000000000001 63.63842944055796 134.56175352633
      vertex 93.52000000000001 122.75128470947412 138
      vertex 93.52000000000001 63.75224093347788 134.93693974614143
    endloop
  endfacet
  facet normal 1 0 0
    outer loop
      vertex 93.52000000000001 63.75224093347788 134.93693974614143
      vertex 93.52000000000001 122.75128470947412 138
      vertex 93.52000000000001 63.93706077337265 135.2827133461833
    endloop
  endfacet
  facet normal 1 0 0
    outer loop
      vertex 93.52000000000001 63.93706077337265 135.2827133461833
      vertex 93.52000000000001 122.75128470947412 138
      vertex 93.52000000000001 64.18578644096851 135.5857864394784
    endloop
  endfacet
  facet normal 1 0 0
    outer loop
      vertex 93.52000000000001 64.18578644096851 135.5857864394784
      vertex 93.52000000000001 122.75128470947412 138
      vertex 93.52000000000001 66.39999999850988 137.79999999701977
    endloop
  endfacet
  facet normal 1 0 0
    outer loop
      vertex 93.52000000000001 66.39999999850988 137.79999999701977
      vertex 93.52000000000001 122.75128470947412 138
      vertex 93.52000000000001 66.53052411973476 137.93052411824465
    endloop
  endfacet
  facet normal 1 0 0
    outer loop
      vertex 93.52000000000001 66.53052411973476 137.93052411824465
      vertex 93.52000000000001 122.75128470947412 138
      vertex 93.52000000000001 66.58754149920541 138
    endloop
  endfacet
  facet normal 0 0.773010443534409 -0.6343932961394976
    outer loop
      vertex 93.52000000000001 64.18578644096851 135.5857864394784
      vertex 106 64.18578644096851 135.5857864394784
      vertex 106 63.93706077337265 135.2827133461833
    endloop
  endfacet
  facet normal 0 0.7071067811865475 -0.7071067811865475
    outer loop
      vertex 93.52000000000001 66.39999999850988 137.79999999701977
      vertex 106 66.39999999850988 137.79999999701977
      vertex 106 64.18578644096851 135.5857864394784
    endloop
  endfacet
  facet normal 1 0 0
    outer loop
      vertex 93.52000000000001 61.75763475894928 53.53260623663664
      vertex 93.52000000000001 132.56457280367613 112.94668184220791
      vertex 93.52000000000001 126.86779916286469 134.4080934524536
    endloop
  endfacet
  facet normal 1 0 0
    outer loop
      vertex 93.52000000000001 61.75763475894928 53.53260623663664
      vertex 93.52000000000001 122.81529699265957 137.94045063108206
      vertex 93.52000000000001 122.75128470947412 138
    endloop
  endfacet
  facet normal 1 0 0
    outer loop
      vertex 93.52000000000001 61.75763475894928 53.53260623663664
      vertex 93.52000000000001 122.99962185302056 137.79999999701977
      vertex 93.52000000000001 122.81529699265957 137.94045063108206
    endloop
  endfacet
  facet normal 1 0 0
    outer loop
      vertex 93.52000000000001 61.75763475894928 53.53260623663664
      vertex 93.52000000000001 126.1789642572403 135.37742576748133
      vertex 93.52000000000001 122.99962185302056 137.79999999701977
    endloop
  endfacet
  facet normal 1 0 0
    outer loop
      vertex 93.52000000000001 61.75763475894928 53.53260623663664
      vertex 93.52000000000001 126.71002772450447 134.76701673865318
      vertex 93.52000000000001 126.4852653592825 135.0882637426257
    endloop
  endfacet
  facet normal 1 0 0
    outer loop
      vertex 93.52000000000001 61.75763475894928 53.53260623663664
      vertex 93.52000000000001 126.86779916286469 134.4080934524536
      vertex 93.52000000000001 126.71002772450447 134.76701673865318
    endloop
  endfacet
  facet normal 1 0 0
    outer loop
      vertex 93.52000000000001 61.75763475894928 53.53260623663664
      vertex 93.52000000000001 126.20214955508709 135.35948911309242
      vertex 93.52000000000001 126.1789642572403 135.37742576748133
    endloop
  endfacet
  facet normal 1 0 0
    outer loop
      vertex 93.52000000000001 61.75763475894928 53.53260623663664
      vertex 93.52000000000001 126.4852653592825 135.0882637426257
      vertex 93.52000000000001 126.20214955508709 135.35948911309242
    endloop
  endfacet
  facet normal 0 -0.8193643510024158 -0.5732731114454873
    outer loop
      vertex 93.52000000000001 126.71002772450447 134.76701673865318
      vertex 136.48000000000002 126.71002772450447 134.76701673865318
      vertex 93.52000000000001 126.4852653592825 135.0882637426257
    endloop
  endfacet
  facet normal 0 -0.6917804543136171 -0.7221078887740013
    outer loop
      vertex 93.52000000000001 126.20214955508709 135.35948911309242
      vertex 93.52000000000001 126.4852653592825 135.0882637426257
      vertex 136.48000000000002 126.4852653592825 135.0882637426257
    endloop
  endfacet
  facet normal 0 -0.6118904600409223 -0.7909425168183265
    outer loop
      vertex 93.52000000000001 126.20214955508709 135.35948911309242
      vertex 136.48000000000002 126.20214955508709 135.35948911309242
      vertex 93.52000000000001 126.1789642572403 135.37742576748133
    endloop
  endfacet
  facet normal 0 -0.9154605266097511 -0.4024077834975332
    outer loop
      vertex 93.52000000000001 126.71002772450447 134.76701673865318
      vertex 93.52000000000001 126.86779916286469 134.4080934524536
      vertex 136.48000000000002 126.86779916286469 134.4080934524536
    endloop
  endfacet
  facet normal 0 -0.606077739930448 -0.7954054143396311
    outer loop
      vertex 93.52000000000001 126.1789642572403 135.37742576748133
      vertex 136.48000000000002 122.99962185302056 137.79999999701977
      vertex 93.52000000000001 122.99962185302056 137.79999999701977
    endloop
  endfacet
  facet normal 1 0 0
    outer loop
      vertex 93.52000000000001 132.56457280367613 112.94668184220791
      vertex 93.52000000000001 132.83876655250788 113.22692377865314
      vertex 93.52000000000001 133.05301924794912 113.55527349561453
    endloop
  endfacet
  facet normal 1 0 0
    outer loop
      vertex 93.52000000000001 132.56457280367613 112.94668184220791
      vertex 93.52000000000001 133.05301924794912 113.55527349561453
      vertex 93.52000000000001 133.1990972906351 113.91911269724369
    endloop
  endfacet
  facet normal 1 0 0
    outer loop
      vertex 93.52000000000001 132.56457280367613 112.94668184220791
      vertex 93.52000000000001 133.1990972906351 113.91911269724369
      vertex 93.52000000000001 133.27138698101044 114.30445923656225
    endloop
  endfacet
  facet normal 1 0 0
    outer loop
      vertex 93.52000000000001 132.56457280367613 112.94668184220791
      vertex 93.52000000000001 133.27138698101044 114.30445923656225
      vertex 93.52000000000001 133.26711025834084 114.69650447368622
    endloop
  endfacet
  facet normal 1 0 0
    outer loop
      vertex 93.52000000000001 132.56457280367613 112.94668184220791
      vertex 93.52000000000001 133.26711025834084 114.69650447368622
      vertex 93.52000000000001 133.18643148988485 115.08018232136965
    endloop
  endfacet
  facet normal 1 0 0
    outer loop
      vertex 93.52000000000001 132.56457280367613 112.94668184220791
      vertex 93.52000000000001 133.18643148988485 115.08018232136965
      vertex 93.52000000000001 133.1799879744649 115.10024923831224
    endloop
  endfacet
  facet normal 1 0 0
    outer loop
      vertex 93.52000000000001 126.86779916286469 134.4080934524536
      vertex 93.52000000000001 132.56457280367613 112.94668184220791
      vertex 93.52000000000001 133.1799879744649 115.10024923831224
    endloop
  endfacet
  facet normal 0 -0.7147778879927614 0.699351535950703
    outer loop
      vertex 93.52000000000001 132.56457280367613 112.94668184220791
      vertex 136.48000000000002 132.56457280367613 112.94668184220791
      vertex 93.52000000000001 132.83876655250788 113.22692377865314
    endloop
  endfacet
  facet normal 0 -0.8374803597584747 0.5464674253958931
    outer loop
      vertex 93.52000000000001 132.83876655250788 113.22692377865314
      vertex 136.48000000000002 132.83876655250788 113.22692377865314
      vertex 93.52000000000001 133.05301924794912 113.55527349561453
    endloop
  endfacet
  facet normal 0 -0.9279989130940465 0.37258289989781884
    outer loop
      vertex 93.52000000000001 133.05301924794912 113.55527349561453
      vertex 136.48000000000002 133.05301924794912 113.55527349561453
      vertex 93.52000000000001 133.1990972906351 113.91911269724369
    endloop
  endfacet
  facet normal 0 -0.9828549900138027 0.1843802283461212
    outer loop
      vertex 93.52000000000001 133.1990972906351 113.91911269724369
      vertex 136.48000000000002 133.1990972906351 113.91911269724369
      vertex 93.52000000000001 133.27138698101044 114.30445923656225
    endloop
  endfacet
  facet normal 0 -0.9999405049191996 -0.01090809891484134
    outer loop
      vertex 93.52000000000001 133.27138698101044 114.30445923656225
      vertex 136.48000000000002 133.27138698101044 114.30445923656225
      vertex 93.52000000000001 133.26711025834084 114.69650447368622
    endloop
  endfacet
  facet normal 0 -0.9785988686603567 -0.20577719566723074
    outer loop
      vertex 93.52000000000001 133.26711025834084 114.69650447368622
      vertex 136.48000000000002 133.26711025834084 114.69650447368622
      vertex 93.52000000000001 133.18643148988485 115.08018232136965
    endloop
  endfacet
  facet normal 0 -0.9521192662773269 -0.3057268434134047
    outer loop
      vertex 93.52000000000001 133.18643148988485 115.08018232136965
      vertex 136.48000000000002 133.18643148988485 115.08018232136965
      vertex 93.52000000000001 133.1799879744649 115.10024923831224
    endloop
  endfacet
  facet normal 0 -0.950495194718239 -0.3107392553533217
    outer loop
      vertex 93.52000000000001 126.86779916286469 134.4080934524536
      vertex 93.52000000000001 133.1799879744649 115.10024923831224
      vertex 136.48000000000002 133.1799879744649 115.10024923831224
    endloop
  endfacet
  facet normal 0 0.9569403375708344 0.29028467119332607
    outer loop
      vertex 93.52000000000001 33.352240934967995 54.29932825267315
      vertex 136.48000000000002 33.23842944204807 54.67451447248459
      vertex 136.48000000000002 33.352240934967995 54.29932825267315
    endloop
  endfacet
  facet normal 0 0.9951847267853376 0.09801713918082348
    outer loop
      vertex 93.52000000000001 33.23842944204807 54.67451447248459
      vertex 136.48000000000002 33.20000000298023 55.06469511985779
      vertex 136.48000000000002 33.23842944204807 54.67451447248459
    endloop
  endfacet
  facet normal 0 0.6343932961394977 0.7730104435344091
    outer loop
      vertex 93.52000000000001 34.08885953575373 53.40175589174032
      vertex 136.48000000000002 33.78578644245863 53.650481559336185
      vertex 136.48000000000002 34.08885953575373 53.40175589174032
    endloop
  endfacet
  facet normal 0 0.7730104435344091 0.6343932961394977
    outer loop
      vertex 93.52000000000001 33.78578644245863 53.650481559336185
      vertex 136.48000000000002 33.537060774862766 53.95355465263128
      vertex 136.48000000000002 33.78578644245863 53.650481559336185
    endloop
  endfacet
  facet normal 0 0.47139673713269076 0.8819212641844241
    outer loop
      vertex 93.52000000000001 34.43463313579559 53.21693605184555
      vertex 136.48000000000002 34.08885953575373 53.40175589174032
      vertex 136.48000000000002 34.43463313579559 53.21693605184555
    endloop
  endfacet
  facet normal 0 0.29028467119332607 0.9569403375708344
    outer loop
      vertex 93.52000000000001 34.80981935560703 53.10312455892563
      vertex 136.48000000000002 34.43463313579559 53.21693605184555
      vertex 136.48000000000002 34.80981935560703 53.10312455892563
    endloop
  endfacet
  facet normal 0 0.8819212641844241 0.47139673713269076
    outer loop
      vertex 93.52000000000001 33.537060774862766 53.95355465263128
      vertex 136.48000000000002 33.352240934967995 54.29932825267315
      vertex 136.48000000000002 33.537060774862766 53.95355465263128
    endloop
  endfacet
  facet normal 0 0.09801713918082348 0.9951847267853376
    outer loop
      vertex 93.52000000000001 35.20000000298023 53.06469511985779
      vertex 136.48000000000002 34.80981935560703 53.10312455892563
      vertex 136.48000000000002 35.20000000298023 53.06469511985779
    endloop
  endfacet
  facet normal 0 1 0
    outer loop
      vertex 93.52000000000001 33.20000000298023 55.06469511985779
      vertex 136.48000000000002 33.20000000298023 67.65682837367058
      vertex 136.48000000000002 33.20000000298023 55.06469511985779
    endloop
  endfacet
  facet normal 0 0.9984984462299653 -0.05478004085746
    outer loop
      vertex 93.52000000000001 33.20000000298023 67.65682837367058
      vertex 136.48000000000002 33.2120034173131 67.8756195679307
      vertex 136.48000000000002 33.20000000298023 67.65682837367058
    endloop
  endfacet
  facet normal 0 0.9784892719391062 -0.20629770890651652
    outer loop
      vertex 93.52000000000001 33.2120034173131 67.8756195679307
      vertex 136.48000000000002 33.29288626462221 68.2592544555664
      vertex 136.48000000000002 33.2120034173131 67.8756195679307
    endloop
  endfacet
  facet normal 0 0.9194411921313657 -0.3932275349108367
    outer loop
      vertex 93.52000000000001 33.29288626462221 68.2592544555664
      vertex 136.48000000000002 33.44705841690302 68.61973843723536
      vertex 136.48000000000002 33.29288626462221 68.2592544555664
    endloop
  endfacet
  facet normal 0 0.8250595065014482 -0.5650458483447042
    outer loop
      vertex 93.52000000000001 33.44705841690302 68.61973843723536
      vertex 136.48000000000002 33.668595127761364 68.94321832805872
      vertex 136.48000000000002 33.44705841690302 68.61973843723536
    endloop
  endfacet
  facet normal 0 0.6989712302385408 -0.7151497880156441
    outer loop
      vertex 93.52000000000001 33.668595127761364 68.94321832805872
      vertex 136.48000000000002 33.94898287951946 69.21726297587156
      vertex 136.48000000000002 33.668595127761364 68.94321832805872
    endloop
  endfacet
  facet normal -1 0 0
    outer loop
      vertex 136.48000000000002 33.20000000298023 55.06469511985779
      vertex 136.48000000000002 33.20000000298023 67.65682837367058
      vertex 136.48000000000002 33.94898287951946 69.21726297587156
    endloop
  endfacet
  facet normal -1 0 0
    outer loop
      vertex 136.48000000000002 33.20000000298023 67.65682837367058
      vertex 136.48000000000002 33.2120034173131 67.8756195679307
      vertex 136.48000000000002 33.94898287951946 69.21726297587156
    endloop
  endfacet
  facet normal -1 0 0
    outer loop
      vertex 136.48000000000002 33.2120034173131 67.8756195679307
      vertex 136.48000000000002 33.29288626462221 68.2592544555664
      vertex 136.48000000000002 33.94898287951946 69.21726297587156
    endloop
  endfacet
  facet normal -1 0 0
    outer loop
      vertex 136.48000000000002 33.29288626462221 68.2592544555664
      vertex 136.48000000000002 33.44705841690302 68.61973843723536
      vertex 136.48000000000002 33.94898287951946 69.21726297587156
    endloop
  endfacet
  facet normal -1 0 0
    outer loop
      vertex 136.48000000000002 33.44705841690302 68.61973843723536
      vertex 136.48000000000002 33.668595127761364 68.94321832805872
      vertex 136.48000000000002 33.94898287951946 69.21726297587156
    endloop
  endfacet
  facet normal -1 0 0
    outer loop
      vertex 136.48000000000002 34.43463313579559 53.21693605184555
      vertex 136.48000000000002 57.94898287951946 88.45831988751888
      vertex 136.48000000000002 34.80981935560703 53.10312455892563
    endloop
  endfacet
  facet normal -1 0 0
    outer loop
      vertex 136.48000000000002 33.78578644245863 53.650481559336185
      vertex 136.48000000000002 57.94898287951946 88.45831988751888
      vertex 136.48000000000002 34.08885953575373 53.40175589174032
    endloop
  endfacet
  facet normal -1 0 0
    outer loop
      vertex 136.48000000000002 33.537060774862766 53.95355465263128
      vertex 136.48000000000002 57.94898287951946 88.45831988751888
      vertex 136.48000000000002 33.78578644245863 53.650481559336185
    endloop
  endfacet
  facet normal -1 0 0
    outer loop
      vertex 136.48000000000002 33.352240934967995 54.29932825267315
      vertex 136.48000000000002 33.23842944204807 54.67451447248459
      vertex 136.48000000000002 57.94898287951946 88.45831988751888
    endloop
  endfacet
  facet normal -1 0 0
    outer loop
      vertex 136.48000000000002 33.352240934967995 54.29932825267315
      vertex 136.48000000000002 57.94898287951946 88.45831988751888
      vertex 136.48000000000002 33.537060774862766 53.95355465263128
    endloop
  endfacet
  facet normal -1 0 0
    outer loop
      vertex 136.48000000000002 33.23842944204807 54.67451447248459
      vertex 136.48000000000002 33.20000000298023 55.06469511985779
      vertex 136.48000000000002 57.94898287951946 88.45831988751888
    endloop
  endfacet
  facet normal -1 0 0
    outer loop
      vertex 136.48000000000002 34.08885953575373 53.40175589174032
      vertex 136.48000000000002 57.94898287951946 88.45831988751888
      vertex 136.48000000000002 34.43463313579559 53.21693605184555
    endloop
  endfacet
  facet normal 0 0 1
    outer loop
      vertex 93.52000000000001 60.47205954045057 53.06469511985779
      vertex 136.48000000000002 35.20000000298023 53.06469511985779
      vertex 136.48000000000002 60.47205954045057 53.06469511985779
    endloop
  endfacet
  facet normal 0 -0.09801713918082348 0.9951847267853376
    outer loop
      vertex 93.52000000000001 60.86224018782377 53.10312455892563
      vertex 136.48000000000002 60.47205954045057 53.06469511985779
      vertex 136.48000000000002 60.86224018782377 53.10312455892563
    endloop
  endfacet
  facet normal 0 -0.29028467119332607 0.9569403375708344
    outer loop
      vertex 93.52000000000001 61.23742640763521 53.21693605184555
      vertex 136.48000000000002 60.86224018782377 53.10312455892563
      vertex 136.48000000000002 61.23742640763521 53.21693605184555
    endloop
  endfacet
  facet normal 0 -0.47139673713269076 0.8819212641844241
    outer loop
      vertex 93.52000000000001 61.58320000767708 53.40175589174032
      vertex 136.48000000000002 61.23742640763521 53.21693605184555
      vertex 136.48000000000002 61.58320000767708 53.40175589174032
    endloop
  endfacet
  facet normal 0 -0.6000712636235536 0.7999465473225269
    outer loop
      vertex 93.52000000000001 61.75763475894928 53.53260623663664
      vertex 136.48000000000002 61.58320000767708 53.40175589174032
      vertex 136.48000000000002 61.75763475894928 53.53260623663664
    endloop
  endfacet
  facet normal 0 0.6255085627533582 -0.7802173017321703
    outer loop
      vertex 93.52000000000001 33.94898287951946 69.21726297587156
      vertex 136.48000000000002 57.94898287951946 88.45831988751888
      vertex 136.48000000000002 33.94898287951946 69.21726297587156
    endloop
  endfacet
  facet normal -1 0 0
    outer loop
      vertex 136.48000000000002 33.20000000298023 55.06469511985779
      vertex 136.48000000000002 33.94898287951946 69.21726297587156
      vertex 136.48000000000002 57.94898287951946 88.45831988751888
    endloop
  endfacet
  facet normal 0 0.9951847212440323 -0.09801719544262533
    outer loop
      vertex 93.52000000000001 63.59218184649944 83.08356980234385
      vertex 136.48000000000002 63.600000001490116 83.1629488170147
      vertex 136.48000000000002 63.59218184649944 83.08356980234385
    endloop
  endfacet
  facet normal 0 -0.6343933079284213 -0.7730104338594889
    outer loop
      vertex 93.52000000000001 63.530524119734764 83.13417099416256
      vertex 136.48000000000002 63.59218184649944 83.08356980234385
      vertex 136.48000000000002 63.530524119734764 83.13417099416256
    endloop
  endfacet
  facet normal 0 -0.9951847271390507 -0.09801713558951387
    outer loop
      vertex 93.52000000000001 61.20000000298023 85.56294881552458
      vertex 136.48000000000002 61.20929782837629 85.46854640543461
      vertex 136.48000000000002 61.20000000298023 85.56294881552458
    endloop
  endfacet
  facet normal 0 -0.7730104706049635 -0.634393263153931
    outer loop
      vertex 93.52000000000001 61.20929782837629 85.46854640543461
      vertex 136.48000000000002 61.269475877285004 85.39521923661232
      vertex 136.48000000000002 61.20929782837629 85.46854640543461
    endloop
  endfacet
  facet normal 0 -1 0
    outer loop
      vertex 93.52000000000001 61.20000000298023 86.8978852853179
      vertex 136.48000000000002 61.20000000298023 85.56294881552458
      vertex 136.48000000000002 61.20000000298023 86.8978852853179
    endloop
  endfacet
  facet normal 0 -0.9951847267853376 -0.09801713918082348
    outer loop
      vertex 93.52000000000001 61.16157056391239 87.2880659326911
      vertex 136.48000000000002 61.20000000298023 86.8978852853179
      vertex 136.48000000000002 61.16157056391239 87.2880659326911
    endloop
  endfacet
  facet normal 0 -0.9569403375708344 -0.29028467119332607
    outer loop
      vertex 93.52000000000001 61.04775907099247 87.66325215250254
      vertex 136.48000000000002 61.16157056391239 87.2880659326911
      vertex 136.48000000000002 61.04775907099247 87.66325215250254
    endloop
  endfacet
  facet normal 0 -0.8819212641844241 -0.47139673713269076
    outer loop
      vertex 93.52000000000001 60.8629392310977 88.0090257525444
      vertex 136.48000000000002 61.04775907099247 87.66325215250254
      vertex 136.48000000000002 60.8629392310977 88.0090257525444
    endloop
  endfacet
  facet normal 0 -0.7071067811865476 -0.7071067811865476
    outer loop
      vertex 93.52000000000001 61.269475877285004 85.39521923661232
      vertex 136.48000000000002 63.530524119734764 83.13417099416256
      vertex 136.48000000000002 61.269475877285004 85.39521923661232
    endloop
  endfacet
  facet normal -1 0 0
    outer loop
      vertex 136.48000000000002 34.80981935560703 53.10312455892563
      vertex 136.48000000000002 61.20929782837629 85.46854640543461
      vertex 136.48000000000002 61.269475877285004 85.39521923661232
    endloop
  endfacet
  facet normal -1 0 0
    outer loop
      vertex 136.48000000000002 34.80981935560703 53.10312455892563
      vertex 136.48000000000002 61.20000000298023 85.56294881552458
      vertex 136.48000000000002 61.20929782837629 85.46854640543461
    endloop
  endfacet
  facet normal -1 0 0
    outer loop
      vertex 136.48000000000002 34.80981935560703 53.10312455892563
      vertex 136.48000000000002 61.269475877285004 85.39521923661232
      vertex 136.48000000000002 63.530524119734764 83.13417099416256
    endloop
  endfacet
  facet normal -1 0 0
    outer loop
      vertex 136.48000000000002 34.80981935560703 53.10312455892563
      vertex 136.48000000000002 57.94898287951946 88.45831988751888
      vertex 136.48000000000002 58.08885953575373 88.56082451343536
    endloop
  endfacet
  facet normal -1 0 0
    outer loop
      vertex 136.48000000000002 34.80981935560703 53.10312455892563
      vertex 136.48000000000002 58.08885953575373 88.56082451343536
      vertex 136.48000000000002 58.43463313579559 88.74564435333014
    endloop
  endfacet
  facet normal -1 0 0
    outer loop
      vertex 136.48000000000002 34.80981935560703 53.10312455892563
      vertex 136.48000000000002 58.43463313579559 88.74564435333014
      vertex 136.48000000000002 58.80981935560703 88.85945584625006
    endloop
  endfacet
  facet normal -1 0 0
    outer loop
      vertex 136.48000000000002 34.80981935560703 53.10312455892563
      vertex 136.48000000000002 58.80981935560703 88.85945584625006
      vertex 136.48000000000002 59.20000000298023 88.8978852853179
    endloop
  endfacet
  facet normal -1 0 0
    outer loop
      vertex 136.48000000000002 34.80981935560703 53.10312455892563
      vertex 136.48000000000002 59.20000000298023 88.8978852853179
      vertex 136.48000000000002 59.59018065035343 88.85945584625006
    endloop
  endfacet
  facet normal -1 0 0
    outer loop
      vertex 136.48000000000002 34.80981935560703 53.10312455892563
      vertex 136.48000000000002 59.96536687016487 88.74564435333014
      vertex 136.48000000000002 60.31114047020674 88.56082451343536
    endloop
  endfacet
  facet normal -1 0 0
    outer loop
      vertex 136.48000000000002 34.80981935560703 53.10312455892563
      vertex 136.48000000000002 59.59018065035343 88.85945584625006
      vertex 136.48000000000002 59.96536687016487 88.74564435333014
    endloop
  endfacet
  facet normal -1 0 0
    outer loop
      vertex 136.48000000000002 34.80981935560703 53.10312455892563
      vertex 136.48000000000002 60.31114047020674 88.56082451343536
      vertex 136.48000000000002 60.614213563501835 88.3120988458395
    endloop
  endfacet
  facet normal -1 0 0
    outer loop
      vertex 136.48000000000002 34.80981935560703 53.10312455892563
      vertex 136.48000000000002 61.20000000298023 86.8978852853179
      vertex 136.48000000000002 61.20000000298023 85.56294881552458
    endloop
  endfacet
  facet normal -1 0 0
    outer loop
      vertex 136.48000000000002 34.80981935560703 53.10312455892563
      vertex 136.48000000000002 61.16157056391239 87.2880659326911
      vertex 136.48000000000002 61.20000000298023 86.8978852853179
    endloop
  endfacet
  facet normal -1 0 0
    outer loop
      vertex 136.48000000000002 34.80981935560703 53.10312455892563
      vertex 136.48000000000002 61.04775907099247 87.66325215250254
      vertex 136.48000000000002 61.16157056391239 87.2880659326911
    endloop
  endfacet
  facet normal -1 0 0
    outer loop
      vertex 136.48000000000002 34.80981935560703 53.10312455892563
      vertex 136.48000000000002 60.8629392310977 88.0090257525444
      vertex 136.48000000000002 61.04775907099247 87.66325215250254
    endloop
  endfacet
  facet normal -1 0 0
    outer loop
      vertex 136.48000000000002 34.80981935560703 53.10312455892563
      vertex 136.48000000000002 60.614213563501835 88.3120988458395
      vertex 136.48000000000002 60.8629392310977 88.0090257525444
    endloop
  endfacet
  facet normal -1 0 0
    outer loop
      vertex 136.48000000000002 34.80981935560703 53.10312455892563
      vertex 136.48000000000002 63.530524119734764 83.13417099416256
      vertex 136.48000000000002 63.59218184649944 83.08356980234385
    endloop
  endfacet
  facet normal 0 0.5910951801371412 -0.8066018150355482
    outer loop
      vertex 93.52000000000001 57.94898287951946 88.45831988751888
      vertex 136.48000000000002 58.08885953575373 88.56082451343536
      vertex 136.48000000000002 57.94898287951946 88.45831988751888
    endloop
  endfacet
  facet normal 0 0.47139673713269076 -0.8819212641844241
    outer loop
      vertex 93.52000000000001 58.08885953575373 88.56082451343536
      vertex 136.48000000000002 58.43463313579559 88.74564435333014
      vertex 136.48000000000002 58.08885953575373 88.56082451343536
    endloop
  endfacet
  facet normal 0 0.29028467119332607 -0.9569403375708344
    outer loop
      vertex 93.52000000000001 58.43463313579559 88.74564435333014
      vertex 136.48000000000002 58.80981935560703 88.85945584625006
      vertex 136.48000000000002 58.43463313579559 88.74564435333014
    endloop
  endfacet
  facet normal 0 0.09801713918082348 -0.9951847267853376
    outer loop
      vertex 93.52000000000001 58.80981935560703 88.85945584625006
      vertex 136.48000000000002 59.20000000298023 88.8978852853179
      vertex 136.48000000000002 58.80981935560703 88.85945584625006
    endloop
  endfacet
  facet normal 0 -0.09801713918082348 -0.9951847267853376
    outer loop
      vertex 93.52000000000001 59.20000000298023 88.8978852853179
      vertex 136.48000000000002 59.59018065035343 88.85945584625006
      vertex 136.48000000000002 59.20000000298023 88.8978852853179
    endloop
  endfacet
  facet normal 0 -0.29028467119332607 -0.9569403375708344
    outer loop
      vertex 93.52000000000001 59.59018065035343 88.85945584625006
      vertex 136.48000000000002 59.96536687016487 88.74564435333014
      vertex 136.48000000000002 59.59018065035343 88.85945584625006
    endloop
  endfacet
  facet normal 0 -0.7730104435344091 -0.6343932961394977
    outer loop
      vertex 93.52000000000001 60.614213563501835 88.3120988458395
      vertex 136.48000000000002 60.8629392310977 88.0090257525444
      vertex 136.48000000000002 60.614213563501835 88.3120988458395
    endloop
  endfacet
  facet normal 0 -0.6343932961394977 -0.7730104435344091
    outer loop
      vertex 93.52000000000001 60.31114047020674 88.56082451343536
      vertex 136.48000000000002 60.614213563501835 88.3120988458395
      vertex 136.48000000000002 60.31114047020674 88.56082451343536
    endloop
  endfacet
  facet normal 0 -0.47139673713269076 -0.8819212641844241
    outer loop
      vertex 93.52000000000001 59.96536687016487 88.74564435333014
      vertex 136.48000000000002 60.31114047020674 88.56082451343536
      vertex 136.48000000000002 59.96536687016487 88.74564435333014
    endloop
  endfacet
  facet normal 0 1 0
    outer loop
      vertex 93.52000000000001 63.600000001490116 83.1629488170147
      vertex 136.48000000000002 63.600000001490116 134.1715728789568
      vertex 136.48000000000002 63.600000001490116 83.1629488170147
    endloop
  endfacet
  facet normal -1 0 0
    outer loop
      vertex 136.48000000000002 34.80981935560703 53.10312455892563
      vertex 136.48000000000002 122.75128470947412 138
      vertex 136.48000000000002 35.20000000298023 53.06469511985779
    endloop
  endfacet
  facet normal -1 0 0
    outer loop
      vertex 136.48000000000002 35.20000000298023 53.06469511985779
      vertex 136.48000000000002 122.75128470947412 138
      vertex 136.48000000000002 60.47205954045057 53.06469511985779
    endloop
  endfacet
  facet normal -1 0 0
    outer loop
      vertex 136.48000000000002 60.47205954045057 53.06469511985779
      vertex 136.48000000000002 122.75128470947412 138
      vertex 136.48000000000002 60.86224018782377 53.10312455892563
    endloop
  endfacet
  facet normal -1 0 0
    outer loop
      vertex 136.48000000000002 60.86224018782377 53.10312455892563
      vertex 136.48000000000002 122.75128470947412 138
      vertex 136.48000000000002 61.23742640763521 53.21693605184555
    endloop
  endfacet
  facet normal -1 0 0
    outer loop
      vertex 136.48000000000002 61.23742640763521 53.21693605184555
      vertex 136.48000000000002 122.75128470947412 138
      vertex 136.48000000000002 61.58320000767708 53.40175589174032
    endloop
  endfacet
  facet normal -1 0 0
    outer loop
      vertex 136.48000000000002 61.58320000767708 53.40175589174032
      vertex 136.48000000000002 122.75128470947412 138
      vertex 136.48000000000002 61.75763475894928 53.53260623663664
    endloop
  endfacet
  facet normal -1 0 0
    outer loop
      vertex 136.48000000000002 34.80981935560703 53.10312455892563
      vertex 136.48000000000002 63.59218184649944 83.08356980234385
      vertex 136.48000000000002 122.75128470947412 138
    endloop
  endfacet
  facet normal -1 0 0
    outer loop
      vertex 136.48000000000002 63.59218184649944 83.08356980234385
      vertex 136.48000000000002 63.600000001490116 83.1629488170147
      vertex 136.48000000000002 122.75128470947412 138
    endloop
  endfacet
  facet normal 0 1 0
    outer loop
      vertex 93.52000000000001 63.600000001490116 83.1629488170147
      vertex 123.5 63.600000001490116 127.3
      vertex 136.48000000000002 63.600000001490116 134.1715728789568
    endloop
  endfacet
  facet normal 0 1 0
    outer loop
      vertex 106.5 63.600000001490116 133.3
      vertex 124 63.600000001490116 134
      vertex 123.5 63.600000001490116 133.3
    endloop
  endfacet
  facet normal 0 1 0
    outer loop
      vertex 136.48000000000002 63.600000001490116 134.1715728789568
      vertex 123.5 63.600000001490116 127.3
      vertex 123.5 63.600000001490116 133.3
    endloop
  endfacet
  facet normal 0 1 0
    outer loop
      vertex 136.48000000000002 63.600000001490116 134.1715728789568
      vertex 123.5 63.600000001490116 133.3
      vertex 124 63.600000001490116 134
    endloop
  endfacet
  facet normal 0 1 0
    outer loop
      vertex 136.48000000000002 63.600000001490116 134.1715728789568
      vertex 124 63.600000001490116 134
      vertex 124 63.600000001490116 134.1715728789568
    endloop
  endfacet
  facet normal 0 0.9951847267853376 -0.0980171391808235
    outer loop
      vertex 136.48000000000002 63.600000001490116 134.1715728789568
      vertex 124 63.600000001490116 134.1715728789568
      vertex 124 63.63842944055796 134.56175352633
    endloop
  endfacet
  facet normal 0 0.9569403375708344 -0.29028467119332607
    outer loop
      vertex 136.48000000000002 63.63842944055796 134.56175352633
      vertex 124 63.63842944055796 134.56175352633
      vertex 124 63.75224093347788 134.93693974614143
    endloop
  endfacet
  facet normal 0 0.8819212641844242 -0.47139673713269076
    outer loop
      vertex 136.48000000000002 63.75224093347788 134.93693974614143
      vertex 124 63.75224093347788 134.93693974614143
      vertex 124 63.93706077337265 135.2827133461833
    endloop
  endfacet
  facet normal 0 0.773010443534409 -0.6343932961394977
    outer loop
      vertex 136.48000000000002 63.93706077337265 135.2827133461833
      vertex 124 63.93706077337265 135.2827133461833
      vertex 124 64.18578644096851 135.5857864394784
    endloop
  endfacet
  facet normal 0 0.9951847267853376 -0.0980171391808235
    outer loop
      vertex 136.48000000000002 63.600000001490116 134.1715728789568
      vertex 124 63.63842944055796 134.56175352633
      vertex 136.48000000000002 63.63842944055796 134.56175352633
    endloop
  endfacet
  facet normal 0 0.9569403375708344 -0.29028467119332607
    outer loop
      vertex 136.48000000000002 63.63842944055796 134.56175352633
      vertex 124 63.75224093347788 134.93693974614143
      vertex 136.48000000000002 63.75224093347788 134.93693974614143
    endloop
  endfacet
  facet normal 0 0.8819212641844242 -0.47139673713269076
    outer loop
      vertex 136.48000000000002 63.75224093347788 134.93693974614143
      vertex 124 63.93706077337265 135.2827133461833
      vertex 136.48000000000002 63.93706077337265 135.2827133461833
    endloop
  endfacet
  facet normal -1 0 0
    outer loop
      vertex 136.48000000000002 63.600000001490116 83.1629488170147
      vertex 136.48000000000002 63.600000001490116 134.1715728789568
      vertex 136.48000000000002 122.75128470947412 138
    endloop
  endfacet
  facet normal 0 0.7071067811865476 -0.7071067811865476
    outer loop
      vertex 136.48000000000002 64.18578644096851 135.5857864394784
      vertex 124 64.18578644096851 135.5857864394784
      vertex 124 66.39999999850988 137.79999999701977
    endloop
  endfacet
  facet normal 0 0.773010443534409 -0.6343932961394977
    outer loop
      vertex 136.48000000000002 63.93706077337265 135.2827133461833
      vertex 124 64.18578644096851 135.5857864394784
      vertex 136.48000000000002 64.18578644096851 135.5857864394784
    endloop
  endfacet
  facet normal 0 0.7071067811865476 -0.7071067811865476
    outer loop
      vertex 136.48000000000002 64.18578644096851 135.5857864394784
      vertex 124 66.39999999850988 137.79999999701977
      vertex 136.48000000000002 66.39999999850988 137.79999999701977
    endloop
  endfacet
  facet normal -1 0 0
    outer loop
      vertex 136.48000000000002 63.600000001490116 134.1715728789568
      vertex 136.48000000000002 63.63842944055796 134.56175352633
      vertex 136.48000000000002 122.75128470947412 138
    endloop
  endfacet
  facet normal -1 0 0
    outer loop
      vertex 136.48000000000002 63.63842944055796 134.56175352633
      vertex 136.48000000000002 63.75224093347788 134.93693974614143
      vertex 136.48000000000002 122.75128470947412 138
    endloop
  endfacet
  facet normal -1 0 0
    outer loop
      vertex 136.48000000000002 63.75224093347788 134.93693974614143
      vertex 136.48000000000002 63.93706077337265 135.2827133461833
      vertex 136.48000000000002 122.75128470947412 138
    endloop
  endfacet
  facet normal -1 0 0
    outer loop
      vertex 136.48000000000002 63.93706077337265 135.2827133461833
      vertex 136.48000000000002 64.18578644096851 135.5857864394784
      vertex 136.48000000000002 122.75128470947412 138
    endloop
  endfacet
  facet normal -1 0 0
    outer loop
      vertex 136.48000000000002 64.18578644096851 135.5857864394784
      vertex 136.48000000000002 66.39999999850988 137.79999999701977
      vertex 136.48000000000002 122.75128470947412 138
    endloop
  endfacet
  facet normal -1 0 0
    outer loop
      vertex 136.48000000000002 66.39999999850988 137.79999999701977
      vertex 136.48000000000002 66.53052411973476 137.93052411824465
      vertex 136.48000000000002 122.75128470947412 138
    endloop
  endfacet
  facet normal -1 0 0
    outer loop
      vertex 136.48000000000002 66.53052411973476 137.93052411824465
      vertex 136.48000000000002 66.58754149920541 138
      vertex 136.48000000000002 122.75128470947412 138
    endloop
  endfacet
  facet normal 0 -0.6427876097338274 0.7660444430792985
    outer loop
      vertex 93.52000000000001 132.56457280367613 112.94668184220791
      vertex 136.48000000000002 61.75763475894928 53.53260623663664
      vertex 136.48000000000002 132.56457280367613 112.94668184220791
    endloop
  endfacet
  facet normal -1 0 0
    outer loop
      vertex 136.48000000000002 61.75763475894928 53.53260623663664
      vertex 136.48000000000002 126.86779916286469 134.4080934524536
      vertex 136.48000000000002 132.56457280367613 112.94668184220791
    endloop
  endfacet
  facet normal -1 0 0
    outer loop
      vertex 136.48000000000002 61.75763475894928 53.53260623663664
      vertex 136.48000000000002 122.75128470947412 138
      vertex 136.48000000000002 122.81529699265957 137.94045063108206
    endloop
  endfacet
  facet normal -1 0 0
    outer loop
      vertex 136.48000000000002 61.75763475894928 53.53260623663664
      vertex 136.48000000000002 122.81529699265957 137.94045063108206
      vertex 136.48000000000002 122.99962185302056 137.79999999701977
    endloop
  endfacet
  facet normal -1 0 0
    outer loop
      vertex 136.48000000000002 61.75763475894928 53.53260623663664
      vertex 136.48000000000002 122.99962185302056 137.79999999701977
      vertex 136.48000000000002 126.1789642572403 135.37742576748133
    endloop
  endfacet
  facet normal -1 0 0
    outer loop
      vertex 136.48000000000002 61.75763475894928 53.53260623663664
      vertex 136.48000000000002 126.4852653592825 135.0882637426257
      vertex 136.48000000000002 126.71002772450447 134.76701673865318
    endloop
  endfacet
  facet normal -1 0 0
    outer loop
      vertex 136.48000000000002 61.75763475894928 53.53260623663664
      vertex 136.48000000000002 126.71002772450447 134.76701673865318
      vertex 136.48000000000002 126.86779916286469 134.4080934524536
    endloop
  endfacet
  facet normal -1 0 0
    outer loop
      vertex 136.48000000000002 61.75763475894928 53.53260623663664
      vertex 136.48000000000002 126.1789642572403 135.37742576748133
      vertex 136.48000000000002 126.20214955508709 135.35948911309242
    endloop
  endfacet
  facet normal -1 0 0
    outer loop
      vertex 136.48000000000002 61.75763475894928 53.53260623663664
      vertex 136.48000000000002 126.20214955508709 135.35948911309242
      vertex 136.48000000000002 126.4852653592825 135.0882637426257
    endloop
  endfacet
  facet normal 0 -0.606077739930448 -0.7954054143396311
    outer loop
      vertex 93.52000000000001 126.1789642572403 135.37742576748133
      vertex 136.48000000000002 126.1789642572403 135.37742576748133
      vertex 136.48000000000002 122.99962185302056 137.79999999701977
    endloop
  endfacet
  facet normal 0 -0.9154605266097511 -0.4024077834975332
    outer loop
      vertex 93.52000000000001 126.71002772450447 134.76701673865318
      vertex 136.48000000000002 126.86779916286469 134.4080934524536
      vertex 136.48000000000002 126.71002772450447 134.76701673865318
    endloop
  endfacet
  facet normal 0 -0.6118904600409223 -0.7909425168183265
    outer loop
      vertex 93.52000000000001 126.1789642572403 135.37742576748133
      vertex 136.48000000000002 126.20214955508709 135.35948911309242
      vertex 136.48000000000002 126.1789642572403 135.37742576748133
    endloop
  endfacet
  facet normal 0 -0.6917804543136171 -0.7221078887740013
    outer loop
      vertex 93.52000000000001 126.20214955508709 135.35948911309242
      vertex 136.48000000000002 126.4852653592825 135.0882637426257
      vertex 136.48000000000002 126.20214955508709 135.35948911309242
    endloop
  endfacet
  facet normal 0 -0.8193643510024158 -0.5732731114454873
    outer loop
      vertex 93.52000000000001 126.4852653592825 135.0882637426257
      vertex 136.48000000000002 126.71002772450447 134.76701673865318
      vertex 136.48000000000002 126.4852653592825 135.0882637426257
    endloop
  endfacet
  facet normal 0 -0.7147778879927614 0.699351535950703
    outer loop
      vertex 93.52000000000001 132.83876655250788 113.22692377865314
      vertex 136.48000000000002 132.56457280367613 112.94668184220791
      vertex 136.48000000000002 132.83876655250788 113.22692377865314
    endloop
  endfacet
  facet normal 0 -0.8374803597584747 0.5464674253958931
    outer loop
      vertex 93.52000000000001 133.05301924794912 113.55527349561453
      vertex 136.48000000000002 132.83876655250788 113.22692377865314
      vertex 136.48000000000002 133.05301924794912 113.55527349561453
    endloop
  endfacet
  facet normal 0 -0.9279989130940465 0.37258289989781884
    outer loop
      vertex 93.52000000000001 133.1990972906351 113.91911269724369
      vertex 136.48000000000002 133.05301924794912 113.55527349561453
      vertex 136.48000000000002 133.1990972906351 113.91911269724369
    endloop
  endfacet
  facet normal 0 -0.9828549900138027 0.1843802283461212
    outer loop
      vertex 93.52000000000001 133.27138698101044 114.30445923656225
      vertex 136.48000000000002 133.1990972906351 113.91911269724369
      vertex 136.48000000000002 133.27138698101044 114.30445923656225
    endloop
  endfacet
  facet normal 0 -0.9999405049191996 -0.01090809891484134
    outer loop
      vertex 93.52000000000001 133.26711025834084 114.69650447368622
      vertex 136.48000000000002 133.27138698101044 114.30445923656225
      vertex 136.48000000000002 133.26711025834084 114.69650447368622
    endloop
  endfacet
  facet normal 0 -0.9785988686603567 -0.20577719566723074
    outer loop
      vertex 93.52000000000001 133.18643148988485 115.08018232136965
      vertex 136.48000000000002 133.26711025834084 114.69650447368622
      vertex 136.48000000000002 133.18643148988485 115.08018232136965
    endloop
  endfacet
  facet normal 0 -0.9521192662773269 -0.3057268434134047
    outer loop
      vertex 93.52000000000001 133.1799879744649 115.10024923831224
      vertex 136.48000000000002 133.18643148988485 115.08018232136965
      vertex 136.48000000000002 133.1799879744649 115.10024923831224
    endloop
  endfacet
  facet normal -1 0 0
    outer loop
      vertex 136.48000000000002 132.56457280367613 112.94668184220791
      vertex 136.48000000000002 133.05301924794912 113.55527349561453
      vertex 136.48000000000002 132.83876655250788 113.22692377865314
    endloop
  endfacet
  facet normal -1 0 0
    outer loop
      vertex 136.48000000000002 132.56457280367613 112.94668184220791
      vertex 136.48000000000002 133.1990972906351 113.91911269724369
      vertex 136.48000000000002 133.05301924794912 113.55527349561453
    endloop
  endfacet
  facet normal -1 0 0
    outer loop
      vertex 136.48000000000002 132.56457280367613 112.94668184220791
      vertex 136.48000000000002 133.27138698101044 114.30445923656225
      vertex 136.48000000000002 133.1990972906351 113.91911269724369
    endloop
  endfacet
  facet normal -1 0 0
    outer loop
      vertex 136.48000000000002 132.56457280367613 112.94668184220791
      vertex 136.48000000000002 133.26711025834084 114.69650447368622
      vertex 136.48000000000002 133.27138698101044 114.30445923656225
    endloop
  endfacet
  facet normal -1 0 0
    outer loop
      vertex 136.48000000000002 132.56457280367613 112.94668184220791
      vertex 136.48000000000002 133.18643148988485 115.08018232136965
      vertex 136.48000000000002 133.26711025834084 114.69650447368622
    endloop
  endfacet
  facet normal -1 0 0
    outer loop
      vertex 136.48000000000002 132.56457280367613 112.94668184220791
      vertex 136.48000000000002 133.1799879744649 115.10024923831224
      vertex 136.48000000000002 133.18643148988485 115.08018232136965
    endloop
  endfacet
  facet normal -1 0 0
    outer loop
      vertex 136.48000000000002 126.86779916286469 134.4080934524536
      vertex 136.48000000000002 133.1799879744649 115.10024923831224
      vertex 136.48000000000002 132.56457280367613 112.94668184220791
    endloop
  endfacet
  facet normal 0 -0.950495194718239 -0.3107392553533217
    outer loop
      vertex 93.52000000000001 126.86779916286469 134.4080934524536
      vertex 136.48000000000002 133.1799879744649 115.10024923831224
      vertex 136.48000000000002 126.86779916286469 134.4080934524536
    endloop
  endfacet
  facet normal 0 1 0
    outer loop
      vertex 93.52000000000001 63.600000001490116 137.79999999701977
      vertex 93.52000000000001 63.600000001490116 138
      vertex 93.92 63.600000001490116 138
    endloop
  endfacet
  facet normal 0 1 0
    outer loop
      vertex 93.52000000000001 63.600000001490116 137.79999999701977
      vertex 93.92 63.600000001490116 138
      vertex 106 63.600000001490116 137.79999999701977
    endloop
  endfacet
  facet normal 0 1 0
    outer loop
      vertex 106 63.600000001490116 137.79999999701977
      vertex 93.92 63.600000001490116 138
      vertex 93.92 63.600000001490116 141
    endloop
  endfacet
  facet normal 0 1 0
    outer loop
      vertex 106 63.600000001490116 139
      vertex 106 63.600000001490116 137.79999999701977
      vertex 93.92 63.600000001490116 141
    endloop
  endfacet
  facet normal 0 1 0
    outer loop
      vertex 93.92 63.600000001490116 141
      vertex 106 63.600000001490116 141
      vertex 106 63.600000001490116 139
    endloop
  endfacet
  facet normal 1 0 0
    outer loop
      vertex 93.52000000000001 63.600000001490116 137.79999999701977
      vertex 93.52000000000001 66.53052411973476 137.93052411824465
      vertex 93.52000000000001 63.600000001490116 138
    endloop
  endfacet
  facet normal 1 0 0
    outer loop
      vertex 93.52000000000001 63.600000001490116 137.79999999701977
      vertex 93.52000000000001 66.39999999850988 137.79999999701977
      vertex 93.52000000000001 66.53052411973476 137.93052411824465
    endloop
  endfacet
  facet normal 1 0 0
    outer loop
      vertex 93.52000000000001 66.53052411973476 137.93052411824465
      vertex 93.52000000000001 66.58754149920541 138
      vertex 93.52000000000001 63.600000001490116 138
    endloop
  endfacet
  facet normal 0 0 1
    outer loop
      vertex 93.52000000000001 63.600000001490116 137.79999999701977
      vertex 106 66.39999999850988 137.79999999701977
      vertex 93.52000000000001 66.39999999850988 137.79999999701977
    endloop
  endfacet
  facet normal 0 0 1
    outer loop
      vertex 93.52000000000001 63.600000001490116 137.79999999701977
      vertex 106 63.600000001490116 137.79999999701977
      vertex 106 66.39999999850988 137.79999999701977
    endloop
  endfacet
  facet normal 1 0 0
    outer loop
      vertex 93.52000000000001 122.81529699265957 137.94045063108206
      vertex 93.52000000000001 130.99962185082862 137.79999999701977
      vertex 93.52000000000001 122.75128470947412 138
    endloop
  endfacet
  facet normal 1 0 0
    outer loop
      vertex 93.52000000000001 122.81529699265957 137.94045063108206
      vertex 93.52000000000001 122.99962185302056 137.79999999701977
      vertex 93.52000000000001 130.99962185082862 137.79999999701977
    endloop
  endfacet
  facet normal 0 0 1
    outer loop
      vertex 93.52000000000001 122.99962185302056 137.79999999701977
      vertex 136.48000000000002 122.99962185302056 137.79999999701977
      vertex 93.52000000000001 130.99962185082862 137.79999999701977
    endloop
  endfacet
  facet normal 1 0 0
    outer loop
      vertex 93.52000000000001 130.99962185082862 137.79999999701977
      vertex 93.52000000000001 131.0881029367447 137.9286776408553
      vertex 93.52000000000001 122.75128470947412 138
    endloop
  endfacet
  facet normal 1 0 0
    outer loop
      vertex 93.52000000000001 131.0881029367447 137.9286776408553
      vertex 93.52000000000001 131.12622553549852 138
      vertex 93.52000000000001 122.75128470947412 138
    endloop
  endfacet
  facet normal 1 0 0
    outer loop
      vertex 93.52000000000001 165.06947587430477 137.93052411824465
      vertex 93.52000000000001 165.1999999959444 137.79999999701977
      vertex 93.52000000000001 165.0124584948341 138
    endloop
  endfacet
  facet normal 1 0 0
    outer loop
      vertex 93.52000000000001 165.1999999959444 137.79999999701977
      vertex 93.52000000000001 168 137.79999999701977
      vertex 93.52000000000001 165.0124584948341 138
    endloop
  endfacet
  facet normal 1 0 0
    outer loop
      vertex 93.52000000000001 168 137.79999999701977
      vertex 93.52000000000001 168 138
      vertex 93.52000000000001 165.0124584948341 138
    endloop
  endfacet
  facet normal 0 -1 0
    outer loop
      vertex 93.52000000000001 168 137.79999999701977
      vertex 93.92 168 138
      vertex 93.52000000000001 168 138
    endloop
  endfacet
  facet normal 0 0 1
    outer loop
      vertex 93.52000000000001 165.1999999959444 137.79999999701977
      vertex 106 168 137.79999999701977
      vertex 93.52000000000001 168 137.79999999701977
    endloop
  endfacet
  facet normal 0 0 1
    outer loop
      vertex 93.52000000000001 165.1999999959444 137.79999999701977
      vertex 106 165.1999999959444 137.79999999701977
      vertex 106 168 137.79999999701977
    endloop
  endfacet
  facet normal 0 -1 0
    outer loop
      vertex 93.52000000000001 168 137.79999999701977
      vertex 136.08 168 141
      vertex 93.92 168 138
    endloop
  endfacet
  facet normal 0 -1 0
    outer loop
      vertex 136.08 168 141
      vertex 93.92 168 141
      vertex 93.92 168 138
    endloop
  endfacet
  facet normal 0 -1 0
    outer loop
      vertex 93.52000000000001 168 137.79999999701977
      vertex 106 168 137.79999999701977
      vertex 136.08 168 138
    endloop
  endfacet
  facet normal 0 1 0
    outer loop
      vertex 124 63.600000001490116 139
      vertex 136.08 63.600000001490116 138
      vertex 124 63.600000001490116 138.80092592430475
    endloop
  endfacet
  facet normal 0 1 0
    outer loop
      vertex 136.48000000000002 63.600000001490116 137.79999999701977
      vertex 124 63.600000001490116 137.79999999701977
      vertex 124 63.600000001490116 138
    endloop
  endfacet
  facet normal 0 1 0
    outer loop
      vertex 136.48000000000002 63.600000001490116 137.79999999701977
      vertex 124 63.600000001490116 138
      vertex 124 63.600000001490116 138.80092592430475
    endloop
  endfacet
  facet normal 0 1 0
    outer loop
      vertex 124 63.600000001490116 139
      vertex 124 63.600000001490116 141
      vertex 136.08 63.600000001490116 138
    endloop
  endfacet
  facet normal 0 1 0
    outer loop
      vertex 136.48000000000002 63.600000001490116 137.79999999701977
      vertex 124 63.600000001490116 138.80092592430475
      vertex 136.08 63.600000001490116 138
    endloop
  endfacet
  facet normal 0 1 0
    outer loop
      vertex 136.08 63.600000001490116 141
      vertex 136.08 63.600000001490116 138
      vertex 124 63.600000001490116 141
    endloop
  endfacet
  facet normal 0 1 0
    outer loop
      vertex 136.48000000000002 63.600000001490116 137.79999999701977
      vertex 136.08 63.600000001490116 138
      vertex 136.48000000000002 63.600000001490116 138
    endloop
  endfacet
  facet normal 0 0 1
    outer loop
      vertex 136.48000000000002 66.39999999850988 137.79999999701977
      vertex 124 66.39999999850988 137.79999999701977
      vertex 124 63.600000001490116 137.79999999701977
    endloop
  endfacet
  facet normal 0 0 1
    outer loop
      vertex 136.48000000000002 63.600000001490116 137.79999999701977
      vertex 136.48000000000002 66.39999999850988 137.79999999701977
      vertex 124 63.600000001490116 137.79999999701977
    endloop
  endfacet
  facet normal -1 0 0
    outer loop
      vertex 136.48000000000002 63.600000001490116 137.79999999701977
      vertex 136.48000000000002 63.600000001490116 138
      vertex 136.48000000000002 66.58754149920541 138
    endloop
  endfacet
  facet normal -1 0 0
    outer loop
      vertex 136.48000000000002 63.600000001490116 137.79999999701977
      vertex 136.48000000000002 66.53052411973476 137.93052411824465
      vertex 136.48000000000002 66.39999999850988 137.79999999701977
    endloop
  endfacet
  facet normal -1 0 0
    outer loop
      vertex 136.48000000000002 63.600000001490116 137.79999999701977
      vertex 136.48000000000002 66.58754149920541 138
      vertex 136.48000000000002 66.53052411973476 137.93052411824465
    endloop
  endfacet
  facet normal -1 0 0
    outer loop
      vertex 136.48000000000002 122.81529699265957 137.94045063108206
      vertex 136.48000000000002 130.99962185082862 137.79999999701977
      vertex 136.48000000000002 122.99962185302056 137.79999999701977
    endloop
  endfacet
  facet normal -1 0 0
    outer loop
      vertex 136.48000000000002 122.81529699265957 137.94045063108206
      vertex 136.48000000000002 122.75128470947412 138
      vertex 136.48000000000002 131.12622553549852 138
    endloop
  endfacet
  facet normal 0 0 1
    outer loop
      vertex 93.52000000000001 130.99962185082862 137.79999999701977
      vertex 136.48000000000002 122.99962185302056 137.79999999701977
      vertex 136.48000000000002 130.99962185082862 137.79999999701977
    endloop
  endfacet
  facet normal -1 0 0
    outer loop
      vertex 136.48000000000002 122.81529699265957 137.94045063108206
      vertex 136.48000000000002 131.12622553549852 138
      vertex 136.48000000000002 130.99962185082862 137.79999999701977
    endloop
  endfacet
  facet normal -1 0 0
    outer loop
      vertex 136.48000000000002 130.99962185082862 137.79999999701977
      vertex 136.48000000000002 131.12622553549852 138
      vertex 136.48000000000002 131.0881029367447 137.9286776408553
    endloop
  endfacet
  facet normal 0 -1 0
    outer loop
      vertex 136.08 168 138
      vertex 106 168 137.79999999701977
      vertex 124 168 137.79999999701977
    endloop
  endfacet
  facet normal 0 -1 0
    outer loop
      vertex 93.52000000000001 168 137.79999999701977
      vertex 136.08 168 138
      vertex 136.08 168 141
    endloop
  endfacet
  facet normal 0 0 1
    outer loop
      vertex 136.48000000000002 168 137.79999999701977
      vertex 124 168 137.79999999701977
      vertex 124 165.1999999959444 137.79999999701977
    endloop
  endfacet
  facet normal 0 0 1
    outer loop
      vertex 136.48000000000002 165.1999999959444 137.79999999701977
      vertex 136.48000000000002 168 137.79999999701977
      vertex 124 165.1999999959444 137.79999999701977
    endloop
  endfacet
  facet normal 0 -1 0
    outer loop
      vertex 124 168 137.79999999701977
      vertex 136.48000000000002 168 137.79999999701977
      vertex 136.08 168 138
    endloop
  endfacet
  facet normal 0 -1 0
    outer loop
      vertex 136.48000000000002 168 137.79999999701977
      vertex 136.48000000000002 168 138
      vertex 136.08 168 138
    endloop
  endfacet
  facet normal -1 0 0
    outer loop
      vertex 136.48000000000002 165.06947587430477 137.93052411824465
      vertex 136.48000000000002 168 137.79999999701977
      vertex 136.48000000000002 165.1999999959444 137.79999999701977
    endloop
  endfacet
  facet normal -1 0 0
    outer loop
      vertex 136.48000000000002 165.06947587430477 137.93052411824465
      vertex 136.48000000000002 165.0124584948341 138
      vertex 136.48000000000002 168 138
    endloop
  endfacet
  facet normal -1 0 0
    outer loop
      vertex 136.48000000000002 165.06947587430477 137.93052411824465
      vertex 136.48000000000002 168 138
      vertex 136.48000000000002 168 137.79999999701977
    endloop
  endfacet
  facet normal 1 0 0
    outer loop
      vertex 138.88000000000002 3.385786436498165 3.5857864394783974
      vertex 138.88000000000002 3.6888595297932625 3.337060771882534
      vertex 138.88000000000002 30.80693806707859 39.01171997189522
    endloop
  endfacet
  facet normal 1 0 0
    outer loop
      vertex 138.88000000000002 3.6888595297932625 3.337060771882534
      vertex 138.88000000000002 4.034633129835129 3.1522409319877625
      vertex 138.88000000000002 30.80693806707859 39.01171997189522
    endloop
  endfacet
  facet normal 1 0 0
    outer loop
      vertex 138.88000000000002 4.034633129835129 3.1522409319877625
      vertex 138.88000000000002 4.409819349646568 3.0384294390678406
      vertex 138.88000000000002 30.80693806707859 39.01171997189522
    endloop
  endfacet
  facet normal 1 0 0
    outer loop
      vertex 138.88000000000002 4.409819349646568 3.0384294390678406
      vertex 138.88000000000002 4.799999997019768 3
      vertex 138.88000000000002 30.80693806707859 39.01171997189522
    endloop
  endfacet
  facet normal 1 0 0
    outer loop
      vertex 138.88000000000002 2.95224092900753 4.234633132815361
      vertex 138.88000000000002 3.137060768902302 3.8888595327734947
      vertex 138.88000000000002 30.80693806707859 39.01171997189522
    endloop
  endfacet
  facet normal 1 0 0
    outer loop
      vertex 138.88000000000002 2.95224092900753 4.234633132815361
      vertex 138.88000000000002 30.80693806707859 39.01171997189522
      vertex 138.88000000000002 2.8384294360876083 4.6098193526268005
    endloop
  endfacet
  facet normal 1 0 0
    outer loop
      vertex 138.88000000000002 3.137060768902302 3.8888595327734947
      vertex 138.88000000000002 3.385786436498165 3.5857864394783974
      vertex 138.88000000000002 30.80693806707859 39.01171997189522
    endloop
  endfacet
  facet normal 1 0 0
    outer loop
      vertex 138.88000000000002 2.8384294360876083 4.6098193526268005
      vertex 138.88000000000002 30.80693806707859 39.01171997189522
      vertex 138.88000000000002 2.7999999970197678 5
    endloop
  endfacet
  facet normal 1 0 0
    outer loop
      vertex 138.88000000000002 2.7999999970197678 5
      vertex 138.88000000000002 3.548982873558998 44.84525755792856
      vertex 138.88000000000002 2.7999999970197678 43.28482295572758
    endloop
  endfacet
  facet normal 1 0 0
    outer loop
      vertex 138.88000000000002 4.799999997019768 3
      vertex 138.88000000000002 30.447346039116383 3
      vertex 138.88000000000002 30.80693806707859 39.01171997189522
    endloop
  endfacet
  facet normal 1 0 0
    outer loop
      vertex 138.88000000000002 30.447346039116383 3
      vertex 138.88000000000002 30.837526686489582 3.0384294390678406
      vertex 138.88000000000002 30.80693806707859 39.01171997189522
    endloop
  endfacet
  facet normal 1 0 0
    outer loop
      vertex 138.88000000000002 30.837526686489582 3.0384294390678406
      vertex 138.88000000000002 31.131386324763298 3.1206147596240044
      vertex 138.88000000000002 30.80693806707859 39.01171997189522
    endloop
  endfacet
  facet normal 1 0 0
    outer loop
      vertex 138.88000000000002 2.7999999970197678 5
      vertex 138.88000000000002 30.804101273417473 39.02278860658407
      vertex 138.88000000000002 30.799999997019768 39.07639529556036
    endloop
  endfacet
  facet normal 1 0 0
    outer loop
      vertex 138.88000000000002 2.7999999970197678 5
      vertex 138.88000000000002 30.80693806707859 39.01171997189522
      vertex 138.88000000000002 30.804101273417473 39.02278860658407
    endloop
  endfacet
  facet normal 1 0 0
    outer loop
      vertex 138.88000000000002 31.131386324763298 3.1206147596240044
      vertex 138.88000000000002 60.8686136752367 13.944080360233784
      vertex 138.88000000000002 30.80693806707859 39.01171997189522
    endloop
  endfacet
  facet normal 1 0 0
    outer loop
      vertex 138.88000000000002 30.80693806707859 39.01171997189522
      vertex 138.88000000000002 60.8686136752367 13.944080360233784
      vertex 138.88000000000002 30.89232823997736 39.033604726195335
    endloop
  endfacet
  facet normal 0 0.47139673713269076 0.8819212641844241
    outer loop
      vertex 138.88000000000002 3.6888595297932625 3.337060771882534
      vertex 181.84000000000003 3.6888595297932625 3.337060771882534
      vertex 138.88000000000002 4.034633129835129 3.1522409319877625
    endloop
  endfacet
  facet normal 0 0.7730104435344091 0.6343932961394977
    outer loop
      vertex 138.88000000000002 3.137060768902302 3.8888595327734947
      vertex 181.84000000000003 3.137060768902302 3.8888595327734947
      vertex 138.88000000000002 3.385786436498165 3.5857864394783974
    endloop
  endfacet
  facet normal 0 0.8819212641844241 0.47139673713269076
    outer loop
      vertex 138.88000000000002 2.95224092900753 4.234633132815361
      vertex 181.84000000000003 2.95224092900753 4.234633132815361
      vertex 138.88000000000002 3.137060768902302 3.8888595327734947
    endloop
  endfacet
  facet normal 0 0.6343932961394977 0.7730104435344091
    outer loop
      vertex 138.88000000000002 3.385786436498165 3.5857864394783974
      vertex 181.84000000000003 3.385786436498165 3.5857864394783974
      vertex 138.88000000000002 3.6888595297932625 3.337060771882534
    endloop
  endfacet
  facet normal 0 0.29028467119332607 0.9569403375708344
    outer loop
      vertex 138.88000000000002 4.034633129835129 3.1522409319877625
      vertex 181.84000000000003 4.034633129835129 3.1522409319877625
      vertex 138.88000000000002 4.409819349646568 3.0384294390678406
    endloop
  endfacet
  facet normal 0 0.09801713918082348 0.9951847267853376
    outer loop
      vertex 138.88000000000002 4.409819349646568 3.0384294390678406
      vertex 181.84000000000003 4.409819349646568 3.0384294390678406
      vertex 138.88000000000002 4.799999997019768 3
    endloop
  endfacet
  facet normal 0 0.9569403375708344 0.29028467119332607
    outer loop
      vertex 138.88000000000002 2.95224092900753 4.234633132815361
      vertex 138.88000000000002 2.8384294360876083 4.6098193526268005
      vertex 181.84000000000003 2.8384294360876083 4.6098193526268005
    endloop
  endfacet
  facet normal 0 0.9951847267853376 0.09801713918082348
    outer loop
      vertex 138.88000000000002 2.8384294360876083 4.6098193526268005
      vertex 138.88000000000002 2.7999999970197678 5
      vertex 181.84000000000003 2.7999999970197678 5
    endloop
  endfacet
  facet normal 0 0 1
    outer loop
      vertex 138.88000000000002 4.799999997019768 3
      vertex 181.84000000000003 4.799999997019768 3
      vertex 138.88000000000002 30.447346039116383 3
    endloop
  endfacet
  facet normal 0 0.47139673713269076 0.8819212641844241
    outer loop
      vertex 138.88000000000002 4.034633129835129 3.1522409319877625
      vertex 181.84000000000003 3.6888595297932625 3.337060771882534
      vertex 181.84000000000003 4.034633129835129 3.1522409319877625
    endloop
  endfacet
  facet normal 0 0.7730104435344091 0.6343932961394977
    outer loop
      vertex 138.88000000000002 3.385786436498165 3.5857864394783974
      vertex 181.84000000000003 3.137060768902302 3.8888595327734947
      vertex 181.84000000000003 3.385786436498165 3.5857864394783974
    endloop
  endfacet
  facet normal 0 0.9569403375708344 0.29028467119332607
    outer loop
      vertex 138.88000000000002 2.95224092900753 4.234633132815361
      vertex 181.84000000000003 2.8384294360876083 4.6098193526268005
      vertex 181.84000000000003 2.95224092900753 4.234633132815361
    endloop
  endfacet
  facet normal 0 0.8819212641844241 0.47139673713269076
    outer loop
      vertex 138.88000000000002 3.137060768902302 3.8888595327734947
      vertex 181.84000000000003 2.95224092900753 4.234633132815361
      vertex 181.84000000000003 3.137060768902302 3.8888595327734947
    endloop
  endfacet
  facet normal 0 0.6343932961394977 0.7730104435344091
    outer loop
      vertex 138.88000000000002 3.6888595297932625 3.337060771882534
      vertex 181.84000000000003 3.385786436498165 3.5857864394783974
      vertex 181.84000000000003 3.6888595297932625 3.337060771882534
    endloop
  endfacet
  facet normal 0 0.29028467119332607 0.9569403375708344
    outer loop
      vertex 138.88000000000002 4.409819349646568 3.0384294390678406
      vertex 181.84000000000003 4.034633129835129 3.1522409319877625
      vertex 181.84000000000003 4.409819349646568 3.0384294390678406
    endloop
  endfacet
  facet normal 0 0.09801713918082348 0.9951847267853376
    outer loop
      vertex 138.88000000000002 4.799999997019768 3
      vertex 181.84000000000003 4.409819349646568 3.0384294390678406
      vertex 181.84000000000003 4.799999997019768 3
    endloop
  endfacet
  facet normal 0 0.9951847267853376 0.09801713918082348
    outer loop
      vertex 138.88000000000002 2.8384294360876083 4.6098193526268005
      vertex 181.84000000000003 2.7999999970197678 5
      vertex 181.84000000000003 2.8384294360876083 4.6098193526268005
    endloop
  endfacet
  facet normal 0 1 0
    outer loop
      vertex 138.88000000000002 2.7999999970197678 5
      vertex 138.88000000000002 2.7999999970197678 43.28482295572758
      vertex 181.84000000000003 2.7999999970197678 43.28482295572758
    endloop
  endfacet
  facet normal 0 1 0
    outer loop
      vertex 138.88000000000002 2.7999999970197678 5
      vertex 181.84000000000003 2.7999999970197678 43.28482295572758
      vertex 181.84000000000003 2.7999999970197678 5
    endloop
  endfacet
  facet normal 0 -0.269340061663826 0.9630451345512974
    outer loop
      vertex 138.88000000000002 30.837526686489582 3.0384294390678406
      vertex 159.15999999642372 31.131386324763298 3.1206147596240044
      vertex 138.88000000000002 31.131386324763298 3.1206147596240044
    endloop
  endfacet
  facet normal 0 -0.09801713918081956 0.9951847267853381
    outer loop
      vertex 138.88000000000002 30.837526686489582 3.0384294390678406
      vertex 159.15999999642372 30.799999997019768 3.0347333828023473
      vertex 159.15999999642372 30.837526686489582 3.0384294390678406
    endloop
  endfacet
  facet normal 0 -0.269340061663826 0.9630451345512974
    outer loop
      vertex 138.88000000000002 30.837526686489582 3.0384294390678406
      vertex 159.15999999642372 30.837526686489582 3.0384294390678406
      vertex 159.15999999642372 31.131386324763298 3.1206147596240044
    endloop
  endfacet
  facet normal 0 -0.09801713918082348 0.9951847267853376
    outer loop
      vertex 138.88000000000002 30.447346039116383 3
      vertex 181.84000000000003 30.447346039116383 3
      vertex 138.88000000000002 30.837526686489582 3.0384294390678406
    endloop
  endfacet
  facet normal 0 -0.3420201431981684 0.9396926208323149
    outer loop
      vertex 138.88000000000002 31.131386324763298 3.1206147596240044
      vertex 159.15999999642372 31.131386324763298 3.1206147596240044
      vertex 159.15999999642372 45.99997429998648 8.532338205888953
    endloop
  endfacet
  facet normal -9.247360006014997e-18 -0.0980171391808245 0.9951847267853375
    outer loop
      vertex 138.88000000000002 30.837526686489582 3.0384294390678406
      vertex 181.84000000000003 30.447346039116383 3
      vertex 159.15999999642372 30.799999997019768 3.0347333828023473
    endloop
  endfacet
  facet normal 0 0 1
    outer loop
      vertex 138.88000000000002 30.447346039116383 3
      vertex 181.84000000000003 4.799999997019768 3
      vertex 181.84000000000003 30.447346039116383 3
    endloop
  endfacet
  facet normal 0 -0.09801713918082391 0.9951847267853375
    outer loop
      vertex 159.15999999642372 30.799999997019768 3.0347333828023473
      vertex 181.84000000000003 30.447346039116383 3
      vertex 161.5600000023842 30.799999997019768 3.0347333828023473
    endloop
  endfacet
  facet normal 0 -0.09801713918081957 0.995184726785338
    outer loop
      vertex 161.5600000023842 30.837526686489582 3.0384294390678406
      vertex 161.5600000023842 30.799999997019768 3.0347333828023473
      vertex 181.84000000000003 30.837526686489582 3.0384294390678406
    endloop
  endfacet
  facet normal 0 -0.269340061663826 0.9630451345512974
    outer loop
      vertex 161.5600000023842 30.837526686489582 3.0384294390678406
      vertex 181.84000000000003 31.131386324763298 3.1206147596240044
      vertex 161.5600000023842 31.131386324763298 3.1206147596240044
    endloop
  endfacet
  facet normal 1 0 0
    outer loop
      vertex 138.88000000000002 2.7999999970197678 43.28482295572758
      vertex 138.88000000000002 3.548982873558998 44.84525755792856
      vertex 138.88000000000002 2.8120034113526344 43.5036141499877
    endloop
  endfacet
  facet normal 1 0 0
    outer loop
      vertex 138.88000000000002 2.8120034113526344 43.5036141499877
      vertex 138.88000000000002 3.548982873558998 44.84525755792856
      vertex 138.88000000000002 2.892886258661747 43.887249037623405
    endloop
  endfacet
  facet normal 1 0 0
    outer loop
      vertex 138.88000000000002 2.892886258661747 43.887249037623405
      vertex 138.88000000000002 3.548982873558998 44.84525755792856
      vertex 138.88000000000002 3.0470584109425545 44.247733019292355
    endloop
  endfacet
  facet normal 1 0 0
    outer loop
      vertex 138.88000000000002 3.0470584109425545 44.247733019292355
      vertex 138.88000000000002 3.548982873558998 44.84525755792856
      vertex 138.88000000000002 3.2685951218008995 44.57121291011572
    endloop
  endfacet
  facet normal 1 0 0
    outer loop
      vertex 138.88000000000002 2.7999999970197678 5
      vertex 138.88000000000002 27.54898288553966 64.08631447835558
      vertex 138.88000000000002 3.548982873558998 44.84525755792856
    endloop
  endfacet
  facet normal 1 0 0
    outer loop
      vertex 138.88000000000002 2.7999999970197678 5
      vertex 138.88000000000002 30.647759065032005 63.291246734559536
      vertex 138.88000000000002 30.462939225137234 63.6370203346014
    endloop
  endfacet
  facet normal 1 0 0
    outer loop
      vertex 138.88000000000002 2.7999999970197678 5
      vertex 138.88000000000002 27.688859529793262 64.18881909549236
      vertex 138.88000000000002 27.54898288553966 64.08631447835558
    endloop
  endfacet
  facet normal 1 0 0
    outer loop
      vertex 138.88000000000002 2.7999999970197678 5
      vertex 138.88000000000002 28.03463312983513 64.37363893538713
      vertex 138.88000000000002 27.688859529793262 64.18881909549236
    endloop
  endfacet
  facet normal 1 0 0
    outer loop
      vertex 138.88000000000002 2.7999999970197678 5
      vertex 138.88000000000002 28.40981934964657 64.48745042830706
      vertex 138.88000000000002 28.03463312983513 64.37363893538713
    endloop
  endfacet
  facet normal 1 0 0
    outer loop
      vertex 138.88000000000002 2.7999999970197678 5
      vertex 138.88000000000002 28.799999997019768 64.5258798673749
      vertex 138.88000000000002 28.40981934964657 64.48745042830706
    endloop
  endfacet
  facet normal 1 0 0
    outer loop
      vertex 138.88000000000002 2.7999999970197678 5
      vertex 138.88000000000002 29.190180644392967 64.48745042830706
      vertex 138.88000000000002 28.799999997019768 64.5258798673749
    endloop
  endfacet
  facet normal 1 0 0
    outer loop
      vertex 138.88000000000002 2.7999999970197678 5
      vertex 138.88000000000002 29.565366864204407 64.37363893538713
      vertex 138.88000000000002 29.190180644392967 64.48745042830706
    endloop
  endfacet
  facet normal 1 0 0
    outer loop
      vertex 138.88000000000002 2.7999999970197678 5
      vertex 138.88000000000002 29.911140464246273 64.18881909549236
      vertex 138.88000000000002 29.565366864204407 64.37363893538713
    endloop
  endfacet
  facet normal 1 0 0
    outer loop
      vertex 138.88000000000002 2.7999999970197678 5
      vertex 138.88000000000002 30.21421355754137 63.9400934278965
      vertex 138.88000000000002 29.911140464246273 64.18881909549236
    endloop
  endfacet
  facet normal 1 0 0
    outer loop
      vertex 138.88000000000002 2.7999999970197678 5
      vertex 138.88000000000002 30.462939225137234 63.6370203346014
      vertex 138.88000000000002 30.21421355754137 63.9400934278965
    endloop
  endfacet
  facet normal 1 0 0
    outer loop
      vertex 138.88000000000002 3.548982873558998 44.84525755792856
      vertex 138.88000000000002 27.54898288553966 64.08631447835558
      vertex 138.88000000000002 20.564816440721383 58.48703347729899
    endloop
  endfacet
  facet normal 1 0 0
    outer loop
      vertex 138.88000000000002 2.7999999970197678 5
      vertex 138.88000000000002 30.799999997019768 39.07639529556036
      vertex 138.88000000000002 30.799999997019768 62.5258798673749
    endloop
  endfacet
  facet normal 1 0 0
    outer loop
      vertex 138.88000000000002 2.7999999970197678 5
      vertex 138.88000000000002 30.799999997019768 62.5258798673749
      vertex 138.88000000000002 30.761570557951927 62.9160605147481
    endloop
  endfacet
  facet normal 1 0 0
    outer loop
      vertex 138.88000000000002 2.7999999970197678 5
      vertex 138.88000000000002 30.761570557951927 62.9160605147481
      vertex 138.88000000000002 30.647759065032005 63.291246734559536
    endloop
  endfacet
  facet normal 0 -1 0
    outer loop
      vertex 138.88000000000002 30.799999997019768 39.07639529556036
      vertex 144.35999999999999 30.799999997019768 62.5258798673749
      vertex 138.88000000000002 30.799999997019768 62.5258798673749
    endloop
  endfacet
  facet normal 0 -0.9569403375708344 -0.290284671193326
    outer loop
      vertex 138.88000000000002 30.647759065032005 63.291246734559536
      vertex 138.88000000000002 30.761570557951927 62.9160605147481
      vertex 144.35999999999999 30.647759065032005 63.291246734559536
    endloop
  endfacet
  facet normal 0 -0.7730104435344088 -0.6343932961394976
    outer loop
      vertex 138.88000000000002 30.462939225137234 63.6370203346014
      vertex 144.35999999999999 30.21421355754137 63.9400934278965
      vertex 138.88000000000002 30.21421355754137 63.9400934278965
    endloop
  endfacet
  facet normal 0 -0.8819212641844242 -0.4713967371326908
    outer loop
      vertex 138.88000000000002 30.647759065032005 63.291246734559536
      vertex 144.35999999999999 30.462939225137234 63.6370203346014
      vertex 138.88000000000002 30.462939225137234 63.6370203346014
    endloop
  endfacet
  facet normal 0 -0.9951847267853376 -0.09801713918082348
    outer loop
      vertex 138.88000000000002 30.799999997019768 62.5258798673749
      vertex 144.35999999999999 30.761570557951927 62.9160605147481
      vertex 138.88000000000002 30.761570557951927 62.9160605147481
    endloop
  endfacet
  facet normal -2.5836736465701257e-17 -0.6343932961394976 -0.7730104435344088
    outer loop
      vertex 138.88000000000002 29.911140464246273 64.18881909549236
      vertex 138.88000000000002 30.21421355754137 63.9400934278965
      vertex 144.35999999999999 30.2 63.95175819348144
    endloop
  endfacet
  facet normal 0 0.9984984462299653 -0.05478004085746
    outer loop
      vertex 138.88000000000002 2.7999999970197678 43.28482295572758
      vertex 138.88000000000002 2.8120034113526344 43.5036141499877
      vertex 181.84000000000003 2.8120034113526344 43.5036141499877
    endloop
  endfacet
  facet normal 0 0.9784892719391062 -0.20629770890651652
    outer loop
      vertex 138.88000000000002 2.8120034113526344 43.5036141499877
      vertex 138.88000000000002 2.892886258661747 43.887249037623405
      vertex 181.84000000000003 2.892886258661747 43.887249037623405
    endloop
  endfacet
  facet normal 0 0.9194411921313657 -0.3932275349108367
    outer loop
      vertex 138.88000000000002 2.892886258661747 43.887249037623405
      vertex 138.88000000000002 3.0470584109425545 44.247733019292355
      vertex 181.84000000000003 3.0470584109425545 44.247733019292355
    endloop
  endfacet
  facet normal 0 0.8250595065014482 -0.5650458483447042
    outer loop
      vertex 138.88000000000002 3.0470584109425545 44.247733019292355
      vertex 138.88000000000002 3.2685951218008995 44.57121291011572
      vertex 181.84000000000003 3.2685951218008995 44.57121291011572
    endloop
  endfacet
  facet normal 0 0.6989712302385408 -0.7151497880156441
    outer loop
      vertex 138.88000000000002 3.2685951218008995 44.57121291011572
      vertex 138.88000000000002 3.548982873558998 44.84525755792856
      vertex 181.84000000000003 3.548982873558998 44.84525755792856
    endloop
  endfacet
  facet normal 0 0.6255085627533582 -0.7802173017321701
    outer loop
      vertex 138.88000000000002 3.548982873558998 44.84525755792856
      vertex 138.88000000000002 20.564816440721383 58.48703347729899
      vertex 181.84000000000003 3.548982873558998 44.84525755792856
    endloop
  endfacet
  facet normal 0 0.9984984462299653 -0.05478004085746
    outer loop
      vertex 138.88000000000002 2.7999999970197678 43.28482295572758
      vertex 181.84000000000003 2.8120034113526344 43.5036141499877
      vertex 181.84000000000003 2.7999999970197678 43.28482295572758
    endloop
  endfacet
  facet normal 0 0.9784892719391062 -0.20629770890651652
    outer loop
      vertex 138.88000000000002 2.8120034113526344 43.5036141499877
      vertex 181.84000000000003 2.892886258661747 43.887249037623405
      vertex 181.84000000000003 2.8120034113526344 43.5036141499877
    endloop
  endfacet
  facet normal 0 0.9194411921313657 -0.3932275349108367
    outer loop
      vertex 138.88000000000002 2.892886258661747 43.887249037623405
      vertex 181.84000000000003 3.0470584109425545 44.247733019292355
      vertex 181.84000000000003 2.892886258661747 43.887249037623405
    endloop
  endfacet
  facet normal 0 0.8250595065014482 -0.5650458483447042
    outer loop
      vertex 138.88000000000002 3.0470584109425545 44.247733019292355
      vertex 181.84000000000003 3.2685951218008995 44.57121291011572
      vertex 181.84000000000003 3.0470584109425545 44.247733019292355
    endloop
  endfacet
  facet normal 0 0.6989712302385408 -0.7151497880156441
    outer loop
      vertex 138.88000000000002 3.2685951218008995 44.57121291011572
      vertex 181.84000000000003 3.548982873558998 44.84525755792856
      vertex 181.84000000000003 3.2685951218008995 44.57121291011572
    endloop
  endfacet
  facet normal 0 0.6255085627533582 -0.7802173017321701
    outer loop
      vertex 138.88000000000002 20.564816440721383 58.48703347729899
      vertex 181.84000000000003 20.564816440721383 58.48703347729899
      vertex 181.84000000000003 3.548982873558998 44.84525755792856
    endloop
  endfacet
  facet normal 0 -0.9686916073662104 -0.24826713398729935
    outer loop
      vertex 138.88000000000002 30.80693806707859 39.01171997189522
      vertex 159.15999999642372 30.804101273417473 39.02278860658407
      vertex 138.88000000000002 30.804101273417473 39.02278860658407
    endloop
  endfacet
  facet normal 0 -0.9970861400717314 -0.07628387298017802
    outer loop
      vertex 138.88000000000002 30.804101273417473 39.02278860658407
      vertex 159.15999999642372 30.799999997019768 39.07639529556036
      vertex 138.88000000000002 30.799999997019768 39.07639529556036
    endloop
  endfacet
  facet normal 0 0.24826718149920501 -0.9686915951893259
    outer loop
      vertex 138.88000000000002 30.80693806707859 39.01171997189522
      vertex 138.88000000000002 30.89232823997736 39.033604726195335
      vertex 159.15999999642372 30.80693806707859 39.01171997189522
    endloop
  endfacet
  facet normal 0 -0.9686916073662104 -0.24826713398729935
    outer loop
      vertex 138.88000000000002 30.80693806707859 39.01171997189522
      vertex 159.15999999642372 30.80693806707859 39.01171997189522
      vertex 159.15999999642372 30.804101273417473 39.02278860658407
    endloop
  endfacet
  facet normal 0 -0.9970861400717314 -0.07628387298017802
    outer loop
      vertex 138.88000000000002 30.804101273417473 39.02278860658407
      vertex 159.15999999642372 30.804101273417473 39.02278860658407
      vertex 159.15999999642372 30.799999997019768 39.07639529556036
    endloop
  endfacet
  facet normal 0 0.24826718149920501 -0.9686915951893259
    outer loop
      vertex 138.88000000000002 30.89232823997736 39.033604726195335
      vertex 159.15999999642372 30.89232823997736 39.033604726195335
      vertex 159.15999999642372 30.80693806707859 39.01171997189522
    endloop
  endfacet
  facet normal 0 -1 0
    outer loop
      vertex 138.88000000000002 30.799999997019768 39.07639529556036
      vertex 159.15999999642372 30.799999997019768 39.07639529556036
      vertex 144.35999999999999 30.799999997019768 55.378692411729695
    endloop
  endfacet
  facet normal 0 -1 0
    outer loop
      vertex 138.88000000000002 30.799999997019768 39.07639529556036
      vertex 144.35999999999999 30.799999997019768 55.378692411729695
      vertex 144.35999999999999 30.799999997019768 62.5258798673749
    endloop
  endfacet
  facet normal 0 -1 0
    outer loop
      vertex 159.15999999642372 30.799999997019768 39.07639529556036
      vertex 161.5600000023842 30.799999997019768 39.07639529556036
      vertex 144.35999999999999 30.799999997019768 55.378692411729695
    endloop
  endfacet
  facet normal 0 0.34202014332795116 -0.9396926207850775
    outer loop
      vertex 138.88000000000002 30.89232823997736 39.033604726195335
      vertex 138.88000000000002 61.12821190804243 50.03856638818979
      vertex 159.15999999642372 30.89232823997736 39.033604726195335
    endloop
  endfacet
  facet normal 0 0.24826718149920501 -0.968691595189326
    outer loop
      vertex 161.5600000023842 30.80693806707859 39.01171997189522
      vertex 161.5600000023842 30.89232823997736 39.033604726195335
      vertex 181.84000000000003 30.80693806707859 39.01171997189522
    endloop
  endfacet
  facet normal 0 -0.9686916073662103 -0.24826713398729938
    outer loop
      vertex 161.5600000023842 30.80693806707859 39.01171997189522
      vertex 181.84000000000003 30.804101273417473 39.02278860658407
      vertex 161.5600000023842 30.804101273417473 39.02278860658407
    endloop
  endfacet
  facet normal 0 -0.9970861400717314 -0.07628387298017802
    outer loop
      vertex 161.5600000023842 30.804101273417473 39.02278860658407
      vertex 181.84000000000003 30.799999997019768 39.07639529556036
      vertex 161.5600000023842 30.799999997019768 39.07639529556036
    endloop
  endfacet
  facet normal 0 -1 0
    outer loop
      vertex 161.5600000023842 30.799999997019768 39.07639529556036
      vertex 181.84000000000003 30.799999997019768 39.07639529556036
      vertex 144.35999999999999 30.799999997019768 55.378692411729695
    endloop
  endfacet
  facet normal 0 -1 0
    outer loop
      vertex 181.84000000000003 30.799999997019768 39.07639529556036
      vertex 176.35999999999999 30.799999997019768 55.378692411729695
      vertex 144.35999999999999 30.799999997019768 55.378692411729695
    endloop
  endfacet
  facet normal 0 0.3420201433279512 -0.9396926207850776
    outer loop
      vertex 161.5600000023842 30.89232823997736 39.033604726195335
      vertex 161.5600000023842 49.20000000298023 45.69705230669459
      vertex 181.84000000000003 30.89232823997736 39.033604726195335
    endloop
  endfacet
  facet normal 0 -0.8819212641844242 -0.4713967371326908
    outer loop
      vertex 138.88000000000002 30.647759065032005 63.291246734559536
      vertex 144.35999999999999 30.647759065032005 63.291246734559536
      vertex 144.35999999999999 30.462939225137234 63.6370203346014
    endloop
  endfacet
  facet normal 0 -0.7730104435344088 -0.6343932961394976
    outer loop
      vertex 138.88000000000002 30.462939225137234 63.6370203346014
      vertex 144.35999999999999 30.462939225137234 63.6370203346014
      vertex 144.35999999999999 30.21421355754137 63.9400934278965
    endloop
  endfacet
  facet normal 0 -0.9951847267853376 -0.09801713918082348
    outer loop
      vertex 138.88000000000002 30.799999997019768 62.5258798673749
      vertex 144.35999999999999 30.799999997019768 62.5258798673749
      vertex 144.35999999999999 30.761570557951927 62.9160605147481
    endloop
  endfacet
  facet normal 0 -0.9569403375708344 -0.290284671193326
    outer loop
      vertex 138.88000000000002 30.761570557951927 62.9160605147481
      vertex 144.35999999999999 30.761570557951927 62.9160605147481
      vertex 144.35999999999999 30.647759065032005 63.291246734559536
    endloop
  endfacet
  facet normal 0 -0.6343932961394922 -0.7730104435344134
    outer loop
      vertex 138.88000000000002 30.21421355754137 63.9400934278965
      vertex 144.35999999999999 30.21421355754137 63.9400934278965
      vertex 144.35999999999999 30.2 63.95175819348144
    endloop
  endfacet
  facet normal 0 0.5910951801371219 -0.8066018150355623
    outer loop
      vertex 138.88000000000002 27.54898288553966 64.08631447835558
      vertex 138.88000000000002 27.688859529793262 64.18881909549236
      vertex 181.84000000000003 27.54898288553966 64.08631447835558
    endloop
  endfacet
  facet normal 0 0.47139673713269076 -0.8819212641844241
    outer loop
      vertex 138.88000000000002 27.688859529793262 64.18881909549236
      vertex 138.88000000000002 28.03463312983513 64.37363893538713
      vertex 181.84000000000003 28.03463312983513 64.37363893538713
    endloop
  endfacet
  facet normal 0 0.29028467119332607 -0.9569403375708344
    outer loop
      vertex 138.88000000000002 28.03463312983513 64.37363893538713
      vertex 138.88000000000002 28.40981934964657 64.48745042830706
      vertex 181.84000000000003 28.40981934964657 64.48745042830706
    endloop
  endfacet
  facet normal 0 0.09801713918082348 -0.9951847267853376
    outer loop
      vertex 138.88000000000002 28.40981934964657 64.48745042830706
      vertex 138.88000000000002 28.799999997019768 64.5258798673749
      vertex 181.84000000000003 28.799999997019768 64.5258798673749
    endloop
  endfacet
  facet normal 0 -0.09801713918082348 -0.9951847267853376
    outer loop
      vertex 138.88000000000002 28.799999997019768 64.5258798673749
      vertex 138.88000000000002 29.190180644392967 64.48745042830706
      vertex 181.84000000000003 29.190180644392967 64.48745042830706
    endloop
  endfacet
  facet normal 0 -0.29028467119332607 -0.9569403375708344
    outer loop
      vertex 138.88000000000002 29.190180644392967 64.48745042830706
      vertex 138.88000000000002 29.565366864204407 64.37363893538713
      vertex 181.84000000000003 29.565366864204407 64.37363893538713
    endloop
  endfacet
  facet normal 0 -0.47139673713269076 -0.8819212641844241
    outer loop
      vertex 138.88000000000002 29.565366864204407 64.37363893538713
      vertex 138.88000000000002 29.911140464246273 64.18881909549236
      vertex 181.84000000000003 29.911140464246273 64.18881909549236
    endloop
  endfacet
  facet normal 0 -0.634393296139498 -0.7730104435344087
    outer loop
      vertex 138.88000000000002 29.911140464246273 64.18881909549236
      vertex 144.35999999999999 30.2 63.95175819348144
      vertex 176.35999999999999 30.2 63.95175819348144
    endloop
  endfacet
  facet normal 0 0.5910951801371219 -0.8066018150355623
    outer loop
      vertex 138.88000000000002 27.688859529793262 64.18881909549236
      vertex 181.84000000000003 27.688859529793262 64.18881909549236
      vertex 181.84000000000003 27.54898288553966 64.08631447835558
    endloop
  endfacet
  facet normal 0 0.47139673713269076 -0.8819212641844241
    outer loop
      vertex 138.88000000000002 27.688859529793262 64.18881909549236
      vertex 181.84000000000003 28.03463312983513 64.37363893538713
      vertex 181.84000000000003 27.688859529793262 64.18881909549236
    endloop
  endfacet
  facet normal 0 0.29028467119332607 -0.9569403375708344
    outer loop
      vertex 138.88000000000002 28.03463312983513 64.37363893538713
      vertex 181.84000000000003 28.40981934964657 64.48745042830706
      vertex 181.84000000000003 28.03463312983513 64.37363893538713
    endloop
  endfacet
  facet normal 0 0.09801713918082348 -0.9951847267853376
    outer loop
      vertex 138.88000000000002 28.40981934964657 64.48745042830706
      vertex 181.84000000000003 28.799999997019768 64.5258798673749
      vertex 181.84000000000003 28.40981934964657 64.48745042830706
    endloop
  endfacet
  facet normal 0 -0.09801713918082348 -0.9951847267853376
    outer loop
      vertex 138.88000000000002 28.799999997019768 64.5258798673749
      vertex 181.84000000000003 29.190180644392967 64.48745042830706
      vertex 181.84000000000003 28.799999997019768 64.5258798673749
    endloop
  endfacet
  facet normal 0 -0.29028467119332607 -0.9569403375708344
    outer loop
      vertex 138.88000000000002 29.190180644392967 64.48745042830706
      vertex 181.84000000000003 29.565366864204407 64.37363893538713
      vertex 181.84000000000003 29.190180644392967 64.48745042830706
    endloop
  endfacet
  facet normal 4.0858534030561517e-17 -0.6343932961395014 -0.7730104435344061
    outer loop
      vertex 138.88000000000002 29.911140464246273 64.18881909549236
      vertex 176.35999999999999 30.2 63.95175819348144
      vertex 181.84000000000003 30.21421355754137 63.9400934278965
    endloop
  endfacet
  facet normal 0 -0.47139673713269076 -0.8819212641844241
    outer loop
      vertex 138.88000000000002 29.565366864204407 64.37363893538713
      vertex 181.84000000000003 29.911140464246273 64.18881909549236
      vertex 181.84000000000003 29.565366864204407 64.37363893538713
    endloop
  endfacet
  facet normal 0 -0.6343932961394977 -0.7730104435344091
    outer loop
      vertex 138.88000000000002 29.911140464246273 64.18881909549236
      vertex 181.84000000000003 30.21421355754137 63.9400934278965
      vertex 181.84000000000003 29.911140464246273 64.18881909549236
    endloop
  endfacet
  facet normal 1 0 0
    outer loop
      vertex 138.88000000000002 30.89232823997736 39.033604726195335
      vertex 138.88000000000002 60.8686136752367 13.944080360233784
      vertex 138.88000000000002 61.12821190804243 50.03856638818979
    endloop
  endfacet
  facet normal 8.857223088796736e-17 -0.34202014319816854 0.9396926208323148
    outer loop
      vertex 138.88000000000002 31.131386324763298 3.1206147596240044
      vertex 159.15999999642372 45.99997429998648 8.532338205888953
      vertex 138.88000000000002 60.8686136752367 13.944080360233784
    endloop
  endfacet
  facet normal -2.245235123787785e-15 -0.34202014319817026 0.9396926208323141
    outer loop
      vertex 138.88000000000002 60.8686136752367 13.944080360233784
      vertex 159.15999999642372 45.99997429998648 8.532338205888953
      vertex 160.36001392197875 45.99999036310414 8.532344052385652
    endloop
  endfacet
  facet normal 3.442837767157352e-15 -0.34202014319816565 0.9396926208323158
    outer loop
      vertex 138.88000000000002 60.8686136752367 13.944080360233784
      vertex 160.36001392197875 45.99999036310414 8.532344052385652
      vertex 161.1426079929213 45.999994604008776 8.532345595948703
    endloop
  endfacet
  facet normal 0 -0.34202014319816737 0.9396926208323151
    outer loop
      vertex 138.88000000000002 60.8686136752367 13.944080360233784
      vertex 161.1426079929213 45.999994604008776 8.532345595948703
      vertex 161.5600000023842 45.9999478909402 8.532328593782196
    endloop
  endfacet
  facet normal 4.5989551283095555e-18 -0.43247920129175693 0.901643910005521
    outer loop
      vertex 138.88000000000002 60.8686136752367 13.944080360233784
      vertex 160.3268613668293 60.86861367805661 13.944080361586371
      vertex 138.88000000000002 61.22211990505457 14.113641858100891
    endloop
  endfacet
  facet normal 0 -0.4324791728564604 0.9016439236446901
    outer loop
      vertex 138.88000000000002 60.8686136752367 13.944080360233784
      vertex 160.39313863197862 60.86861367805661 13.944080361586371
      vertex 160.3268613668293 60.86861367805661 13.944080361586371
    endloop
  endfacet
  facet normal -3.4769259989785804e-17 -0.4324792012917589 0.90164391000552
    outer loop
      vertex 138.88000000000002 61.22211990505457 14.113641858100891
      vertex 160.3268613668293 60.86861367805661 13.944080361586371
      vertex 160.35999999940395 61.20000000298023 14.103031907237138
    endloop
  endfacet
  facet normal 0 -0.5824777059465526 0.8128466780858746
    outer loop
      vertex 138.88000000000002 61.22211990505457 14.113641858100891
      vertex 181.84000000000003 61.22211990505457 14.113641858100891
      vertex 138.88000000000002 61.47014860808849 14.29137671738863
    endloop
  endfacet
  facet normal -1.771450825943292e-16 -0.3420201431981683 0.9396926208323146
    outer loop
      vertex 161.5600000023842 31.131386324763298 3.1206147596240044
      vertex 181.84000000000003 60.8686136752367 13.944080360233784
      vertex 161.5600000023842 45.9999478909402 8.532328593782196
    endloop
  endfacet
  facet normal 0 -0.3420201431981686 0.9396926208323146
    outer loop
      vertex 138.88000000000002 60.8686136752367 13.944080360233784
      vertex 161.5600000023842 45.9999478909402 8.532328593782196
      vertex 181.84000000000003 60.8686136752367 13.944080360233784
    endloop
  endfacet
  facet normal 0 -0.43247917285645515 0.9016439236446928
    outer loop
      vertex 138.88000000000002 60.8686136752367 13.944080360233784
      vertex 181.84000000000003 60.8686136752367 13.944080360233784
      vertex 160.39313863197862 60.86861367805661 13.944080361586371
    endloop
  endfacet
  facet normal 0 -0.43247920129173145 0.9016439100055331
    outer loop
      vertex 138.88000000000002 61.22211990505457 14.113641858100891
      vertex 160.35999999940395 61.20000000298023 14.103031907237138
      vertex 181.84000000000003 61.22211990505457 14.113641858100891
    endloop
  endfacet
  facet normal 3.4274910319782515e-17 -0.4324792012917589 0.90164391000552
    outer loop
      vertex 160.39313863197862 60.86861367805661 13.944080361586371
      vertex 181.84000000000003 61.22211990505457 14.113641858100891
      vertex 160.35999999940395 61.20000000298023 14.103031907237138
    endloop
  endfacet
  facet normal 0 -0.5824777059465526 0.8128466780858746
    outer loop
      vertex 138.88000000000002 61.47014860808849 14.29137671738863
      vertex 181.84000000000003 61.22211990505457 14.113641858100891
      vertex 181.84000000000003 61.47014860808849 14.29137671738863
    endloop
  endfacet
  facet normal 1 0 0
    outer loop
      vertex 138.88000000000002 60.8686136752367 13.944080360233784
      vertex 138.88000000000002 61.17718295753002 50.060754880309105
      vertex 138.88000000000002 61.12821190804243 50.03856638818979
    endloop
  endfacet
  facet normal 1 0 0
    outer loop
      vertex 138.88000000000002 60.8686136752367 13.944080360233784
      vertex 138.88000000000002 61.27526671439409 50.12785138934851
      vertex 138.88000000000002 61.17718295753002 50.060754880309105
    endloop
  endfacet
  facet normal -7.19341214114516e-17 0.3420201433279511 -0.9396926207850776
    outer loop
      vertex 159.15999999642372 30.89232823997736 39.033604726195335
      vertex 138.88000000000002 61.12821190804243 50.03856638818979
      vertex 159.15999999642372 49.20000000298023 45.69705230669459
    endloop
  endfacet
  facet normal 0 0.41270700304606855 -0.9108638370452151
    outer loop
      vertex 138.88000000000002 61.17718295753002 50.060754880309105
      vertex 160.35282118989235 61.12821190804243 50.03856638818979
      vertex 138.88000000000002 61.12821190804243 50.03856638818979
    endloop
  endfacet
  facet normal 0 0.34202014332795133 -0.9396926207850775
    outer loop
      vertex 138.88000000000002 61.12821190804243 50.03856638818979
      vertex 160.35282118989235 61.12821190804243 50.03856638818979
      vertex 159.15999999642372 49.20000000298023 45.69705230669459
    endloop
  endfacet
  facet normal 0 0.41270700304606867 -0.9108638370452152
    outer loop
      vertex 138.88000000000002 61.17718295753002 50.060754880309105
      vertex 160.35771829485327 61.17718295753002 50.060754880309105
      vertex 160.35282118989235 61.12821190804243 50.03856638818979
    endloop
  endfacet
  facet normal 0 0.5646069381977501 -0.8253599247231247
    outer loop
      vertex 138.88000000000002 61.17718295753002 50.060754880309105
      vertex 160.35999999940395 61.20000000298023 50.076363418819966
      vertex 160.35771829485327 61.17718295753002 50.060754880309105
    endloop
  endfacet
  facet normal 0 0.5646069381976784 -0.8253599247231738
    outer loop
      vertex 138.88000000000002 61.17718295753002 50.060754880309105
      vertex 138.88000000000002 61.27526671439409 50.12785138934851
      vertex 181.84000000000003 61.27526671439409 50.12785138934851
    endloop
  endfacet
  facet normal 2.0905594987720123e-16 0.564606938197616 -0.8253599247232164
    outer loop
      vertex 138.88000000000002 61.17718295753002 50.060754880309105
      vertex 181.84000000000003 61.27526671439409 50.12785138934851
      vertex 160.35999999940395 61.20000000298023 50.076363418819966
    endloop
  endfacet
  facet normal 0 0.34202014332795133 -0.9396926207850775
    outer loop
      vertex 161.5600000023842 49.20000000298023 45.69705230669459
      vertex 160.36717880891555 61.12821190804243 50.03856638818979
      vertex 181.84000000000003 61.12821190804243 50.03856638818979
    endloop
  endfacet
  facet normal 0 0.41270700304606855 -0.9108638370452151
    outer loop
      vertex 160.36717880891555 61.12821190804243 50.03856638818979
      vertex 160.36228170395464 61.17718295753002 50.060754880309105
      vertex 181.84000000000003 61.17718295753002 50.060754880309105
    endloop
  endfacet
  facet normal -4.803897139581146e-16 0.56460693819775 -0.8253599247231247
    outer loop
      vertex 160.36228170395464 61.17718295753002 50.060754880309105
      vertex 160.35999999940395 61.20000000298023 50.076363418819966
      vertex 181.84000000000003 61.27526671439409 50.12785138934851
    endloop
  endfacet
  facet normal -1 0 0
    outer loop
      vertex 181.84000000000003 3.385786436498165 3.5857864394783974
      vertex 181.84000000000003 30.80693806707859 39.01171997189522
      vertex 181.84000000000003 3.6888595297932625 3.337060771882534
    endloop
  endfacet
  facet normal -1 0 0
    outer loop
      vertex 181.84000000000003 3.6888595297932625 3.337060771882534
      vertex 181.84000000000003 30.80693806707859 39.01171997189522
      vertex 181.84000000000003 4.034633129835129 3.1522409319877625
    endloop
  endfacet
  facet normal -1 0 0
    outer loop
      vertex 181.84000000000003 4.034633129835129 3.1522409319877625
      vertex 181.84000000000003 30.80693806707859 39.01171997189522
      vertex 181.84000000000003 4.409819349646568 3.0384294390678406
    endloop
  endfacet
  facet normal -1 0 0
    outer loop
      vertex 181.84000000000003 4.409819349646568 3.0384294390678406
      vertex 181.84000000000003 30.80693806707859 39.01171997189522
      vertex 181.84000000000003 4.799999997019768 3
    endloop
  endfacet
  facet normal -1 0 0
    outer loop
      vertex 181.84000000000003 2.95224092900753 4.234633132815361
      vertex 181.84000000000003 30.80693806707859 39.01171997189522
      vertex 181.84000000000003 3.137060768902302 3.8888595327734947
    endloop
  endfacet
  facet normal -1 0 0
    outer loop
      vertex 181.84000000000003 2.95224092900753 4.234633132815361
      vertex 181.84000000000003 2.8384294360876083 4.6098193526268005
      vertex 181.84000000000003 30.80693806707859 39.01171997189522
    endloop
  endfacet
  facet normal -1 0 0
    outer loop
      vertex 181.84000000000003 3.137060768902302 3.8888595327734947
      vertex 181.84000000000003 30.80693806707859 39.01171997189522
      vertex 181.84000000000003 3.385786436498165 3.5857864394783974
    endloop
  endfacet
  facet normal -1 0 0
    outer loop
      vertex 181.84000000000003 2.8384294360876083 4.6098193526268005
      vertex 181.84000000000003 2.7999999970197678 5
      vertex 181.84000000000003 30.80693806707859 39.01171997189522
    endloop
  endfacet
  facet normal -1 0 0
    outer loop
      vertex 181.84000000000003 2.7999999970197678 5
      vertex 181.84000000000003 2.7999999970197678 43.28482295572758
      vertex 181.84000000000003 3.548982873558998 44.84525755792856
    endloop
  endfacet
  facet normal 7.390598105804361e-18 -0.0980171391808235 0.9951847267853376
    outer loop
      vertex 161.5600000023842 30.799999997019768 3.0347333828023473
      vertex 181.84000000000003 30.447346039116383 3
      vertex 181.84000000000003 30.837526686489582 3.0384294390678406
    endloop
  endfacet
  facet normal 0 -0.269340061663826 0.9630451345512974
    outer loop
      vertex 161.5600000023842 30.837526686489582 3.0384294390678406
      vertex 181.84000000000003 30.837526686489582 3.0384294390678406
      vertex 181.84000000000003 31.131386324763298 3.1206147596240044
    endloop
  endfacet
  facet normal -1 0 0
    outer loop
      vertex 181.84000000000003 4.799999997019768 3
      vertex 181.84000000000003 30.80693806707859 39.01171997189522
      vertex 181.84000000000003 30.447346039116383 3
    endloop
  endfacet
  facet normal -1 0 0
    outer loop
      vertex 181.84000000000003 30.447346039116383 3
      vertex 181.84000000000003 30.80693806707859 39.01171997189522
      vertex 181.84000000000003 30.837526686489582 3.0384294390678406
    endloop
  endfacet
  facet normal -1 0 0
    outer loop
      vertex 181.84000000000003 30.837526686489582 3.0384294390678406
      vertex 181.84000000000003 30.80693806707859 39.01171997189522
      vertex 181.84000000000003 31.131386324763298 3.1206147596240044
    endloop
  endfacet
  facet normal 0 -0.3420201431981685 0.9396926208323148
    outer loop
      vertex 161.5600000023842 31.131386324763298 3.1206147596240044
      vertex 181.84000000000003 31.131386324763298 3.1206147596240044
      vertex 181.84000000000003 60.8686136752367 13.944080360233784
    endloop
  endfacet
  facet normal -1 0 0
    outer loop
      vertex 181.84000000000003 2.7999999970197678 5
      vertex 181.84000000000003 30.799999997019768 39.07639529556036
      vertex 181.84000000000003 30.804101273417473 39.02278860658407
    endloop
  endfacet
  facet normal -1 0 0
    outer loop
      vertex 181.84000000000003 2.7999999970197678 5
      vertex 181.84000000000003 30.804101273417473 39.02278860658407
      vertex 181.84000000000003 30.80693806707859 39.01171997189522
    endloop
  endfacet
  facet normal -1 0 0
    outer loop
      vertex 181.84000000000003 31.131386324763298 3.1206147596240044
      vertex 181.84000000000003 30.80693806707859 39.01171997189522
      vertex 181.84000000000003 60.8686136752367 13.944080360233784
    endloop
  endfacet
  facet normal -1 0 0
    outer loop
      vertex 181.84000000000003 30.80693806707859 39.01171997189522
      vertex 181.84000000000003 30.89232823997736 39.033604726195335
      vertex 181.84000000000003 60.8686136752367 13.944080360233784
    endloop
  endfacet
  facet normal -1 0 0
    outer loop
      vertex 181.84000000000003 2.7999999970197678 43.28482295572758
      vertex 181.84000000000003 2.8120034113526344 43.5036141499877
      vertex 181.84000000000003 3.548982873558998 44.84525755792856
    endloop
  endfacet
  facet normal -1 0 0
    outer loop
      vertex 181.84000000000003 2.7999999970197678 5
      vertex 181.84000000000003 3.548982873558998 44.84525755792856
      vertex 181.84000000000003 20.564816440721383 58.48703347729899
    endloop
  endfacet
  facet normal -1 0 0
    outer loop
      vertex 181.84000000000003 2.8120034113526344 43.5036141499877
      vertex 181.84000000000003 2.892886258661747 43.887249037623405
      vertex 181.84000000000003 3.548982873558998 44.84525755792856
    endloop
  endfacet
  facet normal -1 0 0
    outer loop
      vertex 181.84000000000003 2.892886258661747 43.887249037623405
      vertex 181.84000000000003 3.0470584109425545 44.247733019292355
      vertex 181.84000000000003 3.548982873558998 44.84525755792856
    endloop
  endfacet
  facet normal -1 0 0
    outer loop
      vertex 181.84000000000003 3.0470584109425545 44.247733019292355
      vertex 181.84000000000003 3.2685951218008995 44.57121291011572
      vertex 181.84000000000003 3.548982873558998 44.84525755792856
    endloop
  endfacet
  facet normal -1 0 0
    outer loop
      vertex 181.84000000000003 2.7999999970197678 5
      vertex 181.84000000000003 20.564816440721383 58.48703347729899
      vertex 181.84000000000003 27.688859529793262 64.18881909549236
    endloop
  endfacet
  facet normal -1 0 0
    outer loop
      vertex 181.84000000000003 2.7999999970197678 5
      vertex 181.84000000000003 30.462939225137234 63.6370203346014
      vertex 181.84000000000003 30.647759065032005 63.291246734559536
    endloop
  endfacet
  facet normal -1 0 0
    outer loop
      vertex 181.84000000000003 2.7999999970197678 5
      vertex 181.84000000000003 27.688859529793262 64.18881909549236
      vertex 181.84000000000003 28.03463312983513 64.37363893538713
    endloop
  endfacet
  facet normal -1 0 0
    outer loop
      vertex 181.84000000000003 2.7999999970197678 5
      vertex 181.84000000000003 28.03463312983513 64.37363893538713
      vertex 181.84000000000003 28.40981934964657 64.48745042830706
    endloop
  endfacet
  facet normal -1 0 0
    outer loop
      vertex 181.84000000000003 2.7999999970197678 5
      vertex 181.84000000000003 28.40981934964657 64.48745042830706
      vertex 181.84000000000003 28.799999997019768 64.5258798673749
    endloop
  endfacet
  facet normal -1 0 0
    outer loop
      vertex 181.84000000000003 2.7999999970197678 5
      vertex 181.84000000000003 28.799999997019768 64.5258798673749
      vertex 181.84000000000003 29.190180644392967 64.48745042830706
    endloop
  endfacet
  facet normal -1 0 0
    outer loop
      vertex 181.84000000000003 2.7999999970197678 5
      vertex 181.84000000000003 29.190180644392967 64.48745042830706
      vertex 181.84000000000003 29.565366864204407 64.37363893538713
    endloop
  endfacet
  facet normal -1 0 0
    outer loop
      vertex 181.84000000000003 2.7999999970197678 5
      vertex 181.84000000000003 29.565366864204407 64.37363893538713
      vertex 181.84000000000003 29.911140464246273 64.18881909549236
    endloop
  endfacet
  facet normal -1 0 0
    outer loop
      vertex 181.84000000000003 2.7999999970197678 5
      vertex 181.84000000000003 29.911140464246273 64.18881909549236
      vertex 181.84000000000003 30.21421355754137 63.9400934278965
    endloop
  endfacet
  facet normal -1 0 0
    outer loop
      vertex 181.84000000000003 2.7999999970197678 5
      vertex 181.84000000000003 30.21421355754137 63.9400934278965
      vertex 181.84000000000003 30.462939225137234 63.6370203346014
    endloop
  endfacet
  facet normal 0 -0.9686916073662103 -0.24826713398729938
    outer loop
      vertex 161.5600000023842 30.80693806707859 39.01171997189522
      vertex 181.84000000000003 30.80693806707859 39.01171997189522
      vertex 181.84000000000003 30.804101273417473 39.02278860658407
    endloop
  endfacet
  facet normal 0 -0.9970861400717314 -0.07628387298017802
    outer loop
      vertex 161.5600000023842 30.804101273417473 39.02278860658407
      vertex 181.84000000000003 30.804101273417473 39.02278860658407
      vertex 181.84000000000003 30.799999997019768 39.07639529556036
    endloop
  endfacet
  facet normal 0 0.24826718149920501 -0.968691595189326
    outer loop
      vertex 161.5600000023842 30.89232823997736 39.033604726195335
      vertex 181.84000000000003 30.89232823997736 39.033604726195335
      vertex 181.84000000000003 30.80693806707859 39.01171997189522
    endloop
  endfacet
  facet normal -1 0 0
    outer loop
      vertex 181.84000000000003 2.7999999970197678 5
      vertex 181.84000000000003 30.799999997019768 62.5258798673749
      vertex 181.84000000000003 30.799999997019768 39.07639529556036
    endloop
  endfacet
  facet normal -1 0 0
    outer loop
      vertex 181.84000000000003 2.7999999970197678 5
      vertex 181.84000000000003 30.761570557951927 62.9160605147481
      vertex 181.84000000000003 30.799999997019768 62.5258798673749
    endloop
  endfacet
  facet normal -1 0 0
    outer loop
      vertex 181.84000000000003 2.7999999970197678 5
      vertex 181.84000000000003 30.647759065032005 63.291246734559536
      vertex 181.84000000000003 30.761570557951927 62.9160605147481
    endloop
  endfacet
  facet normal 0 -1 0
    outer loop
      vertex 181.84000000000003 30.799999997019768 39.07639529556036
      vertex 181.84000000000003 30.799999997019768 62.5258798673749
      vertex 176.35999999999999 30.799999997019768 55.378692411729695
    endloop
  endfacet
  facet normal 0 -1 0
    outer loop
      vertex 181.84000000000003 30.799999997019768 62.5258798673749
      vertex 176.35999999999999 30.799999997019768 62.5258798673749
      vertex 176.35999999999999 30.799999997019768 55.378692411729695
    endloop
  endfacet
  facet normal 0 -0.9569403375708344 -0.290284671193326
    outer loop
      vertex 181.84000000000003 30.647759065032005 63.291246734559536
      vertex 176.35999999999999 30.647759065032005 63.291246734559536
      vertex 176.35999999999999 30.761570557951927 62.9160605147481
    endloop
  endfacet
  facet normal 0 -0.7730104435344091 -0.6343932961394977
    outer loop
      vertex 181.84000000000003 30.21421355754137 63.9400934278965
      vertex 176.35999999999999 30.21421355754137 63.9400934278965
      vertex 176.35999999999999 30.462939225137234 63.6370203346014
    endloop
  endfacet
  facet normal 0 -0.8819212641844242 -0.4713967371326907
    outer loop
      vertex 181.84000000000003 30.462939225137234 63.6370203346014
      vertex 176.35999999999999 30.462939225137234 63.6370203346014
      vertex 176.35999999999999 30.647759065032005 63.291246734559536
    endloop
  endfacet
  facet normal 0 -0.9951847267853378 -0.0980171391808235
    outer loop
      vertex 181.84000000000003 30.761570557951927 62.9160605147481
      vertex 176.35999999999999 30.761570557951927 62.9160605147481
      vertex 176.35999999999999 30.799999997019768 62.5258798673749
    endloop
  endfacet
  facet normal 0 -0.6343932961394921 -0.7730104435344135
    outer loop
      vertex 181.84000000000003 30.21421355754137 63.9400934278965
      vertex 176.35999999999999 30.2 63.95175819348144
      vertex 176.35999999999999 30.21421355754137 63.9400934278965
    endloop
  endfacet
  facet normal -1 0 0
    outer loop
      vertex 181.84000000000003 20.564816440721383 58.48703347729899
      vertex 181.84000000000003 27.54898288553966 64.08631447835558
      vertex 181.84000000000003 27.688859529793262 64.18881909549236
    endloop
  endfacet
  facet normal 0 -0.8819212641844242 -0.4713967371326907
    outer loop
      vertex 181.84000000000003 30.647759065032005 63.291246734559536
      vertex 181.84000000000003 30.462939225137234 63.6370203346014
      vertex 176.35999999999999 30.647759065032005 63.291246734559536
    endloop
  endfacet
  facet normal 0 -0.7730104435344091 -0.6343932961394977
    outer loop
      vertex 181.84000000000003 30.462939225137234 63.6370203346014
      vertex 181.84000000000003 30.21421355754137 63.9400934278965
      vertex 176.35999999999999 30.462939225137234 63.6370203346014
    endloop
  endfacet
  facet normal 0 -0.9951847267853378 -0.0980171391808235
    outer loop
      vertex 181.84000000000003 30.799999997019768 62.5258798673749
      vertex 181.84000000000003 30.761570557951927 62.9160605147481
      vertex 176.35999999999999 30.799999997019768 62.5258798673749
    endloop
  endfacet
  facet normal 0 -0.9569403375708344 -0.290284671193326
    outer loop
      vertex 181.84000000000003 30.647759065032005 63.291246734559536
      vertex 176.35999999999999 30.761570557951927 62.9160605147481
      vertex 181.84000000000003 30.761570557951927 62.9160605147481
    endloop
  endfacet
  facet normal -4.5989551280539175e-18 -0.432479201291757 0.9016439100055209
    outer loop
      vertex 160.39313863197862 60.86861367805661 13.944080361586371
      vertex 181.84000000000003 60.8686136752367 13.944080360233784
      vertex 181.84000000000003 61.22211990505457 14.113641858100891
    endloop
  endfacet
  facet normal -1 0 0
    outer loop
      vertex 181.84000000000003 30.89232823997736 39.033604726195335
      vertex 181.84000000000003 61.12821190804243 50.03856638818979
      vertex 181.84000000000003 60.8686136752367 13.944080360233784
    endloop
  endfacet
  facet normal 6.533360978007662e-17 0.3420201433279512 -0.9396926207850776
    outer loop
      vertex 161.5600000023842 49.20000000298023 45.69705230669459
      vertex 181.84000000000003 61.12821190804243 50.03856638818979
      vertex 181.84000000000003 30.89232823997736 39.033604726195335
    endloop
  endfacet
  facet normal -1 0 0
    outer loop
      vertex 181.84000000000003 60.8686136752367 13.944080360233784
      vertex 181.84000000000003 61.12821190804243 50.03856638818979
      vertex 181.84000000000003 61.17718295753002 50.060754880309105
    endloop
  endfacet
  facet normal -1 0 0
    outer loop
      vertex 181.84000000000003 60.8686136752367 13.944080360233784
      vertex 181.84000000000003 61.17718295753002 50.060754880309105
      vertex 181.84000000000003 61.27526671439409 50.12785138934851
    endloop
  endfacet
  facet normal 0 0.4127070030460686 -0.9108638370452152
    outer loop
      vertex 160.36717880891555 61.12821190804243 50.03856638818979
      vertex 181.84000000000003 61.17718295753002 50.060754880309105
      vertex 181.84000000000003 61.12821190804243 50.03856638818979
    endloop
  endfacet
  facet normal 0 0.5646069381976784 -0.8253599247231739
    outer loop
      vertex 160.36228170395464 61.17718295753002 50.060754880309105
      vertex 181.84000000000003 61.27526671439409 50.12785138934851
      vertex 181.84000000000003 61.17718295753002 50.060754880309105
    endloop
  endfacet
  facet normal 1 0 0
    outer loop
      vertex 138.88000000000002 60.8686136752367 13.944080360233784
      vertex 138.88000000000002 135.92575278133154 112.76704672724009
      vertex 138.88000000000002 61.27526671439409 50.12785138934851
    endloop
  endfacet
  facet normal 1 0 0
    outer loop
      vertex 138.88000000000002 60.8686136752367 13.944080360233784
      vertex 138.88000000000002 61.22211990505457 14.113641858100891
      vertex 138.88000000000002 165.0124584948341 138
    endloop
  endfacet
  facet normal 1 0 0
    outer loop
      vertex 138.88000000000002 61.22211990505457 14.113641858100891
      vertex 138.88000000000002 61.47014860808849 14.29137671738863
      vertex 138.88000000000002 165.0124584948341 138
    endloop
  endfacet
  facet normal 0 -0.6427876096924102 0.7660444431140516
    outer loop
      vertex 138.88000000000002 61.47014860808849 14.29137671738863
      vertex 181.84000000000003 61.47014860808849 14.29137671738863
      vertex 138.88000000000002 167.2855752184987 103.08106216043234
    endloop
  endfacet
  facet normal -1 0 0
    outer loop
      vertex 181.84000000000003 60.8686136752367 13.944080360233784
      vertex 181.84000000000003 61.27526671439409 50.12785138934851
      vertex 181.84000000000003 135.92575278133154 112.76704672724009
    endloop
  endfacet
  facet normal -1 0 0
    outer loop
      vertex 181.84000000000003 60.8686136752367 13.944080360233784
      vertex 181.84000000000003 165.0124584948341 138
      vertex 181.84000000000003 61.22211990505457 14.113641858100891
    endloop
  endfacet
  facet normal -1 0 0
    outer loop
      vertex 181.84000000000003 61.22211990505457 14.113641858100891
      vertex 181.84000000000003 165.0124584948341 138
      vertex 181.84000000000003 61.47014860808849 14.29137671738863
    endloop
  endfacet
  facet normal 1 0 0
    outer loop
      vertex 138.88000000000002 60.8686136752367 13.944080360233784
      vertex 138.88000000000002 135.98958934098482 112.8321183398366
      vertex 138.88000000000002 135.92575278133154 112.76704672724009
    endloop
  endfacet
  facet normal 1 0 0
    outer loop
      vertex 138.88000000000002 60.8686136752367 13.944080360233784
      vertex 138.88000000000002 165.0124584948341 138
      vertex 138.88000000000002 135.98958934098482 112.8321183398366
    endloop
  endfacet
  facet normal 0 0.6427876097583178 -0.7660444430587487
    outer loop
      vertex 138.88000000000002 61.27526671439409 50.12785138934851
      vertex 181.84000000000003 135.92575278133154 112.76704672724009
      vertex 181.84000000000003 61.27526671439409 50.12785138934851
    endloop
  endfacet
  facet normal 0 0.6427876097583178 -0.7660444430587487
    outer loop
      vertex 138.88000000000002 61.27526671439409 50.12785138934851
      vertex 138.88000000000002 135.92575278133154 112.76704672724009
      vertex 181.84000000000003 135.92575278133154 112.76704672724009
    endloop
  endfacet
  facet normal 1 0 0
    outer loop
      vertex 138.88000000000002 61.47014860808849 14.29137671738863
      vertex 138.88000000000002 167.2855752184987 103.08106216043234
      vertex 138.88000000000002 168 134.1715728789568
    endloop
  endfacet
  facet normal 1 0 0
    outer loop
      vertex 138.88000000000002 61.47014860808849 14.29137671738863
      vertex 138.88000000000002 165.06947587430477 137.93052411824465
      vertex 138.88000000000002 165.0124584948341 138
    endloop
  endfacet
  facet normal 1 0 0
    outer loop
      vertex 138.88000000000002 61.47014860808849 14.29137671738863
      vertex 138.88000000000002 165.1999999959444 137.79999999701977
      vertex 138.88000000000002 165.06947587430477 137.93052411824465
    endloop
  endfacet
  facet normal 1 0 0
    outer loop
      vertex 138.88000000000002 61.47014860808849 14.29137671738863
      vertex 138.88000000000002 167.96157056093216 134.56175352633
      vertex 138.88000000000002 167.84775906801224 134.93693974614143
    endloop
  endfacet
  facet normal 1 0 0
    outer loop
      vertex 138.88000000000002 61.47014860808849 14.29137671738863
      vertex 138.88000000000002 168 134.1715728789568
      vertex 138.88000000000002 167.96157056093216 134.56175352633
    endloop
  endfacet
  facet normal 1 0 0
    outer loop
      vertex 138.88000000000002 61.47014860808849 14.29137671738863
      vertex 138.88000000000002 167.4142135605216 135.5857864394784
      vertex 138.88000000000002 165.1999999959444 137.79999999701977
    endloop
  endfacet
  facet normal 1 0 0
    outer loop
      vertex 138.88000000000002 61.47014860808849 14.29137671738863
      vertex 138.88000000000002 167.84775906801224 134.93693974614143
      vertex 138.88000000000002 167.66293922811747 135.2827133461833
    endloop
  endfacet
  facet normal 1 0 0
    outer loop
      vertex 138.88000000000002 61.47014860808849 14.29137671738863
      vertex 138.88000000000002 167.66293922811747 135.2827133461833
      vertex 138.88000000000002 167.4142135605216 135.5857864394784
    endloop
  endfacet
  facet normal 1 0 0
    outer loop
      vertex 138.88000000000002 167.2855752184987 103.08106216043234
      vertex 138.88000000000002 167.55976896733046 103.36130409687757
      vertex 138.88000000000002 167.7740216627717 103.68965381383896
    endloop
  endfacet
  facet normal 1 0 0
    outer loop
      vertex 138.88000000000002 167.2855752184987 103.08106216043234
      vertex 138.88000000000002 167.7740216627717 103.68965381383896
      vertex 138.88000000000002 167.9200997054577 104.05349301546812
    endloop
  endfacet
  facet normal 1 0 0
    outer loop
      vertex 138.88000000000002 167.2855752184987 103.08106216043234
      vertex 138.88000000000002 167.9200997054577 104.05349301546812
      vertex 138.88000000000002 167.99238939583302 104.43883955478668
    endloop
  endfacet
  facet normal 1 0 0
    outer loop
      vertex 138.88000000000002 167.2855752184987 103.08106216043234
      vertex 138.88000000000002 167.99238939583302 104.43883955478668
      vertex 138.88000000000002 168 104.61315104365349
    endloop
  endfacet
  facet normal 0 -0.6427876096924102 0.7660444431140516
    outer loop
      vertex 181.84000000000003 61.47014860808849 14.29137671738863
      vertex 181.84000000000003 167.2855752184987 103.08106216043234
      vertex 138.88000000000002 167.2855752184987 103.08106216043234
    endloop
  endfacet
  facet normal 0 -0.7147778879927614 0.699351535950703
    outer loop
      vertex 138.88000000000002 167.2855752184987 103.08106216043234
      vertex 181.84000000000003 167.2855752184987 103.08106216043234
      vertex 138.88000000000002 167.55976896733046 103.36130409687757
    endloop
  endfacet
  facet normal 0 -0.8374803597584747 0.5464674253958931
    outer loop
      vertex 138.88000000000002 167.55976896733046 103.36130409687757
      vertex 181.84000000000003 167.55976896733046 103.36130409687757
      vertex 138.88000000000002 167.7740216627717 103.68965381383896
    endloop
  endfacet
  facet normal 0 -0.9279989130940465 0.37258289989781884
    outer loop
      vertex 138.88000000000002 167.7740216627717 103.68965381383896
      vertex 181.84000000000003 167.7740216627717 103.68965381383896
      vertex 138.88000000000002 167.9200997054577 104.05349301546812
    endloop
  endfacet
  facet normal 0 -0.9828549900138027 0.1843802283461212
    outer loop
      vertex 138.88000000000002 167.9200997054577 104.05349301546812
      vertex 181.84000000000003 167.9200997054577 104.05349301546812
      vertex 138.88000000000002 167.99238939583302 104.43883955478668
    endloop
  endfacet
  facet normal 0 -0.999048221531088 0.04361938852815863
    outer loop
      vertex 138.88000000000002 167.99238939583302 104.43883955478668
      vertex 181.84000000000003 167.99238939583302 104.43883955478668
      vertex 138.88000000000002 168 104.61315104365349
    endloop
  endfacet
  facet normal 0 -0.7147778879927614 0.699351535950703
    outer loop
      vertex 138.88000000000002 167.55976896733046 103.36130409687757
      vertex 181.84000000000003 167.2855752184987 103.08106216043234
      vertex 181.84000000000003 167.55976896733046 103.36130409687757
    endloop
  endfacet
  facet normal 0 -0.8374803597584747 0.5464674253958931
    outer loop
      vertex 138.88000000000002 167.7740216627717 103.68965381383896
      vertex 181.84000000000003 167.55976896733046 103.36130409687757
      vertex 181.84000000000003 167.7740216627717 103.68965381383896
    endloop
  endfacet
  facet normal 0 -0.9279989130940465 0.37258289989781884
    outer loop
      vertex 138.88000000000002 167.9200997054577 104.05349301546812
      vertex 181.84000000000003 167.7740216627717 103.68965381383896
      vertex 181.84000000000003 167.9200997054577 104.05349301546812
    endloop
  endfacet
  facet normal 0 -0.9828549900138027 0.1843802283461212
    outer loop
      vertex 138.88000000000002 167.99238939583302 104.43883955478668
      vertex 181.84000000000003 167.9200997054577 104.05349301546812
      vertex 181.84000000000003 167.99238939583302 104.43883955478668
    endloop
  endfacet
  facet normal 0 -0.999048221531088 0.04361938852815863
    outer loop
      vertex 138.88000000000002 168 104.61315104365349
      vertex 181.84000000000003 167.99238939583302 104.43883955478668
      vertex 181.84000000000003 168 104.61315104365349
    endloop
  endfacet
  facet normal 1 0 0
    outer loop
      vertex 138.88000000000002 135.98958934098482 112.8321183398366
      vertex 138.88000000000002 165.0124584948341 138
      vertex 138.88000000000002 135.97070348262787 112.92313183099031
    endloop
  endfacet
  facet normal 1 0 0
    outer loop
      vertex 138.88000000000002 135.97070348262787 112.92313183099031
      vertex 138.88000000000002 136.39999999999998 138
      vertex 138.88000000000002 129.36425253748894 134.0717720016837
    endloop
  endfacet
  facet normal 1 0 0
    outer loop
      vertex 138.88000000000002 129.36425253748894 134.0717720016837
      vertex 138.88000000000002 136.39999999999998 138
      vertex 138.88000000000002 129.3066834807396 134.30409574508667
    endloop
  endfacet
  facet normal 1 0 0
    outer loop
      vertex 138.88000000000002 129.3066834807396 134.30409574508667
      vertex 138.88000000000002 136.39999999999998 138
      vertex 138.88000000000002 129.27345409989357 134.6947536021471
    endloop
  endfacet
  facet normal 1 0 0
    outer loop
      vertex 138.88000000000002 129.27345409989357 134.6947536021471
      vertex 138.88000000000002 136.39999999999998 138
      vertex 138.88000000000002 129.31707677990198 135.08438781648874
    endloop
  endfacet
  facet normal 1 0 0
    outer loop
      vertex 138.88000000000002 129.31707677990198 135.08438781648874
      vertex 138.88000000000002 136.39999999999998 138
      vertex 138.88000000000002 129.43587512522936 135.45802494883537
    endloop
  endfacet
  facet normal 1 0 0
    outer loop
      vertex 138.88000000000002 129.43587512522936 135.45802494883537
      vertex 138.88000000000002 136.39999999999998 138
      vertex 138.88000000000002 129.62528378516436 135.8013063520193
    endloop
  endfacet
  facet normal 1 0 0
    outer loop
      vertex 138.88000000000002 129.62528378516436 135.8013063520193
      vertex 138.88000000000002 133.2 138
      vertex 138.88000000000002 130.99962185082862 137.79999999701977
    endloop
  endfacet
  facet normal 1 0 0
    outer loop
      vertex 138.88000000000002 130.99962185082862 137.79999999701977
      vertex 138.88000000000002 133.2 138
      vertex 138.88000000000002 131.0881029367447 137.9286776408553
    endloop
  endfacet
  facet normal 1 0 0
    outer loop
      vertex 138.88000000000002 131.0881029367447 137.9286776408553
      vertex 138.88000000000002 133.2 138
      vertex 138.88000000000002 131.12622553549852 138
    endloop
  endfacet
  facet normal 1 0 0
    outer loop
      vertex 138.88000000000002 129.62528378516436 135.8013063520193
      vertex 138.88000000000002 136.39999999999998 138
      vertex 138.88000000000002 133.2 138
    endloop
  endfacet
  facet normal 1 0 0
    outer loop
      vertex 138.88000000000002 135.97070348262787 112.92313183099031
      vertex 138.88000000000002 165.0124584948341 138
      vertex 138.88000000000002 136.39999999999998 138
    endloop
  endfacet
  facet normal 1 0 0
    outer loop
      vertex 138.88000000000002 167.2855752184987 103.08106216043234
      vertex 138.88000000000002 168 104.61315104365349
      vertex 138.88000000000002 168 134.1715728789568
    endloop
  endfacet
  facet normal 0 0.7138487196345743 -0.7002999396516317
    outer loop
      vertex 138.88000000000002 135.92575278133154 112.76704672724009
      vertex 138.88000000000002 135.98958934098482 112.8321183398366
      vertex 181.84000000000003 135.98958934098482 112.8321183398366
    endloop
  endfacet
  facet normal 0 0.9791418301201262 0.203177942968743
    outer loop
      vertex 138.88000000000002 135.98958934098482 112.8321183398366
      vertex 138.88000000000002 135.97070348262787 112.92313183099031
      vertex 181.84000000000003 135.97070348262787 112.92313183099031
    endloop
  endfacet
  facet normal 0 0.7138487196345743 -0.7002999396516317
    outer loop
      vertex 138.88000000000002 135.92575278133154 112.76704672724009
      vertex 181.84000000000003 135.98958934098482 112.8321183398366
      vertex 181.84000000000003 135.92575278133154 112.76704672724009
    endloop
  endfacet
  facet normal 0 0.9791418301201262 0.203177942968743
    outer loop
      vertex 138.88000000000002 135.98958934098482 112.8321183398366
      vertex 181.84000000000003 135.97070348262787 112.92313183099031
      vertex 181.84000000000003 135.98958934098482 112.8321183398366
    endloop
  endfacet
  facet normal 0 0.9545120845298337 0.29817223292337564
    outer loop
      vertex 138.88000000000002 135.97070348262787 112.92313183099031
      vertex 181.84000000000003 129.36425253748894 134.0717720016837
      vertex 181.84000000000003 135.97070348262787 112.92313183099031
    endloop
  endfacet
  facet normal 0 0.9545120845298337 0.29817223292337564
    outer loop
      vertex 138.88000000000002 135.97070348262787 112.92313183099031
      vertex 138.88000000000002 129.36425253748894 134.0717720016837
      vertex 181.84000000000003 129.36425253748894 134.0717720016837
    endloop
  endfacet
  facet normal 0 0.9706436167628949 0.24052228428452585
    outer loop
      vertex 138.88000000000002 129.36425253748894 134.0717720016837
      vertex 138.88000000000002 129.3066834807396 134.30409574508667
      vertex 181.84000000000003 129.3066834807396 134.30409574508667
    endloop
  endfacet
  facet normal 0 0.9964019060823466 0.08475400613225655
    outer loop
      vertex 138.88000000000002 129.3066834807396 134.30409574508667
      vertex 138.88000000000002 129.27345409989357 134.6947536021471
      vertex 181.84000000000003 129.27345409989357 134.6947536021471
    endloop
  endfacet
  facet normal 0 0.9937910093103901 -0.11126288605746375
    outer loop
      vertex 138.88000000000002 129.27345409989357 134.6947536021471
      vertex 138.88000000000002 129.31707677990198 135.08438781648874
      vertex 181.84000000000003 129.31707677990198 135.08438781648874
    endloop
  endfacet
  facet normal 0 0.9529892808654561 -0.30300401079117883
    outer loop
      vertex 138.88000000000002 129.31707677990198 135.08438781648874
      vertex 138.88000000000002 129.43587512522936 135.45802494883537
      vertex 181.84000000000003 129.43587512522936 135.45802494883537
    endloop
  endfacet
  facet normal 0 0.8755647122978065 -0.4831008534238572
    outer loop
      vertex 138.88000000000002 129.43587512522936 135.45802494883537
      vertex 138.88000000000002 129.62528378516436 135.8013063520193
      vertex 181.84000000000003 129.62528378516436 135.8013063520193
    endloop
  endfacet
  facet normal 0 0.8239964643925312 -0.5665949405603691
    outer loop
      vertex 138.88000000000002 129.62528378516436 135.8013063520193
      vertex 138.88000000000002 130.99962185082862 137.79999999701977
      vertex 181.84000000000003 129.62528378516436 135.8013063520193
    endloop
  endfacet
  facet normal 0 0.9706436167628949 0.24052228428452585
    outer loop
      vertex 138.88000000000002 129.36425253748894 134.0717720016837
      vertex 181.84000000000003 129.3066834807396 134.30409574508667
      vertex 181.84000000000003 129.36425253748894 134.0717720016837
    endloop
  endfacet
  facet normal 0 0.9964019060823466 0.08475400613225655
    outer loop
      vertex 138.88000000000002 129.3066834807396 134.30409574508667
      vertex 181.84000000000003 129.27345409989357 134.6947536021471
      vertex 181.84000000000003 129.3066834807396 134.30409574508667
    endloop
  endfacet
  facet normal 0 0.9937910093103901 -0.11126288605746375
    outer loop
      vertex 138.88000000000002 129.27345409989357 134.6947536021471
      vertex 181.84000000000003 129.31707677990198 135.08438781648874
      vertex 181.84000000000003 129.27345409989357 134.6947536021471
    endloop
  endfacet
  facet normal 0 0.9529892808654561 -0.30300401079117883
    outer loop
      vertex 138.88000000000002 129.31707677990198 135.08438781648874
      vertex 181.84000000000003 129.43587512522936 135.45802494883537
      vertex 181.84000000000003 129.31707677990198 135.08438781648874
    endloop
  endfacet
  facet normal 0 0.8755647122978065 -0.4831008534238572
    outer loop
      vertex 138.88000000000002 129.43587512522936 135.45802494883537
      vertex 181.84000000000003 129.62528378516436 135.8013063520193
      vertex 181.84000000000003 129.43587512522936 135.45802494883537
    endloop
  endfacet
  facet normal 0 0.8239964643925312 -0.5665949405603691
    outer loop
      vertex 138.88000000000002 130.99962185082862 137.79999999701977
      vertex 181.84000000000003 130.99962185082862 137.79999999701977
      vertex 181.84000000000003 129.62528378516436 135.8013063520193
    endloop
  endfacet
  facet normal 0 -1 0
    outer loop
      vertex 138.88000000000002 168 104.61315104365349
      vertex 181.84000000000003 168 104.61315104365349
      vertex 138.88000000000002 168 134.1715728789568
    endloop
  endfacet
  facet normal 0 -0.9951847267853376 -0.09801713918082348
    outer loop
      vertex 138.88000000000002 168 134.1715728789568
      vertex 181.84000000000003 168 134.1715728789568
      vertex 138.88000000000002 167.96157056093216 134.56175352633
    endloop
  endfacet
  facet normal 0 -0.9569403375708344 -0.29028467119332607
    outer loop
      vertex 138.88000000000002 167.96157056093216 134.56175352633
      vertex 181.84000000000003 167.96157056093216 134.56175352633
      vertex 138.88000000000002 167.84775906801224 134.93693974614143
    endloop
  endfacet
  facet normal 0 -0.8819212641844241 -0.47139673713269076
    outer loop
      vertex 138.88000000000002 167.84775906801224 134.93693974614143
      vertex 181.84000000000003 167.84775906801224 134.93693974614143
      vertex 138.88000000000002 167.66293922811747 135.2827133461833
    endloop
  endfacet
  facet normal 0 -0.7730104435344091 -0.6343932961394977
    outer loop
      vertex 138.88000000000002 167.66293922811747 135.2827133461833
      vertex 181.84000000000003 167.66293922811747 135.2827133461833
      vertex 138.88000000000002 167.4142135605216 135.5857864394784
    endloop
  endfacet
  facet normal 0 -0.7071067800631061 -0.7071067823099887
    outer loop
      vertex 138.88000000000002 165.1999999959444 137.79999999701977
      vertex 138.88000000000002 167.4142135605216 135.5857864394784
      vertex 181.84000000000003 165.1999999959444 137.79999999701977
    endloop
  endfacet
  facet normal 0 -1 0
    outer loop
      vertex 138.88000000000002 168 134.1715728789568
      vertex 181.84000000000003 168 104.61315104365349
      vertex 181.84000000000003 168 134.1715728789568
    endloop
  endfacet
  facet normal 0 -0.7071067800631061 -0.7071067823099887
    outer loop
      vertex 138.88000000000002 167.4142135605216 135.5857864394784
      vertex 181.84000000000003 167.4142135605216 135.5857864394784
      vertex 181.84000000000003 165.1999999959444 137.79999999701977
    endloop
  endfacet
  facet normal 0 -0.9951847267853376 -0.09801713918082348
    outer loop
      vertex 138.88000000000002 167.96157056093216 134.56175352633
      vertex 181.84000000000003 168 134.1715728789568
      vertex 181.84000000000003 167.96157056093216 134.56175352633
    endloop
  endfacet
  facet normal 0 -0.9569403375708344 -0.29028467119332607
    outer loop
      vertex 138.88000000000002 167.84775906801224 134.93693974614143
      vertex 181.84000000000003 167.96157056093216 134.56175352633
      vertex 181.84000000000003 167.84775906801224 134.93693974614143
    endloop
  endfacet
  facet normal 0 -0.8819212641844241 -0.47139673713269076
    outer loop
      vertex 138.88000000000002 167.66293922811747 135.2827133461833
      vertex 181.84000000000003 167.84775906801224 134.93693974614143
      vertex 181.84000000000003 167.66293922811747 135.2827133461833
    endloop
  endfacet
  facet normal 0 -0.7730104435344091 -0.6343932961394977
    outer loop
      vertex 138.88000000000002 167.4142135605216 135.5857864394784
      vertex 181.84000000000003 167.66293922811747 135.2827133461833
      vertex 181.84000000000003 167.4142135605216 135.5857864394784
    endloop
  endfacet
  facet normal -1 0 0
    outer loop
      vertex 181.84000000000003 60.8686136752367 13.944080360233784
      vertex 181.84000000000003 135.92575278133154 112.76704672724009
      vertex 181.84000000000003 135.98958934098482 112.8321183398366
    endloop
  endfacet
  facet normal -1 0 0
    outer loop
      vertex 181.84000000000003 60.8686136752367 13.944080360233784
      vertex 181.84000000000003 135.98958934098482 112.8321183398366
      vertex 181.84000000000003 165.0124584948341 138
    endloop
  endfacet
  facet normal -1 0 0
    outer loop
      vertex 181.84000000000003 61.47014860808849 14.29137671738863
      vertex 181.84000000000003 168 134.1715728789568
      vertex 181.84000000000003 167.2855752184987 103.08106216043234
    endloop
  endfacet
  facet normal -1 0 0
    outer loop
      vertex 181.84000000000003 61.47014860808849 14.29137671738863
      vertex 181.84000000000003 165.0124584948341 138
      vertex 181.84000000000003 165.06947587430477 137.93052411824465
    endloop
  endfacet
  facet normal -1 0 0
    outer loop
      vertex 181.84000000000003 61.47014860808849 14.29137671738863
      vertex 181.84000000000003 165.06947587430477 137.93052411824465
      vertex 181.84000000000003 165.1999999959444 137.79999999701977
    endloop
  endfacet
  facet normal -1 0 0
    outer loop
      vertex 181.84000000000003 61.47014860808849 14.29137671738863
      vertex 181.84000000000003 167.84775906801224 134.93693974614143
      vertex 181.84000000000003 167.96157056093216 134.56175352633
    endloop
  endfacet
  facet normal -1 0 0
    outer loop
      vertex 181.84000000000003 61.47014860808849 14.29137671738863
      vertex 181.84000000000003 167.96157056093216 134.56175352633
      vertex 181.84000000000003 168 134.1715728789568
    endloop
  endfacet
  facet normal -1 0 0
    outer loop
      vertex 181.84000000000003 61.47014860808849 14.29137671738863
      vertex 181.84000000000003 165.1999999959444 137.79999999701977
      vertex 181.84000000000003 167.4142135605216 135.5857864394784
    endloop
  endfacet
  facet normal -1 0 0
    outer loop
      vertex 181.84000000000003 61.47014860808849 14.29137671738863
      vertex 181.84000000000003 167.66293922811747 135.2827133461833
      vertex 181.84000000000003 167.84775906801224 134.93693974614143
    endloop
  endfacet
  facet normal -1 0 0
    outer loop
      vertex 181.84000000000003 61.47014860808849 14.29137671738863
      vertex 181.84000000000003 167.4142135605216 135.5857864394784
      vertex 181.84000000000003 167.66293922811747 135.2827133461833
    endloop
  endfacet
  facet normal -1 0 0
    outer loop
      vertex 181.84000000000003 167.2855752184987 103.08106216043234
      vertex 181.84000000000003 167.7740216627717 103.68965381383896
      vertex 181.84000000000003 167.55976896733046 103.36130409687757
    endloop
  endfacet
  facet normal -1 0 0
    outer loop
      vertex 181.84000000000003 167.2855752184987 103.08106216043234
      vertex 181.84000000000003 167.9200997054577 104.05349301546812
      vertex 181.84000000000003 167.7740216627717 103.68965381383896
    endloop
  endfacet
  facet normal -1 0 0
    outer loop
      vertex 181.84000000000003 167.2855752184987 103.08106216043234
      vertex 181.84000000000003 167.99238939583302 104.43883955478668
      vertex 181.84000000000003 167.9200997054577 104.05349301546812
    endloop
  endfacet
  facet normal -1 0 0
    outer loop
      vertex 181.84000000000003 167.2855752184987 103.08106216043234
      vertex 181.84000000000003 168 104.61315104365349
      vertex 181.84000000000003 167.99238939583302 104.43883955478668
    endloop
  endfacet
  facet normal -1 0 0
    outer loop
      vertex 181.84000000000003 135.98958934098482 112.8321183398366
      vertex 181.84000000000003 135.97070348262787 112.92313183099031
      vertex 181.84000000000003 165.0124584948341 138
    endloop
  endfacet
  facet normal -1 0 0
    outer loop
      vertex 181.84000000000003 129.62528378516436 135.8013063520193
      vertex 181.84000000000003 130.99962185082862 137.79999999701977
      vertex 181.84000000000003 133.2 138
    endloop
  endfacet
  facet normal -1 0 0
    outer loop
      vertex 181.84000000000003 130.99962185082862 137.79999999701977
      vertex 181.84000000000003 131.0881029367447 137.9286776408553
      vertex 181.84000000000003 133.2 138
    endloop
  endfacet
  facet normal -1 0 0
    outer loop
      vertex 181.84000000000003 131.0881029367447 137.9286776408553
      vertex 181.84000000000003 131.12622553549852 138
      vertex 181.84000000000003 133.2 138
    endloop
  endfacet
  facet normal -1 0 0
    outer loop
      vertex 181.84000000000003 129.62528378516436 135.8013063520193
      vertex 181.84000000000003 133.2 138
      vertex 181.84000000000003 136.39999999999998 138
    endloop
  endfacet
  facet normal -1 0 0
    outer loop
      vertex 181.84000000000003 135.97070348262787 112.92313183099031
      vertex 181.84000000000003 129.36425253748894 134.0717720016837
      vertex 181.84000000000003 165.0124584948341 138
    endloop
  endfacet
  facet normal -1 0 0
    outer loop
      vertex 181.84000000000003 129.36425253748894 134.0717720016837
      vertex 181.84000000000003 129.3066834807396 134.30409574508667
      vertex 181.84000000000003 165.0124584948341 138
    endloop
  endfacet
  facet normal -1 0 0
    outer loop
      vertex 181.84000000000003 129.3066834807396 134.30409574508667
      vertex 181.84000000000003 129.27345409989357 134.6947536021471
      vertex 181.84000000000003 165.0124584948341 138
    endloop
  endfacet
  facet normal -1 0 0
    outer loop
      vertex 181.84000000000003 129.27345409989357 134.6947536021471
      vertex 181.84000000000003 129.31707677990198 135.08438781648874
      vertex 181.84000000000003 165.0124584948341 138
    endloop
  endfacet
  facet normal -1 0 0
    outer loop
      vertex 181.84000000000003 129.31707677990198 135.08438781648874
      vertex 181.84000000000003 129.43587512522936 135.45802494883537
      vertex 181.84000000000003 165.0124584948341 138
    endloop
  endfacet
  facet normal -1 0 0
    outer loop
      vertex 181.84000000000003 129.43587512522936 135.45802494883537
      vertex 181.84000000000003 129.62528378516436 135.8013063520193
      vertex 181.84000000000003 165.0124584948341 138
    endloop
  endfacet
  facet normal -1 0 0
    outer loop
      vertex 181.84000000000003 129.62528378516436 135.8013063520193
      vertex 181.84000000000003 136.39999999999998 138
      vertex 181.84000000000003 165.0124584948341 138
    endloop
  endfacet
  facet normal -1 0 0
    outer loop
      vertex 181.84000000000003 167.2855752184987 103.08106216043234
      vertex 181.84000000000003 168 134.1715728789568
      vertex 181.84000000000003 168 104.61315104365349
    endloop
  endfacet
  facet normal 1 0 0
    outer loop
      vertex 138.88000000000002 33.20000000298023 55.06469511985779
      vertex 138.88000000000002 33.94898287951946 69.21726297587156
      vertex 138.88000000000002 33.20000000298023 67.65682837367058
    endloop
  endfacet
  facet normal 1 0 0
    outer loop
      vertex 138.88000000000002 33.20000000298023 67.65682837367058
      vertex 138.88000000000002 33.94898287951946 69.21726297587156
      vertex 138.88000000000002 33.2120034173131 67.8756195679307
    endloop
  endfacet
  facet normal 1 0 0
    outer loop
      vertex 138.88000000000002 33.2120034173131 67.8756195679307
      vertex 138.88000000000002 33.94898287951946 69.21726297587156
      vertex 138.88000000000002 33.29288626462221 68.2592544555664
    endloop
  endfacet
  facet normal 1 0 0
    outer loop
      vertex 138.88000000000002 33.29288626462221 68.2592544555664
      vertex 138.88000000000002 33.94898287951946 69.21726297587156
      vertex 138.88000000000002 33.44705841690302 68.61973843723536
    endloop
  endfacet
  facet normal 1 0 0
    outer loop
      vertex 138.88000000000002 33.44705841690302 68.61973843723536
      vertex 138.88000000000002 33.94898287951946 69.21726297587156
      vertex 138.88000000000002 33.668595127761364 68.94321832805872
    endloop
  endfacet
  facet normal 1 0 0
    outer loop
      vertex 138.88000000000002 34.43463313579559 53.21693605184555
      vertex 138.88000000000002 34.80981935560703 53.10312455892563
      vertex 138.88000000000002 57.94898287951946 88.45831988751888
    endloop
  endfacet
  facet normal 1 0 0
    outer loop
      vertex 138.88000000000002 33.78578644245863 53.650481559336185
      vertex 138.88000000000002 34.08885953575373 53.40175589174032
      vertex 138.88000000000002 57.94898287951946 88.45831988751888
    endloop
  endfacet
  facet normal 1 0 0
    outer loop
      vertex 138.88000000000002 33.537060774862766 53.95355465263128
      vertex 138.88000000000002 33.78578644245863 53.650481559336185
      vertex 138.88000000000002 57.94898287951946 88.45831988751888
    endloop
  endfacet
  facet normal 1 0 0
    outer loop
      vertex 138.88000000000002 33.352240934967995 54.29932825267315
      vertex 138.88000000000002 57.94898287951946 88.45831988751888
      vertex 138.88000000000002 33.23842944204807 54.67451447248459
    endloop
  endfacet
  facet normal 1 0 0
    outer loop
      vertex 138.88000000000002 33.352240934967995 54.29932825267315
      vertex 138.88000000000002 33.537060774862766 53.95355465263128
      vertex 138.88000000000002 57.94898287951946 88.45831988751888
    endloop
  endfacet
  facet normal 1 0 0
    outer loop
      vertex 138.88000000000002 33.23842944204807 54.67451447248459
      vertex 138.88000000000002 57.94898287951946 88.45831988751888
      vertex 138.88000000000002 33.20000000298023 55.06469511985779
    endloop
  endfacet
  facet normal 1 0 0
    outer loop
      vertex 138.88000000000002 34.08885953575373 53.40175589174032
      vertex 138.88000000000002 34.43463313579559 53.21693605184555
      vertex 138.88000000000002 57.94898287951946 88.45831988751888
    endloop
  endfacet
  facet normal 0 0.9569403375708344 0.29028467119332607
    outer loop
      vertex 138.88000000000002 33.352240934967995 54.29932825267315
      vertex 138.88000000000002 33.23842944204807 54.67451447248459
      vertex 181.84000000000003 33.23842944204807 54.67451447248459
    endloop
  endfacet
  facet normal 0 0.9951847267853376 0.09801713918082348
    outer loop
      vertex 138.88000000000002 33.23842944204807 54.67451447248459
      vertex 138.88000000000002 33.20000000298023 55.06469511985779
      vertex 181.84000000000003 33.20000000298023 55.06469511985779
    endloop
  endfacet
  facet normal 0 0.7730104435344091 0.6343932961394977
    outer loop
      vertex 138.88000000000002 33.537060774862766 53.95355465263128
      vertex 181.84000000000003 33.537060774862766 53.95355465263128
      vertex 138.88000000000002 33.78578644245863 53.650481559336185
    endloop
  endfacet
  facet normal 0 0.6343932961394977 0.7730104435344091
    outer loop
      vertex 138.88000000000002 33.78578644245863 53.650481559336185
      vertex 181.84000000000003 33.78578644245863 53.650481559336185
      vertex 138.88000000000002 34.08885953575373 53.40175589174032
    endloop
  endfacet
  facet normal 0 0.47139673713269076 0.8819212641844241
    outer loop
      vertex 138.88000000000002 34.08885953575373 53.40175589174032
      vertex 181.84000000000003 34.08885953575373 53.40175589174032
      vertex 138.88000000000002 34.43463313579559 53.21693605184555
    endloop
  endfacet
  facet normal 0 0.29028467119332607 0.9569403375708344
    outer loop
      vertex 138.88000000000002 34.43463313579559 53.21693605184555
      vertex 181.84000000000003 34.43463313579559 53.21693605184555
      vertex 138.88000000000002 34.80981935560703 53.10312455892563
    endloop
  endfacet
  facet normal 0 0.8819212641844241 0.47139673713269076
    outer loop
      vertex 138.88000000000002 33.352240934967995 54.29932825267315
      vertex 181.84000000000003 33.352240934967995 54.29932825267315
      vertex 138.88000000000002 33.537060774862766 53.95355465263128
    endloop
  endfacet
  facet normal 0 0.09801713918082348 0.9951847267853376
    outer loop
      vertex 138.88000000000002 34.80981935560703 53.10312455892563
      vertex 181.84000000000003 34.80981935560703 53.10312455892563
      vertex 138.88000000000002 35.20000000298023 53.06469511985779
    endloop
  endfacet
  facet normal 0 1 0
    outer loop
      vertex 138.88000000000002 33.20000000298023 55.06469511985779
      vertex 138.88000000000002 33.20000000298023 67.65682837367058
      vertex 181.84000000000003 33.20000000298023 67.65682837367058
    endloop
  endfacet
  facet normal 0 0.9984984462299653 -0.05478004085746
    outer loop
      vertex 138.88000000000002 33.20000000298023 67.65682837367058
      vertex 138.88000000000002 33.2120034173131 67.8756195679307
      vertex 181.84000000000003 33.2120034173131 67.8756195679307
    endloop
  endfacet
  facet normal 0 0.9784892719391062 -0.20629770890651652
    outer loop
      vertex 138.88000000000002 33.2120034173131 67.8756195679307
      vertex 138.88000000000002 33.29288626462221 68.2592544555664
      vertex 181.84000000000003 33.29288626462221 68.2592544555664
    endloop
  endfacet
  facet normal 0 0.9194411921313657 -0.3932275349108367
    outer loop
      vertex 138.88000000000002 33.29288626462221 68.2592544555664
      vertex 138.88000000000002 33.44705841690302 68.61973843723536
      vertex 181.84000000000003 33.44705841690302 68.61973843723536
    endloop
  endfacet
  facet normal 0 0.8250595065014482 -0.5650458483447042
    outer loop
      vertex 138.88000000000002 33.44705841690302 68.61973843723536
      vertex 138.88000000000002 33.668595127761364 68.94321832805872
      vertex 181.84000000000003 33.668595127761364 68.94321832805872
    endloop
  endfacet
  facet normal 0 0.6989712302385408 -0.7151497880156441
    outer loop
      vertex 138.88000000000002 33.668595127761364 68.94321832805872
      vertex 138.88000000000002 33.94898287951946 69.21726297587156
      vertex 181.84000000000003 33.94898287951946 69.21726297587156
    endloop
  endfacet
  facet normal 0 0.9569403375708344 0.29028467119332607
    outer loop
      vertex 138.88000000000002 33.352240934967995 54.29932825267315
      vertex 181.84000000000003 33.23842944204807 54.67451447248459
      vertex 181.84000000000003 33.352240934967995 54.29932825267315
    endloop
  endfacet
  facet normal 0 0.9951847267853376 0.09801713918082348
    outer loop
      vertex 138.88000000000002 33.23842944204807 54.67451447248459
      vertex 181.84000000000003 33.20000000298023 55.06469511985779
      vertex 181.84000000000003 33.23842944204807 54.67451447248459
    endloop
  endfacet
  facet normal 0 0.6343932961394977 0.7730104435344091
    outer loop
      vertex 138.88000000000002 34.08885953575373 53.40175589174032
      vertex 181.84000000000003 33.78578644245863 53.650481559336185
      vertex 181.84000000000003 34.08885953575373 53.40175589174032
    endloop
  endfacet
  facet normal 0 0.7730104435344091 0.6343932961394977
    outer loop
      vertex 138.88000000000002 33.78578644245863 53.650481559336185
      vertex 181.84000000000003 33.537060774862766 53.95355465263128
      vertex 181.84000000000003 33.78578644245863 53.650481559336185
    endloop
  endfacet
  facet normal 0 0.47139673713269076 0.8819212641844241
    outer loop
      vertex 138.88000000000002 34.43463313579559 53.21693605184555
      vertex 181.84000000000003 34.08885953575373 53.40175589174032
      vertex 181.84000000000003 34.43463313579559 53.21693605184555
    endloop
  endfacet
  facet normal 0 0.29028467119332607 0.9569403375708344
    outer loop
      vertex 138.88000000000002 34.80981935560703 53.10312455892563
      vertex 181.84000000000003 34.43463313579559 53.21693605184555
      vertex 181.84000000000003 34.80981935560703 53.10312455892563
    endloop
  endfacet
  facet normal 0 0.8819212641844241 0.47139673713269076
    outer loop
      vertex 138.88000000000002 33.537060774862766 53.95355465263128
      vertex 181.84000000000003 33.352240934967995 54.29932825267315
      vertex 181.84000000000003 33.537060774862766 53.95355465263128
    endloop
  endfacet
  facet normal 0 0.09801713918082348 0.9951847267853376
    outer loop
      vertex 138.88000000000002 35.20000000298023 53.06469511985779
      vertex 181.84000000000003 34.80981935560703 53.10312455892563
      vertex 181.84000000000003 35.20000000298023 53.06469511985779
    endloop
  endfacet
  facet normal 0 1 0
    outer loop
      vertex 138.88000000000002 33.20000000298023 55.06469511985779
      vertex 181.84000000000003 33.20000000298023 67.65682837367058
      vertex 181.84000000000003 33.20000000298023 55.06469511985779
    endloop
  endfacet
  facet normal 0 0.9984984462299653 -0.05478004085746
    outer loop
      vertex 138.88000000000002 33.20000000298023 67.65682837367058
      vertex 181.84000000000003 33.2120034173131 67.8756195679307
      vertex 181.84000000000003 33.20000000298023 67.65682837367058
    endloop
  endfacet
  facet normal 0 0.9784892719391062 -0.20629770890651652
    outer loop
      vertex 138.88000000000002 33.2120034173131 67.8756195679307
      vertex 181.84000000000003 33.29288626462221 68.2592544555664
      vertex 181.84000000000003 33.2120034173131 67.8756195679307
    endloop
  endfacet
  facet normal 0 0.9194411921313657 -0.3932275349108367
    outer loop
      vertex 138.88000000000002 33.29288626462221 68.2592544555664
      vertex 181.84000000000003 33.44705841690302 68.61973843723536
      vertex 181.84000000000003 33.29288626462221 68.2592544555664
    endloop
  endfacet
  facet normal 0 0.8250595065014482 -0.5650458483447042
    outer loop
      vertex 138.88000000000002 33.44705841690302 68.61973843723536
      vertex 181.84000000000003 33.668595127761364 68.94321832805872
      vertex 181.84000000000003 33.44705841690302 68.61973843723536
    endloop
  endfacet
  facet normal 0 0.6989712302385408 -0.7151497880156441
    outer loop
      vertex 138.88000000000002 33.668595127761364 68.94321832805872
      vertex 181.84000000000003 33.94898287951946 69.21726297587156
      vertex 181.84000000000003 33.668595127761364 68.94321832805872
    endloop
  endfacet
  facet normal 0 0 1
    outer loop
      vertex 138.88000000000002 35.20000000298023 53.06469511985779
      vertex 181.84000000000003 35.20000000298023 53.06469511985779
      vertex 138.88000000000002 60.47205954045057 53.06469511985779
    endloop
  endfacet
  facet normal 0 -0.09801713918082348 0.9951847267853376
    outer loop
      vertex 138.88000000000002 60.47205954045057 53.06469511985779
      vertex 181.84000000000003 60.47205954045057 53.06469511985779
      vertex 138.88000000000002 60.86224018782377 53.10312455892563
    endloop
  endfacet
  facet normal 0 -0.29028467119332607 0.9569403375708344
    outer loop
      vertex 138.88000000000002 60.86224018782377 53.10312455892563
      vertex 181.84000000000003 60.86224018782377 53.10312455892563
      vertex 138.88000000000002 61.23742640763521 53.21693605184555
    endloop
  endfacet
  facet normal 0 -0.47139673713269076 0.8819212641844241
    outer loop
      vertex 138.88000000000002 61.23742640763521 53.21693605184555
      vertex 181.84000000000003 61.23742640763521 53.21693605184555
      vertex 138.88000000000002 61.58320000767708 53.40175589174032
    endloop
  endfacet
  facet normal 0 -0.6000712636235536 0.7999465473225269
    outer loop
      vertex 138.88000000000002 61.58320000767708 53.40175589174032
      vertex 181.84000000000003 61.58320000767708 53.40175589174032
      vertex 138.88000000000002 61.75763475894928 53.53260623663664
    endloop
  endfacet
  facet normal 0 0 1
    outer loop
      vertex 138.88000000000002 60.47205954045057 53.06469511985779
      vertex 181.84000000000003 35.20000000298023 53.06469511985779
      vertex 181.84000000000003 60.47205954045057 53.06469511985779
    endloop
  endfacet
  facet normal 0 -0.09801713918082348 0.9951847267853376
    outer loop
      vertex 138.88000000000002 60.86224018782377 53.10312455892563
      vertex 181.84000000000003 60.47205954045057 53.06469511985779
      vertex 181.84000000000003 60.86224018782377 53.10312455892563
    endloop
  endfacet
  facet normal 0 -0.29028467119332607 0.9569403375708344
    outer loop
      vertex 138.88000000000002 61.23742640763521 53.21693605184555
      vertex 181.84000000000003 60.86224018782377 53.10312455892563
      vertex 181.84000000000003 61.23742640763521 53.21693605184555
    endloop
  endfacet
  facet normal 0 -0.47139673713269076 0.8819212641844241
    outer loop
      vertex 138.88000000000002 61.58320000767708 53.40175589174032
      vertex 181.84000000000003 61.23742640763521 53.21693605184555
      vertex 181.84000000000003 61.58320000767708 53.40175589174032
    endloop
  endfacet
  facet normal 0 -0.6000712636235536 0.7999465473225269
    outer loop
      vertex 138.88000000000002 61.75763475894928 53.53260623663664
      vertex 181.84000000000003 61.58320000767708 53.40175589174032
      vertex 181.84000000000003 61.75763475894928 53.53260623663664
    endloop
  endfacet
  facet normal -1 0 0
    outer loop
      vertex 181.84000000000003 33.20000000298023 55.06469511985779
      vertex 181.84000000000003 33.20000000298023 67.65682837367058
      vertex 181.84000000000003 33.94898287951946 69.21726297587156
    endloop
  endfacet
  facet normal -1 0 0
    outer loop
      vertex 181.84000000000003 33.20000000298023 67.65682837367058
      vertex 181.84000000000003 33.2120034173131 67.8756195679307
      vertex 181.84000000000003 33.94898287951946 69.21726297587156
    endloop
  endfacet
  facet normal -1 0 0
    outer loop
      vertex 181.84000000000003 33.2120034173131 67.8756195679307
      vertex 181.84000000000003 33.29288626462221 68.2592544555664
      vertex 181.84000000000003 33.94898287951946 69.21726297587156
    endloop
  endfacet
  facet normal -1 0 0
    outer loop
      vertex 181.84000000000003 33.29288626462221 68.2592544555664
      vertex 181.84000000000003 33.44705841690302 68.61973843723536
      vertex 181.84000000000003 33.94898287951946 69.21726297587156
    endloop
  endfacet
  facet normal -1 0 0
    outer loop
      vertex 181.84000000000003 33.44705841690302 68.61973843723536
      vertex 181.84000000000003 33.668595127761364 68.94321832805872
      vertex 181.84000000000003 33.94898287951946 69.21726297587156
    endloop
  endfacet
  facet normal -1 0 0
    outer loop
      vertex 181.84000000000003 34.43463313579559 53.21693605184555
      vertex 181.84000000000003 57.94898287951946 88.45831988751888
      vertex 181.84000000000003 34.80981935560703 53.10312455892563
    endloop
  endfacet
  facet normal -1 0 0
    outer loop
      vertex 181.84000000000003 33.78578644245863 53.650481559336185
      vertex 181.84000000000003 57.94898287951946 88.45831988751888
      vertex 181.84000000000003 34.08885953575373 53.40175589174032
    endloop
  endfacet
  facet normal -1 0 0
    outer loop
      vertex 181.84000000000003 33.537060774862766 53.95355465263128
      vertex 181.84000000000003 57.94898287951946 88.45831988751888
      vertex 181.84000000000003 33.78578644245863 53.650481559336185
    endloop
  endfacet
  facet normal -1 0 0
    outer loop
      vertex 181.84000000000003 33.352240934967995 54.29932825267315
      vertex 181.84000000000003 33.23842944204807 54.67451447248459
      vertex 181.84000000000003 57.94898287951946 88.45831988751888
    endloop
  endfacet
  facet normal -1 0 0
    outer loop
      vertex 181.84000000000003 33.352240934967995 54.29932825267315
      vertex 181.84000000000003 57.94898287951946 88.45831988751888
      vertex 181.84000000000003 33.537060774862766 53.95355465263128
    endloop
  endfacet
  facet normal -1 0 0
    outer loop
      vertex 181.84000000000003 33.23842944204807 54.67451447248459
      vertex 181.84000000000003 33.20000000298023 55.06469511985779
      vertex 181.84000000000003 57.94898287951946 88.45831988751888
    endloop
  endfacet
  facet normal -1 0 0
    outer loop
      vertex 181.84000000000003 34.08885953575373 53.40175589174032
      vertex 181.84000000000003 57.94898287951946 88.45831988751888
      vertex 181.84000000000003 34.43463313579559 53.21693605184555
    endloop
  endfacet
  facet normal 1 0 0
    outer loop
      vertex 138.88000000000002 33.20000000298023 55.06469511985779
      vertex 138.88000000000002 57.94898287951946 88.45831988751888
      vertex 138.88000000000002 33.94898287951946 69.21726297587156
    endloop
  endfacet
  facet normal 0 0.6255085627533582 -0.7802173017321703
    outer loop
      vertex 138.88000000000002 33.94898287951946 69.21726297587156
      vertex 181.84000000000003 57.94898287951946 88.45831988751888
      vertex 181.84000000000003 33.94898287951946 69.21726297587156
    endloop
  endfacet
  facet normal 1 0 0
    outer loop
      vertex 138.88000000000002 34.80981935560703 53.10312455892563
      vertex 138.88000000000002 61.269475877285004 85.39521923661232
      vertex 138.88000000000002 61.20929782837629 85.46854640543461
    endloop
  endfacet
  facet normal 1 0 0
    outer loop
      vertex 138.88000000000002 34.80981935560703 53.10312455892563
      vertex 138.88000000000002 61.20929782837629 85.46854640543461
      vertex 138.88000000000002 61.20000000298023 85.56294881552458
    endloop
  endfacet
  facet normal 1 0 0
    outer loop
      vertex 138.88000000000002 34.80981935560703 53.10312455892563
      vertex 138.88000000000002 63.530524119734764 83.13417099416256
      vertex 138.88000000000002 61.269475877285004 85.39521923661232
    endloop
  endfacet
  facet normal 1 0 0
    outer loop
      vertex 138.88000000000002 34.80981935560703 53.10312455892563
      vertex 138.88000000000002 58.08885953575373 88.56082451343536
      vertex 138.88000000000002 57.94898287951946 88.45831988751888
    endloop
  endfacet
  facet normal 1 0 0
    outer loop
      vertex 138.88000000000002 34.80981935560703 53.10312455892563
      vertex 138.88000000000002 58.43463313579559 88.74564435333014
      vertex 138.88000000000002 58.08885953575373 88.56082451343536
    endloop
  endfacet
  facet normal 1 0 0
    outer loop
      vertex 138.88000000000002 34.80981935560703 53.10312455892563
      vertex 138.88000000000002 58.80981935560703 88.85945584625006
      vertex 138.88000000000002 58.43463313579559 88.74564435333014
    endloop
  endfacet
  facet normal 1 0 0
    outer loop
      vertex 138.88000000000002 34.80981935560703 53.10312455892563
      vertex 138.88000000000002 59.20000000298023 88.8978852853179
      vertex 138.88000000000002 58.80981935560703 88.85945584625006
    endloop
  endfacet
  facet normal 1 0 0
    outer loop
      vertex 138.88000000000002 34.80981935560703 53.10312455892563
      vertex 138.88000000000002 59.59018065035343 88.85945584625006
      vertex 138.88000000000002 59.20000000298023 88.8978852853179
    endloop
  endfacet
  facet normal 1 0 0
    outer loop
      vertex 138.88000000000002 34.80981935560703 53.10312455892563
      vertex 138.88000000000002 60.31114047020674 88.56082451343536
      vertex 138.88000000000002 59.96536687016487 88.74564435333014
    endloop
  endfacet
  facet normal 1 0 0
    outer loop
      vertex 138.88000000000002 34.80981935560703 53.10312455892563
      vertex 138.88000000000002 59.96536687016487 88.74564435333014
      vertex 138.88000000000002 59.59018065035343 88.85945584625006
    endloop
  endfacet
  facet normal 1 0 0
    outer loop
      vertex 138.88000000000002 34.80981935560703 53.10312455892563
      vertex 138.88000000000002 60.614213563501835 88.3120988458395
      vertex 138.88000000000002 60.31114047020674 88.56082451343536
    endloop
  endfacet
  facet normal 1 0 0
    outer loop
      vertex 138.88000000000002 34.80981935560703 53.10312455892563
      vertex 138.88000000000002 61.20000000298023 85.56294881552458
      vertex 138.88000000000002 61.20000000298023 86.8978852853179
    endloop
  endfacet
  facet normal 1 0 0
    outer loop
      vertex 138.88000000000002 34.80981935560703 53.10312455892563
      vertex 138.88000000000002 61.20000000298023 86.8978852853179
      vertex 138.88000000000002 61.16157056391239 87.2880659326911
    endloop
  endfacet
  facet normal 1 0 0
    outer loop
      vertex 138.88000000000002 34.80981935560703 53.10312455892563
      vertex 138.88000000000002 61.16157056391239 87.2880659326911
      vertex 138.88000000000002 61.04775907099247 87.66325215250254
    endloop
  endfacet
  facet normal 1 0 0
    outer loop
      vertex 138.88000000000002 34.80981935560703 53.10312455892563
      vertex 138.88000000000002 61.04775907099247 87.66325215250254
      vertex 138.88000000000002 60.8629392310977 88.0090257525444
    endloop
  endfacet
  facet normal 1 0 0
    outer loop
      vertex 138.88000000000002 34.80981935560703 53.10312455892563
      vertex 138.88000000000002 60.8629392310977 88.0090257525444
      vertex 138.88000000000002 60.614213563501835 88.3120988458395
    endloop
  endfacet
  facet normal 1 0 0
    outer loop
      vertex 138.88000000000002 34.80981935560703 53.10312455892563
      vertex 138.88000000000002 63.59218184649944 83.08356980234385
      vertex 138.88000000000002 63.530524119734764 83.13417099416256
    endloop
  endfacet
  facet normal 1 0 0
    outer loop
      vertex 138.88000000000002 34.80981935560703 53.10312455892563
      vertex 138.88000000000002 35.20000000298023 53.06469511985779
      vertex 138.88000000000002 122.75128470947412 138
    endloop
  endfacet
  facet normal 1 0 0
    outer loop
      vertex 138.88000000000002 35.20000000298023 53.06469511985779
      vertex 138.88000000000002 60.47205954045057 53.06469511985779
      vertex 138.88000000000002 122.75128470947412 138
    endloop
  endfacet
  facet normal 1 0 0
    outer loop
      vertex 138.88000000000002 60.47205954045057 53.06469511985779
      vertex 138.88000000000002 60.86224018782377 53.10312455892563
      vertex 138.88000000000002 122.75128470947412 138
    endloop
  endfacet
  facet normal 1 0 0
    outer loop
      vertex 138.88000000000002 60.86224018782377 53.10312455892563
      vertex 138.88000000000002 61.23742640763521 53.21693605184555
      vertex 138.88000000000002 122.75128470947412 138
    endloop
  endfacet
  facet normal 1 0 0
    outer loop
      vertex 138.88000000000002 61.23742640763521 53.21693605184555
      vertex 138.88000000000002 61.58320000767708 53.40175589174032
      vertex 138.88000000000002 122.75128470947412 138
    endloop
  endfacet
  facet normal 1 0 0
    outer loop
      vertex 138.88000000000002 61.58320000767708 53.40175589174032
      vertex 138.88000000000002 61.75763475894928 53.53260623663664
      vertex 138.88000000000002 122.75128470947412 138
    endloop
  endfacet
  facet normal 1 0 0
    outer loop
      vertex 138.88000000000002 34.80981935560703 53.10312455892563
      vertex 138.88000000000002 122.75128470947412 138
      vertex 138.88000000000002 63.59218184649944 83.08356980234385
    endloop
  endfacet
  facet normal 1 0 0
    outer loop
      vertex 138.88000000000002 63.59218184649944 83.08356980234385
      vertex 138.88000000000002 122.75128470947412 138
      vertex 138.88000000000002 63.600000001490116 83.1629488170147
    endloop
  endfacet
  facet normal 0 0.6255085627533582 -0.7802173017321703
    outer loop
      vertex 138.88000000000002 33.94898287951946 69.21726297587156
      vertex 138.88000000000002 57.94898287951946 88.45831988751888
      vertex 181.84000000000003 57.94898287951946 88.45831988751888
    endloop
  endfacet
  facet normal 0 -0.6343933079284213 -0.7730104338594889
    outer loop
      vertex 138.88000000000002 63.530524119734764 83.13417099416256
      vertex 138.88000000000002 63.59218184649944 83.08356980234385
      vertex 181.84000000000003 63.59218184649944 83.08356980234385
    endloop
  endfacet
  facet normal 0 0.9951847212440323 -0.09801719544262533
    outer loop
      vertex 138.88000000000002 63.59218184649944 83.08356980234385
      vertex 138.88000000000002 63.600000001490116 83.1629488170147
      vertex 181.84000000000003 63.600000001490116 83.1629488170147
    endloop
  endfacet
  facet normal 0 -0.9951847271390507 -0.09801713558951387
    outer loop
      vertex 138.88000000000002 61.20929782837629 85.46854640543461
      vertex 181.84000000000003 61.20929782837629 85.46854640543461
      vertex 138.88000000000002 61.20000000298023 85.56294881552458
    endloop
  endfacet
  facet normal 0 -0.7730104706049635 -0.634393263153931
    outer loop
      vertex 138.88000000000002 61.20929782837629 85.46854640543461
      vertex 138.88000000000002 61.269475877285004 85.39521923661232
      vertex 181.84000000000003 61.269475877285004 85.39521923661232
    endloop
  endfacet
  facet normal 0 -1 0
    outer loop
      vertex 138.88000000000002 61.20000000298023 85.56294881552458
      vertex 181.84000000000003 61.20000000298023 85.56294881552458
      vertex 138.88000000000002 61.20000000298023 86.8978852853179
    endloop
  endfacet
  facet normal 0 -0.9951847267853376 -0.09801713918082348
    outer loop
      vertex 138.88000000000002 61.20000000298023 86.8978852853179
      vertex 181.84000000000003 61.20000000298023 86.8978852853179
      vertex 138.88000000000002 61.16157056391239 87.2880659326911
    endloop
  endfacet
  facet normal 0 -0.9569403375708344 -0.29028467119332607
    outer loop
      vertex 138.88000000000002 61.16157056391239 87.2880659326911
      vertex 181.84000000000003 61.16157056391239 87.2880659326911
      vertex 138.88000000000002 61.04775907099247 87.66325215250254
    endloop
  endfacet
  facet normal 0 -0.8819212641844241 -0.47139673713269076
    outer loop
      vertex 138.88000000000002 60.8629392310977 88.0090257525444
      vertex 138.88000000000002 61.04775907099247 87.66325215250254
      vertex 181.84000000000003 61.04775907099247 87.66325215250254
    endloop
  endfacet
  facet normal 0 -0.7730104435344091 -0.6343932961394977
    outer loop
      vertex 138.88000000000002 60.8629392310977 88.0090257525444
      vertex 181.84000000000003 60.8629392310977 88.0090257525444
      vertex 138.88000000000002 60.614213563501835 88.3120988458395
    endloop
  endfacet
  facet normal 0 -0.7071067811865476 -0.7071067811865476
    outer loop
      vertex 138.88000000000002 63.530524119734764 83.13417099416256
      vertex 181.84000000000003 63.530524119734764 83.13417099416256
      vertex 138.88000000000002 61.269475877285004 85.39521923661232
    endloop
  endfacet
  facet normal 0 0.9951847212440323 -0.09801719544262533
    outer loop
      vertex 138.88000000000002 63.59218184649944 83.08356980234385
      vertex 181.84000000000003 63.600000001490116 83.1629488170147
      vertex 181.84000000000003 63.59218184649944 83.08356980234385
    endloop
  endfacet
  facet normal 0 -0.6343933079284213 -0.7730104338594889
    outer loop
      vertex 138.88000000000002 63.530524119734764 83.13417099416256
      vertex 181.84000000000003 63.59218184649944 83.08356980234385
      vertex 181.84000000000003 63.530524119734764 83.13417099416256
    endloop
  endfacet
  facet normal 0 -0.9951847271390507 -0.09801713558951387
    outer loop
      vertex 138.88000000000002 61.20000000298023 85.56294881552458
      vertex 181.84000000000003 61.20929782837629 85.46854640543461
      vertex 181.84000000000003 61.20000000298023 85.56294881552458
    endloop
  endfacet
  facet normal 0 -0.7730104706049635 -0.634393263153931
    outer loop
      vertex 138.88000000000002 61.20929782837629 85.46854640543461
      vertex 181.84000000000003 61.269475877285004 85.39521923661232
      vertex 181.84000000000003 61.20929782837629 85.46854640543461
    endloop
  endfacet
  facet normal 0 -1 0
    outer loop
      vertex 138.88000000000002 61.20000000298023 86.8978852853179
      vertex 181.84000000000003 61.20000000298023 85.56294881552458
      vertex 181.84000000000003 61.20000000298023 86.8978852853179
    endloop
  endfacet
  facet normal 0 -0.9951847267853376 -0.09801713918082348
    outer loop
      vertex 138.88000000000002 61.16157056391239 87.2880659326911
      vertex 181.84000000000003 61.20000000298023 86.8978852853179
      vertex 181.84000000000003 61.16157056391239 87.2880659326911
    endloop
  endfacet
  facet normal 0 -0.9569403375708344 -0.29028467119332607
    outer loop
      vertex 138.88000000000002 61.04775907099247 87.66325215250254
      vertex 181.84000000000003 61.16157056391239 87.2880659326911
      vertex 181.84000000000003 61.04775907099247 87.66325215250254
    endloop
  endfacet
  facet normal 0 -0.8819212641844241 -0.47139673713269076
    outer loop
      vertex 138.88000000000002 60.8629392310977 88.0090257525444
      vertex 181.84000000000003 61.04775907099247 87.66325215250254
      vertex 181.84000000000003 60.8629392310977 88.0090257525444
    endloop
  endfacet
  facet normal 0 -0.7071067811865476 -0.7071067811865476
    outer loop
      vertex 138.88000000000002 61.269475877285004 85.39521923661232
      vertex 181.84000000000003 63.530524119734764 83.13417099416256
      vertex 181.84000000000003 61.269475877285004 85.39521923661232
    endloop
  endfacet
  facet normal 0 0.5910951801371412 -0.8066018150355482
    outer loop
      vertex 138.88000000000002 57.94898287951946 88.45831988751888
      vertex 138.88000000000002 58.08885953575373 88.56082451343536
      vertex 181.84000000000003 58.08885953575373 88.56082451343536
    endloop
  endfacet
  facet normal 0 0.47139673713269076 -0.8819212641844241
    outer loop
      vertex 138.88000000000002 58.08885953575373 88.56082451343536
      vertex 138.88000000000002 58.43463313579559 88.74564435333014
      vertex 181.84000000000003 58.43463313579559 88.74564435333014
    endloop
  endfacet
  facet normal 0 0.29028467119332607 -0.9569403375708344
    outer loop
      vertex 138.88000000000002 58.43463313579559 88.74564435333014
      vertex 138.88000000000002 58.80981935560703 88.85945584625006
      vertex 181.84000000000003 58.80981935560703 88.85945584625006
    endloop
  endfacet
  facet normal 0 0.09801713918082348 -0.9951847267853376
    outer loop
      vertex 138.88000000000002 58.80981935560703 88.85945584625006
      vertex 138.88000000000002 59.20000000298023 88.8978852853179
      vertex 181.84000000000003 59.20000000298023 88.8978852853179
    endloop
  endfacet
  facet normal 0 -0.09801713918082348 -0.9951847267853376
    outer loop
      vertex 138.88000000000002 59.20000000298023 88.8978852853179
      vertex 138.88000000000002 59.59018065035343 88.85945584625006
      vertex 181.84000000000003 59.59018065035343 88.85945584625006
    endloop
  endfacet
  facet normal 0 -0.29028467119332607 -0.9569403375708344
    outer loop
      vertex 138.88000000000002 59.59018065035343 88.85945584625006
      vertex 138.88000000000002 59.96536687016487 88.74564435333014
      vertex 181.84000000000003 59.96536687016487 88.74564435333014
    endloop
  endfacet
  facet normal 0 -0.47139673713269076 -0.8819212641844241
    outer loop
      vertex 138.88000000000002 59.96536687016487 88.74564435333014
      vertex 138.88000000000002 60.31114047020674 88.56082451343536
      vertex 181.84000000000003 60.31114047020674 88.56082451343536
    endloop
  endfacet
  facet normal 0 -0.6343932961394977 -0.7730104435344091
    outer loop
      vertex 138.88000000000002 60.31114047020674 88.56082451343536
      vertex 138.88000000000002 60.614213563501835 88.3120988458395
      vertex 181.84000000000003 60.614213563501835 88.3120988458395
    endloop
  endfacet
  facet normal 0 0.5910951801371412 -0.8066018150355482
    outer loop
      vertex 138.88000000000002 57.94898287951946 88.45831988751888
      vertex 181.84000000000003 58.08885953575373 88.56082451343536
      vertex 181.84000000000003 57.94898287951946 88.45831988751888
    endloop
  endfacet
  facet normal 0 0.47139673713269076 -0.8819212641844241
    outer loop
      vertex 138.88000000000002 58.08885953575373 88.56082451343536
      vertex 181.84000000000003 58.43463313579559 88.74564435333014
      vertex 181.84000000000003 58.08885953575373 88.56082451343536
    endloop
  endfacet
  facet normal 0 0.29028467119332607 -0.9569403375708344
    outer loop
      vertex 138.88000000000002 58.43463313579559 88.74564435333014
      vertex 181.84000000000003 58.80981935560703 88.85945584625006
      vertex 181.84000000000003 58.43463313579559 88.74564435333014
    endloop
  endfacet
  facet normal 0 0.09801713918082348 -0.9951847267853376
    outer loop
      vertex 138.88000000000002 58.80981935560703 88.85945584625006
      vertex 181.84000000000003 59.20000000298023 88.8978852853179
      vertex 181.84000000000003 58.80981935560703 88.85945584625006
    endloop
  endfacet
  facet normal 0 -0.09801713918082348 -0.9951847267853376
    outer loop
      vertex 138.88000000000002 59.20000000298023 88.8978852853179
      vertex 181.84000000000003 59.59018065035343 88.85945584625006
      vertex 181.84000000000003 59.20000000298023 88.8978852853179
    endloop
  endfacet
  facet normal 0 -0.29028467119332607 -0.9569403375708344
    outer loop
      vertex 138.88000000000002 59.59018065035343 88.85945584625006
      vertex 181.84000000000003 59.96536687016487 88.74564435333014
      vertex 181.84000000000003 59.59018065035343 88.85945584625006
    endloop
  endfacet
  facet normal 0 -0.7730104435344091 -0.6343932961394977
    outer loop
      vertex 138.88000000000002 60.614213563501835 88.3120988458395
      vertex 181.84000000000003 60.8629392310977 88.0090257525444
      vertex 181.84000000000003 60.614213563501835 88.3120988458395
    endloop
  endfacet
  facet normal 0 -0.6343932961394977 -0.7730104435344091
    outer loop
      vertex 138.88000000000002 60.31114047020674 88.56082451343536
      vertex 181.84000000000003 60.614213563501835 88.3120988458395
      vertex 181.84000000000003 60.31114047020674 88.56082451343536
    endloop
  endfacet
  facet normal 0 -0.47139673713269076 -0.8819212641844241
    outer loop
      vertex 138.88000000000002 59.96536687016487 88.74564435333014
      vertex 181.84000000000003 60.31114047020674 88.56082451343536
      vertex 181.84000000000003 59.96536687016487 88.74564435333014
    endloop
  endfacet
  facet normal 0 1 0
    outer loop
      vertex 138.88000000000002 63.600000001490116 83.1629488170147
      vertex 181.84000000000003 63.600000001490116 134.1715728789568
      vertex 181.84000000000003 63.600000001490116 83.1629488170147
    endloop
  endfacet
  facet normal 0 -0.6427876097338274 0.7660444430792985
    outer loop
      vertex 138.88000000000002 61.75763475894928 53.53260623663664
      vertex 181.84000000000003 61.75763475894928 53.53260623663664
      vertex 138.88000000000002 132.56457280367613 112.94668184220791
    endloop
  endfacet
  facet normal 1 0 0
    outer loop
      vertex 138.88000000000002 63.600000001490116 83.1629488170147
      vertex 138.88000000000002 122.75128470947412 138
      vertex 138.88000000000002 63.600000001490116 134.1715728789568
    endloop
  endfacet
  facet normal 1 0 0
    outer loop
      vertex 138.88000000000002 63.600000001490116 134.1715728789568
      vertex 138.88000000000002 122.75128470947412 138
      vertex 138.88000000000002 63.63842944055796 134.56175352633
    endloop
  endfacet
  facet normal 1 0 0
    outer loop
      vertex 138.88000000000002 63.63842944055796 134.56175352633
      vertex 138.88000000000002 122.75128470947412 138
      vertex 138.88000000000002 63.75224093347788 134.93693974614143
    endloop
  endfacet
  facet normal 1 0 0
    outer loop
      vertex 138.88000000000002 63.75224093347788 134.93693974614143
      vertex 138.88000000000002 122.75128470947412 138
      vertex 138.88000000000002 63.93706077337265 135.2827133461833
    endloop
  endfacet
  facet normal 1 0 0
    outer loop
      vertex 138.88000000000002 63.93706077337265 135.2827133461833
      vertex 138.88000000000002 122.75128470947412 138
      vertex 138.88000000000002 64.18578644096851 135.5857864394784
    endloop
  endfacet
  facet normal 1 0 0
    outer loop
      vertex 138.88000000000002 64.18578644096851 135.5857864394784
      vertex 138.88000000000002 122.75128470947412 138
      vertex 138.88000000000002 66.39999999850988 137.79999999701977
    endloop
  endfacet
  facet normal 1 0 0
    outer loop
      vertex 138.88000000000002 66.39999999850988 137.79999999701977
      vertex 138.88000000000002 122.75128470947412 138
      vertex 138.88000000000002 66.53052411973476 137.93052411824465
    endloop
  endfacet
  facet normal 1 0 0
    outer loop
      vertex 138.88000000000002 66.53052411973476 137.93052411824465
      vertex 138.88000000000002 122.75128470947412 138
      vertex 138.88000000000002 66.58754149920541 138
    endloop
  endfacet
  facet normal 0 1 0
    outer loop
      vertex 138.88000000000002 63.600000001490116 83.1629488170147
      vertex 138.88000000000002 63.600000001490116 134.1715728789568
      vertex 181.84000000000003 63.600000001490116 134.1715728789568
    endloop
  endfacet
  facet normal 0 0.9951847267853376 -0.09801713918082348
    outer loop
      vertex 138.88000000000002 63.600000001490116 134.1715728789568
      vertex 138.88000000000002 63.63842944055796 134.56175352633
      vertex 181.84000000000003 63.63842944055796 134.56175352633
    endloop
  endfacet
  facet normal 0 0.9569403375708344 -0.29028467119332607
    outer loop
      vertex 138.88000000000002 63.63842944055796 134.56175352633
      vertex 138.88000000000002 63.75224093347788 134.93693974614143
      vertex 181.84000000000003 63.75224093347788 134.93693974614143
    endloop
  endfacet
  facet normal 0 0.8819212641844241 -0.47139673713269076
    outer loop
      vertex 138.88000000000002 63.75224093347788 134.93693974614143
      vertex 138.88000000000002 63.93706077337265 135.2827133461833
      vertex 181.84000000000003 63.93706077337265 135.2827133461833
    endloop
  endfacet
  facet normal 0 0.9951847267853376 -0.09801713918082348
    outer loop
      vertex 138.88000000000002 63.600000001490116 134.1715728789568
      vertex 181.84000000000003 63.63842944055796 134.56175352633
      vertex 181.84000000000003 63.600000001490116 134.1715728789568
    endloop
  endfacet
  facet normal 0 0.9569403375708344 -0.29028467119332607
    outer loop
      vertex 138.88000000000002 63.63842944055796 134.56175352633
      vertex 181.84000000000003 63.75224093347788 134.93693974614143
      vertex 181.84000000000003 63.63842944055796 134.56175352633
    endloop
  endfacet
  facet normal 0 0.8819212641844241 -0.47139673713269076
    outer loop
      vertex 138.88000000000002 63.75224093347788 134.93693974614143
      vertex 181.84000000000003 63.93706077337265 135.2827133461833
      vertex 181.84000000000003 63.75224093347788 134.93693974614143
    endloop
  endfacet
  facet normal 0 0.7730104435344091 -0.6343932961394977
    outer loop
      vertex 138.88000000000002 63.93706077337265 135.2827133461833
      vertex 181.84000000000003 64.18578644096851 135.5857864394784
      vertex 181.84000000000003 63.93706077337265 135.2827133461833
    endloop
  endfacet
  facet normal 0 0.7730104435344091 -0.6343932961394977
    outer loop
      vertex 138.88000000000002 63.93706077337265 135.2827133461833
      vertex 138.88000000000002 64.18578644096851 135.5857864394784
      vertex 181.84000000000003 64.18578644096851 135.5857864394784
    endloop
  endfacet
  facet normal 0 0.7071067811865476 -0.7071067811865476
    outer loop
      vertex 138.88000000000002 64.18578644096851 135.5857864394784
      vertex 138.88000000000002 66.39999999850988 137.79999999701977
      vertex 181.84000000000003 64.18578644096851 135.5857864394784
    endloop
  endfacet
  facet normal 0 0.7071067811865476 -0.7071067811865476
    outer loop
      vertex 138.88000000000002 66.39999999850988 137.79999999701977
      vertex 181.84000000000003 66.39999999850988 137.79999999701977
      vertex 181.84000000000003 64.18578644096851 135.5857864394784
    endloop
  endfacet
  facet normal -1 0 0
    outer loop
      vertex 181.84000000000003 33.20000000298023 55.06469511985779
      vertex 181.84000000000003 33.94898287951946 69.21726297587156
      vertex 181.84000000000003 57.94898287951946 88.45831988751888
    endloop
  endfacet
  facet normal -1 0 0
    outer loop
      vertex 181.84000000000003 34.80981935560703 53.10312455892563
      vertex 181.84000000000003 61.20929782837629 85.46854640543461
      vertex 181.84000000000003 61.269475877285004 85.39521923661232
    endloop
  endfacet
  facet normal -1 0 0
    outer loop
      vertex 181.84000000000003 34.80981935560703 53.10312455892563
      vertex 181.84000000000003 61.20000000298023 85.56294881552458
      vertex 181.84000000000003 61.20929782837629 85.46854640543461
    endloop
  endfacet
  facet normal -1 0 0
    outer loop
      vertex 181.84000000000003 34.80981935560703 53.10312455892563
      vertex 181.84000000000003 61.269475877285004 85.39521923661232
      vertex 181.84000000000003 63.530524119734764 83.13417099416256
    endloop
  endfacet
  facet normal -1 0 0
    outer loop
      vertex 181.84000000000003 34.80981935560703 53.10312455892563
      vertex 181.84000000000003 57.94898287951946 88.45831988751888
      vertex 181.84000000000003 58.08885953575373 88.56082451343536
    endloop
  endfacet
  facet normal -1 0 0
    outer loop
      vertex 181.84000000000003 34.80981935560703 53.10312455892563
      vertex 181.84000000000003 58.08885953575373 88.56082451343536
      vertex 181.84000000000003 58.43463313579559 88.74564435333014
    endloop
  endfacet
  facet normal -1 0 0
    outer loop
      vertex 181.84000000000003 34.80981935560703 53.10312455892563
      vertex 181.84000000000003 58.43463313579559 88.74564435333014
      vertex 181.84000000000003 58.80981935560703 88.85945584625006
    endloop
  endfacet
  facet normal -1 0 0
    outer loop
      vertex 181.84000000000003 34.80981935560703 53.10312455892563
      vertex 181.84000000000003 58.80981935560703 88.85945584625006
      vertex 181.84000000000003 59.20000000298023 88.8978852853179
    endloop
  endfacet
  facet normal -1 0 0
    outer loop
      vertex 181.84000000000003 34.80981935560703 53.10312455892563
      vertex 181.84000000000003 59.20000000298023 88.8978852853179
      vertex 181.84000000000003 59.59018065035343 88.85945584625006
    endloop
  endfacet
  facet normal -1 0 0
    outer loop
      vertex 181.84000000000003 34.80981935560703 53.10312455892563
      vertex 181.84000000000003 59.96536687016487 88.74564435333014
      vertex 181.84000000000003 60.31114047020674 88.56082451343536
    endloop
  endfacet
  facet normal -1 0 0
    outer loop
      vertex 181.84000000000003 34.80981935560703 53.10312455892563
      vertex 181.84000000000003 59.59018065035343 88.85945584625006
      vertex 181.84000000000003 59.96536687016487 88.74564435333014
    endloop
  endfacet
  facet normal -1 0 0
    outer loop
      vertex 181.84000000000003 34.80981935560703 53.10312455892563
      vertex 181.84000000000003 60.31114047020674 88.56082451343536
      vertex 181.84000000000003 60.614213563501835 88.3120988458395
    endloop
  endfacet
  facet normal -1 0 0
    outer loop
      vertex 181.84000000000003 34.80981935560703 53.10312455892563
      vertex 181.84000000000003 61.20000000298023 86.8978852853179
      vertex 181.84000000000003 61.20000000298023 85.56294881552458
    endloop
  endfacet
  facet normal -1 0 0
    outer loop
      vertex 181.84000000000003 34.80981935560703 53.10312455892563
      vertex 181.84000000000003 61.16157056391239 87.2880659326911
      vertex 181.84000000000003 61.20000000298023 86.8978852853179
    endloop
  endfacet
  facet normal -1 0 0
    outer loop
      vertex 181.84000000000003 34.80981935560703 53.10312455892563
      vertex 181.84000000000003 61.04775907099247 87.66325215250254
      vertex 181.84000000000003 61.16157056391239 87.2880659326911
    endloop
  endfacet
  facet normal -1 0 0
    outer loop
      vertex 181.84000000000003 34.80981935560703 53.10312455892563
      vertex 181.84000000000003 60.8629392310977 88.0090257525444
      vertex 181.84000000000003 61.04775907099247 87.66325215250254
    endloop
  endfacet
  facet normal -1 0 0
    outer loop
      vertex 181.84000000000003 34.80981935560703 53.10312455892563
      vertex 181.84000000000003 60.614213563501835 88.3120988458395
      vertex 181.84000000000003 60.8629392310977 88.0090257525444
    endloop
  endfacet
  facet normal -1 0 0
    outer loop
      vertex 181.84000000000003 34.80981935560703 53.10312455892563
      vertex 181.84000000000003 63.530524119734764 83.13417099416256
      vertex 181.84000000000003 63.59218184649944 83.08356980234385
    endloop
  endfacet
  facet normal -1 0 0
    outer loop
      vertex 181.84000000000003 34.80981935560703 53.10312455892563
      vertex 181.84000000000003 122.75128470947412 138
      vertex 181.84000000000003 35.20000000298023 53.06469511985779
    endloop
  endfacet
  facet normal -1 0 0
    outer loop
      vertex 181.84000000000003 35.20000000298023 53.06469511985779
      vertex 181.84000000000003 122.75128470947412 138
      vertex 181.84000000000003 60.47205954045057 53.06469511985779
    endloop
  endfacet
  facet normal -1 0 0
    outer loop
      vertex 181.84000000000003 60.47205954045057 53.06469511985779
      vertex 181.84000000000003 122.75128470947412 138
      vertex 181.84000000000003 60.86224018782377 53.10312455892563
    endloop
  endfacet
  facet normal -1 0 0
    outer loop
      vertex 181.84000000000003 60.86224018782377 53.10312455892563
      vertex 181.84000000000003 122.75128470947412 138
      vertex 181.84000000000003 61.23742640763521 53.21693605184555
    endloop
  endfacet
  facet normal -1 0 0
    outer loop
      vertex 181.84000000000003 61.23742640763521 53.21693605184555
      vertex 181.84000000000003 122.75128470947412 138
      vertex 181.84000000000003 61.58320000767708 53.40175589174032
    endloop
  endfacet
  facet normal -1 0 0
    outer loop
      vertex 181.84000000000003 61.58320000767708 53.40175589174032
      vertex 181.84000000000003 122.75128470947412 138
      vertex 181.84000000000003 61.75763475894928 53.53260623663664
    endloop
  endfacet
  facet normal -1 0 0
    outer loop
      vertex 181.84000000000003 34.80981935560703 53.10312455892563
      vertex 181.84000000000003 63.59218184649944 83.08356980234385
      vertex 181.84000000000003 122.75128470947412 138
    endloop
  endfacet
  facet normal -1 0 0
    outer loop
      vertex 181.84000000000003 63.59218184649944 83.08356980234385
      vertex 181.84000000000003 63.600000001490116 83.1629488170147
      vertex 181.84000000000003 122.75128470947412 138
    endloop
  endfacet
  facet normal -1 0 0
    outer loop
      vertex 181.84000000000003 63.600000001490116 83.1629488170147
      vertex 181.84000000000003 63.600000001490116 134.1715728789568
      vertex 181.84000000000003 122.75128470947412 138
    endloop
  endfacet
  facet normal -1 0 0
    outer loop
      vertex 181.84000000000003 63.600000001490116 134.1715728789568
      vertex 181.84000000000003 63.63842944055796 134.56175352633
      vertex 181.84000000000003 122.75128470947412 138
    endloop
  endfacet
  facet normal -1 0 0
    outer loop
      vertex 181.84000000000003 63.63842944055796 134.56175352633
      vertex 181.84000000000003 63.75224093347788 134.93693974614143
      vertex 181.84000000000003 122.75128470947412 138
    endloop
  endfacet
  facet normal -1 0 0
    outer loop
      vertex 181.84000000000003 63.75224093347788 134.93693974614143
      vertex 181.84000000000003 63.93706077337265 135.2827133461833
      vertex 181.84000000000003 122.75128470947412 138
    endloop
  endfacet
  facet normal -1 0 0
    outer loop
      vertex 181.84000000000003 63.93706077337265 135.2827133461833
      vertex 181.84000000000003 64.18578644096851 135.5857864394784
      vertex 181.84000000000003 122.75128470947412 138
    endloop
  endfacet
  facet normal -1 0 0
    outer loop
      vertex 181.84000000000003 64.18578644096851 135.5857864394784
      vertex 181.84000000000003 66.39999999850988 137.79999999701977
      vertex 181.84000000000003 122.75128470947412 138
    endloop
  endfacet
  facet normal -1 0 0
    outer loop
      vertex 181.84000000000003 66.39999999850988 137.79999999701977
      vertex 181.84000000000003 66.53052411973476 137.93052411824465
      vertex 181.84000000000003 122.75128470947412 138
    endloop
  endfacet
  facet normal -1 0 0
    outer loop
      vertex 181.84000000000003 66.53052411973476 137.93052411824465
      vertex 181.84000000000003 66.58754149920541 138
      vertex 181.84000000000003 122.75128470947412 138
    endloop
  endfacet
  facet normal 1 0 0
    outer loop
      vertex 138.88000000000002 61.75763475894928 53.53260623663664
      vertex 138.88000000000002 132.56457280367613 112.94668184220791
      vertex 138.88000000000002 126.86779916286469 134.4080934524536
    endloop
  endfacet
  facet normal 0 -0.6427876097338274 0.7660444430792985
    outer loop
      vertex 181.84000000000003 61.75763475894928 53.53260623663664
      vertex 181.84000000000003 132.56457280367613 112.94668184220791
      vertex 138.88000000000002 132.56457280367613 112.94668184220791
    endloop
  endfacet
  facet normal 1 0 0
    outer loop
      vertex 138.88000000000002 61.75763475894928 53.53260623663664
      vertex 138.88000000000002 122.81529699265957 137.94045063108206
      vertex 138.88000000000002 122.75128470947412 138
    endloop
  endfacet
  facet normal 1 0 0
    outer loop
      vertex 138.88000000000002 61.75763475894928 53.53260623663664
      vertex 138.88000000000002 122.99962185302056 137.79999999701977
      vertex 138.88000000000002 122.81529699265957 137.94045063108206
    endloop
  endfacet
  facet normal 1 0 0
    outer loop
      vertex 138.88000000000002 61.75763475894928 53.53260623663664
      vertex 138.88000000000002 126.1789642572403 135.37742576748133
      vertex 138.88000000000002 122.99962185302056 137.79999999701977
    endloop
  endfacet
  facet normal 1 0 0
    outer loop
      vertex 138.88000000000002 61.75763475894928 53.53260623663664
      vertex 138.88000000000002 126.71002772450447 134.76701673865318
      vertex 138.88000000000002 126.4852653592825 135.0882637426257
    endloop
  endfacet
  facet normal 1 0 0
    outer loop
      vertex 138.88000000000002 61.75763475894928 53.53260623663664
      vertex 138.88000000000002 126.86779916286469 134.4080934524536
      vertex 138.88000000000002 126.71002772450447 134.76701673865318
    endloop
  endfacet
  facet normal 1 0 0
    outer loop
      vertex 138.88000000000002 61.75763475894928 53.53260623663664
      vertex 138.88000000000002 126.20214955508709 135.35948911309242
      vertex 138.88000000000002 126.1789642572403 135.37742576748133
    endloop
  endfacet
  facet normal 1 0 0
    outer loop
      vertex 138.88000000000002 61.75763475894928 53.53260623663664
      vertex 138.88000000000002 126.4852653592825 135.0882637426257
      vertex 138.88000000000002 126.20214955508709 135.35948911309242
    endloop
  endfacet
  facet normal 0 -0.8193643510024158 -0.5732731114454873
    outer loop
      vertex 138.88000000000002 126.71002772450447 134.76701673865318
      vertex 181.84000000000003 126.71002772450447 134.76701673865318
      vertex 138.88000000000002 126.4852653592825 135.0882637426257
    endloop
  endfacet
  facet normal 0 -0.6917804543136171 -0.7221078887740013
    outer loop
      vertex 138.88000000000002 126.20214955508709 135.35948911309242
      vertex 138.88000000000002 126.4852653592825 135.0882637426257
      vertex 181.84000000000003 126.4852653592825 135.0882637426257
    endloop
  endfacet
  facet normal 0 -0.6118904600409223 -0.7909425168183265
    outer loop
      vertex 138.88000000000002 126.20214955508709 135.35948911309242
      vertex 181.84000000000003 126.20214955508709 135.35948911309242
      vertex 138.88000000000002 126.1789642572403 135.37742576748133
    endloop
  endfacet
  facet normal 0 -0.9154605266097511 -0.4024077834975332
    outer loop
      vertex 138.88000000000002 126.71002772450447 134.76701673865318
      vertex 138.88000000000002 126.86779916286469 134.4080934524536
      vertex 181.84000000000003 126.86779916286469 134.4080934524536
    endloop
  endfacet
  facet normal 0 -0.606077739930448 -0.7954054143396311
    outer loop
      vertex 138.88000000000002 126.1789642572403 135.37742576748133
      vertex 181.84000000000003 122.99962185302056 137.79999999701977
      vertex 138.88000000000002 122.99962185302056 137.79999999701977
    endloop
  endfacet
  facet normal 0 -0.606077739930448 -0.7954054143396311
    outer loop
      vertex 138.88000000000002 126.1789642572403 135.37742576748133
      vertex 181.84000000000003 126.1789642572403 135.37742576748133
      vertex 181.84000000000003 122.99962185302056 137.79999999701977
    endloop
  endfacet
  facet normal 0 -0.9154605266097511 -0.4024077834975332
    outer loop
      vertex 138.88000000000002 126.71002772450447 134.76701673865318
      vertex 181.84000000000003 126.86779916286469 134.4080934524536
      vertex 181.84000000000003 126.71002772450447 134.76701673865318
    endloop
  endfacet
  facet normal 0 -0.6118904600409223 -0.7909425168183265
    outer loop
      vertex 138.88000000000002 126.1789642572403 135.37742576748133
      vertex 181.84000000000003 126.20214955508709 135.35948911309242
      vertex 181.84000000000003 126.1789642572403 135.37742576748133
    endloop
  endfacet
  facet normal 0 -0.6917804543136171 -0.7221078887740013
    outer loop
      vertex 138.88000000000002 126.20214955508709 135.35948911309242
      vertex 181.84000000000003 126.4852653592825 135.0882637426257
      vertex 181.84000000000003 126.20214955508709 135.35948911309242
    endloop
  endfacet
  facet normal 0 -0.8193643510024158 -0.5732731114454873
    outer loop
      vertex 138.88000000000002 126.4852653592825 135.0882637426257
      vertex 181.84000000000003 126.71002772450447 134.76701673865318
      vertex 181.84000000000003 126.4852653592825 135.0882637426257
    endloop
  endfacet
  facet normal 1 0 0
    outer loop
      vertex 138.88000000000002 132.56457280367613 112.94668184220791
      vertex 138.88000000000002 132.83876655250788 113.22692377865314
      vertex 138.88000000000002 133.05301924794912 113.55527349561453
    endloop
  endfacet
  facet normal 1 0 0
    outer loop
      vertex 138.88000000000002 132.56457280367613 112.94668184220791
      vertex 138.88000000000002 133.05301924794912 113.55527349561453
      vertex 138.88000000000002 133.1990972906351 113.91911269724369
    endloop
  endfacet
  facet normal 1 0 0
    outer loop
      vertex 138.88000000000002 132.56457280367613 112.94668184220791
      vertex 138.88000000000002 133.1990972906351 113.91911269724369
      vertex 138.88000000000002 133.27138698101044 114.30445923656225
    endloop
  endfacet
  facet normal 1 0 0
    outer loop
      vertex 138.88000000000002 132.56457280367613 112.94668184220791
      vertex 138.88000000000002 133.27138698101044 114.30445923656225
      vertex 138.88000000000002 133.26711025834084 114.69650447368622
    endloop
  endfacet
  facet normal 1 0 0
    outer loop
      vertex 138.88000000000002 132.56457280367613 112.94668184220791
      vertex 138.88000000000002 133.26711025834084 114.69650447368622
      vertex 138.88000000000002 133.18643148988485 115.08018232136965
    endloop
  endfacet
  facet normal 1 0 0
    outer loop
      vertex 138.88000000000002 132.56457280367613 112.94668184220791
      vertex 138.88000000000002 133.18643148988485 115.08018232136965
      vertex 138.88000000000002 133.1799879744649 115.10024923831224
    endloop
  endfacet
  facet normal 1 0 0
    outer loop
      vertex 138.88000000000002 126.86779916286469 134.4080934524536
      vertex 138.88000000000002 132.56457280367613 112.94668184220791
      vertex 138.88000000000002 133.1799879744649 115.10024923831224
    endloop
  endfacet
  facet normal 0 -0.7147778879927614 0.699351535950703
    outer loop
      vertex 138.88000000000002 132.56457280367613 112.94668184220791
      vertex 181.84000000000003 132.56457280367613 112.94668184220791
      vertex 138.88000000000002 132.83876655250788 113.22692377865314
    endloop
  endfacet
  facet normal 0 -0.8374803597584747 0.5464674253958931
    outer loop
      vertex 138.88000000000002 132.83876655250788 113.22692377865314
      vertex 181.84000000000003 132.83876655250788 113.22692377865314
      vertex 138.88000000000002 133.05301924794912 113.55527349561453
    endloop
  endfacet
  facet normal 0 -0.9279989130940465 0.37258289989781884
    outer loop
      vertex 138.88000000000002 133.05301924794912 113.55527349561453
      vertex 181.84000000000003 133.05301924794912 113.55527349561453
      vertex 138.88000000000002 133.1990972906351 113.91911269724369
    endloop
  endfacet
  facet normal 0 -0.9828549900138027 0.1843802283461212
    outer loop
      vertex 138.88000000000002 133.1990972906351 113.91911269724369
      vertex 181.84000000000003 133.1990972906351 113.91911269724369
      vertex 138.88000000000002 133.27138698101044 114.30445923656225
    endloop
  endfacet
  facet normal 0 -0.9999405049191996 -0.01090809891484134
    outer loop
      vertex 138.88000000000002 133.27138698101044 114.30445923656225
      vertex 181.84000000000003 133.27138698101044 114.30445923656225
      vertex 138.88000000000002 133.26711025834084 114.69650447368622
    endloop
  endfacet
  facet normal 0 -0.9785988686603567 -0.20577719566723074
    outer loop
      vertex 138.88000000000002 133.26711025834084 114.69650447368622
      vertex 181.84000000000003 133.26711025834084 114.69650447368622
      vertex 138.88000000000002 133.18643148988485 115.08018232136965
    endloop
  endfacet
  facet normal 0 -0.9521192662773269 -0.3057268434134047
    outer loop
      vertex 138.88000000000002 133.18643148988485 115.08018232136965
      vertex 181.84000000000003 133.18643148988485 115.08018232136965
      vertex 138.88000000000002 133.1799879744649 115.10024923831224
    endloop
  endfacet
  facet normal 0 -0.950495194718239 -0.3107392553533217
    outer loop
      vertex 138.88000000000002 126.86779916286469 134.4080934524536
      vertex 138.88000000000002 133.1799879744649 115.10024923831224
      vertex 181.84000000000003 133.1799879744649 115.10024923831224
    endloop
  endfacet
  facet normal 0 -0.7147778879927614 0.699351535950703
    outer loop
      vertex 138.88000000000002 132.83876655250788 113.22692377865314
      vertex 181.84000000000003 132.56457280367613 112.94668184220791
      vertex 181.84000000000003 132.83876655250788 113.22692377865314
    endloop
  endfacet
  facet normal 0 -0.8374803597584747 0.5464674253958931
    outer loop
      vertex 138.88000000000002 133.05301924794912 113.55527349561453
      vertex 181.84000000000003 132.83876655250788 113.22692377865314
      vertex 181.84000000000003 133.05301924794912 113.55527349561453
    endloop
  endfacet
  facet normal 0 -0.9279989130940465 0.37258289989781884
    outer loop
      vertex 138.88000000000002 133.1990972906351 113.91911269724369
      vertex 181.84000000000003 133.05301924794912 113.55527349561453
      vertex 181.84000000000003 133.1990972906351 113.91911269724369
    endloop
  endfacet
  facet normal 0 -0.9828549900138027 0.1843802283461212
    outer loop
      vertex 138.88000000000002 133.27138698101044 114.30445923656225
      vertex 181.84000000000003 133.1990972906351 113.91911269724369
      vertex 181.84000000000003 133.27138698101044 114.30445923656225
    endloop
  endfacet
  facet normal 0 -0.9999405049191996 -0.01090809891484134
    outer loop
      vertex 138.88000000000002 133.26711025834084 114.69650447368622
      vertex 181.84000000000003 133.27138698101044 114.30445923656225
      vertex 181.84000000000003 133.26711025834084 114.69650447368622
    endloop
  endfacet
  facet normal 0 -0.9785988686603567 -0.20577719566723074
    outer loop
      vertex 138.88000000000002 133.18643148988485 115.08018232136965
      vertex 181.84000000000003 133.26711025834084 114.69650447368622
      vertex 181.84000000000003 133.18643148988485 115.08018232136965
    endloop
  endfacet
  facet normal 0 -0.9521192662773269 -0.3057268434134047
    outer loop
      vertex 138.88000000000002 133.1799879744649 115.10024923831224
      vertex 181.84000000000003 133.18643148988485 115.08018232136965
      vertex 181.84000000000003 133.1799879744649 115.10024923831224
    endloop
  endfacet
  facet normal 0 -0.950495194718239 -0.3107392553533217
    outer loop
      vertex 138.88000000000002 126.86779916286469 134.4080934524536
      vertex 181.84000000000003 133.1799879744649 115.10024923831224
      vertex 181.84000000000003 126.86779916286469 134.4080934524536
    endloop
  endfacet
  facet normal -1 0 0
    outer loop
      vertex 181.84000000000003 61.75763475894928 53.53260623663664
      vertex 181.84000000000003 126.86779916286469 134.4080934524536
      vertex 181.84000000000003 132.56457280367613 112.94668184220791
    endloop
  endfacet
  facet normal -1 0 0
    outer loop
      vertex 181.84000000000003 61.75763475894928 53.53260623663664
      vertex 181.84000000000003 122.75128470947412 138
      vertex 181.84000000000003 122.81529699265957 137.94045063108206
    endloop
  endfacet
  facet normal -1 0 0
    outer loop
      vertex 181.84000000000003 61.75763475894928 53.53260623663664
      vertex 181.84000000000003 122.81529699265957 137.94045063108206
      vertex 181.84000000000003 122.99962185302056 137.79999999701977
    endloop
  endfacet
  facet normal -1 0 0
    outer loop
      vertex 181.84000000000003 61.75763475894928 53.53260623663664
      vertex 181.84000000000003 122.99962185302056 137.79999999701977
      vertex 181.84000000000003 126.1789642572403 135.37742576748133
    endloop
  endfacet
  facet normal -1 0 0
    outer loop
      vertex 181.84000000000003 61.75763475894928 53.53260623663664
      vertex 181.84000000000003 126.4852653592825 135.0882637426257
      vertex 181.84000000000003 126.71002772450447 134.76701673865318
    endloop
  endfacet
  facet normal -1 0 0
    outer loop
      vertex 181.84000000000003 61.75763475894928 53.53260623663664
      vertex 181.84000000000003 126.71002772450447 134.76701673865318
      vertex 181.84000000000003 126.86779916286469 134.4080934524536
    endloop
  endfacet
  facet normal -1 0 0
    outer loop
      vertex 181.84000000000003 61.75763475894928 53.53260623663664
      vertex 181.84000000000003 126.1789642572403 135.37742576748133
      vertex 181.84000000000003 126.20214955508709 135.35948911309242
    endloop
  endfacet
  facet normal -1 0 0
    outer loop
      vertex 181.84000000000003 61.75763475894928 53.53260623663664
      vertex 181.84000000000003 126.20214955508709 135.35948911309242
      vertex 181.84000000000003 126.4852653592825 135.0882637426257
    endloop
  endfacet
  facet normal -1 0 0
    outer loop
      vertex 181.84000000000003 132.56457280367613 112.94668184220791
      vertex 181.84000000000003 133.05301924794912 113.55527349561453
      vertex 181.84000000000003 132.83876655250788 113.22692377865314
    endloop
  endfacet
  facet normal -1 0 0
    outer loop
      vertex 181.84000000000003 132.56457280367613 112.94668184220791
      vertex 181.84000000000003 133.1990972906351 113.91911269724369
      vertex 181.84000000000003 133.05301924794912 113.55527349561453
    endloop
  endfacet
  facet normal -1 0 0
    outer loop
      vertex 181.84000000000003 132.56457280367613 112.94668184220791
      vertex 181.84000000000003 133.27138698101044 114.30445923656225
      vertex 181.84000000000003 133.1990972906351 113.91911269724369
    endloop
  endfacet
  facet normal -1 0 0
    outer loop
      vertex 181.84000000000003 132.56457280367613 112.94668184220791
      vertex 181.84000000000003 133.26711025834084 114.69650447368622
      vertex 181.84000000000003 133.27138698101044 114.30445923656225
    endloop
  endfacet
  facet normal -1 0 0
    outer loop
      vertex 181.84000000000003 132.56457280367613 112.94668184220791
      vertex 181.84000000000003 133.18643148988485 115.08018232136965
      vertex 181.84000000000003 133.26711025834084 114.69650447368622
    endloop
  endfacet
  facet normal -1 0 0
    outer loop
      vertex 181.84000000000003 132.56457280367613 112.94668184220791
      vertex 181.84000000000003 133.1799879744649 115.10024923831224
      vertex 181.84000000000003 133.18643148988485 115.08018232136965
    endloop
  endfacet
  facet normal -1 0 0
    outer loop
      vertex 181.84000000000003 126.86779916286469 134.4080934524536
      vertex 181.84000000000003 133.1799879744649 115.10024923831224
      vertex 181.84000000000003 132.56457280367613 112.94668184220791
    endloop
  endfacet
  facet normal 0 1 0
    outer loop
      vertex 138.88000000000002 63.600000001490116 137.79999999701977
      vertex 138.88000000000002 63.600000001490116 138
      vertex 139.28 63.600000001490116 138
    endloop
  endfacet
  facet normal 1 0 0
    outer loop
      vertex 138.88000000000002 63.600000001490116 137.79999999701977
      vertex 138.88000000000002 66.53052411973476 137.93052411824465
      vertex 138.88000000000002 63.600000001490116 138
    endloop
  endfacet
  facet normal 1 0 0
    outer loop
      vertex 138.88000000000002 63.600000001490116 137.79999999701977
      vertex 138.88000000000002 66.39999999850988 137.79999999701977
      vertex 138.88000000000002 66.53052411973476 137.93052411824465
    endloop
  endfacet
  facet normal 1 0 0
    outer loop
      vertex 138.88000000000002 66.53052411973476 137.93052411824465
      vertex 138.88000000000002 66.58754149920541 138
      vertex 138.88000000000002 63.600000001490116 138
    endloop
  endfacet
  facet normal 0 1 0
    outer loop
      vertex 138.88000000000002 63.600000001490116 137.79999999701977
      vertex 139.28 63.600000001490116 138
      vertex 181.84000000000003 63.600000001490116 137.79999999701977
    endloop
  endfacet
  facet normal 0 1 0
    outer loop
      vertex 181.84000000000003 63.600000001490116 137.79999999701977
      vertex 139.28 63.600000001490116 138
      vertex 139.28 63.600000001490116 141
    endloop
  endfacet
  facet normal 0 1 0
    outer loop
      vertex 181.84000000000003 63.600000001490116 137.79999999701977
      vertex 139.28 63.600000001490116 141
      vertex 181.44 63.600000001490116 138
    endloop
  endfacet
  facet normal 0 1 0
    outer loop
      vertex 139.28 63.600000001490116 141
      vertex 181.44 63.600000001490116 141
      vertex 181.44 63.600000001490116 138
    endloop
  endfacet
  facet normal 0 0 1
    outer loop
      vertex 138.88000000000002 63.600000001490116 137.79999999701977
      vertex 181.84000000000003 63.600000001490116 137.79999999701977
      vertex 138.88000000000002 66.39999999850988 137.79999999701977
    endloop
  endfacet
  facet normal 0 0 1
    outer loop
      vertex 138.88000000000002 66.39999999850988 137.79999999701977
      vertex 181.84000000000003 63.600000001490116 137.79999999701977
      vertex 181.84000000000003 66.39999999850988 137.79999999701977
    endloop
  endfacet
  facet normal 0 1 0
    outer loop
      vertex 181.84000000000003 63.600000001490116 137.79999999701977
      vertex 181.44 63.600000001490116 138
      vertex 181.84000000000003 63.600000001490116 138
    endloop
  endfacet
  facet normal -1 0 0
    outer loop
      vertex 181.84000000000003 63.600000001490116 137.79999999701977
      vertex 181.84000000000003 63.600000001490116 138
      vertex 181.84000000000003 66.58754149920541 138
    endloop
  endfacet
  facet normal -1 0 0
    outer loop
      vertex 181.84000000000003 63.600000001490116 137.79999999701977
      vertex 181.84000000000003 66.53052411973476 137.93052411824465
      vertex 181.84000000000003 66.39999999850988 137.79999999701977
    endloop
  endfacet
  facet normal -1 0 0
    outer loop
      vertex 181.84000000000003 63.600000001490116 137.79999999701977
      vertex 181.84000000000003 66.58754149920541 138
      vertex 181.84000000000003 66.53052411973476 137.93052411824465
    endloop
  endfacet
  facet normal 1 0 0
    outer loop
      vertex 138.88000000000002 122.81529699265957 137.94045063108206
      vertex 138.88000000000002 130.99962185082862 137.79999999701977
      vertex 138.88000000000002 122.75128470947412 138
    endloop
  endfacet
  facet normal 1 0 0
    outer loop
      vertex 138.88000000000002 122.81529699265957 137.94045063108206
      vertex 138.88000000000002 122.99962185302056 137.79999999701977
      vertex 138.88000000000002 130.99962185082862 137.79999999701977
    endloop
  endfacet
  facet normal 0 0 1
    outer loop
      vertex 138.88000000000002 122.99962185302056 137.79999999701977
      vertex 181.84000000000003 122.99962185302056 137.79999999701977
      vertex 138.88000000000002 130.99962185082862 137.79999999701977
    endloop
  endfacet
  facet normal 1 0 0
    outer loop
      vertex 138.88000000000002 130.99962185082862 137.79999999701977
      vertex 138.88000000000002 131.0881029367447 137.9286776408553
      vertex 138.88000000000002 122.75128470947412 138
    endloop
  endfacet
  facet normal 1 0 0
    outer loop
      vertex 138.88000000000002 131.0881029367447 137.9286776408553
      vertex 138.88000000000002 131.12622553549852 138
      vertex 138.88000000000002 122.75128470947412 138
    endloop
  endfacet
  facet normal 1 0 0
    outer loop
      vertex 138.88000000000002 165.06947587430477 137.93052411824465
      vertex 138.88000000000002 165.1999999959444 137.79999999701977
      vertex 138.88000000000002 165.0124584948341 138
    endloop
  endfacet
  facet normal 1 0 0
    outer loop
      vertex 138.88000000000002 165.1999999959444 137.79999999701977
      vertex 138.88000000000002 168 137.79999999701977
      vertex 138.88000000000002 165.0124584948341 138
    endloop
  endfacet
  facet normal 1 0 0
    outer loop
      vertex 138.88000000000002 168 137.79999999701977
      vertex 138.88000000000002 168 138
      vertex 138.88000000000002 165.0124584948341 138
    endloop
  endfacet
  facet normal 0 -1 0
    outer loop
      vertex 138.88000000000002 168 137.79999999701977
      vertex 139.28 168 138
      vertex 138.88000000000002 168 138
    endloop
  endfacet
  facet normal 0 0 1
    outer loop
      vertex 138.88000000000002 130.99962185082862 137.79999999701977
      vertex 181.84000000000003 122.99962185302056 137.79999999701977
      vertex 181.84000000000003 130.99962185082862 137.79999999701977
    endloop
  endfacet
  facet normal 0 0 1
    outer loop
      vertex 138.88000000000002 165.1999999959444 137.79999999701977
      vertex 181.84000000000003 165.1999999959444 137.79999999701977
      vertex 138.88000000000002 168 137.79999999701977
    endloop
  endfacet
  facet normal 0 -1 0
    outer loop
      vertex 138.88000000000002 168 137.79999999701977
      vertex 181.44 168 141
      vertex 139.28 168 138
    endloop
  endfacet
  facet normal 0 -1 0
    outer loop
      vertex 181.44 168 141
      vertex 139.28 168 141
      vertex 139.28 168 138
    endloop
  endfacet
  facet normal 0 0 1
    outer loop
      vertex 138.88000000000002 168 137.79999999701977
      vertex 181.84000000000003 165.1999999959444 137.79999999701977
      vertex 181.84000000000003 168 137.79999999701977
    endloop
  endfacet
  facet normal 0 -1 0
    outer loop
      vertex 138.88000000000002 168 137.79999999701977
      vertex 181.84000000000003 168 137.79999999701977
      vertex 181.44 168 138
    endloop
  endfacet
  facet normal 0 -1 0
    outer loop
      vertex 138.88000000000002 168 137.79999999701977
      vertex 181.44 168 138
      vertex 181.44 168 141
    endloop
  endfacet
  facet normal -1 0 0
    outer loop
      vertex 181.84000000000003 122.81529699265957 137.94045063108206
      vertex 181.84000000000003 130.99962185082862 137.79999999701977
      vertex 181.84000000000003 122.99962185302056 137.79999999701977
    endloop
  endfacet
  facet normal -1 0 0
    outer loop
      vertex 181.84000000000003 122.81529699265957 137.94045063108206
      vertex 181.84000000000003 122.75128470947412 138
      vertex 181.84000000000003 131.12622553549852 138
    endloop
  endfacet
  facet normal -1 0 0
    outer loop
      vertex 181.84000000000003 122.81529699265957 137.94045063108206
      vertex 181.84000000000003 131.12622553549852 138
      vertex 181.84000000000003 130.99962185082862 137.79999999701977
    endloop
  endfacet
  facet normal -1 0 0
    outer loop
      vertex 181.84000000000003 130.99962185082862 137.79999999701977
      vertex 181.84000000000003 131.12622553549852 138
      vertex 181.84000000000003 131.0881029367447 137.9286776408553
    endloop
  endfacet
  facet normal -1 0 0
    outer loop
      vertex 181.84000000000003 165.06947587430477 137.93052411824465
      vertex 181.84000000000003 168 137.79999999701977
      vertex 181.84000000000003 165.1999999959444 137.79999999701977
    endloop
  endfacet
  facet normal -1 0 0
    outer loop
      vertex 181.84000000000003 165.06947587430477 137.93052411824465
      vertex 181.84000000000003 165.0124584948341 138
      vertex 181.84000000000003 168 138
    endloop
  endfacet
  facet normal -1 0 0
    outer loop
      vertex 181.84000000000003 165.06947587430477 137.93052411824465
      vertex 181.84000000000003 168 138
      vertex 181.84000000000003 168 137.79999999701977
    endloop
  endfacet
  facet normal 0 -1 0
    outer loop
      vertex 181.84000000000003 168 137.79999999701977
      vertex 181.84000000000003 168 138
      vertex 181.44 168 138
    endloop
  endfacet
  facet normal 1 0 0
    outer loop
      vertex 184.24 3.385786436498165 3.5857864394783974
      vertex 184.24 3.6888595297932625 3.337060771882534
      vertex 184.24 30.80693806707859 39.01171997189522
    endloop
  endfacet
  facet normal 1 0 0
    outer loop
      vertex 184.24 3.6888595297932625 3.337060771882534
      vertex 184.24 4.034633129835129 3.1522409319877625
      vertex 184.24 30.80693806707859 39.01171997189522
    endloop
  endfacet
  facet normal 1 0 0
    outer loop
      vertex 184.24 4.034633129835129 3.1522409319877625
      vertex 184.24 4.409819349646568 3.0384294390678406
      vertex 184.24 30.80693806707859 39.01171997189522
    endloop
  endfacet
  facet normal 1 0 0
    outer loop
      vertex 184.24 4.409819349646568 3.0384294390678406
      vertex 184.24 4.799999997019768 3
      vertex 184.24 30.80693806707859 39.01171997189522
    endloop
  endfacet
  facet normal 1 0 0
    outer loop
      vertex 184.24 2.95224092900753 4.234633132815361
      vertex 184.24 3.137060768902302 3.8888595327734947
      vertex 184.24 30.80693806707859 39.01171997189522
    endloop
  endfacet
  facet normal 1 0 0
    outer loop
      vertex 184.24 2.95224092900753 4.234633132815361
      vertex 184.24 30.80693806707859 39.01171997189522
      vertex 184.24 2.8384294360876083 4.6098193526268005
    endloop
  endfacet
  facet normal 1 0 0
    outer loop
      vertex 184.24 3.137060768902302 3.8888595327734947
      vertex 184.24 3.385786436498165 3.5857864394783974
      vertex 184.24 30.80693806707859 39.01171997189522
    endloop
  endfacet
  facet normal 1 0 0
    outer loop
      vertex 184.24 2.8384294360876083 4.6098193526268005
      vertex 184.24 30.80693806707859 39.01171997189522
      vertex 184.24 2.7999999970197678 5
    endloop
  endfacet
  facet normal 0 0.47139673713269076 0.8819212641844241
    outer loop
      vertex 184.24 3.6888595297932625 3.337060771882534
      vertex 227.20000000000002 3.6888595297932625 3.337060771882534
      vertex 184.24 4.034633129835129 3.1522409319877625
    endloop
  endfacet
  facet normal 0 0.7730104435344091 0.6343932961394977
    outer loop
      vertex 184.24 3.137060768902302 3.8888595327734947
      vertex 227.20000000000002 3.137060768902302 3.8888595327734947
      vertex 184.24 3.385786436498165 3.5857864394783974
    endloop
  endfacet
  facet normal 0 0.8819212641844241 0.47139673713269076
    outer loop
      vertex 184.24 2.95224092900753 4.234633132815361
      vertex 227.20000000000002 2.95224092900753 4.234633132815361
      vertex 184.24 3.137060768902302 3.8888595327734947
    endloop
  endfacet
  facet normal 0 0.6343932961394977 0.7730104435344091
    outer loop
      vertex 184.24 3.385786436498165 3.5857864394783974
      vertex 227.20000000000002 3.385786436498165 3.5857864394783974
      vertex 184.24 3.6888595297932625 3.337060771882534
    endloop
  endfacet
  facet normal 0 0.29028467119332607 0.9569403375708344
    outer loop
      vertex 184.24 4.034633129835129 3.1522409319877625
      vertex 227.20000000000002 4.034633129835129 3.1522409319877625
      vertex 184.24 4.409819349646568 3.0384294390678406
    endloop
  endfacet
  facet normal 0 0.09801713918082348 0.9951847267853376
    outer loop
      vertex 184.24 4.409819349646568 3.0384294390678406
      vertex 227.20000000000002 4.409819349646568 3.0384294390678406
      vertex 184.24 4.799999997019768 3
    endloop
  endfacet
  facet normal 0 0.9569403375708344 0.29028467119332607
    outer loop
      vertex 184.24 2.95224092900753 4.234633132815361
      vertex 184.24 2.8384294360876083 4.6098193526268005
      vertex 227.20000000000002 2.8384294360876083 4.6098193526268005
    endloop
  endfacet
  facet normal 0 0.9951847267853376 0.09801713918082348
    outer loop
      vertex 184.24 2.8384294360876083 4.6098193526268005
      vertex 184.24 2.7999999970197678 5
      vertex 227.20000000000002 2.7999999970197678 5
    endloop
  endfacet
  facet normal 0 0 1
    outer loop
      vertex 184.24 4.799999997019768 3
      vertex 222.2 26.3 3
      vertex 184.24 30.447346039116383 3
    endloop
  endfacet
  facet normal 1 0 0
    outer loop
      vertex 184.24 2.7999999970197678 5
      vertex 184.24 3.548982873558998 44.84525755792856
      vertex 184.24 2.7999999970197678 43.28482295572758
    endloop
  endfacet
  facet normal 0 1 0
    outer loop
      vertex 184.24 2.7999999970197678 5
      vertex 184.24 2.7999999970197678 43.28482295572758
      vertex 227.20000000000002 2.7999999970197678 43.28482295572758
    endloop
  endfacet
  facet normal 1 0 0
    outer loop
      vertex 184.24 4.799999997019768 3
      vertex 184.24 30.447346039116383 3
      vertex 184.24 30.80693806707859 39.01171997189522
    endloop
  endfacet
  facet normal 1 0 0
    outer loop
      vertex 184.24 30.447346039116383 3
      vertex 184.24 30.837526686489582 3.0384294390678406
      vertex 184.24 30.80693806707859 39.01171997189522
    endloop
  endfacet
  facet normal 1 0 0
    outer loop
      vertex 184.24 30.837526686489582 3.0384294390678406
      vertex 184.24 31.131386324763298 3.1206147596240044
      vertex 184.24 30.80693806707859 39.01171997189522
    endloop
  endfacet
  facet normal 0 -0.269340061663826 0.9630451345512974
    outer loop
      vertex 184.24 30.837526686489582 3.0384294390678406
      vertex 204.52000000327826 31.131386324763298 3.1206147596240044
      vertex 184.24 31.131386324763298 3.1206147596240044
    endloop
  endfacet
  facet normal 0 -0.09801713918082348 0.9951847267853376
    outer loop
      vertex 184.24 30.447346039116383 3
      vertex 227.20000000000002 30.447346039116383 3
      vertex 184.24 30.837526686489582 3.0384294390678406
    endloop
  endfacet
  facet normal 0 -0.09801713918081954 0.995184726785338
    outer loop
      vertex 184.24 30.837526686489582 3.0384294390678406
      vertex 204.52000000327826 30.799999997019768 3.0347333828023473
      vertex 204.52000000327826 30.837526686489582 3.0384294390678406
    endloop
  endfacet
  facet normal 0 -0.269340061663826 0.9630451345512974
    outer loop
      vertex 184.24 30.837526686489582 3.0384294390678406
      vertex 204.52000000327826 30.837526686489582 3.0384294390678406
      vertex 204.52000000327826 31.131386324763298 3.1206147596240044
    endloop
  endfacet
  facet normal 0 -0.3420201431981685 0.9396926208323148
    outer loop
      vertex 184.24 31.131386324763298 3.1206147596240044
      vertex 204.52000000327826 31.131386324763298 3.1206147596240044
      vertex 204.52000000327826 46.00005097445727 8.532366113114039
    endloop
  endfacet
  facet normal 1 0 0
    outer loop
      vertex 184.24 2.7999999970197678 5
      vertex 184.24 30.804101273417473 39.02278860658407
      vertex 184.24 30.799999997019768 39.07639529556036
    endloop
  endfacet
  facet normal 1 0 0
    outer loop
      vertex 184.24 2.7999999970197678 5
      vertex 184.24 30.80693806707859 39.01171997189522
      vertex 184.24 30.804101273417473 39.02278860658407
    endloop
  endfacet
  facet normal 1 0 0
    outer loop
      vertex 184.24 31.131386324763298 3.1206147596240044
      vertex 184.24 60.8686136752367 13.944080360233784
      vertex 184.24 30.80693806707859 39.01171997189522
    endloop
  endfacet
  facet normal 1 0 0
    outer loop
      vertex 184.24 30.80693806707859 39.01171997189522
      vertex 184.24 60.8686136752367 13.944080360233784
      vertex 184.24 30.89232823997736 39.033604726195335
    endloop
  endfacet
  facet normal 0 0.47139673713269076 0.8819212641844241
    outer loop
      vertex 184.24 4.034633129835129 3.1522409319877625
      vertex 227.20000000000002 3.6888595297932625 3.337060771882534
      vertex 227.20000000000002 4.034633129835129 3.1522409319877625
    endloop
  endfacet
  facet normal 0 0.7730104435344091 0.6343932961394977
    outer loop
      vertex 184.24 3.385786436498165 3.5857864394783974
      vertex 227.20000000000002 3.137060768902302 3.8888595327734947
      vertex 227.20000000000002 3.385786436498165 3.5857864394783974
    endloop
  endfacet
  facet normal 0 0.9569403375708344 0.29028467119332607
    outer loop
      vertex 184.24 2.95224092900753 4.234633132815361
      vertex 227.20000000000002 2.8384294360876083 4.6098193526268005
      vertex 227.20000000000002 2.95224092900753 4.234633132815361
    endloop
  endfacet
  facet normal 0 0.8819212641844241 0.47139673713269076
    outer loop
      vertex 184.24 3.137060768902302 3.8888595327734947
      vertex 227.20000000000002 2.95224092900753 4.234633132815361
      vertex 227.20000000000002 3.137060768902302 3.8888595327734947
    endloop
  endfacet
  facet normal 0 0.6343932961394977 0.7730104435344091
    outer loop
      vertex 184.24 3.6888595297932625 3.337060771882534
      vertex 227.20000000000002 3.385786436498165 3.5857864394783974
      vertex 227.20000000000002 3.6888595297932625 3.337060771882534
    endloop
  endfacet
  facet normal 0 0.29028467119332607 0.9569403375708344
    outer loop
      vertex 184.24 4.409819349646568 3.0384294390678406
      vertex 227.20000000000002 4.034633129835129 3.1522409319877625
      vertex 227.20000000000002 4.409819349646568 3.0384294390678406
    endloop
  endfacet
  facet normal 0 0.09801713918082348 0.9951847267853376
    outer loop
      vertex 184.24 4.799999997019768 3
      vertex 227.20000000000002 4.409819349646568 3.0384294390678406
      vertex 227.20000000000002 4.799999997019768 3
    endloop
  endfacet
  facet normal 0 0.9951847267853376 0.09801713918082348
    outer loop
      vertex 184.24 2.8384294360876083 4.6098193526268005
      vertex 227.20000000000002 2.7999999970197678 5
      vertex 227.20000000000002 2.8384294360876083 4.6098193526268005
    endloop
  endfacet
  facet normal 0 0 1
    outer loop
      vertex 184.24 4.799999997019768 3
      vertex 227.20000000000002 4.799999997019768 3
      vertex 222.2 7.300000000000001 3
    endloop
  endfacet
  facet normal 0 0 1
    outer loop
      vertex 184.24 4.799999997019768 3
      vertex 222.2 7.300000000000001 3
      vertex 222.2 26.3 3
    endloop
  endfacet
  facet normal -1 0 0
    outer loop
      vertex 227.20000000000002 3.6888595297932625 3.337060771882534
      vertex 227.20000000000002 7.300000000000001 3
      vertex 227.20000000000002 4.034633129835129 3.1522409319877625
    endloop
  endfacet
  facet normal -1 0 0
    outer loop
      vertex 227.20000000000002 4.034633129835129 3.1522409319877625
      vertex 227.20000000000002 7.300000000000001 3
      vertex 227.20000000000002 4.409819349646568 3.0384294390678406
    endloop
  endfacet
  facet normal -1 0 0
    outer loop
      vertex 227.20000000000002 3.137060768902302 3.8888595327734947
      vertex 227.20000000000002 7.300000000000001 3
      vertex 227.20000000000002 3.385786436498165 3.5857864394783974
    endloop
  endfacet
  facet normal -1 0 0
    outer loop
      vertex 227.20000000000002 2.95224092900753 4.234633132815361
      vertex 227.20000000000002 7.300000000000001 3
      vertex 227.20000000000002 3.137060768902302 3.8888595327734947
    endloop
  endfacet
  facet normal -1 0 0
    outer loop
      vertex 227.20000000000002 2.8384294360876083 4.6098193526268005
      vertex 227.20000000000002 2.7999999970197678 5
      vertex 227.20000000000002 7.300000000000001 3
    endloop
  endfacet
  facet normal -1 0 0
    outer loop
      vertex 227.20000000000002 2.95224092900753 4.234633132815361
      vertex 227.20000000000002 2.8384294360876083 4.6098193526268005
      vertex 227.20000000000002 7.300000000000001 3
    endloop
  endfacet
  facet normal -1 0 0
    outer loop
      vertex 227.20000000000002 3.385786436498165 3.5857864394783974
      vertex 227.20000000000002 7.300000000000001 3
      vertex 227.20000000000002 3.6888595297932625 3.337060771882534
    endloop
  endfacet
  facet normal 0 0 1
    outer loop
      vertex 222.2 7.300000000000001 3
      vertex 227.20000000000002 4.799999997019768 3
      vertex 227.20000000000002 7.300000000000001 3
    endloop
  endfacet
  facet normal -1 0 0
    outer loop
      vertex 227.20000000000002 4.409819349646568 3.0384294390678406
      vertex 227.20000000000002 7.300000000000001 3
      vertex 227.20000000000002 4.799999997019768 3
    endloop
  endfacet
  facet normal -1 0 0
    outer loop
      vertex 227.20000000000002 2.7999999970197678 5
      vertex 227.20000000000002 3.548982873558998 44.84525755792856
      vertex 227.20000000000002 7.300000000000001 3
    endloop
  endfacet
  facet normal 0 1 0
    outer loop
      vertex 184.24 2.7999999970197678 5
      vertex 227.20000000000002 2.7999999970197678 43.28482295572758
      vertex 227.20000000000002 2.7999999970197678 5
    endloop
  endfacet
  facet normal -1 0 0
    outer loop
      vertex 227.20000000000002 2.7999999970197678 5
      vertex 227.20000000000002 2.7999999970197678 43.28482295572758
      vertex 227.20000000000002 3.548982873558998 44.84525755792856
    endloop
  endfacet
  facet normal -1 0 0
    outer loop
      vertex 227.20000000000002 7.300000000000001 3
      vertex 227.20000000000002 3.548982873558998 44.84525755792856
      vertex 227.20000000000002 7.300000000000001 47.652488141005215
    endloop
  endfacet
  facet normal -9.2473600020897e-18 -0.0980171391808245 0.9951847267853374
    outer loop
      vertex 184.24 30.837526686489582 3.0384294390678406
      vertex 227.20000000000002 30.447346039116383 3
      vertex 204.52000000327826 30.799999997019768 3.0347333828023473
    endloop
  endfacet
  facet normal 0 0 1
    outer loop
      vertex 184.24 30.447346039116383 3
      vertex 222.2 26.3 3
      vertex 227.20000000000002 26.3 3
    endloop
  endfacet
  facet normal 0 0 1
    outer loop
      vertex 184.24 30.447346039116383 3
      vertex 227.20000000000002 26.3 3
      vertex 227.20000000000002 30.447346039116383 3
    endloop
  endfacet
  facet normal 0 -0.09801713918082391 0.9951847267853376
    outer loop
      vertex 204.52000000327826 30.799999997019768 3.0347333828023473
      vertex 227.20000000000002 30.447346039116383 3
      vertex 206.92000000178814 30.799999997019768 3.0347333828023473
    endloop
  endfacet
  facet normal 0 -0.09801713918081956 0.995184726785338
    outer loop
      vertex 206.92000000178814 30.837526686489582 3.0384294390678406
      vertex 206.92000000178814 30.799999997019768 3.0347333828023473
      vertex 227.20000000000002 30.837526686489582 3.0384294390678406
    endloop
  endfacet
  facet normal 0 -0.269340061663826 0.9630451345512975
    outer loop
      vertex 206.92000000178814 30.837526686489582 3.0384294390678406
      vertex 227.20000000000002 31.131386324763298 3.1206147596240044
      vertex 206.92000000178814 31.131386324763298 3.1206147596240044
    endloop
  endfacet
  facet normal 7.39059810558715e-18 -0.09801713918082348 0.9951847267853376
    outer loop
      vertex 206.92000000178814 30.799999997019768 3.0347333828023473
      vertex 227.20000000000002 30.447346039116383 3
      vertex 227.20000000000002 30.837526686489582 3.0384294390678406
    endloop
  endfacet
  facet normal 0 -0.269340061663826 0.9630451345512975
    outer loop
      vertex 206.92000000178814 30.837526686489582 3.0384294390678406
      vertex 227.20000000000002 30.837526686489582 3.0384294390678406
      vertex 227.20000000000002 31.131386324763298 3.1206147596240044
    endloop
  endfacet
  facet normal -1 0 0
    outer loop
      vertex 227.20000000000002 26.3 3
      vertex 227.20000000000002 30.80693806707859 39.01171997189522
      vertex 227.20000000000002 30.447346039116383 3
    endloop
  endfacet
  facet normal -1 0 0
    outer loop
      vertex 227.20000000000002 30.447346039116383 3
      vertex 227.20000000000002 30.80693806707859 39.01171997189522
      vertex 227.20000000000002 30.837526686489582 3.0384294390678406
    endloop
  endfacet
  facet normal -1 0 0
    outer loop
      vertex 227.20000000000002 30.837526686489582 3.0384294390678406
      vertex 227.20000000000002 30.80693806707859 39.01171997189522
      vertex 227.20000000000002 31.131386324763298 3.1206147596240044
    endloop
  endfacet
  facet normal 0 -0.3420201431981685 0.9396926208323146
    outer loop
      vertex 206.92000000178814 31.131386324763298 3.1206147596240044
      vertex 227.20000000000002 31.131386324763298 3.1206147596240044
      vertex 227.20000000000002 60.8686136752367 13.944080360233784
    endloop
  endfacet
  facet normal -1 0 0
    outer loop
      vertex 227.20000000000002 26.3 3
      vertex 227.20000000000002 30.799999997019768 39.07639529556036
      vertex 227.20000000000002 30.804101273417473 39.02278860658407
    endloop
  endfacet
  facet normal -1 0 0
    outer loop
      vertex 227.20000000000002 26.3 3
      vertex 227.20000000000002 30.804101273417473 39.02278860658407
      vertex 227.20000000000002 30.80693806707859 39.01171997189522
    endloop
  endfacet
  facet normal -1 0 0
    outer loop
      vertex 227.20000000000002 26.3 3
      vertex 227.20000000000002 30.799999997019768 62.5258798673749
      vertex 227.20000000000002 30.799999997019768 39.07639529556036
    endloop
  endfacet
  facet normal -1 0 0
    outer loop
      vertex 227.20000000000002 31.131386324763298 3.1206147596240044
      vertex 227.20000000000002 30.80693806707859 39.01171997189522
      vertex 227.20000000000002 60.8686136752367 13.944080360233784
    endloop
  endfacet
  facet normal -1 0 0
    outer loop
      vertex 227.20000000000002 30.80693806707859 39.01171997189522
      vertex 227.20000000000002 30.89232823997736 39.033604726195335
      vertex 227.20000000000002 60.8686136752367 13.944080360233784
    endloop
  endfacet
  facet normal 1 0 0
    outer loop
      vertex 184.24 2.7999999970197678 43.28482295572758
      vertex 184.24 3.548982873558998 44.84525755792856
      vertex 184.24 2.8120034113526344 43.5036141499877
    endloop
  endfacet
  facet normal 1 0 0
    outer loop
      vertex 184.24 2.8120034113526344 43.5036141499877
      vertex 184.24 3.548982873558998 44.84525755792856
      vertex 184.24 2.892886258661747 43.887249037623405
    endloop
  endfacet
  facet normal 1 0 0
    outer loop
      vertex 184.24 2.892886258661747 43.887249037623405
      vertex 184.24 3.548982873558998 44.84525755792856
      vertex 184.24 3.0470584109425545 44.247733019292355
    endloop
  endfacet
  facet normal 1 0 0
    outer loop
      vertex 184.24 3.0470584109425545 44.247733019292355
      vertex 184.24 3.548982873558998 44.84525755792856
      vertex 184.24 3.2685951218008995 44.57121291011572
    endloop
  endfacet
  facet normal 1 0 0
    outer loop
      vertex 184.24 2.7999999970197678 5
      vertex 184.24 27.54898288553966 64.08631447835558
      vertex 184.24 3.548982873558998 44.84525755792856
    endloop
  endfacet
  facet normal 1 0 0
    outer loop
      vertex 184.24 2.7999999970197678 5
      vertex 184.24 30.647759065032005 63.291246734559536
      vertex 184.24 30.462939225137234 63.6370203346014
    endloop
  endfacet
  facet normal 1 0 0
    outer loop
      vertex 184.24 2.7999999970197678 5
      vertex 184.24 27.688859529793262 64.18881909549236
      vertex 184.24 27.54898288553966 64.08631447835558
    endloop
  endfacet
  facet normal 1 0 0
    outer loop
      vertex 184.24 2.7999999970197678 5
      vertex 184.24 28.03463312983513 64.37363893538713
      vertex 184.24 27.688859529793262 64.18881909549236
    endloop
  endfacet
  facet normal 1 0 0
    outer loop
      vertex 184.24 2.7999999970197678 5
      vertex 184.24 28.40981934964657 64.48745042830706
      vertex 184.24 28.03463312983513 64.37363893538713
    endloop
  endfacet
  facet normal 1 0 0
    outer loop
      vertex 184.24 2.7999999970197678 5
      vertex 184.24 28.799999997019768 64.5258798673749
      vertex 184.24 28.40981934964657 64.48745042830706
    endloop
  endfacet
  facet normal 1 0 0
    outer loop
      vertex 184.24 2.7999999970197678 5
      vertex 184.24 29.190180644392967 64.48745042830706
      vertex 184.24 28.799999997019768 64.5258798673749
    endloop
  endfacet
  facet normal 1 0 0
    outer loop
      vertex 184.24 2.7999999970197678 5
      vertex 184.24 29.565366864204407 64.37363893538713
      vertex 184.24 29.190180644392967 64.48745042830706
    endloop
  endfacet
  facet normal 1 0 0
    outer loop
      vertex 184.24 2.7999999970197678 5
      vertex 184.24 29.911140464246273 64.18881909549236
      vertex 184.24 29.565366864204407 64.37363893538713
    endloop
  endfacet
  facet normal 1 0 0
    outer loop
      vertex 184.24 2.7999999970197678 5
      vertex 184.24 30.21421355754137 63.9400934278965
      vertex 184.24 29.911140464246273 64.18881909549236
    endloop
  endfacet
  facet normal 1 0 0
    outer loop
      vertex 184.24 2.7999999970197678 5
      vertex 184.24 30.462939225137234 63.6370203346014
      vertex 184.24 30.21421355754137 63.9400934278965
    endloop
  endfacet
  facet normal 0 0.9984984462299653 -0.05478004085746
    outer loop
      vertex 184.24 2.7999999970197678 43.28482295572758
      vertex 184.24 2.8120034113526344 43.5036141499877
      vertex 227.20000000000002 2.8120034113526344 43.5036141499877
    endloop
  endfacet
  facet normal 0 0.9784892719391062 -0.20629770890651652
    outer loop
      vertex 184.24 2.8120034113526344 43.5036141499877
      vertex 184.24 2.892886258661747 43.887249037623405
      vertex 227.20000000000002 2.892886258661747 43.887249037623405
    endloop
  endfacet
  facet normal 0 0.9194411921313657 -0.3932275349108367
    outer loop
      vertex 184.24 2.892886258661747 43.887249037623405
      vertex 184.24 3.0470584109425545 44.247733019292355
      vertex 227.20000000000002 3.0470584109425545 44.247733019292355
    endloop
  endfacet
  facet normal 0 0.8250595065014482 -0.5650458483447042
    outer loop
      vertex 184.24 3.0470584109425545 44.247733019292355
      vertex 184.24 3.2685951218008995 44.57121291011572
      vertex 227.20000000000002 3.2685951218008995 44.57121291011572
    endloop
  endfacet
  facet normal 0 0.6989712302385408 -0.7151497880156441
    outer loop
      vertex 184.24 3.2685951218008995 44.57121291011572
      vertex 184.24 3.548982873558998 44.84525755792856
      vertex 227.20000000000002 3.548982873558998 44.84525755792856
    endloop
  endfacet
  facet normal 0 0.6255085627533582 -0.7802173017321701
    outer loop
      vertex 184.24 3.548982873558998 44.84525755792856
      vertex 184.24 20.564816440721383 58.48703347729899
      vertex 227.20000000000002 3.548982873558998 44.84525755792856
    endloop
  endfacet
  facet normal 1 0 0
    outer loop
      vertex 184.24 3.548982873558998 44.84525755792856
      vertex 184.24 27.54898288553966 64.08631447835558
      vertex 184.24 20.564816440721383 58.48703347729899
    endloop
  endfacet
  facet normal 1 0 0
    outer loop
      vertex 184.24 2.7999999970197678 5
      vertex 184.24 30.799999997019768 39.07639529556036
      vertex 184.24 30.799999997019768 62.5258798673749
    endloop
  endfacet
  facet normal 1 0 0
    outer loop
      vertex 184.24 2.7999999970197678 5
      vertex 184.24 30.799999997019768 62.5258798673749
      vertex 184.24 30.761570557951927 62.9160605147481
    endloop
  endfacet
  facet normal 1 0 0
    outer loop
      vertex 184.24 2.7999999970197678 5
      vertex 184.24 30.761570557951927 62.9160605147481
      vertex 184.24 30.647759065032005 63.291246734559536
    endloop
  endfacet
  facet normal 0 -0.9686916073662104 -0.2482671339872994
    outer loop
      vertex 184.24 30.80693806707859 39.01171997189522
      vertex 204.52000000327826 30.804101273417473 39.02278860658407
      vertex 184.24 30.804101273417473 39.02278860658407
    endloop
  endfacet
  facet normal 0 -0.9970861400717314 -0.07628387298017802
    outer loop
      vertex 184.24 30.804101273417473 39.02278860658407
      vertex 204.52000000327826 30.799999997019768 39.07639529556036
      vertex 184.24 30.799999997019768 39.07639529556036
    endloop
  endfacet
  facet normal 0 0.248267181499205 -0.9686915951893259
    outer loop
      vertex 184.24 30.80693806707859 39.01171997189522
      vertex 184.24 30.89232823997736 39.033604726195335
      vertex 204.52000000327826 30.80693806707859 39.01171997189522
    endloop
  endfacet
  facet normal 0 -0.9686916073662104 -0.2482671339872994
    outer loop
      vertex 184.24 30.80693806707859 39.01171997189522
      vertex 204.52000000327826 30.80693806707859 39.01171997189522
      vertex 204.52000000327826 30.804101273417473 39.02278860658407
    endloop
  endfacet
  facet normal 0 -0.9970861400717314 -0.07628387298017802
    outer loop
      vertex 184.24 30.804101273417473 39.02278860658407
      vertex 204.52000000327826 30.804101273417473 39.02278860658407
      vertex 204.52000000327826 30.799999997019768 39.07639529556036
    endloop
  endfacet
  facet normal 0 0.248267181499205 -0.9686915951893259
    outer loop
      vertex 184.24 30.89232823997736 39.033604726195335
      vertex 204.52000000327826 30.89232823997736 39.033604726195335
      vertex 204.52000000327826 30.80693806707859 39.01171997189522
    endloop
  endfacet
  facet normal 0 -1 0
    outer loop
      vertex 184.24 30.799999997019768 39.07639529556036
      vertex 204.52000000327826 30.799999997019768 39.07639529556036
      vertex 189.72 30.799999997019768 55.378692411729695
    endloop
  endfacet
  facet normal 0 -1 0
    outer loop
      vertex 184.24 30.799999997019768 39.07639529556036
      vertex 189.72 30.799999997019768 55.378692411729695
      vertex 189.72 30.799999997019768 62.5258798673749
    endloop
  endfacet
  facet normal 0 -1 0
    outer loop
      vertex 204.52000000327826 30.799999997019768 39.07639529556036
      vertex 206.92000000178814 30.799999997019768 39.07639529556036
      vertex 189.72 30.799999997019768 55.378692411729695
    endloop
  endfacet
  facet normal 0 0.3420201433279512 -0.9396926207850776
    outer loop
      vertex 184.24 30.89232823997736 39.033604726195335
      vertex 184.24 61.12821190804243 50.03856638818979
      vertex 204.52000000327826 30.89232823997736 39.033604726195335
    endloop
  endfacet
  facet normal 0 -1 0
    outer loop
      vertex 184.24 30.799999997019768 39.07639529556036
      vertex 189.72 30.799999997019768 62.5258798673749
      vertex 184.24 30.799999997019768 62.5258798673749
    endloop
  endfacet
  facet normal 0 -0.9569403375708344 -0.290284671193326
    outer loop
      vertex 184.24 30.647759065032005 63.291246734559536
      vertex 184.24 30.761570557951927 62.9160605147481
      vertex 189.72 30.647759065032005 63.291246734559536
    endloop
  endfacet
  facet normal 0 -0.7730104435344088 -0.6343932961394975
    outer loop
      vertex 184.24 30.462939225137234 63.6370203346014
      vertex 189.72 30.21421355754137 63.9400934278965
      vertex 184.24 30.21421355754137 63.9400934278965
    endloop
  endfacet
  facet normal 0 -0.8819212641844241 -0.47139673713269076
    outer loop
      vertex 184.24 30.647759065032005 63.291246734559536
      vertex 189.72 30.462939225137234 63.6370203346014
      vertex 184.24 30.462939225137234 63.6370203346014
    endloop
  endfacet
  facet normal 0 -0.9951847267853376 -0.09801713918082348
    outer loop
      vertex 184.24 30.799999997019768 62.5258798673749
      vertex 189.72 30.761570557951927 62.9160605147481
      vertex 184.24 30.761570557951927 62.9160605147481
    endloop
  endfacet
  facet normal 0 -0.8819212641844241 -0.47139673713269076
    outer loop
      vertex 184.24 30.647759065032005 63.291246734559536
      vertex 189.72 30.647759065032005 63.291246734559536
      vertex 189.72 30.462939225137234 63.6370203346014
    endloop
  endfacet
  facet normal 0 -0.7730104435344088 -0.6343932961394975
    outer loop
      vertex 184.24 30.462939225137234 63.6370203346014
      vertex 189.72 30.462939225137234 63.6370203346014
      vertex 189.72 30.21421355754137 63.9400934278965
    endloop
  endfacet
  facet normal 0 -0.9951847267853376 -0.09801713918082348
    outer loop
      vertex 184.24 30.799999997019768 62.5258798673749
      vertex 189.72 30.799999997019768 62.5258798673749
      vertex 189.72 30.761570557951927 62.9160605147481
    endloop
  endfacet
  facet normal 0 -0.9569403375708344 -0.290284671193326
    outer loop
      vertex 184.24 30.761570557951927 62.9160605147481
      vertex 189.72 30.761570557951927 62.9160605147481
      vertex 189.72 30.647759065032005 63.291246734559536
    endloop
  endfacet
  facet normal -2.5836736465701125e-17 -0.6343932961394975 -0.7730104435344088
    outer loop
      vertex 184.24 29.911140464246273 64.18881909549236
      vertex 184.24 30.21421355754137 63.9400934278965
      vertex 189.72 30.2 63.95175819348144
    endloop
  endfacet
  facet normal 0 -0.6343932961394921 -0.7730104435344134
    outer loop
      vertex 184.24 30.21421355754137 63.9400934278965
      vertex 189.72 30.21421355754137 63.9400934278965
      vertex 189.72 30.2 63.95175819348144
    endloop
  endfacet
  facet normal 0 0.5910951801371219 -0.8066018150355623
    outer loop
      vertex 184.24 27.54898288553966 64.08631447835558
      vertex 184.24 27.688859529793262 64.18881909549236
      vertex 227.20000000000002 27.54898288553966 64.08631447835558
    endloop
  endfacet
  facet normal 0 0.47139673713269076 -0.8819212641844241
    outer loop
      vertex 184.24 27.688859529793262 64.18881909549236
      vertex 184.24 28.03463312983513 64.37363893538713
      vertex 227.20000000000002 28.03463312983513 64.37363893538713
    endloop
  endfacet
  facet normal 0 0.29028467119332607 -0.9569403375708344
    outer loop
      vertex 184.24 28.03463312983513 64.37363893538713
      vertex 184.24 28.40981934964657 64.48745042830706
      vertex 227.20000000000002 28.40981934964657 64.48745042830706
    endloop
  endfacet
  facet normal 0 0.09801713918082348 -0.9951847267853376
    outer loop
      vertex 184.24 28.40981934964657 64.48745042830706
      vertex 184.24 28.799999997019768 64.5258798673749
      vertex 227.20000000000002 28.799999997019768 64.5258798673749
    endloop
  endfacet
  facet normal 0 -0.09801713918082348 -0.9951847267853376
    outer loop
      vertex 184.24 28.799999997019768 64.5258798673749
      vertex 184.24 29.190180644392967 64.48745042830706
      vertex 227.20000000000002 29.190180644392967 64.48745042830706
    endloop
  endfacet
  facet normal 0 -0.29028467119332607 -0.9569403375708344
    outer loop
      vertex 184.24 29.190180644392967 64.48745042830706
      vertex 184.24 29.565366864204407 64.37363893538713
      vertex 227.20000000000002 29.565366864204407 64.37363893538713
    endloop
  endfacet
  facet normal 0 -0.47139673713269076 -0.8819212641844241
    outer loop
      vertex 184.24 29.565366864204407 64.37363893538713
      vertex 184.24 29.911140464246273 64.18881909549236
      vertex 227.20000000000002 29.911140464246273 64.18881909549236
    endloop
  endfacet
  facet normal 0 -0.6343932961394979 -0.7730104435344088
    outer loop
      vertex 184.24 29.911140464246273 64.18881909549236
      vertex 189.72 30.2 63.95175819348144
      vertex 221.72 30.2 63.95175819348144
    endloop
  endfacet
  facet normal 0 0.9984984462299653 -0.05478004085746
    outer loop
      vertex 184.24 2.7999999970197678 43.28482295572758
      vertex 227.20000000000002 2.8120034113526344 43.5036141499877
      vertex 227.20000000000002 2.7999999970197678 43.28482295572758
    endloop
  endfacet
  facet normal 0 0.9784892719391062 -0.20629770890651652
    outer loop
      vertex 184.24 2.8120034113526344 43.5036141499877
      vertex 227.20000000000002 2.892886258661747 43.887249037623405
      vertex 227.20000000000002 2.8120034113526344 43.5036141499877
    endloop
  endfacet
  facet normal 0 0.9194411921313657 -0.3932275349108367
    outer loop
      vertex 184.24 2.892886258661747 43.887249037623405
      vertex 227.20000000000002 3.0470584109425545 44.247733019292355
      vertex 227.20000000000002 2.892886258661747 43.887249037623405
    endloop
  endfacet
  facet normal 0 0.8250595065014482 -0.5650458483447042
    outer loop
      vertex 184.24 3.0470584109425545 44.247733019292355
      vertex 227.20000000000002 3.2685951218008995 44.57121291011572
      vertex 227.20000000000002 3.0470584109425545 44.247733019292355
    endloop
  endfacet
  facet normal 0 0.6989712302385408 -0.7151497880156441
    outer loop
      vertex 184.24 3.2685951218008995 44.57121291011572
      vertex 227.20000000000002 3.548982873558998 44.84525755792856
      vertex 227.20000000000002 3.2685951218008995 44.57121291011572
    endloop
  endfacet
  facet normal -1 0 0
    outer loop
      vertex 227.20000000000002 2.7999999970197678 43.28482295572758
      vertex 227.20000000000002 2.8120034113526344 43.5036141499877
      vertex 227.20000000000002 3.548982873558998 44.84525755792856
    endloop
  endfacet
  facet normal -1 0 0
    outer loop
      vertex 227.20000000000002 2.8120034113526344 43.5036141499877
      vertex 227.20000000000002 2.892886258661747 43.887249037623405
      vertex 227.20000000000002 3.548982873558998 44.84525755792856
    endloop
  endfacet
  facet normal -1 0 0
    outer loop
      vertex 227.20000000000002 2.892886258661747 43.887249037623405
      vertex 227.20000000000002 3.0470584109425545 44.247733019292355
      vertex 227.20000000000002 3.548982873558998 44.84525755792856
    endloop
  endfacet
  facet normal -1 0 0
    outer loop
      vertex 227.20000000000002 3.0470584109425545 44.247733019292355
      vertex 227.20000000000002 3.2685951218008995 44.57121291011572
      vertex 227.20000000000002 3.548982873558998 44.84525755792856
    endloop
  endfacet
  facet normal -1 0 0
    outer loop
      vertex 227.20000000000002 3.548982873558998 44.84525755792856
      vertex 227.20000000000002 20.564816440721383 58.48703347729899
      vertex 227.20000000000002 7.300000000000001 47.652488141005215
    endloop
  endfacet
  facet normal 0 0.6255085627533582 -0.7802173017321701
    outer loop
      vertex 184.24 20.564816440721383 58.48703347729899
      vertex 227.20000000000002 20.564816440721383 58.48703347729899
      vertex 227.20000000000002 3.548982873558998 44.84525755792856
    endloop
  endfacet
  facet normal -1 0 0
    outer loop
      vertex 227.20000000000002 7.300000000000001 47.652488141005215
      vertex 227.20000000000002 20.564816440721383 58.48703347729899
      vertex 227.20000000000002 26.3 62.884991529460486
    endloop
  endfacet
  facet normal 0 0.248267181499205 -0.9686915951893259
    outer loop
      vertex 206.92000000178814 30.80693806707859 39.01171997189522
      vertex 206.92000000178814 30.89232823997736 39.033604726195335
      vertex 227.20000000000002 30.80693806707859 39.01171997189522
    endloop
  endfacet
  facet normal 0 -0.9686916073662104 -0.24826713398729938
    outer loop
      vertex 206.92000000178814 30.80693806707859 39.01171997189522
      vertex 227.20000000000002 30.804101273417473 39.02278860658407
      vertex 206.92000000178814 30.804101273417473 39.02278860658407
    endloop
  endfacet
  facet normal 0 -0.9970861400717312 -0.07628387298017802
    outer loop
      vertex 206.92000000178814 30.804101273417473 39.02278860658407
      vertex 227.20000000000002 30.799999997019768 39.07639529556036
      vertex 206.92000000178814 30.799999997019768 39.07639529556036
    endloop
  endfacet
  facet normal 0 -1 0
    outer loop
      vertex 206.92000000178814 30.799999997019768 39.07639529556036
      vertex 227.20000000000002 30.799999997019768 39.07639529556036
      vertex 189.72 30.799999997019768 55.378692411729695
    endloop
  endfacet
  facet normal 0 -1 0
    outer loop
      vertex 227.20000000000002 30.799999997019768 39.07639529556036
      vertex 221.72 30.799999997019768 55.378692411729695
      vertex 189.72 30.799999997019768 55.378692411729695
    endloop
  endfacet
  facet normal 0 0.3420201433279515 -0.9396926207850775
    outer loop
      vertex 206.92000000178814 30.89232823997736 39.033604726195335
      vertex 206.92000000178814 49.20000000298023 45.697052306694594
      vertex 227.20000000000002 30.89232823997736 39.033604726195335
    endloop
  endfacet
  facet normal 0 -0.9686916073662104 -0.24826713398729938
    outer loop
      vertex 206.92000000178814 30.80693806707859 39.01171997189522
      vertex 227.20000000000002 30.80693806707859 39.01171997189522
      vertex 227.20000000000002 30.804101273417473 39.02278860658407
    endloop
  endfacet
  facet normal 0 -0.9970861400717312 -0.07628387298017802
    outer loop
      vertex 206.92000000178814 30.804101273417473 39.02278860658407
      vertex 227.20000000000002 30.804101273417473 39.02278860658407
      vertex 227.20000000000002 30.799999997019768 39.07639529556036
    endloop
  endfacet
  facet normal 0 0.248267181499205 -0.9686915951893259
    outer loop
      vertex 206.92000000178814 30.89232823997736 39.033604726195335
      vertex 227.20000000000002 30.89232823997736 39.033604726195335
      vertex 227.20000000000002 30.80693806707859 39.01171997189522
    endloop
  endfacet
  facet normal -1 0 0
    outer loop
      vertex 227.20000000000002 26.3 3
      vertex 227.20000000000002 26.3 62.884991529460486
      vertex 227.20000000000002 30.761570557951927 62.9160605147481
    endloop
  endfacet
  facet normal -1 0 0
    outer loop
      vertex 227.20000000000002 26.3 3
      vertex 227.20000000000002 30.761570557951927 62.9160605147481
      vertex 227.20000000000002 30.799999997019768 62.5258798673749
    endloop
  endfacet
  facet normal 0 -1 0
    outer loop
      vertex 227.20000000000002 30.799999997019768 39.07639529556036
      vertex 227.20000000000002 30.799999997019768 62.5258798673749
      vertex 221.72 30.799999997019768 55.378692411729695
    endloop
  endfacet
  facet normal 4.0858534030561856e-17 -0.6343932961395014 -0.773010443534406
    outer loop
      vertex 184.24 29.911140464246273 64.18881909549236
      vertex 221.72 30.2 63.95175819348144
      vertex 227.20000000000002 30.21421355754137 63.9400934278965
    endloop
  endfacet
  facet normal 0 0.5910951801371219 -0.8066018150355623
    outer loop
      vertex 184.24 27.688859529793262 64.18881909549236
      vertex 227.20000000000002 27.688859529793262 64.18881909549236
      vertex 227.20000000000002 27.54898288553966 64.08631447835558
    endloop
  endfacet
  facet normal 0 0.47139673713269076 -0.8819212641844241
    outer loop
      vertex 184.24 27.688859529793262 64.18881909549236
      vertex 227.20000000000002 28.03463312983513 64.37363893538713
      vertex 227.20000000000002 27.688859529793262 64.18881909549236
    endloop
  endfacet
  facet normal 0 0.29028467119332607 -0.9569403375708344
    outer loop
      vertex 184.24 28.03463312983513 64.37363893538713
      vertex 227.20000000000002 28.40981934964657 64.48745042830706
      vertex 227.20000000000002 28.03463312983513 64.37363893538713
    endloop
  endfacet
  facet normal 0 0.09801713918082348 -0.9951847267853376
    outer loop
      vertex 184.24 28.40981934964657 64.48745042830706
      vertex 227.20000000000002 28.799999997019768 64.5258798673749
      vertex 227.20000000000002 28.40981934964657 64.48745042830706
    endloop
  endfacet
  facet normal 0 -0.09801713918082348 -0.9951847267853376
    outer loop
      vertex 184.24 28.799999997019768 64.5258798673749
      vertex 227.20000000000002 29.190180644392967 64.48745042830706
      vertex 227.20000000000002 28.799999997019768 64.5258798673749
    endloop
  endfacet
  facet normal 0 -0.29028467119332607 -0.9569403375708344
    outer loop
      vertex 184.24 29.190180644392967 64.48745042830706
      vertex 227.20000000000002 29.565366864204407 64.37363893538713
      vertex 227.20000000000002 29.190180644392967 64.48745042830706
    endloop
  endfacet
  facet normal 0 -0.47139673713269076 -0.8819212641844241
    outer loop
      vertex 184.24 29.565366864204407 64.37363893538713
      vertex 227.20000000000002 29.911140464246273 64.18881909549236
      vertex 227.20000000000002 29.565366864204407 64.37363893538713
    endloop
  endfacet
  facet normal 0 -0.6343932961394977 -0.7730104435344091
    outer loop
      vertex 184.24 29.911140464246273 64.18881909549236
      vertex 227.20000000000002 30.21421355754137 63.9400934278965
      vertex 227.20000000000002 29.911140464246273 64.18881909549236
    endloop
  endfacet
  facet normal 0 -1 0
    outer loop
      vertex 227.20000000000002 30.799999997019768 62.5258798673749
      vertex 221.72 30.799999997019768 62.5258798673749
      vertex 221.72 30.799999997019768 55.378692411729695
    endloop
  endfacet
  facet normal -1 0 0
    outer loop
      vertex 227.20000000000002 20.564816440721383 58.48703347729899
      vertex 227.20000000000002 27.688859529793262 64.18881909549236
      vertex 227.20000000000002 26.3 62.884991529460486
    endloop
  endfacet
  facet normal -1 0 0
    outer loop
      vertex 227.20000000000002 20.564816440721383 58.48703347729899
      vertex 227.20000000000002 27.54898288553966 64.08631447835558
      vertex 227.20000000000002 27.688859529793262 64.18881909549236
    endloop
  endfacet
  facet normal 0 -0.9569403375708344 -0.290284671193326
    outer loop
      vertex 227.20000000000002 30.647759065032005 63.291246734559536
      vertex 221.72 30.647759065032005 63.291246734559536
      vertex 221.72 30.761570557951927 62.9160605147481
    endloop
  endfacet
  facet normal 0 -0.773010443534409 -0.6343932961394977
    outer loop
      vertex 227.20000000000002 30.21421355754137 63.9400934278965
      vertex 221.72 30.21421355754137 63.9400934278965
      vertex 221.72 30.462939225137234 63.6370203346014
    endloop
  endfacet
  facet normal 0 -0.8819212641844242 -0.47139673713269087
    outer loop
      vertex 227.20000000000002 30.462939225137234 63.6370203346014
      vertex 221.72 30.462939225137234 63.6370203346014
      vertex 221.72 30.647759065032005 63.291246734559536
    endloop
  endfacet
  facet normal 0 -0.9951847267853376 -0.0980171391808235
    outer loop
      vertex 227.20000000000002 30.761570557951927 62.9160605147481
      vertex 221.72 30.761570557951927 62.9160605147481
      vertex 221.72 30.799999997019768 62.5258798673749
    endloop
  endfacet
  facet normal 0 -0.8819212641844242 -0.47139673713269087
    outer loop
      vertex 227.20000000000002 30.647759065032005 63.291246734559536
      vertex 227.20000000000002 30.462939225137234 63.6370203346014
      vertex 221.72 30.647759065032005 63.291246734559536
    endloop
  endfacet
  facet normal 0 -0.773010443534409 -0.6343932961394977
    outer loop
      vertex 227.20000000000002 30.462939225137234 63.6370203346014
      vertex 227.20000000000002 30.21421355754137 63.9400934278965
      vertex 221.72 30.462939225137234 63.6370203346014
    endloop
  endfacet
  facet normal 0 -0.9951847267853376 -0.0980171391808235
    outer loop
      vertex 227.20000000000002 30.799999997019768 62.5258798673749
      vertex 227.20000000000002 30.761570557951927 62.9160605147481
      vertex 221.72 30.799999997019768 62.5258798673749
    endloop
  endfacet
  facet normal 0 -0.9569403375708344 -0.290284671193326
    outer loop
      vertex 227.20000000000002 30.647759065032005 63.291246734559536
      vertex 221.72 30.761570557951927 62.9160605147481
      vertex 227.20000000000002 30.761570557951927 62.9160605147481
    endloop
  endfacet
  facet normal 0 -0.6343932961394921 -0.7730104435344135
    outer loop
      vertex 227.20000000000002 30.21421355754137 63.9400934278965
      vertex 221.72 30.2 63.95175819348144
      vertex 221.72 30.21421355754137 63.9400934278965
    endloop
  endfacet
  facet normal -1 0 0
    outer loop
      vertex 227.20000000000002 26.3 62.884991529460486
      vertex 227.20000000000002 27.688859529793262 64.18881909549236
      vertex 227.20000000000002 28.03463312983513 64.37363893538713
    endloop
  endfacet
  facet normal -1 0 0
    outer loop
      vertex 227.20000000000002 26.3 62.884991529460486
      vertex 227.20000000000002 29.565366864204407 64.37363893538713
      vertex 227.20000000000002 29.911140464246273 64.18881909549236
    endloop
  endfacet
  facet normal -1 0 0
    outer loop
      vertex 227.20000000000002 26.3 62.884991529460486
      vertex 227.20000000000002 30.647759065032005 63.291246734559536
      vertex 227.20000000000002 30.761570557951927 62.9160605147481
    endloop
  endfacet
  facet normal -1 0 0
    outer loop
      vertex 227.20000000000002 26.3 62.884991529460486
      vertex 227.20000000000002 30.462939225137234 63.6370203346014
      vertex 227.20000000000002 30.647759065032005 63.291246734559536
    endloop
  endfacet
  facet normal -1 0 0
    outer loop
      vertex 227.20000000000002 26.3 62.884991529460486
      vertex 227.20000000000002 30.21421355754137 63.9400934278965
      vertex 227.20000000000002 30.462939225137234 63.6370203346014
    endloop
  endfacet
  facet normal -1 0 0
    outer loop
      vertex 227.20000000000002 26.3 62.884991529460486
      vertex 227.20000000000002 29.911140464246273 64.18881909549236
      vertex 227.20000000000002 30.21421355754137 63.9400934278965
    endloop
  endfacet
  facet normal -1 0 0
    outer loop
      vertex 227.20000000000002 26.3 62.884991529460486
      vertex 227.20000000000002 28.03463312983513 64.37363893538713
      vertex 227.20000000000002 28.40981934964657 64.48745042830706
    endloop
  endfacet
  facet normal -1 0 0
    outer loop
      vertex 227.20000000000002 26.3 62.884991529460486
      vertex 227.20000000000002 28.40981934964657 64.48745042830706
      vertex 227.20000000000002 28.799999997019768 64.5258798673749
    endloop
  endfacet
  facet normal -1 0 0
    outer loop
      vertex 227.20000000000002 26.3 62.884991529460486
      vertex 227.20000000000002 28.799999997019768 64.5258798673749
      vertex 227.20000000000002 29.190180644392967 64.48745042830706
    endloop
  endfacet
  facet normal -1 0 0
    outer loop
      vertex 227.20000000000002 26.3 62.884991529460486
      vertex 227.20000000000002 29.190180644392967 64.48745042830706
      vertex 227.20000000000002 29.565366864204407 64.37363893538713
    endloop
  endfacet
  facet normal 0 -0.3420201431981685 0.9396926208323148
    outer loop
      vertex 184.24 31.131386324763298 3.1206147596240044
      vertex 204.52000000327826 46.00005097445727 8.532366113114039
      vertex 184.24 60.8686136752367 13.944080360233784
    endloop
  endfacet
  facet normal -7.484823252420202e-16 -0.3420201431981688 0.9396926208323146
    outer loop
      vertex 184.24 60.8686136752367 13.944080360233784
      vertex 204.52000000327826 46.00005097445727 8.532366113114039
      vertex 205.71997014693824 46.0000206645085 8.53235508119489
    endloop
  endfacet
  facet normal -1.1476149279435383e-15 -0.34202014319817053 0.9396926208323139
    outer loop
      vertex 184.24 60.8686136752367 13.944080360233784
      vertex 205.71997014693824 46.0000206645085 8.53235508119489
      vertex 206.50260799355644 45.99999460351367 8.532345595768502
    endloop
  endfacet
  facet normal 6.454834948834372e-15 -0.3420201431981623 0.9396926208323169
    outer loop
      vertex 184.24 60.8686136752367 13.944080360233784
      vertex 206.50260799355644 45.99999460351367 8.532345595768502
      vertex 206.92000000178814 46.00001216870296 8.532351988974558
    endloop
  endfacet
  facet normal 4.59895512839324e-18 -0.4324792012917569 0.9016439100055208
    outer loop
      vertex 184.24 60.8686136752367 13.944080360233784
      vertex 205.68686136643902 60.86861367805661 13.944080361586371
      vertex 184.24 61.22211990505457 14.113641858100891
    endloop
  endfacet
  facet normal 0 -0.4324791728564511 0.9016439236446946
    outer loop
      vertex 184.24 60.8686136752367 13.944080360233784
      vertex 205.75313863138257 60.86861367805661 13.944080361586371
      vertex 205.68686136643902 60.86861367805661 13.944080361586371
    endloop
  endfacet
  facet normal 4.476610883488124e-17 -0.432479201291755 0.9016439100055219
    outer loop
      vertex 184.24 61.22211990505457 14.113641858100891
      vertex 205.68686136643902 60.86861367805661 13.944080361586371
      vertex 205.7199999988079 61.20000000298023 14.103031907237137
    endloop
  endfacet
  facet normal 0 -0.5824777059465526 0.8128466780858746
    outer loop
      vertex 184.24 61.22211990505457 14.113641858100891
      vertex 227.20000000000002 61.22211990505457 14.113641858100891
      vertex 184.24 61.47014860808849 14.29137671738863
    endloop
  endfacet
  facet normal 1 0 0
    outer loop
      vertex 184.24 30.89232823997736 39.033604726195335
      vertex 184.24 60.8686136752367 13.944080360233784
      vertex 184.24 61.12821190804243 50.03856638818979
    endloop
  endfacet
  facet normal -8.857215839133582e-17 -0.3420201431981684 0.9396926208323148
    outer loop
      vertex 206.92000000178814 31.131386324763298 3.1206147596240044
      vertex 227.20000000000002 60.8686136752367 13.944080360233784
      vertex 206.92000000178814 46.00001216870296 8.532351988974558
    endloop
  endfacet
  facet normal 0 -0.34202014319816865 0.9396926208323146
    outer loop
      vertex 184.24 60.8686136752367 13.944080360233784
      vertex 206.92000000178814 46.00001216870296 8.532351988974558
      vertex 227.20000000000002 60.8686136752367 13.944080360233784
    endloop
  endfacet
  facet normal 0 -0.43247917285645515 0.9016439236446928
    outer loop
      vertex 184.24 60.8686136752367 13.944080360233784
      vertex 227.20000000000002 60.8686136752367 13.944080360233784
      vertex 205.75313863138257 60.86861367805661 13.944080361586371
    endloop
  endfacet
  facet normal 0 -0.4324792012917904 0.901643910005505
    outer loop
      vertex 184.24 61.22211990505457 14.113641858100891
      vertex 205.7199999988079 61.20000000298023 14.103031907237137
      vertex 227.20000000000002 61.22211990505457 14.113641858100891
    endloop
  endfacet
  facet normal -4.48210365707798e-17 -0.432479201291755 0.9016439100055219
    outer loop
      vertex 205.75313863138257 60.86861367805661 13.944080361586371
      vertex 227.20000000000002 61.22211990505457 14.113641858100891
      vertex 205.7199999988079 61.20000000298023 14.103031907237137
    endloop
  endfacet
  facet normal 0 -0.5824777059465526 0.8128466780858746
    outer loop
      vertex 184.24 61.47014860808849 14.29137671738863
      vertex 227.20000000000002 61.22211990505457 14.113641858100891
      vertex 227.20000000000002 61.47014860808849 14.29137671738863
    endloop
  endfacet
  facet normal -4.598955127926107e-18 -0.4324792012917569 0.9016439100055208
    outer loop
      vertex 205.75313863138257 60.86861367805661 13.944080361586371
      vertex 227.20000000000002 60.8686136752367 13.944080360233784
      vertex 227.20000000000002 61.22211990505457 14.113641858100891
    endloop
  endfacet
  facet normal -1 0 0
    outer loop
      vertex 227.20000000000002 30.89232823997736 39.033604726195335
      vertex 227.20000000000002 61.12821190804243 50.03856638818979
      vertex 227.20000000000002 60.8686136752367 13.944080360233784
    endloop
  endfacet
  facet normal -1 0 0
    outer loop
      vertex 227.20000000000002 60.8686136752367 13.944080360233784
      vertex 227.20000000000002 89.1 37.47557483018548
      vertex 227.20000000000002 61.22211990505457 14.113641858100891
    endloop
  endfacet
  facet normal -1 0 0
    outer loop
      vertex 227.20000000000002 61.22211990505457 14.113641858100891
      vertex 227.20000000000002 89.1 37.47557483018548
      vertex 227.20000000000002 61.47014860808849 14.29137671738863
    endloop
  endfacet
  facet normal -1 0 0
    outer loop
      vertex 227.20000000000002 60.8686136752367 13.944080360233784
      vertex 227.20000000000002 61.27526671439409 50.12785138934851
      vertex 227.20000000000002 89.1 37.47557483018548
    endloop
  endfacet
  facet normal -1.2607982439941363e-15 -0.6427876096924102 0.7660444431140516
    outer loop
      vertex 227.20000000000002 61.47014860808849 14.29137671738863
      vertex 227.20000000000002 89.1 37.47557483018548
      vertex 222.2 89.1 37.47557483018547
    endloop
  endfacet
  facet normal 1 0 0
    outer loop
      vertex 184.24 60.8686136752367 13.944080360233784
      vertex 184.24 61.17718295753002 50.060754880309105
      vertex 184.24 61.12821190804243 50.03856638818979
    endloop
  endfacet
  facet normal 1 0 0
    outer loop
      vertex 184.24 60.8686136752367 13.944080360233784
      vertex 184.24 61.27526671439409 50.12785138934851
      vertex 184.24 61.17718295753002 50.060754880309105
    endloop
  endfacet
  facet normal -7.19341213871382e-17 0.34202014332795116 -0.9396926207850776
    outer loop
      vertex 204.52000000327826 30.89232823997736 39.033604726195335
      vertex 184.24 61.12821190804243 50.03856638818979
      vertex 204.52000000327826 49.20000000298023 45.69705230669459
    endloop
  endfacet
  facet normal 0 0.41270700304606855 -0.9108638370452151
    outer loop
      vertex 184.24 61.17718295753002 50.060754880309105
      vertex 205.71282118934087 61.12821190804243 50.03856638818979
      vertex 184.24 61.12821190804243 50.03856638818979
    endloop
  endfacet
  facet normal 0 0.3420201433279513 -0.9396926207850775
    outer loop
      vertex 184.24 61.12821190804243 50.03856638818979
      vertex 205.71282118934087 61.12821190804243 50.03856638818979
      vertex 204.52000000327826 49.20000000298023 45.69705230669459
    endloop
  endfacet
  facet normal 0 0.41270700304606855 -0.9108638370452152
    outer loop
      vertex 184.24 61.17718295753002 50.060754880309105
      vertex 205.71771829427138 61.17718295753002 50.060754880309105
      vertex 205.71282118934087 61.12821190804243 50.03856638818979
    endloop
  endfacet
  facet normal 0 0.56460693819775 -0.8253599247231247
    outer loop
      vertex 184.24 61.17718295753002 50.060754880309105
      vertex 205.7199999988079 61.20000000298023 50.076363418819966
      vertex 205.71771829427138 61.17718295753002 50.060754880309105
    endloop
  endfacet
  facet normal 0 0.5646069381976784 -0.8253599247231738
    outer loop
      vertex 184.24 61.17718295753002 50.060754880309105
      vertex 184.24 61.27526671439409 50.12785138934851
      vertex 227.20000000000002 61.27526671439409 50.12785138934851
    endloop
  endfacet
  facet normal 2.090559498880493e-16 0.564606938197616 -0.8253599247232164
    outer loop
      vertex 184.24 61.17718295753002 50.060754880309105
      vertex 227.20000000000002 61.27526671439409 50.12785138934851
      vertex 205.7199999988079 61.20000000298023 50.076363418819966
    endloop
  endfacet
  facet normal 0 0.34202014332795083 -0.9396926207850778
    outer loop
      vertex 206.92000000178814 49.20000000298023 45.697052306694594
      vertex 205.7271788083195 61.12821190804243 50.03856638818979
      vertex 227.20000000000002 61.12821190804243 50.03856638818979
    endloop
  endfacet
  facet normal 0 0.4127070030460686 -0.9108638370452152
    outer loop
      vertex 205.7271788083195 61.12821190804243 50.03856638818979
      vertex 205.7222817033586 61.17718295753002 50.060754880309105
      vertex 227.20000000000002 61.17718295753002 50.060754880309105
    endloop
  endfacet
  facet normal -4.803897139447893e-16 0.56460693819775 -0.8253599247231247
    outer loop
      vertex 205.7222817033586 61.17718295753002 50.060754880309105
      vertex 205.7199999988079 61.20000000298023 50.076363418819966
      vertex 227.20000000000002 61.27526671439409 50.12785138934851
    endloop
  endfacet
  facet normal -2.613344391126259e-16 0.3420201433279513 -0.9396926207850776
    outer loop
      vertex 227.20000000000002 30.89232823997736 39.033604726195335
      vertex 206.92000000178814 49.20000000298023 45.697052306694594
      vertex 227.20000000000002 61.12821190804243 50.03856638818979
    endloop
  endfacet
  facet normal -1 0 0
    outer loop
      vertex 227.20000000000002 60.8686136752367 13.944080360233784
      vertex 227.20000000000002 61.12821190804243 50.03856638818979
      vertex 227.20000000000002 61.17718295753002 50.060754880309105
    endloop
  endfacet
  facet normal -1 0 0
    outer loop
      vertex 227.20000000000002 60.8686136752367 13.944080360233784
      vertex 227.20000000000002 61.17718295753002 50.060754880309105
      vertex 227.20000000000002 61.27526671439409 50.12785138934851
    endloop
  endfacet
  facet normal 0 0.41270700304606855 -0.9108638370452151
    outer loop
      vertex 205.7271788083195 61.12821190804243 50.03856638818979
      vertex 227.20000000000002 61.17718295753002 50.060754880309105
      vertex 227.20000000000002 61.12821190804243 50.03856638818979
    endloop
  endfacet
  facet normal 0 0.5646069381976784 -0.8253599247231738
    outer loop
      vertex 205.7222817033586 61.17718295753002 50.060754880309105
      vertex 227.20000000000002 61.27526671439409 50.12785138934851
      vertex 227.20000000000002 61.17718295753002 50.060754880309105
    endloop
  endfacet
  facet normal 0 0.6427876097583178 -0.7660444430587487
    outer loop
      vertex 184.24 61.27526671439409 50.12785138934851
      vertex 222.2 89.1 73.47557483134948
      vertex 227.20000000000002 61.27526671439409 50.12785138934851
    endloop
  endfacet
  facet normal -1 0 0
    outer loop
      vertex 227.20000000000002 61.27526671439409 50.12785138934851
      vertex 227.20000000000002 89.1 73.47557483134946
      vertex 227.20000000000002 89.1 37.47557483018548
    endloop
  endfacet
  facet normal -2.503935456031633e-15 0.6427876097583176 -0.7660444430587489
    outer loop
      vertex 227.20000000000002 61.27526671439409 50.12785138934851
      vertex 222.2 89.1 73.47557483134948
      vertex 227.20000000000002 89.1 73.47557483134946
    endloop
  endfacet
  facet normal 0 -0.6427876096924102 0.7660444431140516
    outer loop
      vertex 184.24 61.47014860808849 14.29137671738863
      vertex 227.20000000000002 61.47014860808849 14.29137671738863
      vertex 184.24 167.2855752184987 103.08106216043234
    endloop
  endfacet
  facet normal 1 0 0
    outer loop
      vertex 184.24 60.8686136752367 13.944080360233784
      vertex 184.24 135.92575278133154 112.76704672724009
      vertex 184.24 61.27526671439409 50.12785138934851
    endloop
  endfacet
  facet normal 1 0 0
    outer loop
      vertex 184.24 60.8686136752367 13.944080360233784
      vertex 184.24 61.22211990505457 14.113641858100891
      vertex 184.24 165.0124584948341 138
    endloop
  endfacet
  facet normal 1 0 0
    outer loop
      vertex 184.24 61.22211990505457 14.113641858100891
      vertex 184.24 61.47014860808849 14.29137671738863
      vertex 184.24 165.0124584948341 138
    endloop
  endfacet
  facet normal 5.294968870013848e-16 -0.6427876096924101 0.7660444431140517
    outer loop
      vertex 227.20000000000002 61.47014860808849 14.29137671738863
      vertex 222.2 89.1 37.47557483018547
      vertex 184.24 167.2855752184987 103.08106216043234
    endloop
  endfacet
  facet normal -2.4149844792815974e-16 -0.6427876096924104 0.7660444431140517
    outer loop
      vertex 222.2 89.1 37.47557483018547
      vertex 222.2 108.1 53.41846782280194
      vertex 184.24 167.2855752184987 103.08106216043234
    endloop
  endfacet
  facet normal 0 -0.6427876096924102 0.7660444431140517
    outer loop
      vertex 222.2 108.1 53.41846782280194
      vertex 227.20000000000002 108.1 53.41846782280194
      vertex 227.20000000000002 167.2855752184987 103.08106216043234
    endloop
  endfacet
  facet normal 1 0 0
    outer loop
      vertex 184.24 60.8686136752367 13.944080360233784
      vertex 184.24 135.98958934098482 112.8321183398366
      vertex 184.24 135.92575278133154 112.76704672724009
    endloop
  endfacet
  facet normal 1 0 0
    outer loop
      vertex 184.24 60.8686136752367 13.944080360233784
      vertex 184.24 165.0124584948341 138
      vertex 184.24 135.98958934098482 112.8321183398366
    endloop
  endfacet
  facet normal 0 0.6427876097583178 -0.7660444430587487
    outer loop
      vertex 184.24 61.27526671439409 50.12785138934851
      vertex 184.24 135.92575278133154 112.76704672724009
      vertex 227.20000000000002 135.92575278133154 112.76704672724009
    endloop
  endfacet
  facet normal 0 0.6427876097583177 -0.7660444430587487
    outer loop
      vertex 184.24 61.27526671439409 50.12785138934851
      vertex 222.2 108.1 89.4184678267516
      vertex 222.2 89.1 73.47557483134948
    endloop
  endfacet
  facet normal 8.474368652532669e-16 0.6427876097583176 -0.7660444430587487
    outer loop
      vertex 184.24 61.27526671439409 50.12785138934851
      vertex 227.20000000000002 135.92575278133154 112.76704672724009
      vertex 222.2 108.1 89.4184678267516
    endloop
  endfacet
  facet normal -1 0 0
    outer loop
      vertex 227.20000000000002 108.1 53.41846782280194
      vertex 227.20000000000002 108.1 89.41846782675158
      vertex 227.20000000000002 135.92575278133154 112.76704672724009
    endloop
  endfacet
  facet normal -2.17722925713913e-15 0.6427876097583178 -0.7660444430587487
    outer loop
      vertex 222.2 108.1 89.4184678267516
      vertex 227.20000000000002 135.92575278133154 112.76704672724009
      vertex 227.20000000000002 108.1 89.41846782675158
    endloop
  endfacet
  facet normal -1 0 0
    outer loop
      vertex 227.20000000000002 108.1 53.41846782280194
      vertex 227.20000000000002 135.92575278133154 112.76704672724009
      vertex 227.20000000000002 135.98958934098482 112.8321183398366
    endloop
  endfacet
  facet normal 1 0 0
    outer loop
      vertex 184.24 61.47014860808849 14.29137671738863
      vertex 184.24 167.2855752184987 103.08106216043234
      vertex 184.24 168 134.1715728789568
    endloop
  endfacet
  facet normal 1 0 0
    outer loop
      vertex 184.24 61.47014860808849 14.29137671738863
      vertex 184.24 165.06947587430477 137.93052411824465
      vertex 184.24 165.0124584948341 138
    endloop
  endfacet
  facet normal 1 0 0
    outer loop
      vertex 184.24 61.47014860808849 14.29137671738863
      vertex 184.24 165.1999999959444 137.79999999701977
      vertex 184.24 165.06947587430477 137.93052411824465
    endloop
  endfacet
  facet normal 1 0 0
    outer loop
      vertex 184.24 61.47014860808849 14.29137671738863
      vertex 184.24 167.96157056093216 134.56175352633
      vertex 184.24 167.84775906801224 134.93693974614143
    endloop
  endfacet
  facet normal 1 0 0
    outer loop
      vertex 184.24 61.47014860808849 14.29137671738863
      vertex 184.24 168 134.1715728789568
      vertex 184.24 167.96157056093216 134.56175352633
    endloop
  endfacet
  facet normal 1 0 0
    outer loop
      vertex 184.24 61.47014860808849 14.29137671738863
      vertex 184.24 167.4142135605216 135.5857864394784
      vertex 184.24 165.1999999959444 137.79999999701977
    endloop
  endfacet
  facet normal 1 0 0
    outer loop
      vertex 184.24 61.47014860808849 14.29137671738863
      vertex 184.24 167.84775906801224 134.93693974614143
      vertex 184.24 167.66293922811747 135.2827133461833
    endloop
  endfacet
  facet normal 1 0 0
    outer loop
      vertex 184.24 61.47014860808849 14.29137671738863
      vertex 184.24 167.66293922811747 135.2827133461833
      vertex 184.24 167.4142135605216 135.5857864394784
    endloop
  endfacet
  facet normal 1 0 0
    outer loop
      vertex 184.24 167.2855752184987 103.08106216043234
      vertex 184.24 167.55976896733046 103.36130409687757
      vertex 184.24 167.7740216627717 103.68965381383896
    endloop
  endfacet
  facet normal 1 0 0
    outer loop
      vertex 184.24 167.2855752184987 103.08106216043234
      vertex 184.24 167.7740216627717 103.68965381383896
      vertex 184.24 167.9200997054577 104.05349301546812
    endloop
  endfacet
  facet normal 1 0 0
    outer loop
      vertex 184.24 167.2855752184987 103.08106216043234
      vertex 184.24 167.9200997054577 104.05349301546812
      vertex 184.24 167.99238939583302 104.43883955478668
    endloop
  endfacet
  facet normal 1 0 0
    outer loop
      vertex 184.24 167.2855752184987 103.08106216043234
      vertex 184.24 167.99238939583302 104.43883955478668
      vertex 184.24 168 104.61315104365349
    endloop
  endfacet
  facet normal 0 -0.7147778879927614 0.699351535950703
    outer loop
      vertex 184.24 167.2855752184987 103.08106216043234
      vertex 227.20000000000002 167.2855752184987 103.08106216043234
      vertex 184.24 167.55976896733046 103.36130409687757
    endloop
  endfacet
  facet normal 0 -0.8374803597584747 0.5464674253958931
    outer loop
      vertex 184.24 167.55976896733046 103.36130409687757
      vertex 227.20000000000002 167.55976896733046 103.36130409687757
      vertex 184.24 167.7740216627717 103.68965381383896
    endloop
  endfacet
  facet normal 0 -0.9279989130940465 0.37258289989781884
    outer loop
      vertex 184.24 167.7740216627717 103.68965381383896
      vertex 227.20000000000002 167.7740216627717 103.68965381383896
      vertex 184.24 167.9200997054577 104.05349301546812
    endloop
  endfacet
  facet normal 0 -0.9828549900138027 0.1843802283461212
    outer loop
      vertex 184.24 167.9200997054577 104.05349301546812
      vertex 227.20000000000002 167.9200997054577 104.05349301546812
      vertex 184.24 167.99238939583302 104.43883955478668
    endloop
  endfacet
  facet normal 0 -0.999048221531088 0.04361938852815863
    outer loop
      vertex 184.24 167.99238939583302 104.43883955478668
      vertex 227.20000000000002 167.99238939583302 104.43883955478668
      vertex 184.24 168 104.61315104365349
    endloop
  endfacet
  facet normal 0 -0.6427876096924103 0.7660444431140518
    outer loop
      vertex 222.2 108.1 53.41846782280194
      vertex 227.20000000000002 167.2855752184987 103.08106216043234
      vertex 184.24 167.2855752184987 103.08106216043234
    endloop
  endfacet
  facet normal -1 0 0
    outer loop
      vertex 227.20000000000002 108.1 53.41846782280194
      vertex 227.20000000000002 135.98958934098482 112.8321183398366
      vertex 227.20000000000002 164.7223450455545 141
    endloop
  endfacet
  facet normal -1 0 0
    outer loop
      vertex 227.20000000000002 108.1 53.41846782280194
      vertex 227.20000000000002 168 134.1715728789568
      vertex 227.20000000000002 167.2855752184987 103.08106216043234
    endloop
  endfacet
  facet normal 0 -0.7147778879927614 0.699351535950703
    outer loop
      vertex 184.24 167.55976896733046 103.36130409687757
      vertex 227.20000000000002 167.2855752184987 103.08106216043234
      vertex 227.20000000000002 167.55976896733046 103.36130409687757
    endloop
  endfacet
  facet normal 0 -0.8374803597584747 0.5464674253958931
    outer loop
      vertex 184.24 167.7740216627717 103.68965381383896
      vertex 227.20000000000002 167.55976896733046 103.36130409687757
      vertex 227.20000000000002 167.7740216627717 103.68965381383896
    endloop
  endfacet
  facet normal 0 -0.9279989130940465 0.37258289989781884
    outer loop
      vertex 184.24 167.9200997054577 104.05349301546812
      vertex 227.20000000000002 167.7740216627717 103.68965381383896
      vertex 227.20000000000002 167.9200997054577 104.05349301546812
    endloop
  endfacet
  facet normal 0 -0.9828549900138027 0.1843802283461212
    outer loop
      vertex 184.24 167.99238939583302 104.43883955478668
      vertex 227.20000000000002 167.9200997054577 104.05349301546812
      vertex 227.20000000000002 167.99238939583302 104.43883955478668
    endloop
  endfacet
  facet normal 0 -0.999048221531088 0.04361938852815863
    outer loop
      vertex 184.24 168 104.61315104365349
      vertex 227.20000000000002 167.99238939583302 104.43883955478668
      vertex 227.20000000000002 168 104.61315104365349
    endloop
  endfacet
  facet normal -1 0 0
    outer loop
      vertex 227.20000000000002 167.2855752184987 103.08106216043234
      vertex 227.20000000000002 167.7740216627717 103.68965381383896
      vertex 227.20000000000002 167.55976896733046 103.36130409687757
    endloop
  endfacet
  facet normal -1 0 0
    outer loop
      vertex 227.20000000000002 167.2855752184987 103.08106216043234
      vertex 227.20000000000002 167.9200997054577 104.05349301546812
      vertex 227.20000000000002 167.7740216627717 103.68965381383896
    endloop
  endfacet
  facet normal -1 0 0
    outer loop
      vertex 227.20000000000002 167.2855752184987 103.08106216043234
      vertex 227.20000000000002 167.99238939583302 104.43883955478668
      vertex 227.20000000000002 167.9200997054577 104.05349301546812
    endloop
  endfacet
  facet normal -1 0 0
    outer loop
      vertex 227.20000000000002 167.2855752184987 103.08106216043234
      vertex 227.20000000000002 168 104.61315104365349
      vertex 227.20000000000002 167.99238939583302 104.43883955478668
    endloop
  endfacet
  facet normal 1 0 0
    outer loop
      vertex 184.24 135.98958934098482 112.8321183398366
      vertex 184.24 165.0124584948341 138
      vertex 184.24 135.97070348262787 112.92313183099031
    endloop
  endfacet
  facet normal 0 0.7138487196345743 -0.7002999396516317
    outer loop
      vertex 184.24 135.92575278133154 112.76704672724009
      vertex 184.24 135.98958934098482 112.8321183398366
      vertex 227.20000000000002 135.98958934098482 112.8321183398366
    endloop
  endfacet
  facet normal 0 0.9791418301201262 0.203177942968743
    outer loop
      vertex 184.24 135.98958934098482 112.8321183398366
      vertex 184.24 135.97070348262787 112.92313183099031
      vertex 227.20000000000002 135.97070348262787 112.92313183099031
    endloop
  endfacet
  facet normal 1 0 0
    outer loop
      vertex 184.24 135.97070348262787 112.92313183099031
      vertex 184.24 136.39999999999998 138
      vertex 184.24 129.36425253748894 134.0717720016837
    endloop
  endfacet
  facet normal 1 0 0
    outer loop
      vertex 184.24 129.36425253748894 134.0717720016837
      vertex 184.24 136.39999999999998 138
      vertex 184.24 129.3066834807396 134.30409574508667
    endloop
  endfacet
  facet normal 1 0 0
    outer loop
      vertex 184.24 129.3066834807396 134.30409574508667
      vertex 184.24 136.39999999999998 138
      vertex 184.24 129.27345409989357 134.6947536021471
    endloop
  endfacet
  facet normal 1 0 0
    outer loop
      vertex 184.24 129.27345409989357 134.6947536021471
      vertex 184.24 136.39999999999998 138
      vertex 184.24 129.31707677990198 135.08438781648874
    endloop
  endfacet
  facet normal 1 0 0
    outer loop
      vertex 184.24 129.31707677990198 135.08438781648874
      vertex 184.24 136.39999999999998 138
      vertex 184.24 129.43587512522936 135.45802494883537
    endloop
  endfacet
  facet normal 1 0 0
    outer loop
      vertex 184.24 129.43587512522936 135.45802494883537
      vertex 184.24 136.39999999999998 138
      vertex 184.24 129.62528378516436 135.8013063520193
    endloop
  endfacet
  facet normal 1 0 0
    outer loop
      vertex 184.24 129.62528378516436 135.8013063520193
      vertex 184.24 133.2 138
      vertex 184.24 130.99962185082862 137.79999999701977
    endloop
  endfacet
  facet normal 1 0 0
    outer loop
      vertex 184.24 130.99962185082862 137.79999999701977
      vertex 184.24 133.2 138
      vertex 184.24 131.0881029367447 137.9286776408553
    endloop
  endfacet
  facet normal 1 0 0
    outer loop
      vertex 184.24 131.0881029367447 137.9286776408553
      vertex 184.24 133.2 138
      vertex 184.24 131.12622553549852 138
    endloop
  endfacet
  facet normal 1 0 0
    outer loop
      vertex 184.24 129.62528378516436 135.8013063520193
      vertex 184.24 136.39999999999998 138
      vertex 184.24 133.2 138
    endloop
  endfacet
  facet normal 1 0 0
    outer loop
      vertex 184.24 135.97070348262787 112.92313183099031
      vertex 184.24 165.0124584948341 138
      vertex 184.24 136.39999999999998 138
    endloop
  endfacet
  facet normal 0 0.9545120845298337 0.29817223292337564
    outer loop
      vertex 184.24 135.97070348262787 112.92313183099031
      vertex 184.24 129.36425253748894 134.0717720016837
      vertex 227.20000000000002 129.36425253748894 134.0717720016837
    endloop
  endfacet
  facet normal 0 0.9706436167628949 0.24052228428452585
    outer loop
      vertex 184.24 129.36425253748894 134.0717720016837
      vertex 184.24 129.3066834807396 134.30409574508667
      vertex 227.20000000000002 129.3066834807396 134.30409574508667
    endloop
  endfacet
  facet normal 0 0.9964019060823466 0.08475400613225655
    outer loop
      vertex 184.24 129.3066834807396 134.30409574508667
      vertex 184.24 129.27345409989357 134.6947536021471
      vertex 227.20000000000002 129.27345409989357 134.6947536021471
    endloop
  endfacet
  facet normal 0 0.9937910093103901 -0.11126288605746375
    outer loop
      vertex 184.24 129.27345409989357 134.6947536021471
      vertex 184.24 129.31707677990198 135.08438781648874
      vertex 227.20000000000002 129.31707677990198 135.08438781648874
    endloop
  endfacet
  facet normal 0 0.9529892808654561 -0.30300401079117883
    outer loop
      vertex 184.24 129.31707677990198 135.08438781648874
      vertex 184.24 129.43587512522936 135.45802494883537
      vertex 227.20000000000002 129.43587512522936 135.45802494883537
    endloop
  endfacet
  facet normal 0 0.8755647122978065 -0.4831008534238572
    outer loop
      vertex 184.24 129.43587512522936 135.45802494883537
      vertex 184.24 129.62528378516436 135.8013063520193
      vertex 227.20000000000002 129.62528378516436 135.8013063520193
    endloop
  endfacet
  facet normal 0 0.8239964643925312 -0.5665949405603691
    outer loop
      vertex 184.24 129.62528378516436 135.8013063520193
      vertex 184.24 130.99962185082862 137.79999999701977
      vertex 227.20000000000002 129.62528378516436 135.8013063520193
    endloop
  endfacet
  facet normal 1 0 0
    outer loop
      vertex 184.24 167.2855752184987 103.08106216043234
      vertex 184.24 168 104.61315104365349
      vertex 184.24 168 134.1715728789568
    endloop
  endfacet
  facet normal 0 -1 0
    outer loop
      vertex 184.24 168 104.61315104365349
      vertex 227.20000000000002 168 104.61315104365349
      vertex 184.24 168 134.1715728789568
    endloop
  endfacet
  facet normal 0 -0.9951847267853376 -0.09801713918082348
    outer loop
      vertex 184.24 168 134.1715728789568
      vertex 227.20000000000002 168 134.1715728789568
      vertex 184.24 167.96157056093216 134.56175352633
    endloop
  endfacet
  facet normal 0 -0.9569403375708344 -0.29028467119332607
    outer loop
      vertex 184.24 167.96157056093216 134.56175352633
      vertex 227.20000000000002 167.96157056093216 134.56175352633
      vertex 184.24 167.84775906801224 134.93693974614143
    endloop
  endfacet
  facet normal 0 -0.8819212641844241 -0.47139673713269076
    outer loop
      vertex 184.24 167.84775906801224 134.93693974614143
      vertex 227.20000000000002 167.84775906801224 134.93693974614143
      vertex 184.24 167.66293922811747 135.2827133461833
    endloop
  endfacet
  facet normal 0 -0.7730104435344091 -0.6343932961394977
    outer loop
      vertex 184.24 167.66293922811747 135.2827133461833
      vertex 227.20000000000002 167.66293922811747 135.2827133461833
      vertex 184.24 167.4142135605216 135.5857864394784
    endloop
  endfacet
  facet normal 0 -0.7071067800631061 -0.7071067823099887
    outer loop
      vertex 184.24 165.1999999959444 137.79999999701977
      vertex 184.24 167.4142135605216 135.5857864394784
      vertex 227.20000000000002 165.1999999959444 137.79999999701977
    endloop
  endfacet
  facet normal 0 0.7138487196345743 -0.7002999396516317
    outer loop
      vertex 184.24 135.92575278133154 112.76704672724009
      vertex 227.20000000000002 135.98958934098482 112.8321183398366
      vertex 227.20000000000002 135.92575278133154 112.76704672724009
    endloop
  endfacet
  facet normal 0 0.9791418301201262 0.203177942968743
    outer loop
      vertex 184.24 135.98958934098482 112.8321183398366
      vertex 227.20000000000002 135.97070348262787 112.92313183099031
      vertex 227.20000000000002 135.98958934098482 112.8321183398366
    endloop
  endfacet
  facet normal 0 0.9545120845298337 0.29817223292337564
    outer loop
      vertex 184.24 135.97070348262787 112.92313183099031
      vertex 227.20000000000002 129.36425253748894 134.0717720016837
      vertex 227.20000000000002 135.97070348262787 112.92313183099031
    endloop
  endfacet
  facet normal -1 0 0
    outer loop
      vertex 227.20000000000002 108.1 53.41846782280194
      vertex 227.20000000000002 165.00929782539606 138.00385128706694
      vertex 227.20000000000002 165.06947587430477 137.93052411824465
    endloop
  endfacet
  facet normal -1 0 0
    outer loop
      vertex 227.20000000000002 108.1 53.41846782280194
      vertex 227.20000000000002 165 138.0982536971569
      vertex 227.20000000000002 165.00929782539606 138.00385128706694
    endloop
  endfacet
  facet normal -1 0 0
    outer loop
      vertex 227.20000000000002 108.1 53.41846782280194
      vertex 227.20000000000002 165.06947587430477 137.93052411824465
      vertex 227.20000000000002 165.1999999959444 137.79999999701977
    endloop
  endfacet
  facet normal -1 0 0
    outer loop
      vertex 227.20000000000002 108.1 53.41846782280194
      vertex 227.20000000000002 167.96157056093216 134.56175352633
      vertex 227.20000000000002 168 134.1715728789568
    endloop
  endfacet
  facet normal -1 0 0
    outer loop
      vertex 227.20000000000002 108.1 53.41846782280194
      vertex 227.20000000000002 167.84775906801224 134.93693974614143
      vertex 227.20000000000002 167.96157056093216 134.56175352633
    endloop
  endfacet
  facet normal -1 0 0
    outer loop
      vertex 227.20000000000002 108.1 53.41846782280194
      vertex 227.20000000000002 167.66293922811747 135.2827133461833
      vertex 227.20000000000002 167.84775906801224 134.93693974614143
    endloop
  endfacet
  facet normal -1 0 0
    outer loop
      vertex 227.20000000000002 108.1 53.41846782280194
      vertex 227.20000000000002 165.1999999959444 137.79999999701977
      vertex 227.20000000000002 167.4142135605216 135.5857864394784
    endloop
  endfacet
  facet normal -1 0 0
    outer loop
      vertex 227.20000000000002 108.1 53.41846782280194
      vertex 227.20000000000002 167.4142135605216 135.5857864394784
      vertex 227.20000000000002 167.66293922811747 135.2827133461833
    endloop
  endfacet
  facet normal -1 0 0
    outer loop
      vertex 227.20000000000002 108.1 53.41846782280194
      vertex 227.20000000000002 165 140
      vertex 227.20000000000002 165 138.0982536971569
    endloop
  endfacet
  facet normal -1 0 0
    outer loop
      vertex 227.20000000000002 108.1 53.41846782280194
      vertex 227.20000000000002 164.96157056093216 140.3901806473732
      vertex 227.20000000000002 165 140
    endloop
  endfacet
  facet normal -1 0 0
    outer loop
      vertex 227.20000000000002 108.1 53.41846782280194
      vertex 227.20000000000002 164.84775906801224 140.76536686718464
      vertex 227.20000000000002 164.96157056093216 140.3901806473732
    endloop
  endfacet
  facet normal -1 0 0
    outer loop
      vertex 227.20000000000002 108.1 53.41846782280194
      vertex 227.20000000000002 164.7223450455545 141
      vertex 227.20000000000002 164.84775906801224 140.76536686718464
    endloop
  endfacet
  facet normal -1 0 0
    outer loop
      vertex 227.20000000000002 135.98958934098482 112.8321183398366
      vertex 227.20000000000002 135.97070348262787 112.92313183099031
      vertex 227.20000000000002 164.7223450455545 141
    endloop
  endfacet
  facet normal 0 0.9706436167628949 0.24052228428452585
    outer loop
      vertex 184.24 129.36425253748894 134.0717720016837
      vertex 227.20000000000002 129.3066834807396 134.30409574508667
      vertex 227.20000000000002 129.36425253748894 134.0717720016837
    endloop
  endfacet
  facet normal 0 0.9964019060823466 0.08475400613225655
    outer loop
      vertex 184.24 129.3066834807396 134.30409574508667
      vertex 227.20000000000002 129.27345409989357 134.6947536021471
      vertex 227.20000000000002 129.3066834807396 134.30409574508667
    endloop
  endfacet
  facet normal 0 0.9937910093103901 -0.11126288605746375
    outer loop
      vertex 184.24 129.27345409989357 134.6947536021471
      vertex 227.20000000000002 129.31707677990198 135.08438781648874
      vertex 227.20000000000002 129.27345409989357 134.6947536021471
    endloop
  endfacet
  facet normal 0 0.9529892808654561 -0.30300401079117883
    outer loop
      vertex 184.24 129.31707677990198 135.08438781648874
      vertex 227.20000000000002 129.43587512522936 135.45802494883537
      vertex 227.20000000000002 129.31707677990198 135.08438781648874
    endloop
  endfacet
  facet normal 0 0.8755647122978065 -0.4831008534238572
    outer loop
      vertex 184.24 129.43587512522936 135.45802494883537
      vertex 227.20000000000002 129.62528378516436 135.8013063520193
      vertex 227.20000000000002 129.43587512522936 135.45802494883537
    endloop
  endfacet
  facet normal 0 0.8239964643925312 -0.5665949405603691
    outer loop
      vertex 184.24 130.99962185082862 137.79999999701977
      vertex 227.20000000000002 130.99962185082862 137.79999999701977
      vertex 227.20000000000002 129.62528378516436 135.8013063520193
    endloop
  endfacet
  facet normal -1 0 0
    outer loop
      vertex 227.20000000000002 129.62528378516436 135.8013063520193
      vertex 227.20000000000002 130.99962185082862 137.79999999701977
      vertex 227.20000000000002 133.2 138
    endloop
  endfacet
  facet normal -1 0 0
    outer loop
      vertex 227.20000000000002 130.99962185082862 137.79999999701977
      vertex 227.20000000000002 131.0881029367447 137.9286776408553
      vertex 227.20000000000002 133.2 138
    endloop
  endfacet
  facet normal -1 0 0
    outer loop
      vertex 227.20000000000002 131.12774908542633 138.00285036116838
      vertex 227.20000000000002 131.13714549690485 138.0982536971569
      vertex 227.20000000000002 133.2 138
    endloop
  endfacet
  facet normal -1 0 0
    outer loop
      vertex 227.20000000000002 131.0881029367447 137.9286776408553
      vertex 227.20000000000002 131.12774908542633 138.00285036116838
      vertex 227.20000000000002 133.2 138
    endloop
  endfacet
  facet normal -1 0 0
    outer loop
      vertex 227.20000000000002 131.13714549690485 138.0982536971569
      vertex 227.20000000000002 131.13714549690485 140
      vertex 227.20000000000002 133.2 138
    endloop
  endfacet
  facet normal -1 0 0
    outer loop
      vertex 227.20000000000002 129.62528378516436 135.8013063520193
      vertex 227.20000000000002 133.2 138
      vertex 227.20000000000002 136.39999999999998 138
    endloop
  endfacet
  facet normal -1 0 0
    outer loop
      vertex 227.20000000000002 131.13714549690485 140
      vertex 227.20000000000002 131.41480045135035 141
      vertex 227.20000000000002 133.2 138
    endloop
  endfacet
  facet normal -1 0 0
    outer loop
      vertex 227.20000000000002 131.13714549690485 140
      vertex 227.20000000000002 131.1755749359727 140.3901806473732
      vertex 227.20000000000002 131.41480045135035 141
    endloop
  endfacet
  facet normal -1 0 0
    outer loop
      vertex 227.20000000000002 131.1755749359727 140.3901806473732
      vertex 227.20000000000002 131.2893864288926 140.76536686718464
      vertex 227.20000000000002 131.41480045135035 141
    endloop
  endfacet
  facet normal -1 0 0
    outer loop
      vertex 227.20000000000002 131.41480045135035 141
      vertex 227.20000000000002 133.2 141
      vertex 227.20000000000002 133.2 138
    endloop
  endfacet
  facet normal -1 0 0
    outer loop
      vertex 227.20000000000002 135.97070348262787 112.92313183099031
      vertex 227.20000000000002 129.36425253748894 134.0717720016837
      vertex 227.20000000000002 164.7223450455545 141
    endloop
  endfacet
  facet normal -1 0 0
    outer loop
      vertex 227.20000000000002 129.36425253748894 134.0717720016837
      vertex 227.20000000000002 129.3066834807396 134.30409574508667
      vertex 227.20000000000002 164.7223450455545 141
    endloop
  endfacet
  facet normal -1 0 0
    outer loop
      vertex 227.20000000000002 129.3066834807396 134.30409574508667
      vertex 227.20000000000002 129.27345409989357 134.6947536021471
      vertex 227.20000000000002 164.7223450455545 141
    endloop
  endfacet
  facet normal -1 0 0
    outer loop
      vertex 227.20000000000002 129.27345409989357 134.6947536021471
      vertex 227.20000000000002 129.31707677990198 135.08438781648874
      vertex 227.20000000000002 164.7223450455545 141
    endloop
  endfacet
  facet normal -1 0 0
    outer loop
      vertex 227.20000000000002 129.31707677990198 135.08438781648874
      vertex 227.20000000000002 129.43587512522936 135.45802494883537
      vertex 227.20000000000002 164.7223450455545 141
    endloop
  endfacet
  facet normal -1 0 0
    outer loop
      vertex 227.20000000000002 129.43587512522936 135.45802494883537
      vertex 227.20000000000002 129.62528378516436 135.8013063520193
      vertex 227.20000000000002 164.7223450455545 141
    endloop
  endfacet
  facet normal -1 0 0
    outer loop
      vertex 227.20000000000002 129.62528378516436 135.8013063520193
      vertex 227.20000000000002 136.39999999999998 138
      vertex 227.20000000000002 164.7223450455545 141
    endloop
  endfacet
  facet normal -1 0 0
    outer loop
      vertex 227.20000000000002 164.7223450455545 141
      vertex 227.20000000000002 136.39999999999998 138
      vertex 227.20000000000002 136.39999999999998 141
    endloop
  endfacet
  facet normal -1 0 0
    outer loop
      vertex 227.20000000000002 167.2855752184987 103.08106216043234
      vertex 227.20000000000002 168 134.1715728789568
      vertex 227.20000000000002 168 104.61315104365349
    endloop
  endfacet
  facet normal 0 -1 0
    outer loop
      vertex 227.20000000000002 168 104.61315104365349
      vertex 227.20000000000002 168 134.1715728789568
      vertex 184.24 168 134.1715728789568
    endloop
  endfacet
  facet normal 0 -0.7071067800631061 -0.7071067823099887
    outer loop
      vertex 184.24 167.4142135605216 135.5857864394784
      vertex 227.20000000000002 167.4142135605216 135.5857864394784
      vertex 227.20000000000002 165.1999999959444 137.79999999701977
    endloop
  endfacet
  facet normal 0 -0.9951847267853376 -0.09801713918082348
    outer loop
      vertex 184.24 167.96157056093216 134.56175352633
      vertex 227.20000000000002 168 134.1715728789568
      vertex 227.20000000000002 167.96157056093216 134.56175352633
    endloop
  endfacet
  facet normal 0 -0.9569403375708344 -0.29028467119332607
    outer loop
      vertex 184.24 167.84775906801224 134.93693974614143
      vertex 227.20000000000002 167.96157056093216 134.56175352633
      vertex 227.20000000000002 167.84775906801224 134.93693974614143
    endloop
  endfacet
  facet normal 0 -0.8819212641844241 -0.47139673713269076
    outer loop
      vertex 184.24 167.66293922811747 135.2827133461833
      vertex 227.20000000000002 167.84775906801224 134.93693974614143
      vertex 227.20000000000002 167.66293922811747 135.2827133461833
    endloop
  endfacet
  facet normal 0 -0.7730104435344091 -0.6343932961394977
    outer loop
      vertex 184.24 167.4142135605216 135.5857864394784
      vertex 227.20000000000002 167.66293922811747 135.2827133461833
      vertex 227.20000000000002 167.4142135605216 135.5857864394784
    endloop
  endfacet
  facet normal 1 0 0
    outer loop
      vertex 184.24 33.20000000298023 55.06469511985779
      vertex 184.24 33.94898287951946 69.21726297587156
      vertex 184.24 33.20000000298023 67.65682837367058
    endloop
  endfacet
  facet normal 1 0 0
    outer loop
      vertex 184.24 33.20000000298023 67.65682837367058
      vertex 184.24 33.94898287951946 69.21726297587156
      vertex 184.24 33.2120034173131 67.8756195679307
    endloop
  endfacet
  facet normal 1 0 0
    outer loop
      vertex 184.24 33.2120034173131 67.8756195679307
      vertex 184.24 33.94898287951946 69.21726297587156
      vertex 184.24 33.29288626462221 68.2592544555664
    endloop
  endfacet
  facet normal 1 0 0
    outer loop
      vertex 184.24 33.29288626462221 68.2592544555664
      vertex 184.24 33.94898287951946 69.21726297587156
      vertex 184.24 33.44705841690302 68.61973843723536
    endloop
  endfacet
  facet normal 1 0 0
    outer loop
      vertex 184.24 33.44705841690302 68.61973843723536
      vertex 184.24 33.94898287951946 69.21726297587156
      vertex 184.24 33.668595127761364 68.94321832805872
    endloop
  endfacet
  facet normal 1 0 0
    outer loop
      vertex 184.24 34.43463313579559 53.21693605184555
      vertex 184.24 34.80981935560703 53.10312455892563
      vertex 184.24 57.94898287951946 88.45831988751888
    endloop
  endfacet
  facet normal 1 0 0
    outer loop
      vertex 184.24 33.78578644245863 53.650481559336185
      vertex 184.24 34.08885953575373 53.40175589174032
      vertex 184.24 57.94898287951946 88.45831988751888
    endloop
  endfacet
  facet normal 1 0 0
    outer loop
      vertex 184.24 33.537060774862766 53.95355465263128
      vertex 184.24 33.78578644245863 53.650481559336185
      vertex 184.24 57.94898287951946 88.45831988751888
    endloop
  endfacet
  facet normal 1 0 0
    outer loop
      vertex 184.24 33.352240934967995 54.29932825267315
      vertex 184.24 57.94898287951946 88.45831988751888
      vertex 184.24 33.23842944204807 54.67451447248459
    endloop
  endfacet
  facet normal 1 0 0
    outer loop
      vertex 184.24 33.352240934967995 54.29932825267315
      vertex 184.24 33.537060774862766 53.95355465263128
      vertex 184.24 57.94898287951946 88.45831988751888
    endloop
  endfacet
  facet normal 1 0 0
    outer loop
      vertex 184.24 33.23842944204807 54.67451447248459
      vertex 184.24 57.94898287951946 88.45831988751888
      vertex 184.24 33.20000000298023 55.06469511985779
    endloop
  endfacet
  facet normal 1 0 0
    outer loop
      vertex 184.24 34.08885953575373 53.40175589174032
      vertex 184.24 34.43463313579559 53.21693605184555
      vertex 184.24 57.94898287951946 88.45831988751888
    endloop
  endfacet
  facet normal 0 0.9569403375708344 0.29028467119332607
    outer loop
      vertex 184.24 33.352240934967995 54.29932825267315
      vertex 184.24 33.23842944204807 54.67451447248459
      vertex 227.20000000000002 33.23842944204807 54.67451447248459
    endloop
  endfacet
  facet normal 0 0.9951847267853376 0.09801713918082348
    outer loop
      vertex 184.24 33.23842944204807 54.67451447248459
      vertex 184.24 33.20000000298023 55.06469511985779
      vertex 227.20000000000002 33.20000000298023 55.06469511985779
    endloop
  endfacet
  facet normal 0 0.7730104435344091 0.6343932961394977
    outer loop
      vertex 184.24 33.537060774862766 53.95355465263128
      vertex 227.20000000000002 33.537060774862766 53.95355465263128
      vertex 184.24 33.78578644245863 53.650481559336185
    endloop
  endfacet
  facet normal 0 0.6343932961394977 0.7730104435344091
    outer loop
      vertex 184.24 33.78578644245863 53.650481559336185
      vertex 227.20000000000002 33.78578644245863 53.650481559336185
      vertex 184.24 34.08885953575373 53.40175589174032
    endloop
  endfacet
  facet normal 0 0.47139673713269076 0.8819212641844241
    outer loop
      vertex 184.24 34.08885953575373 53.40175589174032
      vertex 227.20000000000002 34.08885953575373 53.40175589174032
      vertex 184.24 34.43463313579559 53.21693605184555
    endloop
  endfacet
  facet normal 0 0.29028467119332607 0.9569403375708344
    outer loop
      vertex 184.24 34.43463313579559 53.21693605184555
      vertex 227.20000000000002 34.43463313579559 53.21693605184555
      vertex 184.24 34.80981935560703 53.10312455892563
    endloop
  endfacet
  facet normal 0 0.8819212641844241 0.47139673713269076
    outer loop
      vertex 184.24 33.352240934967995 54.29932825267315
      vertex 227.20000000000002 33.352240934967995 54.29932825267315
      vertex 184.24 33.537060774862766 53.95355465263128
    endloop
  endfacet
  facet normal 0 0.09801713918082348 0.9951847267853376
    outer loop
      vertex 184.24 34.80981935560703 53.10312455892563
      vertex 227.20000000000002 34.80981935560703 53.10312455892563
      vertex 184.24 35.20000000298023 53.06469511985779
    endloop
  endfacet
  facet normal 0 1 0
    outer loop
      vertex 184.24 33.20000000298023 55.06469511985779
      vertex 184.24 33.20000000298023 67.65682837367058
      vertex 227.20000000000002 33.20000000298023 67.65682837367058
    endloop
  endfacet
  facet normal 0 0.9984984462299653 -0.05478004085746
    outer loop
      vertex 184.24 33.20000000298023 67.65682837367058
      vertex 184.24 33.2120034173131 67.8756195679307
      vertex 227.20000000000002 33.2120034173131 67.8756195679307
    endloop
  endfacet
  facet normal 0 0.9784892719391062 -0.20629770890651652
    outer loop
      vertex 184.24 33.2120034173131 67.8756195679307
      vertex 184.24 33.29288626462221 68.2592544555664
      vertex 227.20000000000002 33.29288626462221 68.2592544555664
    endloop
  endfacet
  facet normal 0 0.9194411921313657 -0.3932275349108367
    outer loop
      vertex 184.24 33.29288626462221 68.2592544555664
      vertex 184.24 33.44705841690302 68.61973843723536
      vertex 227.20000000000002 33.44705841690302 68.61973843723536
    endloop
  endfacet
  facet normal 0 0.8250595065014482 -0.5650458483447042
    outer loop
      vertex 184.24 33.44705841690302 68.61973843723536
      vertex 184.24 33.668595127761364 68.94321832805872
      vertex 227.20000000000002 33.668595127761364 68.94321832805872
    endloop
  endfacet
  facet normal 0 0.6989712302385408 -0.7151497880156441
    outer loop
      vertex 184.24 33.668595127761364 68.94321832805872
      vertex 184.24 33.94898287951946 69.21726297587156
      vertex 227.20000000000002 33.94898287951946 69.21726297587156
    endloop
  endfacet
  facet normal 0 0.9569403375708344 0.29028467119332607
    outer loop
      vertex 184.24 33.352240934967995 54.29932825267315
      vertex 227.20000000000002 33.23842944204807 54.67451447248459
      vertex 227.20000000000002 33.352240934967995 54.29932825267315
    endloop
  endfacet
  facet normal 0 0.9951847267853376 0.09801713918082348
    outer loop
      vertex 184.24 33.23842944204807 54.67451447248459
      vertex 227.20000000000002 33.20000000298023 55.06469511985779
      vertex 227.20000000000002 33.23842944204807 54.67451447248459
    endloop
  endfacet
  facet normal 0 0.6343932961394977 0.7730104435344091
    outer loop
      vertex 184.24 34.08885953575373 53.40175589174032
      vertex 227.20000000000002 33.78578644245863 53.650481559336185
      vertex 227.20000000000002 34.08885953575373 53.40175589174032
    endloop
  endfacet
  facet normal 0 0.7730104435344091 0.6343932961394977
    outer loop
      vertex 184.24 33.78578644245863 53.650481559336185
      vertex 227.20000000000002 33.537060774862766 53.95355465263128
      vertex 227.20000000000002 33.78578644245863 53.650481559336185
    endloop
  endfacet
  facet normal 0 0.47139673713269076 0.8819212641844241
    outer loop
      vertex 184.24 34.43463313579559 53.21693605184555
      vertex 227.20000000000002 34.08885953575373 53.40175589174032
      vertex 227.20000000000002 34.43463313579559 53.21693605184555
    endloop
  endfacet
  facet normal 0 0.29028467119332607 0.9569403375708344
    outer loop
      vertex 184.24 34.80981935560703 53.10312455892563
      vertex 227.20000000000002 34.43463313579559 53.21693605184555
      vertex 227.20000000000002 34.80981935560703 53.10312455892563
    endloop
  endfacet
  facet normal 0 0.8819212641844241 0.47139673713269076
    outer loop
      vertex 184.24 33.537060774862766 53.95355465263128
      vertex 227.20000000000002 33.352240934967995 54.29932825267315
      vertex 227.20000000000002 33.537060774862766 53.95355465263128
    endloop
  endfacet
  facet normal 0 0.09801713918082348 0.9951847267853376
    outer loop
      vertex 184.24 35.20000000298023 53.06469511985779
      vertex 227.20000000000002 34.80981935560703 53.10312455892563
      vertex 227.20000000000002 35.20000000298023 53.06469511985779
    endloop
  endfacet
  facet normal 0 1 0
    outer loop
      vertex 184.24 33.20000000298023 55.06469511985779
      vertex 227.20000000000002 33.20000000298023 67.65682837367058
      vertex 227.20000000000002 33.20000000298023 55.06469511985779
    endloop
  endfacet
  facet normal 0 0.9984984462299653 -0.05478004085746
    outer loop
      vertex 184.24 33.20000000298023 67.65682837367058
      vertex 227.20000000000002 33.2120034173131 67.8756195679307
      vertex 227.20000000000002 33.20000000298023 67.65682837367058
    endloop
  endfacet
  facet normal 0 0.9784892719391062 -0.20629770890651652
    outer loop
      vertex 184.24 33.2120034173131 67.8756195679307
      vertex 227.20000000000002 33.29288626462221 68.2592544555664
      vertex 227.20000000000002 33.2120034173131 67.8756195679307
    endloop
  endfacet
  facet normal 0 0.9194411921313657 -0.3932275349108367
    outer loop
      vertex 184.24 33.29288626462221 68.2592544555664
      vertex 227.20000000000002 33.44705841690302 68.61973843723536
      vertex 227.20000000000002 33.29288626462221 68.2592544555664
    endloop
  endfacet
  facet normal 0 0.8250595065014482 -0.5650458483447042
    outer loop
      vertex 184.24 33.44705841690302 68.61973843723536
      vertex 227.20000000000002 33.668595127761364 68.94321832805872
      vertex 227.20000000000002 33.44705841690302 68.61973843723536
    endloop
  endfacet
  facet normal 0 0.6989712302385408 -0.7151497880156441
    outer loop
      vertex 184.24 33.668595127761364 68.94321832805872
      vertex 227.20000000000002 33.94898287951946 69.21726297587156
      vertex 227.20000000000002 33.668595127761364 68.94321832805872
    endloop
  endfacet
  facet normal -1 0 0
    outer loop
      vertex 227.20000000000002 33.20000000298023 55.06469511985779
      vertex 227.20000000000002 33.20000000298023 67.65682837367058
      vertex 227.20000000000002 33.94898287951946 69.21726297587156
    endloop
  endfacet
  facet normal -1 0 0
    outer loop
      vertex 227.20000000000002 33.20000000298023 67.65682837367058
      vertex 227.20000000000002 33.2120034173131 67.8756195679307
      vertex 227.20000000000002 33.94898287951946 69.21726297587156
    endloop
  endfacet
  facet normal -1 0 0
    outer loop
      vertex 227.20000000000002 33.2120034173131 67.8756195679307
      vertex 227.20000000000002 33.29288626462221 68.2592544555664
      vertex 227.20000000000002 33.94898287951946 69.21726297587156
    endloop
  endfacet
  facet normal -1 0 0
    outer loop
      vertex 227.20000000000002 33.29288626462221 68.2592544555664
      vertex 227.20000000000002 33.44705841690302 68.61973843723536
      vertex 227.20000000000002 33.94898287951946 69.21726297587156
    endloop
  endfacet
  facet normal -1 0 0
    outer loop
      vertex 227.20000000000002 33.44705841690302 68.61973843723536
      vertex 227.20000000000002 33.668595127761364 68.94321832805872
      vertex 227.20000000000002 33.94898287951946 69.21726297587156
    endloop
  endfacet
  facet normal -1 0 0
    outer loop
      vertex 227.20000000000002 34.43463313579559 53.21693605184555
      vertex 227.20000000000002 57.94898287951946 88.45831988751888
      vertex 227.20000000000002 34.80981935560703 53.10312455892563
    endloop
  endfacet
  facet normal -1 0 0
    outer loop
      vertex 227.20000000000002 33.78578644245863 53.650481559336185
      vertex 227.20000000000002 57.94898287951946 88.45831988751888
      vertex 227.20000000000002 34.08885953575373 53.40175589174032
    endloop
  endfacet
  facet normal -1 0 0
    outer loop
      vertex 227.20000000000002 33.537060774862766 53.95355465263128
      vertex 227.20000000000002 57.94898287951946 88.45831988751888
      vertex 227.20000000000002 33.78578644245863 53.650481559336185
    endloop
  endfacet
  facet normal -1 0 0
    outer loop
      vertex 227.20000000000002 33.352240934967995 54.29932825267315
      vertex 227.20000000000002 33.23842944204807 54.67451447248459
      vertex 227.20000000000002 57.94898287951946 88.45831988751888
    endloop
  endfacet
  facet normal -1 0 0
    outer loop
      vertex 227.20000000000002 33.352240934967995 54.29932825267315
      vertex 227.20000000000002 57.94898287951946 88.45831988751888
      vertex 227.20000000000002 33.537060774862766 53.95355465263128
    endloop
  endfacet
  facet normal -1 0 0
    outer loop
      vertex 227.20000000000002 33.23842944204807 54.67451447248459
      vertex 227.20000000000002 33.20000000298023 55.06469511985779
      vertex 227.20000000000002 57.94898287951946 88.45831988751888
    endloop
  endfacet
  facet normal -1 0 0
    outer loop
      vertex 227.20000000000002 34.08885953575373 53.40175589174032
      vertex 227.20000000000002 57.94898287951946 88.45831988751888
      vertex 227.20000000000002 34.43463313579559 53.21693605184555
    endloop
  endfacet
  facet normal 0 0 1
    outer loop
      vertex 184.24 35.20000000298023 53.06469511985779
      vertex 227.20000000000002 35.20000000298023 53.06469511985779
      vertex 184.24 60.47205954045057 53.06469511985779
    endloop
  endfacet
  facet normal 0 -0.09801713918082348 0.9951847267853376
    outer loop
      vertex 184.24 60.47205954045057 53.06469511985779
      vertex 227.20000000000002 60.47205954045057 53.06469511985779
      vertex 184.24 60.86224018782377 53.10312455892563
    endloop
  endfacet
  facet normal 0 -0.29028467119332607 0.9569403375708344
    outer loop
      vertex 184.24 60.86224018782377 53.10312455892563
      vertex 227.20000000000002 60.86224018782377 53.10312455892563
      vertex 184.24 61.23742640763521 53.21693605184555
    endloop
  endfacet
  facet normal 0 -0.47139673713269076 0.8819212641844241
    outer loop
      vertex 184.24 61.23742640763521 53.21693605184555
      vertex 227.20000000000002 61.23742640763521 53.21693605184555
      vertex 184.24 61.58320000767708 53.40175589174032
    endloop
  endfacet
  facet normal 0 -0.6000712636235536 0.7999465473225269
    outer loop
      vertex 184.24 61.58320000767708 53.40175589174032
      vertex 227.20000000000002 61.58320000767708 53.40175589174032
      vertex 184.24 61.75763475894928 53.53260623663664
    endloop
  endfacet
  facet normal 0 0 1
    outer loop
      vertex 227.20000000000002 35.20000000298023 53.06469511985779
      vertex 227.20000000000002 60.47205954045057 53.06469511985779
      vertex 184.24 60.47205954045057 53.06469511985779
    endloop
  endfacet
  facet normal 0 -0.09801713918082348 0.9951847267853376
    outer loop
      vertex 184.24 60.86224018782377 53.10312455892563
      vertex 227.20000000000002 60.47205954045057 53.06469511985779
      vertex 227.20000000000002 60.86224018782377 53.10312455892563
    endloop
  endfacet
  facet normal 0 -0.29028467119332607 0.9569403375708344
    outer loop
      vertex 184.24 61.23742640763521 53.21693605184555
      vertex 227.20000000000002 60.86224018782377 53.10312455892563
      vertex 227.20000000000002 61.23742640763521 53.21693605184555
    endloop
  endfacet
  facet normal 0 -0.47139673713269076 0.8819212641844241
    outer loop
      vertex 184.24 61.58320000767708 53.40175589174032
      vertex 227.20000000000002 61.23742640763521 53.21693605184555
      vertex 227.20000000000002 61.58320000767708 53.40175589174032
    endloop
  endfacet
  facet normal 0 -0.6000712636235536 0.7999465473225269
    outer loop
      vertex 184.24 61.75763475894928 53.53260623663664
      vertex 227.20000000000002 61.58320000767708 53.40175589174032
      vertex 227.20000000000002 61.75763475894928 53.53260623663664
    endloop
  endfacet
  facet normal -1 0 0
    outer loop
      vertex 227.20000000000002 34.80981935560703 53.10312455892563
      vertex 227.20000000000002 89.1 76.47557482879301
      vertex 227.20000000000002 35.20000000298023 53.06469511985779
    endloop
  endfacet
  facet normal -1 0 0
    outer loop
      vertex 227.20000000000002 35.20000000298023 53.06469511985779
      vertex 227.20000000000002 89.1 76.47557482879301
      vertex 227.20000000000002 60.47205954045057 53.06469511985779
    endloop
  endfacet
  facet normal -1 0 0
    outer loop
      vertex 227.20000000000002 60.47205954045057 53.06469511985779
      vertex 227.20000000000002 89.1 76.47557482879301
      vertex 227.20000000000002 60.86224018782377 53.10312455892563
    endloop
  endfacet
  facet normal -1 0 0
    outer loop
      vertex 227.20000000000002 60.86224018782377 53.10312455892563
      vertex 227.20000000000002 89.1 76.47557482879301
      vertex 227.20000000000002 61.23742640763521 53.21693605184555
    endloop
  endfacet
  facet normal -1 0 0
    outer loop
      vertex 227.20000000000002 61.23742640763521 53.21693605184555
      vertex 227.20000000000002 89.1 76.47557482879301
      vertex 227.20000000000002 61.58320000767708 53.40175589174032
    endloop
  endfacet
  facet normal -1 0 0
    outer loop
      vertex 227.20000000000002 61.58320000767708 53.40175589174032
      vertex 227.20000000000002 89.1 76.47557482879301
      vertex 227.20000000000002 61.75763475894928 53.53260623663664
    endloop
  endfacet
  facet normal 0 -0.6427876097338274 0.7660444430792986
    outer loop
      vertex 227.20000000000002 61.75763475894928 53.53260623663664
      vertex 227.20000000000002 89.1 76.47557482879301
      vertex 222.2 89.1 76.47557482879301
    endloop
  endfacet
  facet normal 1 0 0
    outer loop
      vertex 184.24 33.20000000298023 55.06469511985779
      vertex 184.24 57.94898287951946 88.45831988751888
      vertex 184.24 33.94898287951946 69.21726297587156
    endloop
  endfacet
  facet normal 0 0.6255085627533582 -0.7802173017321703
    outer loop
      vertex 184.24 33.94898287951946 69.21726297587156
      vertex 227.20000000000002 57.94898287951946 88.45831988751888
      vertex 227.20000000000002 33.94898287951946 69.21726297587156
    endloop
  endfacet
  facet normal -1 0 0
    outer loop
      vertex 227.20000000000002 33.20000000298023 55.06469511985779
      vertex 227.20000000000002 33.94898287951946 69.21726297587156
      vertex 227.20000000000002 57.94898287951946 88.45831988751888
    endloop
  endfacet
  facet normal 1 0 0
    outer loop
      vertex 184.24 34.80981935560703 53.10312455892563
      vertex 184.24 61.269475877285004 85.39521923661232
      vertex 184.24 61.20929782837629 85.46854640543461
    endloop
  endfacet
  facet normal 1 0 0
    outer loop
      vertex 184.24 34.80981935560703 53.10312455892563
      vertex 184.24 61.20929782837629 85.46854640543461
      vertex 184.24 61.20000000298023 85.56294881552458
    endloop
  endfacet
  facet normal 1 0 0
    outer loop
      vertex 184.24 34.80981935560703 53.10312455892563
      vertex 184.24 63.530524119734764 83.13417099416256
      vertex 184.24 61.269475877285004 85.39521923661232
    endloop
  endfacet
  facet normal 1 0 0
    outer loop
      vertex 184.24 34.80981935560703 53.10312455892563
      vertex 184.24 58.08885953575373 88.56082451343536
      vertex 184.24 57.94898287951946 88.45831988751888
    endloop
  endfacet
  facet normal 1 0 0
    outer loop
      vertex 184.24 34.80981935560703 53.10312455892563
      vertex 184.24 58.43463313579559 88.74564435333014
      vertex 184.24 58.08885953575373 88.56082451343536
    endloop
  endfacet
  facet normal 1 0 0
    outer loop
      vertex 184.24 34.80981935560703 53.10312455892563
      vertex 184.24 58.80981935560703 88.85945584625006
      vertex 184.24 58.43463313579559 88.74564435333014
    endloop
  endfacet
  facet normal 1 0 0
    outer loop
      vertex 184.24 34.80981935560703 53.10312455892563
      vertex 184.24 59.20000000298023 88.8978852853179
      vertex 184.24 58.80981935560703 88.85945584625006
    endloop
  endfacet
  facet normal 1 0 0
    outer loop
      vertex 184.24 34.80981935560703 53.10312455892563
      vertex 184.24 59.59018065035343 88.85945584625006
      vertex 184.24 59.20000000298023 88.8978852853179
    endloop
  endfacet
  facet normal 1 0 0
    outer loop
      vertex 184.24 34.80981935560703 53.10312455892563
      vertex 184.24 60.31114047020674 88.56082451343536
      vertex 184.24 59.96536687016487 88.74564435333014
    endloop
  endfacet
  facet normal 1 0 0
    outer loop
      vertex 184.24 34.80981935560703 53.10312455892563
      vertex 184.24 59.96536687016487 88.74564435333014
      vertex 184.24 59.59018065035343 88.85945584625006
    endloop
  endfacet
  facet normal 1 0 0
    outer loop
      vertex 184.24 34.80981935560703 53.10312455892563
      vertex 184.24 60.614213563501835 88.3120988458395
      vertex 184.24 60.31114047020674 88.56082451343536
    endloop
  endfacet
  facet normal 1 0 0
    outer loop
      vertex 184.24 34.80981935560703 53.10312455892563
      vertex 184.24 61.20000000298023 85.56294881552458
      vertex 184.24 61.20000000298023 86.8978852853179
    endloop
  endfacet
  facet normal 1 0 0
    outer loop
      vertex 184.24 34.80981935560703 53.10312455892563
      vertex 184.24 61.20000000298023 86.8978852853179
      vertex 184.24 61.16157056391239 87.2880659326911
    endloop
  endfacet
  facet normal 1 0 0
    outer loop
      vertex 184.24 34.80981935560703 53.10312455892563
      vertex 184.24 61.16157056391239 87.2880659326911
      vertex 184.24 61.04775907099247 87.66325215250254
    endloop
  endfacet
  facet normal 1 0 0
    outer loop
      vertex 184.24 34.80981935560703 53.10312455892563
      vertex 184.24 61.04775907099247 87.66325215250254
      vertex 184.24 60.8629392310977 88.0090257525444
    endloop
  endfacet
  facet normal 1 0 0
    outer loop
      vertex 184.24 34.80981935560703 53.10312455892563
      vertex 184.24 60.8629392310977 88.0090257525444
      vertex 184.24 60.614213563501835 88.3120988458395
    endloop
  endfacet
  facet normal 1 0 0
    outer loop
      vertex 184.24 34.80981935560703 53.10312455892563
      vertex 184.24 63.59218184649944 83.08356980234385
      vertex 184.24 63.530524119734764 83.13417099416256
    endloop
  endfacet
  facet normal 0 0.6255085627533582 -0.7802173017321703
    outer loop
      vertex 184.24 33.94898287951946 69.21726297587156
      vertex 184.24 57.94898287951946 88.45831988751888
      vertex 227.20000000000002 57.94898287951946 88.45831988751888
    endloop
  endfacet
  facet normal 0 -0.6343933079284213 -0.7730104338594889
    outer loop
      vertex 184.24 63.530524119734764 83.13417099416256
      vertex 184.24 63.59218184649944 83.08356980234385
      vertex 227.20000000000002 63.59218184649944 83.08356980234385
    endloop
  endfacet
  facet normal 0 0.9951847212440323 -0.09801719544262533
    outer loop
      vertex 184.24 63.59218184649944 83.08356980234385
      vertex 184.24 63.600000001490116 83.1629488170147
      vertex 227.20000000000002 63.600000001490116 83.1629488170147
    endloop
  endfacet
  facet normal 0 -0.9951847271390507 -0.09801713558951387
    outer loop
      vertex 184.24 61.20929782837629 85.46854640543461
      vertex 227.20000000000002 61.20929782837629 85.46854640543461
      vertex 184.24 61.20000000298023 85.56294881552458
    endloop
  endfacet
  facet normal 0 -0.7730104706049635 -0.634393263153931
    outer loop
      vertex 184.24 61.20929782837629 85.46854640543461
      vertex 184.24 61.269475877285004 85.39521923661232
      vertex 227.20000000000002 61.269475877285004 85.39521923661232
    endloop
  endfacet
  facet normal 0 -1 0
    outer loop
      vertex 184.24 61.20000000298023 85.56294881552458
      vertex 227.20000000000002 61.20000000298023 85.56294881552458
      vertex 184.24 61.20000000298023 86.8978852853179
    endloop
  endfacet
  facet normal 0 -0.9951847267853376 -0.09801713918082348
    outer loop
      vertex 184.24 61.20000000298023 86.8978852853179
      vertex 227.20000000000002 61.20000000298023 86.8978852853179
      vertex 184.24 61.16157056391239 87.2880659326911
    endloop
  endfacet
  facet normal 0 -0.9569403375708344 -0.29028467119332607
    outer loop
      vertex 184.24 61.16157056391239 87.2880659326911
      vertex 227.20000000000002 61.16157056391239 87.2880659326911
      vertex 184.24 61.04775907099247 87.66325215250254
    endloop
  endfacet
  facet normal 0 -0.8819212641844241 -0.47139673713269076
    outer loop
      vertex 184.24 60.8629392310977 88.0090257525444
      vertex 184.24 61.04775907099247 87.66325215250254
      vertex 227.20000000000002 61.04775907099247 87.66325215250254
    endloop
  endfacet
  facet normal 0 -0.7730104435344091 -0.6343932961394977
    outer loop
      vertex 184.24 60.8629392310977 88.0090257525444
      vertex 227.20000000000002 60.8629392310977 88.0090257525444
      vertex 184.24 60.614213563501835 88.3120988458395
    endloop
  endfacet
  facet normal 0 -0.7071067811865476 -0.7071067811865476
    outer loop
      vertex 184.24 63.530524119734764 83.13417099416256
      vertex 227.20000000000002 63.530524119734764 83.13417099416256
      vertex 184.24 61.269475877285004 85.39521923661232
    endloop
  endfacet
  facet normal 0 0.5910951801371412 -0.8066018150355482
    outer loop
      vertex 184.24 57.94898287951946 88.45831988751888
      vertex 184.24 58.08885953575373 88.56082451343536
      vertex 227.20000000000002 58.08885953575373 88.56082451343536
    endloop
  endfacet
  facet normal 0 0.47139673713269076 -0.8819212641844241
    outer loop
      vertex 184.24 58.08885953575373 88.56082451343536
      vertex 184.24 58.43463313579559 88.74564435333014
      vertex 227.20000000000002 58.43463313579559 88.74564435333014
    endloop
  endfacet
  facet normal 0 0.29028467119332607 -0.9569403375708344
    outer loop
      vertex 184.24 58.43463313579559 88.74564435333014
      vertex 184.24 58.80981935560703 88.85945584625006
      vertex 227.20000000000002 58.80981935560703 88.85945584625006
    endloop
  endfacet
  facet normal 0 0.09801713918082348 -0.9951847267853376
    outer loop
      vertex 184.24 58.80981935560703 88.85945584625006
      vertex 184.24 59.20000000298023 88.8978852853179
      vertex 227.20000000000002 59.20000000298023 88.8978852853179
    endloop
  endfacet
  facet normal 0 -0.09801713918082348 -0.9951847267853376
    outer loop
      vertex 184.24 59.20000000298023 88.8978852853179
      vertex 184.24 59.59018065035343 88.85945584625006
      vertex 227.20000000000002 59.59018065035343 88.85945584625006
    endloop
  endfacet
  facet normal 0 -0.29028467119332607 -0.9569403375708344
    outer loop
      vertex 184.24 59.59018065035343 88.85945584625006
      vertex 184.24 59.96536687016487 88.74564435333014
      vertex 227.20000000000002 59.96536687016487 88.74564435333014
    endloop
  endfacet
  facet normal 0 -0.47139673713269076 -0.8819212641844241
    outer loop
      vertex 184.24 59.96536687016487 88.74564435333014
      vertex 184.24 60.31114047020674 88.56082451343536
      vertex 227.20000000000002 60.31114047020674 88.56082451343536
    endloop
  endfacet
  facet normal 0 -0.6343932961394977 -0.7730104435344091
    outer loop
      vertex 184.24 60.31114047020674 88.56082451343536
      vertex 184.24 60.614213563501835 88.3120988458395
      vertex 227.20000000000002 60.614213563501835 88.3120988458395
    endloop
  endfacet
  facet normal 1 0 0
    outer loop
      vertex 184.24 34.80981935560703 53.10312455892563
      vertex 184.24 35.20000000298023 53.06469511985779
      vertex 184.24 122.75128470947412 138
    endloop
  endfacet
  facet normal 1 0 0
    outer loop
      vertex 184.24 35.20000000298023 53.06469511985779
      vertex 184.24 60.47205954045057 53.06469511985779
      vertex 184.24 122.75128470947412 138
    endloop
  endfacet
  facet normal 1 0 0
    outer loop
      vertex 184.24 60.47205954045057 53.06469511985779
      vertex 184.24 60.86224018782377 53.10312455892563
      vertex 184.24 122.75128470947412 138
    endloop
  endfacet
  facet normal 1 0 0
    outer loop
      vertex 184.24 60.86224018782377 53.10312455892563
      vertex 184.24 61.23742640763521 53.21693605184555
      vertex 184.24 122.75128470947412 138
    endloop
  endfacet
  facet normal 1 0 0
    outer loop
      vertex 184.24 61.23742640763521 53.21693605184555
      vertex 184.24 61.58320000767708 53.40175589174032
      vertex 184.24 122.75128470947412 138
    endloop
  endfacet
  facet normal 1 0 0
    outer loop
      vertex 184.24 61.58320000767708 53.40175589174032
      vertex 184.24 61.75763475894928 53.53260623663664
      vertex 184.24 122.75128470947412 138
    endloop
  endfacet
  facet normal 0 -0.6427876097338274 0.7660444430792985
    outer loop
      vertex 184.24 61.75763475894928 53.53260623663664
      vertex 227.20000000000002 61.75763475894928 53.53260623663664
      vertex 184.24 132.56457280367613 112.94668184220791
    endloop
  endfacet
  facet normal 1 0 0
    outer loop
      vertex 184.24 34.80981935560703 53.10312455892563
      vertex 184.24 122.75128470947412 138
      vertex 184.24 63.59218184649944 83.08356980234385
    endloop
  endfacet
  facet normal 1 0 0
    outer loop
      vertex 184.24 63.59218184649944 83.08356980234385
      vertex 184.24 122.75128470947412 138
      vertex 184.24 63.600000001490116 83.1629488170147
    endloop
  endfacet
  facet normal 0 0.9951847212440323 -0.09801719544262533
    outer loop
      vertex 184.24 63.59218184649944 83.08356980234385
      vertex 227.20000000000002 63.600000001490116 83.1629488170147
      vertex 227.20000000000002 63.59218184649944 83.08356980234385
    endloop
  endfacet
  facet normal 0 -0.6343933079284213 -0.7730104338594889
    outer loop
      vertex 184.24 63.530524119734764 83.13417099416256
      vertex 227.20000000000002 63.59218184649944 83.08356980234385
      vertex 227.20000000000002 63.530524119734764 83.13417099416256
    endloop
  endfacet
  facet normal 0 -0.9951847271390507 -0.09801713558951387
    outer loop
      vertex 184.24 61.20000000298023 85.56294881552458
      vertex 227.20000000000002 61.20929782837629 85.46854640543461
      vertex 227.20000000000002 61.20000000298023 85.56294881552458
    endloop
  endfacet
  facet normal 0 -0.7730104706049635 -0.634393263153931
    outer loop
      vertex 184.24 61.20929782837629 85.46854640543461
      vertex 227.20000000000002 61.269475877285004 85.39521923661232
      vertex 227.20000000000002 61.20929782837629 85.46854640543461
    endloop
  endfacet
  facet normal 0 -1 0
    outer loop
      vertex 184.24 61.20000000298023 86.8978852853179
      vertex 227.20000000000002 61.20000000298023 85.56294881552458
      vertex 227.20000000000002 61.20000000298023 86.8978852853179
    endloop
  endfacet
  facet normal 0 -0.9951847267853376 -0.09801713918082348
    outer loop
      vertex 184.24 61.16157056391239 87.2880659326911
      vertex 227.20000000000002 61.20000000298023 86.8978852853179
      vertex 227.20000000000002 61.16157056391239 87.2880659326911
    endloop
  endfacet
  facet normal 0 -0.9569403375708344 -0.29028467119332607
    outer loop
      vertex 184.24 61.04775907099247 87.66325215250254
      vertex 227.20000000000002 61.16157056391239 87.2880659326911
      vertex 227.20000000000002 61.04775907099247 87.66325215250254
    endloop
  endfacet
  facet normal 0 -0.8819212641844241 -0.47139673713269076
    outer loop
      vertex 184.24 60.8629392310977 88.0090257525444
      vertex 227.20000000000002 61.04775907099247 87.66325215250254
      vertex 227.20000000000002 60.8629392310977 88.0090257525444
    endloop
  endfacet
  facet normal 0 -0.7071067811865476 -0.7071067811865476
    outer loop
      vertex 184.24 61.269475877285004 85.39521923661232
      vertex 227.20000000000002 63.530524119734764 83.13417099416256
      vertex 227.20000000000002 61.269475877285004 85.39521923661232
    endloop
  endfacet
  facet normal -1 0 0
    outer loop
      vertex 227.20000000000002 34.80981935560703 53.10312455892563
      vertex 227.20000000000002 61.20929782837629 85.46854640543461
      vertex 227.20000000000002 61.269475877285004 85.39521923661232
    endloop
  endfacet
  facet normal -1 0 0
    outer loop
      vertex 227.20000000000002 34.80981935560703 53.10312455892563
      vertex 227.20000000000002 61.20000000298023 85.56294881552458
      vertex 227.20000000000002 61.20929782837629 85.46854640543461
    endloop
  endfacet
  facet normal -1 0 0
    outer loop
      vertex 227.20000000000002 34.80981935560703 53.10312455892563
      vertex 227.20000000000002 61.269475877285004 85.39521923661232
      vertex 227.20000000000002 63.530524119734764 83.13417099416256
    endloop
  endfacet
  facet normal -1 0 0
    outer loop
      vertex 227.20000000000002 34.80981935560703 53.10312455892563
      vertex 227.20000000000002 57.94898287951946 88.45831988751888
      vertex 227.20000000000002 58.08885953575373 88.56082451343536
    endloop
  endfacet
  facet normal -1 0 0
    outer loop
      vertex 227.20000000000002 34.80981935560703 53.10312455892563
      vertex 227.20000000000002 58.08885953575373 88.56082451343536
      vertex 227.20000000000002 58.43463313579559 88.74564435333014
    endloop
  endfacet
  facet normal -1 0 0
    outer loop
      vertex 227.20000000000002 34.80981935560703 53.10312455892563
      vertex 227.20000000000002 58.43463313579559 88.74564435333014
      vertex 227.20000000000002 58.80981935560703 88.85945584625006
    endloop
  endfacet
  facet normal -1 0 0
    outer loop
      vertex 227.20000000000002 34.80981935560703 53.10312455892563
      vertex 227.20000000000002 58.80981935560703 88.85945584625006
      vertex 227.20000000000002 59.20000000298023 88.8978852853179
    endloop
  endfacet
  facet normal -1 0 0
    outer loop
      vertex 227.20000000000002 34.80981935560703 53.10312455892563
      vertex 227.20000000000002 59.20000000298023 88.8978852853179
      vertex 227.20000000000002 59.59018065035343 88.85945584625006
    endloop
  endfacet
  facet normal -1 0 0
    outer loop
      vertex 227.20000000000002 34.80981935560703 53.10312455892563
      vertex 227.20000000000002 59.96536687016487 88.74564435333014
      vertex 227.20000000000002 60.31114047020674 88.56082451343536
    endloop
  endfacet
  facet normal -1 0 0
    outer loop
      vertex 227.20000000000002 34.80981935560703 53.10312455892563
      vertex 227.20000000000002 59.59018065035343 88.85945584625006
      vertex 227.20000000000002 59.96536687016487 88.74564435333014
    endloop
  endfacet
  facet normal -1 0 0
    outer loop
      vertex 227.20000000000002 34.80981935560703 53.10312455892563
      vertex 227.20000000000002 60.31114047020674 88.56082451343536
      vertex 227.20000000000002 60.614213563501835 88.3120988458395
    endloop
  endfacet
  facet normal -1 0 0
    outer loop
      vertex 227.20000000000002 34.80981935560703 53.10312455892563
      vertex 227.20000000000002 61.20000000298023 86.8978852853179
      vertex 227.20000000000002 61.20000000298023 85.56294881552458
    endloop
  endfacet
  facet normal -1 0 0
    outer loop
      vertex 227.20000000000002 34.80981935560703 53.10312455892563
      vertex 227.20000000000002 61.16157056391239 87.2880659326911
      vertex 227.20000000000002 61.20000000298023 86.8978852853179
    endloop
  endfacet
  facet normal -1 0 0
    outer loop
      vertex 227.20000000000002 34.80981935560703 53.10312455892563
      vertex 227.20000000000002 61.04775907099247 87.66325215250254
      vertex 227.20000000000002 61.16157056391239 87.2880659326911
    endloop
  endfacet
  facet normal -1 0 0
    outer loop
      vertex 227.20000000000002 34.80981935560703 53.10312455892563
      vertex 227.20000000000002 60.8629392310977 88.0090257525444
      vertex 227.20000000000002 61.04775907099247 87.66325215250254
    endloop
  endfacet
  facet normal -1 0 0
    outer loop
      vertex 227.20000000000002 34.80981935560703 53.10312455892563
      vertex 227.20000000000002 60.614213563501835 88.3120988458395
      vertex 227.20000000000002 60.8629392310977 88.0090257525444
    endloop
  endfacet
  facet normal -1 0 0
    outer loop
      vertex 227.20000000000002 34.80981935560703 53.10312455892563
      vertex 227.20000000000002 63.530524119734764 83.13417099416256
      vertex 227.20000000000002 63.59218184649944 83.08356980234385
    endloop
  endfacet
  facet normal -1 0 0
    outer loop
      vertex 227.20000000000002 34.80981935560703 53.10312455892563
      vertex 227.20000000000002 63.59218184649944 83.08356980234385
      vertex 227.20000000000002 89.1 76.47557482879301
    endloop
  endfacet
  facet normal 0 0.5910951801371412 -0.8066018150355482
    outer loop
      vertex 184.24 57.94898287951946 88.45831988751888
      vertex 227.20000000000002 58.08885953575373 88.56082451343536
      vertex 227.20000000000002 57.94898287951946 88.45831988751888
    endloop
  endfacet
  facet normal 0 0.47139673713269076 -0.8819212641844241
    outer loop
      vertex 184.24 58.08885953575373 88.56082451343536
      vertex 227.20000000000002 58.43463313579559 88.74564435333014
      vertex 227.20000000000002 58.08885953575373 88.56082451343536
    endloop
  endfacet
  facet normal 0 0.29028467119332607 -0.9569403375708344
    outer loop
      vertex 184.24 58.43463313579559 88.74564435333014
      vertex 227.20000000000002 58.80981935560703 88.85945584625006
      vertex 227.20000000000002 58.43463313579559 88.74564435333014
    endloop
  endfacet
  facet normal 0 0.09801713918082348 -0.9951847267853376
    outer loop
      vertex 184.24 58.80981935560703 88.85945584625006
      vertex 227.20000000000002 59.20000000298023 88.8978852853179
      vertex 227.20000000000002 58.80981935560703 88.85945584625006
    endloop
  endfacet
  facet normal 0 -0.09801713918082348 -0.9951847267853376
    outer loop
      vertex 184.24 59.20000000298023 88.8978852853179
      vertex 227.20000000000002 59.59018065035343 88.85945584625006
      vertex 227.20000000000002 59.20000000298023 88.8978852853179
    endloop
  endfacet
  facet normal 0 -0.29028467119332607 -0.9569403375708344
    outer loop
      vertex 184.24 59.59018065035343 88.85945584625006
      vertex 227.20000000000002 59.96536687016487 88.74564435333014
      vertex 227.20000000000002 59.59018065035343 88.85945584625006
    endloop
  endfacet
  facet normal 0 -0.7730104435344091 -0.6343932961394977
    outer loop
      vertex 184.24 60.614213563501835 88.3120988458395
      vertex 227.20000000000002 60.8629392310977 88.0090257525444
      vertex 227.20000000000002 60.614213563501835 88.3120988458395
    endloop
  endfacet
  facet normal 0 -0.6343932961394977 -0.7730104435344091
    outer loop
      vertex 184.24 60.31114047020674 88.56082451343536
      vertex 227.20000000000002 60.614213563501835 88.3120988458395
      vertex 227.20000000000002 60.31114047020674 88.56082451343536
    endloop
  endfacet
  facet normal 0 -0.47139673713269076 -0.8819212641844241
    outer loop
      vertex 184.24 59.96536687016487 88.74564435333014
      vertex 227.20000000000002 60.31114047020674 88.56082451343536
      vertex 227.20000000000002 59.96536687016487 88.74564435333014
    endloop
  endfacet
  facet normal 0 1 0
    outer loop
      vertex 184.24 63.600000001490116 83.1629488170147
      vertex 227.20000000000002 63.600000001490116 134.1715728789568
      vertex 227.20000000000002 63.600000001490116 83.1629488170147
    endloop
  endfacet
  facet normal -1 0 0
    outer loop
      vertex 227.20000000000002 63.59218184649944 83.08356980234385
      vertex 227.20000000000002 63.600000001490116 83.1629488170147
      vertex 227.20000000000002 89.1 76.47557482879301
    endloop
  endfacet
  facet normal -1 0 0
    outer loop
      vertex 227.20000000000002 63.600000001490116 83.1629488170147
      vertex 227.20000000000002 63.600000001490116 134.1715728789568
      vertex 227.20000000000002 89.1 76.47557482879301
    endloop
  endfacet
  facet normal 0 1 0
    outer loop
      vertex 184.24 63.600000001490116 83.1629488170147
      vertex 184.24 63.600000001490116 134.1715728789568
      vertex 227.20000000000002 63.600000001490116 134.1715728789568
    endloop
  endfacet
  facet normal 0 0.9951847267853376 -0.09801713918082348
    outer loop
      vertex 184.24 63.600000001490116 134.1715728789568
      vertex 184.24 63.63842944055796 134.56175352633
      vertex 227.20000000000002 63.63842944055796 134.56175352633
    endloop
  endfacet
  facet normal 0 0.9569403375708344 -0.29028467119332607
    outer loop
      vertex 184.24 63.63842944055796 134.56175352633
      vertex 184.24 63.75224093347788 134.93693974614143
      vertex 227.20000000000002 63.75224093347788 134.93693974614143
    endloop
  endfacet
  facet normal 0 0.8819212641844241 -0.47139673713269076
    outer loop
      vertex 184.24 63.75224093347788 134.93693974614143
      vertex 184.24 63.93706077337265 135.2827133461833
      vertex 227.20000000000002 63.93706077337265 135.2827133461833
    endloop
  endfacet
  facet normal 1 0 0
    outer loop
      vertex 184.24 63.600000001490116 83.1629488170147
      vertex 184.24 122.75128470947412 138
      vertex 184.24 63.600000001490116 134.1715728789568
    endloop
  endfacet
  facet normal 1 0 0
    outer loop
      vertex 184.24 63.600000001490116 134.1715728789568
      vertex 184.24 122.75128470947412 138
      vertex 184.24 63.63842944055796 134.56175352633
    endloop
  endfacet
  facet normal 1 0 0
    outer loop
      vertex 184.24 63.63842944055796 134.56175352633
      vertex 184.24 122.75128470947412 138
      vertex 184.24 63.75224093347788 134.93693974614143
    endloop
  endfacet
  facet normal 1 0 0
    outer loop
      vertex 184.24 63.75224093347788 134.93693974614143
      vertex 184.24 122.75128470947412 138
      vertex 184.24 63.93706077337265 135.2827133461833
    endloop
  endfacet
  facet normal 1 0 0
    outer loop
      vertex 184.24 63.93706077337265 135.2827133461833
      vertex 184.24 122.75128470947412 138
      vertex 184.24 64.18578644096851 135.5857864394784
    endloop
  endfacet
  facet normal 1 0 0
    outer loop
      vertex 184.24 64.18578644096851 135.5857864394784
      vertex 184.24 122.75128470947412 138
      vertex 184.24 66.39999999850988 137.79999999701977
    endloop
  endfacet
  facet normal 1 0 0
    outer loop
      vertex 184.24 66.39999999850988 137.79999999701977
      vertex 184.24 122.75128470947412 138
      vertex 184.24 66.53052411973476 137.93052411824465
    endloop
  endfacet
  facet normal 1 0 0
    outer loop
      vertex 184.24 66.53052411973476 137.93052411824465
      vertex 184.24 122.75128470947412 138
      vertex 184.24 66.58754149920541 138
    endloop
  endfacet
  facet normal 0 0.7730104435344091 -0.6343932961394977
    outer loop
      vertex 184.24 63.93706077337265 135.2827133461833
      vertex 184.24 64.18578644096851 135.5857864394784
      vertex 227.20000000000002 64.18578644096851 135.5857864394784
    endloop
  endfacet
  facet normal 0 0.7071067811865476 -0.7071067811865476
    outer loop
      vertex 184.24 64.18578644096851 135.5857864394784
      vertex 184.24 66.39999999850988 137.79999999701977
      vertex 227.20000000000002 64.18578644096851 135.5857864394784
    endloop
  endfacet
  facet normal 0 0.9951847267853376 -0.09801713918082348
    outer loop
      vertex 184.24 63.600000001490116 134.1715728789568
      vertex 227.20000000000002 63.63842944055796 134.56175352633
      vertex 227.20000000000002 63.600000001490116 134.1715728789568
    endloop
  endfacet
  facet normal 0 0.9569403375708344 -0.29028467119332607
    outer loop
      vertex 184.24 63.63842944055796 134.56175352633
      vertex 227.20000000000002 63.75224093347788 134.93693974614143
      vertex 227.20000000000002 63.63842944055796 134.56175352633
    endloop
  endfacet
  facet normal 0 0.8819212641844241 -0.47139673713269076
    outer loop
      vertex 184.24 63.75224093347788 134.93693974614143
      vertex 227.20000000000002 63.93706077337265 135.2827133461833
      vertex 227.20000000000002 63.75224093347788 134.93693974614143
    endloop
  endfacet
  facet normal 0 0.7730104435344091 -0.6343932961394977
    outer loop
      vertex 184.24 63.93706077337265 135.2827133461833
      vertex 227.20000000000002 64.18578644096851 135.5857864394784
      vertex 227.20000000000002 63.93706077337265 135.2827133461833
    endloop
  endfacet
  facet normal -1 0 0
    outer loop
      vertex 227.20000000000002 63.600000001490116 134.1715728789568
      vertex 227.20000000000002 63.63842944055796 134.56175352633
      vertex 227.20000000000002 89.1 76.47557482879301
    endloop
  endfacet
  facet normal -1 0 0
    outer loop
      vertex 227.20000000000002 63.63842944055796 134.56175352633
      vertex 227.20000000000002 63.75224093347788 134.93693974614143
      vertex 227.20000000000002 89.1 76.47557482879301
    endloop
  endfacet
  facet normal -1 0 0
    outer loop
      vertex 227.20000000000002 63.75224093347788 134.93693974614143
      vertex 227.20000000000002 63.93706077337265 135.2827133461833
      vertex 227.20000000000002 89.1 76.47557482879301
    endloop
  endfacet
  facet normal -1 0 0
    outer loop
      vertex 227.20000000000002 63.93706077337265 135.2827133461833
      vertex 227.20000000000002 89.1 137.7
      vertex 227.20000000000002 89.1 76.47557482879301
    endloop
  endfacet
  facet normal 0 0.7071067811865476 -0.7071067811865476
    outer loop
      vertex 184.24 66.39999999850988 137.79999999701977
      vertex 227.20000000000002 66.39999999850988 137.79999999701977
      vertex 227.20000000000002 64.18578644096851 135.5857864394784
    endloop
  endfacet
  facet normal -1 0 0
    outer loop
      vertex 227.20000000000002 63.93706077337265 135.2827133461833
      vertex 227.20000000000002 64.18578644096851 135.5857864394784
      vertex 227.20000000000002 93.71296296118668 141
    endloop
  endfacet
  facet normal -1 0 0
    outer loop
      vertex 227.20000000000002 64.18578644096851 135.5857864394784
      vertex 227.20000000000002 66.39999999850988 137.79999999701977
      vertex 227.20000000000002 93.71296296118668 141
    endloop
  endfacet
  facet normal -1 0 0
    outer loop
      vertex 227.20000000000002 66.39999999850988 137.79999999701977
      vertex 227.20000000000002 66.53052411973476 137.93052411824465
      vertex 227.20000000000002 93.71296296118668 141
    endloop
  endfacet
  facet normal -1 0 0
    outer loop
      vertex 227.20000000000002 66.53052411973476 137.93052411824465
      vertex 227.20000000000002 66.59070216864347 138.00385128706694
      vertex 227.20000000000002 93.71296296118668 141
    endloop
  endfacet
  facet normal -1 0 0
    outer loop
      vertex 227.20000000000002 66.59070216864347 138.00385128706694
      vertex 227.20000000000002 66.60000000149012 138.0982536971569
      vertex 227.20000000000002 93.71296296118668 141
    endloop
  endfacet
  facet normal -1 0 0
    outer loop
      vertex 227.20000000000002 66.60000000149012 138.0982536971569
      vertex 227.20000000000002 66.60000000149012 140
      vertex 227.20000000000002 93.71296296118668 141
    endloop
  endfacet
  facet normal -1 0 0
    outer loop
      vertex 227.20000000000002 66.60000000149012 140
      vertex 227.20000000000002 66.63842944055796 140.3901806473732
      vertex 227.20000000000002 93.71296296118668 141
    endloop
  endfacet
  facet normal -1 0 0
    outer loop
      vertex 227.20000000000002 66.63842944055796 140.3901806473732
      vertex 227.20000000000002 66.75224093347788 140.76536686718464
      vertex 227.20000000000002 93.71296296118668 141
    endloop
  endfacet
  facet normal -1 0 0
    outer loop
      vertex 227.20000000000002 66.75224093347788 140.76536686718464
      vertex 227.20000000000002 66.87765495593561 141
      vertex 227.20000000000002 93.71296296118668 141
    endloop
  endfacet
  facet normal -1 0 0
    outer loop
      vertex 227.20000000000002 63.93706077337265 135.2827133461833
      vertex 227.20000000000002 93.71296296118668 141
      vertex 227.20000000000002 89.1 137.7
    endloop
  endfacet
  facet normal 1 0 0
    outer loop
      vertex 184.24 61.75763475894928 53.53260623663664
      vertex 184.24 132.56457280367613 112.94668184220791
      vertex 184.24 126.86779916286469 134.4080934524536
    endloop
  endfacet
  facet normal 6.367770839137569e-16 -0.6427876097338272 0.7660444430792988
    outer loop
      vertex 227.20000000000002 61.75763475894928 53.53260623663664
      vertex 222.2 89.1 76.47557482879301
      vertex 184.24 132.56457280367613 112.94668184220791
    endloop
  endfacet
  facet normal -3.622476718758054e-16 -0.6427876097338278 0.7660444430792983
    outer loop
      vertex 222.2 89.1 76.47557482879301
      vertex 222.2 108.1 92.41846782316003
      vertex 184.24 132.56457280367613 112.94668184220791
    endloop
  endfacet
  facet normal 0 -0.6427876097338274 0.7660444430792986
    outer loop
      vertex 222.2 108.1 92.41846782316003
      vertex 227.20000000000002 108.1 92.41846782316003
      vertex 227.20000000000002 132.56457280367613 112.94668184220791
    endloop
  endfacet
  facet normal 1 0 0
    outer loop
      vertex 184.24 61.75763475894928 53.53260623663664
      vertex 184.24 122.81529699265957 137.94045063108206
      vertex 184.24 122.75128470947412 138
    endloop
  endfacet
  facet normal 1 0 0
    outer loop
      vertex 184.24 61.75763475894928 53.53260623663664
      vertex 184.24 122.99962185302056 137.79999999701977
      vertex 184.24 122.81529699265957 137.94045063108206
    endloop
  endfacet
  facet normal 1 0 0
    outer loop
      vertex 184.24 61.75763475894928 53.53260623663664
      vertex 184.24 126.1789642572403 135.37742576748133
      vertex 184.24 122.99962185302056 137.79999999701977
    endloop
  endfacet
  facet normal 1 0 0
    outer loop
      vertex 184.24 61.75763475894928 53.53260623663664
      vertex 184.24 126.71002772450447 134.76701673865318
      vertex 184.24 126.4852653592825 135.0882637426257
    endloop
  endfacet
  facet normal 1 0 0
    outer loop
      vertex 184.24 61.75763475894928 53.53260623663664
      vertex 184.24 126.86779916286469 134.4080934524536
      vertex 184.24 126.71002772450447 134.76701673865318
    endloop
  endfacet
  facet normal 1 0 0
    outer loop
      vertex 184.24 61.75763475894928 53.53260623663664
      vertex 184.24 126.20214955508709 135.35948911309242
      vertex 184.24 126.1789642572403 135.37742576748133
    endloop
  endfacet
  facet normal 1 0 0
    outer loop
      vertex 184.24 61.75763475894928 53.53260623663664
      vertex 184.24 126.4852653592825 135.0882637426257
      vertex 184.24 126.20214955508709 135.35948911309242
    endloop
  endfacet
  facet normal 0 -0.8193643510024158 -0.5732731114454873
    outer loop
      vertex 184.24 126.71002772450447 134.76701673865318
      vertex 227.20000000000002 126.71002772450447 134.76701673865318
      vertex 184.24 126.4852653592825 135.0882637426257
    endloop
  endfacet
  facet normal 0 -0.6917804543136171 -0.7221078887740013
    outer loop
      vertex 184.24 126.20214955508709 135.35948911309242
      vertex 184.24 126.4852653592825 135.0882637426257
      vertex 227.20000000000002 126.4852653592825 135.0882637426257
    endloop
  endfacet
  facet normal 0 -0.6118904600409223 -0.7909425168183265
    outer loop
      vertex 184.24 126.20214955508709 135.35948911309242
      vertex 227.20000000000002 126.20214955508709 135.35948911309242
      vertex 184.24 126.1789642572403 135.37742576748133
    endloop
  endfacet
  facet normal 0 -0.9154605266097511 -0.4024077834975332
    outer loop
      vertex 184.24 126.71002772450447 134.76701673865318
      vertex 184.24 126.86779916286469 134.4080934524536
      vertex 227.20000000000002 126.86779916286469 134.4080934524536
    endloop
  endfacet
  facet normal 0 -0.606077739930448 -0.7954054143396311
    outer loop
      vertex 184.24 126.1789642572403 135.37742576748133
      vertex 227.20000000000002 122.99962185302056 137.79999999701977
      vertex 184.24 122.99962185302056 137.79999999701977
    endloop
  endfacet
  facet normal -1 0 0
    outer loop
      vertex 227.20000000000002 89.1 137.7
      vertex 227.20000000000002 93.71296296118668 141
      vertex 227.20000000000002 93.71296296118668 137.7
    endloop
  endfacet
  facet normal -1 0 0
    outer loop
      vertex 227.20000000000002 108.1 137.7
      vertex 227.20000000000002 103.48703703881331 137.7
      vertex 227.20000000000002 103.48703703881331 141
    endloop
  endfacet
  facet normal 0 -0.6427876097338274 0.7660444430792985
    outer loop
      vertex 222.2 108.1 92.41846782316003
      vertex 227.20000000000002 132.56457280367613 112.94668184220791
      vertex 184.24 132.56457280367613 112.94668184220791
    endloop
  endfacet
  facet normal -1 0 0
    outer loop
      vertex 227.20000000000002 108.1 92.41846782316003
      vertex 227.20000000000002 108.1 137.7
      vertex 227.20000000000002 132.56457280367613 112.94668184220791
    endloop
  endfacet
  facet normal 0 -0.606077739930448 -0.7954054143396311
    outer loop
      vertex 184.24 126.1789642572403 135.37742576748133
      vertex 227.20000000000002 126.1789642572403 135.37742576748133
      vertex 227.20000000000002 122.99962185302056 137.79999999701977
    endloop
  endfacet
  facet normal 0 -0.9154605266097511 -0.4024077834975332
    outer loop
      vertex 184.24 126.71002772450447 134.76701673865318
      vertex 227.20000000000002 126.86779916286469 134.4080934524536
      vertex 227.20000000000002 126.71002772450447 134.76701673865318
    endloop
  endfacet
  facet normal 0 -0.6118904600409223 -0.7909425168183265
    outer loop
      vertex 184.24 126.1789642572403 135.37742576748133
      vertex 227.20000000000002 126.20214955508709 135.35948911309242
      vertex 227.20000000000002 126.1789642572403 135.37742576748133
    endloop
  endfacet
  facet normal 0 -0.6917804543136171 -0.7221078887740013
    outer loop
      vertex 184.24 126.20214955508709 135.35948911309242
      vertex 227.20000000000002 126.4852653592825 135.0882637426257
      vertex 227.20000000000002 126.20214955508709 135.35948911309242
    endloop
  endfacet
  facet normal 0 -0.8193643510024158 -0.5732731114454873
    outer loop
      vertex 184.24 126.4852653592825 135.0882637426257
      vertex 227.20000000000002 126.71002772450447 134.76701673865318
      vertex 227.20000000000002 126.4852653592825 135.0882637426257
    endloop
  endfacet
  facet normal -1 0 0
    outer loop
      vertex 227.20000000000002 108.1 137.7
      vertex 227.20000000000002 103.48703703881331 141
      vertex 227.20000000000002 122.45949053649889 141
    endloop
  endfacet
  facet normal -1 0 0
    outer loop
      vertex 227.20000000000002 108.1 137.7
      vertex 227.20000000000002 126.86779916286469 134.4080934524536
      vertex 227.20000000000002 132.56457280367613 112.94668184220791
    endloop
  endfacet
  facet normal -1 0 0
    outer loop
      vertex 227.20000000000002 108.1 137.7
      vertex 227.20000000000002 126.71002772450447 134.76701673865318
      vertex 227.20000000000002 126.86779916286469 134.4080934524536
    endloop
  endfacet
  facet normal -1 0 0
    outer loop
      vertex 227.20000000000002 108.1 137.7
      vertex 227.20000000000002 126.4852653592825 135.0882637426257
      vertex 227.20000000000002 126.71002772450447 134.76701673865318
    endloop
  endfacet
  facet normal -1 0 0
    outer loop
      vertex 227.20000000000002 108.1 137.7
      vertex 227.20000000000002 126.1789642572403 135.37742576748133
      vertex 227.20000000000002 126.20214955508709 135.35948911309242
    endloop
  endfacet
  facet normal -1 0 0
    outer loop
      vertex 227.20000000000002 108.1 137.7
      vertex 227.20000000000002 126.20214955508709 135.35948911309242
      vertex 227.20000000000002 126.4852653592825 135.0882637426257
    endloop
  endfacet
  facet normal -1 0 0
    outer loop
      vertex 227.20000000000002 108.1 137.7
      vertex 227.20000000000002 122.73714549094439 138.0671642497182
      vertex 227.20000000000002 122.73952705413103 138.03174541145563
    endloop
  endfacet
  facet normal -1 0 0
    outer loop
      vertex 227.20000000000002 108.1 137.7
      vertex 227.20000000000002 122.74584402889013 138.00506135821342
      vertex 227.20000000000002 122.81529699265957 137.94045063108206
    endloop
  endfacet
  facet normal -1 0 0
    outer loop
      vertex 227.20000000000002 108.1 137.7
      vertex 227.20000000000002 122.73952705413103 138.03174541145563
      vertex 227.20000000000002 122.74584402889013 138.00506135821342
    endloop
  endfacet
  facet normal -1 0 0
    outer loop
      vertex 227.20000000000002 108.1 137.7
      vertex 227.20000000000002 122.81529699265957 137.94045063108206
      vertex 227.20000000000002 122.99962185302056 137.79999999701977
    endloop
  endfacet
  facet normal -1 0 0
    outer loop
      vertex 227.20000000000002 108.1 137.7
      vertex 227.20000000000002 122.73714549094439 140
      vertex 227.20000000000002 122.73714549094439 138.0671642497182
    endloop
  endfacet
  facet normal -1 0 0
    outer loop
      vertex 227.20000000000002 108.1 137.7
      vertex 227.20000000000002 122.99962185302056 137.79999999701977
      vertex 227.20000000000002 126.1789642572403 135.37742576748133
    endloop
  endfacet
  facet normal -1 0 0
    outer loop
      vertex 227.20000000000002 108.1 137.7
      vertex 227.20000000000002 122.45949053649889 141
      vertex 227.20000000000002 122.58490455895662 140.76536686718464
    endloop
  endfacet
  facet normal -1 0 0
    outer loop
      vertex 227.20000000000002 108.1 137.7
      vertex 227.20000000000002 122.69871605187654 140.3901806473732
      vertex 227.20000000000002 122.73714549094439 140
    endloop
  endfacet
  facet normal -1 0 0
    outer loop
      vertex 227.20000000000002 108.1 137.7
      vertex 227.20000000000002 122.58490455895662 140.76536686718464
      vertex 227.20000000000002 122.69871605187654 140.3901806473732
    endloop
  endfacet
  facet normal 1 0 0
    outer loop
      vertex 184.24 132.56457280367613 112.94668184220791
      vertex 184.24 132.83876655250788 113.22692377865314
      vertex 184.24 133.05301924794912 113.55527349561453
    endloop
  endfacet
  facet normal 1 0 0
    outer loop
      vertex 184.24 132.56457280367613 112.94668184220791
      vertex 184.24 133.05301924794912 113.55527349561453
      vertex 184.24 133.1990972906351 113.91911269724369
    endloop
  endfacet
  facet normal 1 0 0
    outer loop
      vertex 184.24 132.56457280367613 112.94668184220791
      vertex 184.24 133.1990972906351 113.91911269724369
      vertex 184.24 133.27138698101044 114.30445923656225
    endloop
  endfacet
  facet normal 1 0 0
    outer loop
      vertex 184.24 132.56457280367613 112.94668184220791
      vertex 184.24 133.27138698101044 114.30445923656225
      vertex 184.24 133.26711025834084 114.69650447368622
    endloop
  endfacet
  facet normal 1 0 0
    outer loop
      vertex 184.24 132.56457280367613 112.94668184220791
      vertex 184.24 133.26711025834084 114.69650447368622
      vertex 184.24 133.18643148988485 115.08018232136965
    endloop
  endfacet
  facet normal 1 0 0
    outer loop
      vertex 184.24 132.56457280367613 112.94668184220791
      vertex 184.24 133.18643148988485 115.08018232136965
      vertex 184.24 133.1799879744649 115.10024923831224
    endloop
  endfacet
  facet normal 1 0 0
    outer loop
      vertex 184.24 126.86779916286469 134.4080934524536
      vertex 184.24 132.56457280367613 112.94668184220791
      vertex 184.24 133.1799879744649 115.10024923831224
    endloop
  endfacet
  facet normal 0 -0.7147778879927614 0.699351535950703
    outer loop
      vertex 184.24 132.56457280367613 112.94668184220791
      vertex 227.20000000000002 132.56457280367613 112.94668184220791
      vertex 184.24 132.83876655250788 113.22692377865314
    endloop
  endfacet
  facet normal 0 -0.8374803597584747 0.5464674253958931
    outer loop
      vertex 184.24 132.83876655250788 113.22692377865314
      vertex 227.20000000000002 132.83876655250788 113.22692377865314
      vertex 184.24 133.05301924794912 113.55527349561453
    endloop
  endfacet
  facet normal 0 -0.9279989130940465 0.37258289989781884
    outer loop
      vertex 184.24 133.05301924794912 113.55527349561453
      vertex 227.20000000000002 133.05301924794912 113.55527349561453
      vertex 184.24 133.1990972906351 113.91911269724369
    endloop
  endfacet
  facet normal 0 -0.9828549900138027 0.1843802283461212
    outer loop
      vertex 184.24 133.1990972906351 113.91911269724369
      vertex 227.20000000000002 133.1990972906351 113.91911269724369
      vertex 184.24 133.27138698101044 114.30445923656225
    endloop
  endfacet
  facet normal 0 -0.9999405049191996 -0.01090809891484134
    outer loop
      vertex 184.24 133.27138698101044 114.30445923656225
      vertex 227.20000000000002 133.27138698101044 114.30445923656225
      vertex 184.24 133.26711025834084 114.69650447368622
    endloop
  endfacet
  facet normal 0 -0.9785988686603567 -0.20577719566723074
    outer loop
      vertex 184.24 133.26711025834084 114.69650447368622
      vertex 227.20000000000002 133.26711025834084 114.69650447368622
      vertex 184.24 133.18643148988485 115.08018232136965
    endloop
  endfacet
  facet normal 0 -0.9521192662773269 -0.3057268434134047
    outer loop
      vertex 184.24 133.18643148988485 115.08018232136965
      vertex 227.20000000000002 133.18643148988485 115.08018232136965
      vertex 184.24 133.1799879744649 115.10024923831224
    endloop
  endfacet
  facet normal 0 -0.950495194718239 -0.3107392553533217
    outer loop
      vertex 184.24 126.86779916286469 134.4080934524536
      vertex 184.24 133.1799879744649 115.10024923831224
      vertex 227.20000000000002 133.1799879744649 115.10024923831224
    endloop
  endfacet
  facet normal 0 -0.7147778879927614 0.699351535950703
    outer loop
      vertex 184.24 132.83876655250788 113.22692377865314
      vertex 227.20000000000002 132.56457280367613 112.94668184220791
      vertex 227.20000000000002 132.83876655250788 113.22692377865314
    endloop
  endfacet
  facet normal 0 -0.8374803597584747 0.5464674253958931
    outer loop
      vertex 184.24 133.05301924794912 113.55527349561453
      vertex 227.20000000000002 132.83876655250788 113.22692377865314
      vertex 227.20000000000002 133.05301924794912 113.55527349561453
    endloop
  endfacet
  facet normal 0 -0.9279989130940465 0.37258289989781884
    outer loop
      vertex 184.24 133.1990972906351 113.91911269724369
      vertex 227.20000000000002 133.05301924794912 113.55527349561453
      vertex 227.20000000000002 133.1990972906351 113.91911269724369
    endloop
  endfacet
  facet normal 0 -0.9828549900138027 0.1843802283461212
    outer loop
      vertex 184.24 133.27138698101044 114.30445923656225
      vertex 227.20000000000002 133.1990972906351 113.91911269724369
      vertex 227.20000000000002 133.27138698101044 114.30445923656225
    endloop
  endfacet
  facet normal 0 -0.9999405049191996 -0.01090809891484134
    outer loop
      vertex 184.24 133.26711025834084 114.69650447368622
      vertex 227.20000000000002 133.27138698101044 114.30445923656225
      vertex 227.20000000000002 133.26711025834084 114.69650447368622
    endloop
  endfacet
  facet normal 0 -0.9785988686603567 -0.20577719566723074
    outer loop
      vertex 184.24 133.18643148988485 115.08018232136965
      vertex 227.20000000000002 133.26711025834084 114.69650447368622
      vertex 227.20000000000002 133.18643148988485 115.08018232136965
    endloop
  endfacet
  facet normal 0 -0.9521192662773269 -0.3057268434134047
    outer loop
      vertex 184.24 133.1799879744649 115.10024923831224
      vertex 227.20000000000002 133.18643148988485 115.08018232136965
      vertex 227.20000000000002 133.1799879744649 115.10024923831224
    endloop
  endfacet
  facet normal -1 0 0
    outer loop
      vertex 227.20000000000002 132.56457280367613 112.94668184220791
      vertex 227.20000000000002 133.05301924794912 113.55527349561453
      vertex 227.20000000000002 132.83876655250788 113.22692377865314
    endloop
  endfacet
  facet normal -1 0 0
    outer loop
      vertex 227.20000000000002 132.56457280367613 112.94668184220791
      vertex 227.20000000000002 133.1990972906351 113.91911269724369
      vertex 227.20000000000002 133.05301924794912 113.55527349561453
    endloop
  endfacet
  facet normal -1 0 0
    outer loop
      vertex 227.20000000000002 132.56457280367613 112.94668184220791
      vertex 227.20000000000002 133.27138698101044 114.30445923656225
      vertex 227.20000000000002 133.1990972906351 113.91911269724369
    endloop
  endfacet
  facet normal -1 0 0
    outer loop
      vertex 227.20000000000002 132.56457280367613 112.94668184220791
      vertex 227.20000000000002 133.26711025834084 114.69650447368622
      vertex 227.20000000000002 133.27138698101044 114.30445923656225
    endloop
  endfacet
  facet normal -1 0 0
    outer loop
      vertex 227.20000000000002 132.56457280367613 112.94668184220791
      vertex 227.20000000000002 133.18643148988485 115.08018232136965
      vertex 227.20000000000002 133.26711025834084 114.69650447368622
    endloop
  endfacet
  facet normal -1 0 0
    outer loop
      vertex 227.20000000000002 132.56457280367613 112.94668184220791
      vertex 227.20000000000002 133.1799879744649 115.10024923831224
      vertex 227.20000000000002 133.18643148988485 115.08018232136965
    endloop
  endfacet
  facet normal -1 0 0
    outer loop
      vertex 227.20000000000002 126.86779916286469 134.4080934524536
      vertex 227.20000000000002 133.1799879744649 115.10024923831224
      vertex 227.20000000000002 132.56457280367613 112.94668184220791
    endloop
  endfacet
  facet normal 0 -0.950495194718239 -0.3107392553533217
    outer loop
      vertex 184.24 126.86779916286469 134.4080934524536
      vertex 227.20000000000002 133.1799879744649 115.10024923831224
      vertex 227.20000000000002 126.86779916286469 134.4080934524536
    endloop
  endfacet
  facet normal 0 1 0
    outer loop
      vertex 184.24 63.600000001490116 137.79999999701977
      vertex 184.24 63.600000001490116 138
      vertex 184.64 63.600000001490116 138
    endloop
  endfacet
  facet normal 0 1 0
    outer loop
      vertex 184.24 63.600000001490116 137.79999999701977
      vertex 184.64 63.600000001490116 138
      vertex 227.20000000000002 63.600000001490116 137.79999999701977
    endloop
  endfacet
  facet normal 0 1 0
    outer loop
      vertex 227.20000000000002 63.600000001490116 137.79999999701977
      vertex 184.64 63.600000001490116 138
      vertex 184.64 63.600000001490116 141
    endloop
  endfacet
  facet normal 1 0 0
    outer loop
      vertex 184.24 63.600000001490116 137.79999999701977
      vertex 184.24 66.53052411973476 137.93052411824465
      vertex 184.24 63.600000001490116 138
    endloop
  endfacet
  facet normal 1 0 0
    outer loop
      vertex 184.24 63.600000001490116 137.79999999701977
      vertex 184.24 66.39999999850988 137.79999999701977
      vertex 184.24 66.53052411973476 137.93052411824465
    endloop
  endfacet
  facet normal 1 0 0
    outer loop
      vertex 184.24 66.53052411973476 137.93052411824465
      vertex 184.24 66.58754149920541 138
      vertex 184.24 63.600000001490116 138
    endloop
  endfacet
  facet normal 0 0 1
    outer loop
      vertex 184.24 63.600000001490116 137.79999999701977
      vertex 227.20000000000002 63.600000001490116 137.79999999701977
      vertex 184.24 66.39999999850988 137.79999999701977
    endloop
  endfacet
  facet normal 0 1 0
    outer loop
      vertex 227.20000000000002 63.600000001490116 137.79999999701977
      vertex 184.64 63.600000001490116 141
      vertex 227.20000000000002 63.600000001490116 141
    endloop
  endfacet
  facet normal 0 0 1
    outer loop
      vertex 184.24 66.39999999850988 137.79999999701977
      vertex 227.20000000000002 63.600000001490116 137.79999999701977
      vertex 227.20000000000002 66.39999999850988 137.79999999701977
    endloop
  endfacet
  facet normal -1 0 0
    outer loop
      vertex 227.20000000000002 63.600000001490116 137.79999999701977
      vertex 227.20000000000002 66.53052411973476 137.93052411824465
      vertex 227.20000000000002 66.39999999850988 137.79999999701977
    endloop
  endfacet
  facet normal -1 0 0
    outer loop
      vertex 227.20000000000002 63.600000001490116 137.79999999701977
      vertex 227.20000000000002 66.59070216864347 138.00385128706694
      vertex 227.20000000000002 66.53052411973476 137.93052411824465
    endloop
  endfacet
  facet normal -1 0 0
    outer loop
      vertex 227.20000000000002 63.600000001490116 137.79999999701977
      vertex 227.20000000000002 66.60000000149012 138.0982536971569
      vertex 227.20000000000002 66.59070216864347 138.00385128706694
    endloop
  endfacet
  facet normal -1 0 0
    outer loop
      vertex 227.20000000000002 63.600000001490116 137.79999999701977
      vertex 227.20000000000002 66.60000000149012 140
      vertex 227.20000000000002 66.60000000149012 138.0982536971569
    endloop
  endfacet
  facet normal -1 0 0
    outer loop
      vertex 227.20000000000002 63.600000001490116 137.79999999701977
      vertex 227.20000000000002 63.600000001490116 141
      vertex 227.20000000000002 66.63842944055796 140.3901806473732
    endloop
  endfacet
  facet normal -1 0 0
    outer loop
      vertex 227.20000000000002 63.600000001490116 137.79999999701977
      vertex 227.20000000000002 66.63842944055796 140.3901806473732
      vertex 227.20000000000002 66.60000000149012 140
    endloop
  endfacet
  facet normal -1 0 0
    outer loop
      vertex 227.20000000000002 63.600000001490116 141
      vertex 227.20000000000002 66.75224093347788 140.76536686718464
      vertex 227.20000000000002 66.63842944055796 140.3901806473732
    endloop
  endfacet
  facet normal -1 0 0
    outer loop
      vertex 227.20000000000002 63.600000001490116 141
      vertex 227.20000000000002 66.87765495593561 141
      vertex 227.20000000000002 66.75224093347788 140.76536686718464
    endloop
  endfacet
  facet normal 1 0 0
    outer loop
      vertex 184.24 122.81529699265957 137.94045063108206
      vertex 184.24 130.99962185082862 137.79999999701977
      vertex 184.24 122.75128470947412 138
    endloop
  endfacet
  facet normal 1 0 0
    outer loop
      vertex 184.24 122.81529699265957 137.94045063108206
      vertex 184.24 122.99962185302056 137.79999999701977
      vertex 184.24 130.99962185082862 137.79999999701977
    endloop
  endfacet
  facet normal 0 0 1
    outer loop
      vertex 184.24 122.99962185302056 137.79999999701977
      vertex 227.20000000000002 122.99962185302056 137.79999999701977
      vertex 184.24 130.99962185082862 137.79999999701977
    endloop
  endfacet
  facet normal -1 0 0
    outer loop
      vertex 227.20000000000002 122.74584402889013 138.00506135821342
      vertex 227.20000000000002 130.99962185082862 137.79999999701977
      vertex 227.20000000000002 122.81529699265957 137.94045063108206
    endloop
  endfacet
  facet normal -1 0 0
    outer loop
      vertex 227.20000000000002 122.73952705413103 138.03174541145563
      vertex 227.20000000000002 122.73714549094439 138.0671642497182
      vertex 227.20000000000002 130.99962185082862 137.79999999701977
    endloop
  endfacet
  facet normal -1 0 0
    outer loop
      vertex 227.20000000000002 122.74584402889013 138.00506135821342
      vertex 227.20000000000002 122.73952705413103 138.03174541145563
      vertex 227.20000000000002 130.99962185082862 137.79999999701977
    endloop
  endfacet
  facet normal -1 0 0
    outer loop
      vertex 227.20000000000002 122.81529699265957 137.94045063108206
      vertex 227.20000000000002 130.99962185082862 137.79999999701977
      vertex 227.20000000000002 122.99962185302056 137.79999999701977
    endloop
  endfacet
  facet normal -1 0 0
    outer loop
      vertex 227.20000000000002 122.73714549094439 138.0671642497182
      vertex 227.20000000000002 122.73714549094439 140
      vertex 227.20000000000002 130.99962185082862 137.79999999701977
    endloop
  endfacet
  facet normal -1 0 0
    outer loop
      vertex 227.20000000000002 122.73714549094439 140
      vertex 227.20000000000002 122.69871605187654 140.3901806473732
      vertex 227.20000000000002 131.13714549690485 140
    endloop
  endfacet
  facet normal -1 0 0
    outer loop
      vertex 227.20000000000002 122.69871605187654 140.3901806473732
      vertex 227.20000000000002 122.58490455895662 140.76536686718464
      vertex 227.20000000000002 131.1755749359727 140.3901806473732
    endloop
  endfacet
  facet normal -1 0 0
    outer loop
      vertex 227.20000000000002 122.58490455895662 140.76536686718464
      vertex 227.20000000000002 122.45949053649889 141
      vertex 227.20000000000002 131.2893864288926 140.76536686718464
    endloop
  endfacet
  facet normal 1 0 0
    outer loop
      vertex 184.24 130.99962185082862 137.79999999701977
      vertex 184.24 131.0881029367447 137.9286776408553
      vertex 184.24 122.75128470947412 138
    endloop
  endfacet
  facet normal 1 0 0
    outer loop
      vertex 184.24 131.0881029367447 137.9286776408553
      vertex 184.24 131.12622553549852 138
      vertex 184.24 122.75128470947412 138
    endloop
  endfacet
  facet normal 1 0 0
    outer loop
      vertex 184.24 165.06947587430477 137.93052411824465
      vertex 184.24 165.1999999959444 137.79999999701977
      vertex 184.24 165.0124584948341 138
    endloop
  endfacet
  facet normal 1 0 0
    outer loop
      vertex 184.24 165.1999999959444 137.79999999701977
      vertex 184.24 168 137.79999999701977
      vertex 184.24 165.0124584948341 138
    endloop
  endfacet
  facet normal 1 0 0
    outer loop
      vertex 184.24 168 137.79999999701977
      vertex 184.24 168 138
      vertex 184.24 165.0124584948341 138
    endloop
  endfacet
  facet normal 0 -1 0
    outer loop
      vertex 184.24 168 137.79999999701977
      vertex 184.64 168 138
      vertex 184.24 168 138
    endloop
  endfacet
  facet normal 0 0 1
    outer loop
      vertex 184.24 165.1999999959444 137.79999999701977
      vertex 227.20000000000002 165.1999999959444 137.79999999701977
      vertex 184.24 168 137.79999999701977
    endloop
  endfacet
  facet normal 0 -1 0
    outer loop
      vertex 184.24 168 137.79999999701977
      vertex 227.20000000000002 168 141
      vertex 184.64 168 138
    endloop
  endfacet
  facet normal 0 -1 0
    outer loop
      vertex 227.20000000000002 168 141
      vertex 184.64 168 141
      vertex 184.64 168 138
    endloop
  endfacet
  facet normal 0 0 1
    outer loop
      vertex 227.20000000000002 122.99962185302056 137.79999999701977
      vertex 227.20000000000002 130.99962185082862 137.79999999701977
      vertex 184.24 130.99962185082862 137.79999999701977
    endloop
  endfacet
  facet normal -1 0 0
    outer loop
      vertex 227.20000000000002 122.73714549094439 140
      vertex 227.20000000000002 131.0881029367447 137.9286776408553
      vertex 227.20000000000002 130.99962185082862 137.79999999701977
    endloop
  endfacet
  facet normal -1 0 0
    outer loop
      vertex 227.20000000000002 122.73714549094439 140
      vertex 227.20000000000002 131.12774908542633 138.00285036116838
      vertex 227.20000000000002 131.0881029367447 137.9286776408553
    endloop
  endfacet
  facet normal -1 0 0
    outer loop
      vertex 227.20000000000002 122.73714549094439 140
      vertex 227.20000000000002 131.13714549690485 138.0982536971569
      vertex 227.20000000000002 131.12774908542633 138.00285036116838
    endloop
  endfacet
  facet normal -1 0 0
    outer loop
      vertex 227.20000000000002 122.73714549094439 140
      vertex 227.20000000000002 131.13714549690485 140
      vertex 227.20000000000002 131.13714549690485 138.0982536971569
    endloop
  endfacet
  facet normal -1 0 0
    outer loop
      vertex 227.20000000000002 122.69871605187654 140.3901806473732
      vertex 227.20000000000002 131.1755749359727 140.3901806473732
      vertex 227.20000000000002 131.13714549690485 140
    endloop
  endfacet
  facet normal -1 0 0
    outer loop
      vertex 227.20000000000002 122.58490455895662 140.76536686718464
      vertex 227.20000000000002 131.2893864288926 140.76536686718464
      vertex 227.20000000000002 131.1755749359727 140.3901806473732
    endloop
  endfacet
  facet normal -1 0 0
    outer loop
      vertex 227.20000000000002 122.45949053649889 141
      vertex 227.20000000000002 131.41480045135035 141
      vertex 227.20000000000002 131.2893864288926 140.76536686718464
    endloop
  endfacet
  facet normal 0 0 1
    outer loop
      vertex 184.24 168 137.79999999701977
      vertex 227.20000000000002 165.1999999959444 137.79999999701977
      vertex 227.20000000000002 168 137.79999999701977
    endloop
  endfacet
  facet normal 0 -1 0
    outer loop
      vertex 184.24 168 137.79999999701977
      vertex 227.20000000000002 168 137.79999999701977
      vertex 227.20000000000002 168 141
    endloop
  endfacet
  facet normal -1 0 0
    outer loop
      vertex 227.20000000000002 165.06947587430477 137.93052411824465
      vertex 227.20000000000002 168 137.79999999701977
      vertex 227.20000000000002 165.1999999959444 137.79999999701977
    endloop
  endfacet
  facet normal -1 0 0
    outer loop
      vertex 227.20000000000002 165.06947587430477 137.93052411824465
      vertex 227.20000000000002 165.00929782539606 138.00385128706694
      vertex 227.20000000000002 168 141
    endloop
  endfacet
  facet normal -1 0 0
    outer loop
      vertex 227.20000000000002 165.00929782539606 138.00385128706694
      vertex 227.20000000000002 165 138.0982536971569
      vertex 227.20000000000002 168 141
    endloop
  endfacet
  facet normal -1 0 0
    outer loop
      vertex 227.20000000000002 165 138.0982536971569
      vertex 227.20000000000002 165 140
      vertex 227.20000000000002 168 141
    endloop
  endfacet
  facet normal -1 0 0
    outer loop
      vertex 227.20000000000002 164.96157056093216 140.3901806473732
      vertex 227.20000000000002 164.84775906801224 140.76536686718464
      vertex 227.20000000000002 168 141
    endloop
  endfacet
  facet normal -1 0 0
    outer loop
      vertex 227.20000000000002 165 140
      vertex 227.20000000000002 164.96157056093216 140.3901806473732
      vertex 227.20000000000002 168 141
    endloop
  endfacet
  facet normal -1 0 0
    outer loop
      vertex 227.20000000000002 164.7223450455545 141
      vertex 227.20000000000002 168 141
      vertex 227.20000000000002 164.84775906801224 140.76536686718464
    endloop
  endfacet
  facet normal -1 0 0
    outer loop
      vertex 227.20000000000002 165.06947587430477 137.93052411824465
      vertex 227.20000000000002 168 141
      vertex 227.20000000000002 168 137.79999999701977
    endloop
  endfacet
  facet normal -1 0 0
    outer loop
      vertex 0 0 0
      vertex 0 13.3 30.85248814360058
      vertex 0 13.3 10
    endloop
  endfacet
  facet normal -1 0 0
    outer loop
      vertex 0 0 0
      vertex 0 13.3 10
      vertex 0 20.3 10
    endloop
  endfacet
  facet normal 0 -1 0
    outer loop
      vertex 0 0 0
      vertex 40.28 0 16.5
      vertex 8.280000000000001 0 16.5
    endloop
  endfacet
  facet normal -1 0 0
    outer loop
      vertex 0 0 0
      vertex 0 0 42
      vertex 0 13.3 30.85248814360058
    endloop
  endfacet
  facet normal 0 -1 0
    outer loop
      vertex 0 0 0
      vertex 8.280000000000001 0 16.5
      vertex 0 0 42
    endloop
  endfacet
  facet normal 0 -1 0
    outer loop
      vertex 0 0 42
      vertex 8.280000000000001 0 16.5
      vertex 8.280000000000001 0 25.5
    endloop
  endfacet
  facet normal 0 -1 0
    outer loop
      vertex 0 0 42
      vertex 8.280000000000001 0 25.5
      vertex 40.28 0 25.5
    endloop
  endfacet
  facet normal -1 0 0
    outer loop
      vertex 0 0 0
      vertex 0 20.3 10
      vertex 0 95.1 10
    endloop
  endfacet
  facet normal -1 0 0
    outer loop
      vertex 0 18.375 33.85248814360058
      vertex 0 0 42
      vertex 0 95.1 10
    endloop
  endfacet
  facet normal 0 -1 0
    outer loop
      vertex 0 0 0
      vertex 53.64 0 16.5
      vertex 40.28 0 16.5
    endloop
  endfacet
  facet normal 0 -1 0
    outer loop
      vertex 0 0 0
      vertex 85.64 0 16.5
      vertex 53.64 0 16.5
    endloop
  endfacet
  facet normal 0 -1 0
    outer loop
      vertex 0 0 42
      vertex 40.28 0 25.5
      vertex 53.64 0 25.5
    endloop
  endfacet
  facet normal 0 -1 0
    outer loop
      vertex 40.28 0 25.5
      vertex 40.28 0 16.5
      vertex 53.64 0 25.5
    endloop
  endfacet
  facet normal 0 -1 0
    outer loop
      vertex 40.28 0 16.5
      vertex 53.64 0 16.5
      vertex 53.64 0 25.5
    endloop
  endfacet
  facet normal 0 -1 0
    outer loop
      vertex 0 0 42
      vertex 53.64 0 25.5
      vertex 85.64 0 25.5
    endloop
  endfacet
  facet normal -1 0 0
    outer loop
      vertex 0 13.3 30.85248814360058
      vertex 0 0 42
      vertex 0 15.225000000000001 33.85248814360058
    endloop
  endfacet
  facet normal -1 0 0
    outer loop
      vertex 0 15.225000000000001 33.85248814360058
      vertex 0 0 42
      vertex 0 18.375 33.85248814360058
    endloop
  endfacet
  facet normal 0 -0.6255085626972322 0.7802173017771669
    outer loop
      vertex 0 0 42
      vertex 33.25834208522067 20.564816440721383 58.48703347729899
      vertex 2.8 20.564816440721383 58.48703347729899
    endloop
  endfacet
  facet normal 5.176262708357755e-16 -0.6255085626972322 0.7802173017771669
    outer loop
      vertex 0 0 42
      vertex 2.8 20.564816440721383 58.48703347729899
      vertex 0 61.20000000298023 91.06469511985779
    endloop
  endfacet
  facet normal 3.4501265129930625e-16 -0.6255085626972328 0.7802173017771665
    outer loop
      vertex 0 0 42
      vertex 45.76 20.564846801726873 58.48705781804209
      vertex 33.25834208522067 20.564816440721383 58.48703347729899
    endloop
  endfacet
  facet normal -8.985600695163748e-16 -0.6255085626972309 0.780217301777168
    outer loop
      vertex 0 0 42
      vertex 48.16 20.564817168185904 58.487034060515086
      vertex 45.76 20.564846801726873 58.48705781804209
    endloop
  endfacet
  facet normal -1.480877331987181e-16 -0.625508562697232 0.7802173017771671
    outer loop
      vertex 0 0 42
      vertex 77.28604609872995 20.56480878901132 58.48702734284113
      vertex 48.16 20.564817168185904 58.487034060515086
    endloop
  endfacet
  facet normal -1.4106522048432525e-15 -0.6255085626972323 0.7802173017771669
    outer loop
      vertex 45.76 20.564846801726873 58.48705781804209
      vertex 48.16 20.564817168185904 58.487034060515086
      vertex 48.16 27.54898288553966 64.08631447835558
    endloop
  endfacet
  facet normal 0 -0.6255085626972327 0.7802173017771665
    outer loop
      vertex 45.76 20.564846801726873 58.48705781804209
      vertex 48.16 27.54898288553966 64.08631447835558
      vertex 45.76 27.54898288553966 64.08631447835558
    endloop
  endfacet
  facet normal -1 0 0
    outer loop
      vertex 0 20.3 10
      vertex 0 20.3 30.85248814360058
      vertex 0 95.1 10
    endloop
  endfacet
  facet normal -1 0 0
    outer loop
      vertex 0 18.375 33.85248814360058
      vertex 0 95.1 10
      vertex 0 20.3 30.85248814360058
    endloop
  endfacet
  facet normal -1 0 0
    outer loop
      vertex 0 0 0
      vertex 0 95.1 10
      vertex 0 102.1 10
    endloop
  endfacet
  facet normal -1 0 0
    outer loop
      vertex 0 0 42
      vertex 0 61.20000000298023 91.06469511985779
      vertex 0 95.1 10
    endloop
  endfacet
  facet normal 0 -1 0
    outer loop
      vertex 0 0 0
      vertex 99 0 16.5
      vertex 85.64 0 16.5
    endloop
  endfacet
  facet normal 0 -1 0
    outer loop
      vertex 0 0 0
      vertex 131 0 16.5
      vertex 99 0 16.5
    endloop
  endfacet
  facet normal 0 -1 0
    outer loop
      vertex 0 0 0
      vertex 144.35999999999999 0 16.5
      vertex 131 0 16.5
    endloop
  endfacet
  facet normal 0 -1 0
    outer loop
      vertex 85.64 0 25.5
      vertex 85.64 0 16.5
      vertex 99 0 25.5
    endloop
  endfacet
  facet normal 0 -1 0
    outer loop
      vertex 99 0 16.5
      vertex 99 0 25.5
      vertex 85.64 0 16.5
    endloop
  endfacet
  facet normal 0 -1 0
    outer loop
      vertex 0 0 42
      vertex 85.64 0 25.5
      vertex 230 0 42
    endloop
  endfacet
  facet normal 0 -0.6255085626972323 0.7802173017771669
    outer loop
      vertex 0 0 42
      vertex 230 0 42
      vertex 77.28604609872995 20.56480878901132 58.48702734284113
    endloop
  endfacet
  facet normal -7.299698761932353e-17 -0.6255085627340985 0.7802173017476107
    outer loop
      vertex 78.61832753139053 20.56480831009003 58.4870269588848
      vertex 123.97834208522069 20.564816440721383 58.48703347729899
      vertex 91.12 20.56483560562939 58.48704884201089
    endloop
  endfacet
  facet normal -8.276294366340768e-17 -0.625508562744291 0.7802173017394393
    outer loop
      vertex 91.12 20.56483560562939 58.48704884201089
      vertex 123.97834208522069 20.564816440721383 58.48703347729899
      vertex 93.52000000000001 20.56487886625964 58.48708352452125
    endloop
  endfacet
  facet normal -1.4762005726612297e-15 -0.6255085626972328 0.7802173017771665
    outer loop
      vertex 91.12 20.56483560562939 58.48704884201089
      vertex 93.52000000000001 20.56487886625964 58.48708352452125
      vertex 93.52000000000001 27.548982885539456 64.08631447835542
    endloop
  endfacet
  facet normal -2.9766218079698384e-15 -0.6255085626972324 0.7802173017771667
    outer loop
      vertex 91.12 20.56483560562939 58.48704884201089
      vertex 93.52000000000001 27.548982885539456 64.08631447835542
      vertex 91.12 27.54898288553966 64.08631447835558
    endloop
  endfacet
  facet normal 0 0 -1
    outer loop
      vertex 0 0 0
      vertex 0 170.79999999701977 0
      vertex 230 0 0
    endloop
  endfacet
  facet normal 0 -0.6255085626972323 0.7802173017771669
    outer loop
      vertex 2.8 20.564816440721383 58.48703347729899
      vertex 2.8 27.54898288553966 64.08631447835558
      vertex 0 61.20000000298023 91.06469511985779
    endloop
  endfacet
  facet normal 0 -0.6255085626972322 0.780217301777167
    outer loop
      vertex 2.8 27.54898288553966 64.08631447835558
      vertex 45.76 27.54898288553966 64.08631447835558
      vertex 0 61.20000000298023 91.06469511985779
    endloop
  endfacet
  facet normal 0 -0.6255085626972322 0.780217301777167
    outer loop
      vertex 45.76 27.54898288553966 64.08631447835558
      vertex 48.16 27.54898288553966 64.08631447835558
      vertex 0 61.20000000298023 91.06469511985779
    endloop
  endfacet
  facet normal -1 0 0
    outer loop
      vertex 0 61.20000000298023 91.06469511985779
      vertex 0 61.20000000298023 141
      vertex 0 95.1 10
    endloop
  endfacet
  facet normal -1 0 0
    outer loop
      vertex 0 61.20000000298023 141
      vertex 0 95.1 109
      vertex 0 95.1 10
    endloop
  endfacet
  facet normal 0 0 1
    outer loop
      vertex 0 61.20000000298023 141
      vertex 2.8 63.600000001490116 141
      vertex 2.8 66.87765495593561 141
    endloop
  endfacet
  facet normal 0 0 1
    outer loop
      vertex 0 61.20000000298023 141
      vertex 45.36 63.600000001490116 141
      vertex 2.8 63.600000001490116 141
    endloop
  endfacet
  facet normal -1 0 0
    outer loop
      vertex 0 61.20000000298023 141
      vertex 0 97.02499999999999 112
      vertex 0 95.1 109
    endloop
  endfacet
  facet normal 0 0 1
    outer loop
      vertex 0 61.20000000298023 141
      vertex 2.8 66.87765495593561 141
      vertex 2.8 122.45949053649889 141
    endloop
  endfacet
  facet normal 0 -1 0
    outer loop
      vertex 0 61.20000000298023 91.06469511985779
      vertex 106 61.20000000298023 141
      vertex 0 61.20000000298023 141
    endloop
  endfacet
  facet normal 0 0 1
    outer loop
      vertex 0 61.20000000298023 141
      vertex 45.36 63.2 141
      vertex 45.36 63.600000001490116 141
    endloop
  endfacet
  facet normal 0 0 1
    outer loop
      vertex 0 61.20000000298023 141
      vertex 48.56 63.2 141
      vertex 45.36 63.2 141
    endloop
  endfacet
  facet normal 0 0 1
    outer loop
      vertex 0 61.20000000298023 141
      vertex 90.72 63.600000001490116 141
      vertex 48.56 63.2 141
    endloop
  endfacet
  facet normal 0 -0.6255085626972323 0.780217301777167
    outer loop
      vertex 48.16 27.54898288553966 64.08631447835558
      vertex 230 61.20000000298023 91.06469511985779
      vertex 0 61.20000000298023 91.06469511985779
    endloop
  endfacet
  facet normal 0 -1 0
    outer loop
      vertex 0 61.20000000298023 91.06469511985779
      vertex 106 61.20000000298023 138
      vertex 106 61.20000000298023 141
    endloop
  endfacet
  facet normal 0 -1 0
    outer loop
      vertex 0 61.20000000298023 91.06469511985779
      vertex 124 61.20000000298023 138
      vertex 106 61.20000000298023 138
    endloop
  endfacet
  facet normal 0 0 1
    outer loop
      vertex 0 61.20000000298023 141
      vertex 90.72 63.2 141
      vertex 90.72 63.600000001490116 141
    endloop
  endfacet
  facet normal 0 0 1
    outer loop
      vertex 0 61.20000000298023 141
      vertex 93.92 63.2 141
      vertex 90.72 63.2 141
    endloop
  endfacet
  facet normal 0 0 1
    outer loop
      vertex 90.72 63.600000001490116 141
      vertex 48.56 63.600000001490116 141
      vertex 48.56 63.2 141
    endloop
  endfacet
  facet normal 0 0 1
    outer loop
      vertex 0 61.20000000298023 141
      vertex 106 61.20000000298023 141
      vertex 93.92 63.2 141
    endloop
  endfacet
  facet normal 0 0 1
    outer loop
      vertex 93.92 63.600000001490116 141
      vertex 93.92 63.2 141
      vertex 106 63.600000001490116 141
    endloop
  endfacet
  facet normal 0 0 1
    outer loop
      vertex 106 61.20000000298023 141
      vertex 106 63.600000001490116 141
      vertex 93.92 63.2 141
    endloop
  endfacet
  facet normal -1 0 0
    outer loop
      vertex 0 0 0
      vertex 0 102.1 10
      vertex 0 170.79999999701977 0
    endloop
  endfacet
  facet normal -1 0 0
    outer loop
      vertex 0 102.1 10
      vertex 0 102.1 109
      vertex 0 170.79999999701977 0
    endloop
  endfacet
  facet normal 0 1 0
    outer loop
      vertex 0 170.79999999701977 0
      vertex 0 170.79999999701977 141
      vertex 230 170.79999999701977 0
    endloop
  endfacet
  facet normal -1 0 0
    outer loop
      vertex 0 100.175 112
      vertex 0 101.39403721140128 112
      vertex 0 102.1 110.88047445257544
    endloop
  endfacet
  facet normal -1 0 0
    outer loop
      vertex 0 100.175 112
      vertex 0 102.1 110.88047445257544
      vertex 0 102.1 109
    endloop
  endfacet
  facet normal -1 0 0
    outer loop
      vertex 0 97.02499999999999 112
      vertex 0 170.79999999701977 141
      vertex 0 100.175 112
    endloop
  endfacet
  facet normal -1 0 0
    outer loop
      vertex 0 102.1 109
      vertex 0 102.1 110.88047445257544
      vertex 0 170.79999999701977 141
    endloop
  endfacet
  facet normal -1 0 0
    outer loop
      vertex 0 100.175 112
      vertex 0 170.79999999701977 141
      vertex 0 101.39403721140128 112
    endloop
  endfacet
  facet normal -1 0 0
    outer loop
      vertex 0 102.1 110.88047445257544
      vertex 0 102.1 112
      vertex 0 170.79999999701977 141
    endloop
  endfacet
  facet normal -1 0 0
    outer loop
      vertex 0 101.39403721140128 112
      vertex 0 170.79999999701977 141
      vertex 0 102.1 112
    endloop
  endfacet
  facet normal -1 0 0
    outer loop
      vertex 0 61.20000000298023 141
      vertex 0 170.79999999701977 141
      vertex 0 97.02499999999999 112
    endloop
  endfacet
  facet normal 0 0 1
    outer loop
      vertex 0 61.20000000298023 141
      vertex 2.8 122.45949053649889 141
      vertex 0 170.79999999701977 141
    endloop
  endfacet
  facet normal -1 0 0
    outer loop
      vertex 0 170.79999999701977 0
      vertex 0 102.1 109
      vertex 0 170.79999999701977 141
    endloop
  endfacet
  facet normal 0 0 1
    outer loop
      vertex 2.8 122.45949053649889 141
      vertex 2.8 131.41480045135035 141
      vertex 2.4 133.2 141
    endloop
  endfacet
  facet normal 0 0 1
    outer loop
      vertex 2.8 131.41480045135035 141
      vertex 2.8 133.2 141
      vertex 2.4 133.2 141
    endloop
  endfacet
  facet normal 0 0 1
    outer loop
      vertex 2.8 122.45949053649889 141
      vertex 2.4 133.2 141
      vertex 0 170.79999999701977 141
    endloop
  endfacet
  facet normal 0 0 1
    outer loop
      vertex 0 170.79999999701977 141
      vertex 2.4 133.2 141
      vertex 2.4 136.39999999999998 141
    endloop
  endfacet
  facet normal 0 0 1
    outer loop
      vertex 0 170.79999999701977 141
      vertex 2.4 136.39999999999998 141
      vertex 2.8 136.39999999999998 141
    endloop
  endfacet
  facet normal 0 0 1
    outer loop
      vertex 0 170.79999999701977 141
      vertex 2.8 136.39999999999998 141
      vertex 2.8 164.7223450455545 141
    endloop
  endfacet
  facet normal 0 0 1
    outer loop
      vertex 0 170.79999999701977 141
      vertex 2.8 164.7223450455545 141
      vertex 2.8 168 141
    endloop
  endfacet
  facet normal 0 0 1
    outer loop
      vertex 0 170.79999999701977 141
      vertex 2.8 168 141
      vertex 45.36 168.4 141
    endloop
  endfacet
  facet normal 0 0 1
    outer loop
      vertex 2.8 168 141
      vertex 45.36 168 141
      vertex 45.36 168.4 141
    endloop
  endfacet
  facet normal 0 0 1
    outer loop
      vertex 0 170.79999999701977 141
      vertex 45.36 168.4 141
      vertex 48.56 168.4 141
    endloop
  endfacet
  facet normal 0 0 1
    outer loop
      vertex 0 170.79999999701977 141
      vertex 48.56 168.4 141
      vertex 90.72 168.4 141
    endloop
  endfacet
  facet normal 0 0 1
    outer loop
      vertex 48.56 168 141
      vertex 90.72 168.4 141
      vertex 48.56 168.4 141
    endloop
  endfacet
  facet normal 0 0 1
    outer loop
      vertex 48.56 168 141
      vertex 90.72 168 141
      vertex 90.72 168.4 141
    endloop
  endfacet
  facet normal 0 0 1
    outer loop
      vertex 0 170.79999999701977 141
      vertex 90.72 168.4 141
      vertex 230 170.79999999701977 141
    endloop
  endfacet
  facet normal 0 -1 0
    outer loop
      vertex 0 0 0
      vertex 230 0 0
      vertex 144.35999999999999 0 16.5
    endloop
  endfacet
  facet normal 0 -1 0
    outer loop
      vertex 131 0 16.5
      vertex 144.35999999999999 0 16.5
      vertex 144.35999999999999 0 25.5
    endloop
  endfacet
  facet normal 0 -1 0
    outer loop
      vertex 131 0 25.5
      vertex 131 0 16.5
      vertex 144.35999999999999 0 25.5
    endloop
  endfacet
  facet normal 0 -1 0
    outer loop
      vertex 230 0 42
      vertex 85.64 0 25.5
      vertex 99 0 25.5
    endloop
  endfacet
  facet normal 0 -1 0
    outer loop
      vertex 230 0 42
      vertex 99 0 25.5
      vertex 131 0 25.5
    endloop
  endfacet
  facet normal 0 -1 0
    outer loop
      vertex 230 0 42
      vertex 131 0 25.5
      vertex 144.35999999999999 0 25.5
    endloop
  endfacet
  facet normal 0 -0.6255085629820033 0.7802173015488627
    outer loop
      vertex 78.61832753139053 20.56480831009003 58.4870269588848
      vertex 136.48000000000002 20.564816440721383 58.48703347729899
      vertex 123.97834208522069 20.564816440721383 58.48703347729899
    endloop
  endfacet
  facet normal 0 -0.6255085629820045 0.7802173015488618
    outer loop
      vertex 78.61832753139053 20.56480831009003 58.4870269588848
      vertex 138.88000000000002 20.564816440721383 58.48703347729899
      vertex 136.48000000000002 20.564816440721383 58.48703347729899
    endloop
  endfacet
  facet normal 4.934852739855893e-15 -0.6255085626972099 0.7802173017771847
    outer loop
      vertex 77.28604609872995 20.56480878901132 58.48702734284113
      vertex 230 0 42
      vertex 78.61832753139053 20.56480831009003 58.4870269588848
    endloop
  endfacet
  facet normal 0 -0.6255085626972322 0.7802173017771667
    outer loop
      vertex 136.48000000000002 20.564816440721383 58.48703347729899
      vertex 138.88000000000002 20.564816440721383 58.48703347729899
      vertex 138.88000000000002 27.54898288553966 64.08631447835558
    endloop
  endfacet
  facet normal 0 -0.6255085626972322 0.7802173017771667
    outer loop
      vertex 136.48000000000002 20.564816440721383 58.48703347729899
      vertex 138.88000000000002 27.54898288553966 64.08631447835558
      vertex 136.48000000000002 27.54898288553966 64.08631447835558
    endloop
  endfacet
  facet normal -6.31172035494583e-17 -0.6255085626972324 0.7802173017771669
    outer loop
      vertex 78.61832753139053 20.56480831009003 58.4870269588848
      vertex 230 0 42
      vertex 138.88000000000002 20.564816440721383 58.48703347729899
    endloop
  endfacet
  facet normal 0 -1 0
    outer loop
      vertex 230 0 0
      vertex 176.35999999999999 0 16.5
      vertex 144.35999999999999 0 16.5
    endloop
  endfacet
  facet normal 0 -1 0
    outer loop
      vertex 230 0 0
      vertex 189.72 0 16.5
      vertex 176.35999999999999 0 16.5
    endloop
  endfacet
  facet normal 0 -1 0
    outer loop
      vertex 176.35999999999999 0 16.5
      vertex 189.72 0 16.5
      vertex 189.72 0 25.5
    endloop
  endfacet
  facet normal 0 -1 0
    outer loop
      vertex 176.35999999999999 0 25.5
      vertex 176.35999999999999 0 16.5
      vertex 189.72 0 25.5
    endloop
  endfacet
  facet normal 0 -1 0
    outer loop
      vertex 230 0 42
      vertex 144.35999999999999 0 25.5
      vertex 176.35999999999999 0 25.5
    endloop
  endfacet
  facet normal 0 -1 0
    outer loop
      vertex 230 0 42
      vertex 176.35999999999999 0 25.5
      vertex 189.72 0 25.5
    endloop
  endfacet
  facet normal 0 -1 0
    outer loop
      vertex 230 0 0
      vertex 221.72 0 16.5
      vertex 189.72 0 16.5
    endloop
  endfacet
  facet normal 1 0 0
    outer loop
      vertex 230 0 0
      vertex 230 12.949999998509885 10
      vertex 230 0 42
    endloop
  endfacet
  facet normal 1 0 0
    outer loop
      vertex 230 0 0
      vertex 230 20.650000001490117 10
      vertex 230 12.949999998509885 10
    endloop
  endfacet
  facet normal 0 -1 0
    outer loop
      vertex 230 0 42
      vertex 189.72 0 25.5
      vertex 221.72 0 25.5
    endloop
  endfacet
  facet normal 0 -1 0
    outer loop
      vertex 230 0 0
      vertex 230 0 42
      vertex 221.72 0 16.5
    endloop
  endfacet
  facet normal 0 -1 0
    outer loop
      vertex 230 0 42
      vertex 221.72 0 25.5
      vertex 221.72 0 16.5
    endloop
  endfacet
  facet normal 1 0 0
    outer loop
      vertex 230 0 42
      vertex 230 12.949999998509885 10
      vertex 230 12.949999998509885 47.85248814360058
    endloop
  endfacet
  facet normal 1 0 0
    outer loop
      vertex 230 0 0
      vertex 230 94.74999999850988 10
      vertex 230 20.650000001490117 10
    endloop
  endfacet
  facet normal 0 -0.6255085626972322 0.780217301777167
    outer loop
      vertex 138.88000000000002 20.564816440721383 58.48703347729899
      vertex 230 0 42
      vertex 181.84000000000003 20.564816440721383 58.48703347729899
    endloop
  endfacet
  facet normal 0 -0.6255085626972321 0.780217301777167
    outer loop
      vertex 181.84000000000003 20.564816440721383 58.48703347729899
      vertex 230 0 42
      vertex 184.24 20.564816440721383 58.48703347729899
    endloop
  endfacet
  facet normal 0 -0.6255085626972323 0.7802173017771669
    outer loop
      vertex 181.84000000000003 20.564816440721383 58.48703347729899
      vertex 184.24 20.564816440721383 58.48703347729899
      vertex 184.24 27.54898288553966 64.08631447835558
    endloop
  endfacet
  facet normal 0 -0.6255085626972323 0.7802173017771669
    outer loop
      vertex 181.84000000000003 20.564816440721383 58.48703347729899
      vertex 184.24 27.54898288553966 64.08631447835558
      vertex 181.84000000000003 27.54898288553966 64.08631447835558
    endloop
  endfacet
  facet normal 0 -0.6255085626972322 0.780217301777167
    outer loop
      vertex 184.24 20.564816440721383 58.48703347729899
      vertex 230 0 42
      vertex 227.20000000000002 20.564816440721383 58.48703347729899
    endloop
  endfacet
  facet normal 0 -0.6255085626972323 0.7802173017771669
    outer loop
      vertex 230 0 42
      vertex 227.20000000000002 27.54898288553966 64.08631447835558
      vertex 227.20000000000002 20.564816440721383 58.48703347729899
    endloop
  endfacet
  facet normal 1 0 0
    outer loop
      vertex 230 0 42
      vertex 230 12.949999998509885 47.85248814360058
      vertex 230 61.20000000298023 91.06469511985779
    endloop
  endfacet
  facet normal 1 0 0
    outer loop
      vertex 230 61.20000000298023 91.06469511985779
      vertex 230 12.949999998509885 47.85248814360058
      vertex 230 20.650000001490117 47.85248814360058
    endloop
  endfacet
  facet normal 0 -0.6255085626972321 0.7802173017771669
    outer loop
      vertex 230 0 42
      vertex 230 61.20000000298023 91.06469511985779
      vertex 227.20000000000002 27.54898288553966 64.08631447835558
    endloop
  endfacet
  facet normal 1 0 0
    outer loop
      vertex 230 20.650000001490117 10
      vertex 230 94.74999999850988 10
      vertex 230 20.650000001490117 47.85248814360058
    endloop
  endfacet
  facet normal 1 0 0
    outer loop
      vertex 230 61.20000000298023 91.06469511985779
      vertex 230 20.650000001490117 47.85248814360058
      vertex 230 94.74999999850988 10
    endloop
  endfacet
  facet normal 0 -0.6255085626972322 0.7802173017771669
    outer loop
      vertex 48.16 27.54898288553966 64.08631447835558
      vertex 91.12 27.54898288553966 64.08631447835558
      vertex 230 61.20000000298023 91.06469511985779
    endloop
  endfacet
  facet normal -2.8864841750034264e-15 -0.625508562697225 0.7802173017771727
    outer loop
      vertex 91.12 27.54898288553966 64.08631447835558
      vertex 93.52000000000001 27.548982885539456 64.08631447835542
      vertex 230 61.20000000298023 91.06469511985779
    endloop
  endfacet
  facet normal 1.6125609916226188e-16 -0.6255085626972325 0.7802173017771666
    outer loop
      vertex 93.52000000000001 27.548982885539456 64.08631447835542
      vertex 136.48000000000002 27.54898288553966 64.08631447835558
      vertex 230 61.20000000298023 91.06469511985779
    endloop
  endfacet
  facet normal 0 -0.6255085626972322 0.780217301777167
    outer loop
      vertex 136.48000000000002 27.54898288553966 64.08631447835558
      vertex 138.88000000000002 27.54898288553966 64.08631447835558
      vertex 230 61.20000000298023 91.06469511985779
    endloop
  endfacet
  facet normal 0 -1 0
    outer loop
      vertex 0 61.20000000298023 91.06469511985779
      vertex 230 61.20000000298023 141
      vertex 124 61.20000000298023 138
    endloop
  endfacet
  facet normal 0 0 1
    outer loop
      vertex 124 61.20000000298023 141
      vertex 136.08 63.600000001490116 141
      vertex 124 63.600000001490116 141
    endloop
  endfacet
  facet normal 0 0 1
    outer loop
      vertex 124 61.20000000298023 141
      vertex 136.08 63.2 141
      vertex 136.08 63.600000001490116 141
    endloop
  endfacet
  facet normal 0 0 1
    outer loop
      vertex 124 61.20000000298023 141
      vertex 139.28 63.2 141
      vertex 136.08 63.2 141
    endloop
  endfacet
  facet normal 0 -1 0
    outer loop
      vertex 0 61.20000000298023 91.06469511985779
      vertex 230 61.20000000298023 91.06469511985779
      vertex 230 61.20000000298023 141
    endloop
  endfacet
  facet normal 0 0 1
    outer loop
      vertex 124 61.20000000298023 141
      vertex 181.44 63.600000001490116 141
      vertex 139.28 63.2 141
    endloop
  endfacet
  facet normal 0 0 1
    outer loop
      vertex 181.44 63.600000001490116 141
      vertex 139.28 63.600000001490116 141
      vertex 139.28 63.2 141
    endloop
  endfacet
  facet normal 0 -1 0
    outer loop
      vertex 230 61.20000000298023 141
      vertex 124 61.20000000298023 141
      vertex 124 61.20000000298023 138
    endloop
  endfacet
  facet normal 0 0 1
    outer loop
      vertex 124 61.20000000298023 141
      vertex 181.44 63.2 141
      vertex 181.44 63.600000001490116 141
    endloop
  endfacet
  facet normal 0 0 1
    outer loop
      vertex 124 61.20000000298023 141
      vertex 184.64 63.2 141
      vertex 181.44 63.2 141
    endloop
  endfacet
  facet normal 0 -0.6255085626972322 0.7802173017771669
    outer loop
      vertex 138.88000000000002 27.54898288553966 64.08631447835558
      vertex 181.84000000000003 27.54898288553966 64.08631447835558
      vertex 230 61.20000000298023 91.06469511985779
    endloop
  endfacet
  facet normal 0 -0.6255085626972322 0.7802173017771669
    outer loop
      vertex 181.84000000000003 27.54898288553966 64.08631447835558
      vertex 184.24 27.54898288553966 64.08631447835558
      vertex 230 61.20000000298023 91.06469511985779
    endloop
  endfacet
  facet normal 0 -0.6255085626972322 0.7802173017771669
    outer loop
      vertex 184.24 27.54898288553966 64.08631447835558
      vertex 227.20000000000002 27.54898288553966 64.08631447835558
      vertex 230 61.20000000298023 91.06469511985779
    endloop
  endfacet
  facet normal 1 0 0
    outer loop
      vertex 230 61.20000000298023 91.06469511985779
      vertex 230 94.74999999850988 10
      vertex 230 61.20000000298023 141
    endloop
  endfacet
  facet normal 1 0 0
    outer loop
      vertex 230 61.20000000298023 141
      vertex 230 94.74999999850988 10
      vertex 230 94.74999999850988 141
    endloop
  endfacet
  facet normal 0 0 1
    outer loop
      vertex 230 61.20000000298023 141
      vertex 184.64 63.2 141
      vertex 124 61.20000000298023 141
    endloop
  endfacet
  facet normal 0 0 1
    outer loop
      vertex 227.20000000000002 63.600000001490116 141
      vertex 184.64 63.600000001490116 141
      vertex 184.64 63.2 141
    endloop
  endfacet
  facet normal 0 0 1
    outer loop
      vertex 230 61.20000000298023 141
      vertex 227.20000000000002 63.600000001490116 141
      vertex 184.64 63.2 141
    endloop
  endfacet
  facet normal 0 0 1
    outer loop
      vertex 230 61.20000000298023 141
      vertex 227.20000000000002 66.87765495593561 141
      vertex 227.20000000000002 63.600000001490116 141
    endloop
  endfacet
  facet normal 0 0 1
    outer loop
      vertex 230 61.20000000298023 141
      vertex 227.20000000000002 93.71296296118668 141
      vertex 227.20000000000002 66.87765495593561 141
    endloop
  endfacet
  facet normal 0 0 1
    outer loop
      vertex 230 61.20000000298023 141
      vertex 230 94.74999999850988 141
      vertex 227.20000000000002 93.71296296118668 141
    endloop
  endfacet
  facet normal 0 0 -1
    outer loop
      vertex 0 170.79999999701977 0
      vertex 230 170.79999999701977 0
      vertex 230 0 0
    endloop
  endfacet
  facet normal 1 0 0
    outer loop
      vertex 230 0 0
      vertex 230 170.79999999701977 0
      vertex 230 94.74999999850988 10
    endloop
  endfacet
  facet normal 1 0 0
    outer loop
      vertex 230 170.79999999701977 0
      vertex 230 102.45000000149011 10
      vertex 230 94.74999999850988 10
    endloop
  endfacet
  facet normal 1 0 0
    outer loop
      vertex 230 170.79999999701977 0
      vertex 230 170.79999999701977 141
      vertex 230 102.45000000149011 10
    endloop
  endfacet
  facet normal 0 1 0
    outer loop
      vertex 0 170.79999999701977 141
      vertex 230 170.79999999701977 141
      vertex 230 170.79999999701977 0
    endloop
  endfacet
  facet normal 0 0 1
    outer loop
      vertex 93.92 168 141
      vertex 136.08 168 141
      vertex 136.08 168.4 141
    endloop
  endfacet
  facet normal 0 0 1
    outer loop
      vertex 230 170.79999999701977 141
      vertex 90.72 168.4 141
      vertex 93.92 168.4 141
    endloop
  endfacet
  facet normal 0 0 1
    outer loop
      vertex 230 170.79999999701977 141
      vertex 93.92 168.4 141
      vertex 93.92 168 141
    endloop
  endfacet
  facet normal 0 0 1
    outer loop
      vertex 230 170.79999999701977 141
      vertex 93.92 168 141
      vertex 136.08 168.4 141
    endloop
  endfacet
  facet normal 0 0 1
    outer loop
      vertex 139.28 168 141
      vertex 181.44 168 141
      vertex 181.44 168.4 141
    endloop
  endfacet
  facet normal 0 0 1
    outer loop
      vertex 230 170.79999999701977 141
      vertex 136.08 168.4 141
      vertex 139.28 168.4 141
    endloop
  endfacet
  facet normal 0 0 1
    outer loop
      vertex 230 170.79999999701977 141
      vertex 139.28 168.4 141
      vertex 139.28 168 141
    endloop
  endfacet
  facet normal 1 0 0
    outer loop
      vertex 230 170.79999999701977 141
      vertex 230 102.45000000149011 141
      vertex 230 102.45000000149011 10
    endloop
  endfacet
  facet normal 0 0 1
    outer loop
      vertex 227.20000000000002 122.45949053649889 141
      vertex 227.20000000000002 103.48703703881331 141
      vertex 230 102.45000000149011 141
    endloop
  endfacet
  facet normal 0 0 1
    outer loop
      vertex 227.20000000000002 122.45949053649889 141
      vertex 230 102.45000000149011 141
      vertex 227.20000000000002 131.41480045135035 141
    endloop
  endfacet
  facet normal 0 0 1
    outer loop
      vertex 227.20000000000002 131.41480045135035 141
      vertex 230 102.45000000149011 141
      vertex 227.60000000000002 133.2 141
    endloop
  endfacet
  facet normal 0 0 1
    outer loop
      vertex 230 102.45000000149011 141
      vertex 227.60000000000002 136.39999999999998 141
      vertex 227.60000000000002 133.2 141
    endloop
  endfacet
  facet normal 0 0 1
    outer loop
      vertex 230 170.79999999701977 141
      vertex 139.28 168 141
      vertex 181.44 168.4 141
    endloop
  endfacet
  facet normal 0 0 1
    outer loop
      vertex 230 170.79999999701977 141
      vertex 181.44 168.4 141
      vertex 184.64 168.4 141
    endloop
  endfacet
  facet normal 0 0 1
    outer loop
      vertex 230 170.79999999701977 141
      vertex 184.64 168.4 141
      vertex 184.64 168 141
    endloop
  endfacet
  facet normal 0 0 1
    outer loop
      vertex 227.20000000000002 131.41480045135035 141
      vertex 227.60000000000002 133.2 141
      vertex 227.20000000000002 133.2 141
    endloop
  endfacet
  facet normal 0 0 1
    outer loop
      vertex 230 170.79999999701977 141
      vertex 227.60000000000002 136.39999999999998 141
      vertex 230 102.45000000149011 141
    endloop
  endfacet
  facet normal 0 0 1
    outer loop
      vertex 227.20000000000002 164.7223450455545 141
      vertex 227.20000000000002 136.39999999999998 141
      vertex 227.60000000000002 136.39999999999998 141
    endloop
  endfacet
  facet normal 0 0 1
    outer loop
      vertex 227.20000000000002 168 141
      vertex 230 170.79999999701977 141
      vertex 184.64 168 141
    endloop
  endfacet
  facet normal 0 0 1
    outer loop
      vertex 227.20000000000002 164.7223450455545 141
      vertex 227.60000000000002 136.39999999999998 141
      vertex 230 170.79999999701977 141
    endloop
  endfacet
  facet normal 0 0 1
    outer loop
      vertex 227.20000000000002 164.7223450455545 141
      vertex 230 170.79999999701977 141
      vertex 227.20000000000002 168 141
    endloop
  endfacet
  facet normal -1 0 0
    outer loop
      vertex 23.07999999821186 30.837526686489582 3.0384294390678406
      vertex 23.07999999821186 30.799999997019768 3.0347333828023473
      vertex 23.07999999821186 30.799999997019768 39.07639529556036
    endloop
  endfacet
  facet normal -1 0 0
    outer loop
      vertex 23.07999999821186 30.837526686489582 3.0384294390678406
      vertex 23.07999999821186 30.799999997019768 39.07639529556036
      vertex 23.07999999821186 31.131386324763298 3.1206147596240044
    endloop
  endfacet
  facet normal -1 0 0
    outer loop
      vertex 23.07999999821186 31.131386324763298 3.1206147596240044
      vertex 23.07999999821186 30.80693806707859 39.01171997189522
      vertex 23.07999999821186 45.99989762064054 8.532310296889461
    endloop
  endfacet
  facet normal -1 0 0
    outer loop
      vertex 23.07999999821186 31.131386324763298 3.1206147596240044
      vertex 23.07999999821186 30.799999997019768 39.07639529556036
      vertex 23.07999999821186 30.804101273417473 39.02278860658407
    endloop
  endfacet
  facet normal -1 0 0
    outer loop
      vertex 23.07999999821186 31.131386324763298 3.1206147596240044
      vertex 23.07999999821186 30.804101273417473 39.02278860658407
      vertex 23.07999999821186 30.80693806707859 39.01171997189522
    endloop
  endfacet
  facet normal -1 0 0
    outer loop
      vertex 23.07999999821186 30.89232823997736 39.033604726195335
      vertex 23.07999999821186 49.20000000298023 9.697052310243963
      vertex 23.07999999821186 45.99989762064054 8.532310296889461
    endloop
  endfacet
  facet normal -1 0 0
    outer loop
      vertex 23.07999999821186 30.80693806707859 39.01171997189522
      vertex 23.07999999821186 30.89232823997736 39.033604726195335
      vertex 23.07999999821186 45.99989762064054 8.532310296889461
    endloop
  endfacet
  facet normal 1 0 0
    outer loop
      vertex 25.479999996721745 30.837526686489582 3.0384294390678406
      vertex 25.479999996721745 30.799999997019768 39.07639529556036
      vertex 25.479999996721745 30.799999997019768 3.0347333828023473
    endloop
  endfacet
  facet normal 1 0 0
    outer loop
      vertex 25.479999996721745 30.837526686489582 3.0384294390678406
      vertex 25.479999996721745 31.131386324763298 3.1206147596240044
      vertex 25.479999996721745 30.804101273417473 39.02278860658407
    endloop
  endfacet
  facet normal 1 0 0
    outer loop
      vertex 25.479999996721745 30.837526686489582 3.0384294390678406
      vertex 25.479999996721745 30.804101273417473 39.02278860658407
      vertex 25.479999996721745 30.799999997019768 39.07639529556036
    endloop
  endfacet
  facet normal 1 0 0
    outer loop
      vertex 25.479999996721745 31.131386324763298 3.1206147596240044
      vertex 25.479999996721745 30.80693806707859 39.01171997189522
      vertex 25.479999996721745 30.804101273417473 39.02278860658407
    endloop
  endfacet
  facet normal 1 0 0
    outer loop
      vertex 25.479999996721745 31.131386324763298 3.1206147596240044
      vertex 25.479999996721745 30.89232823997736 39.033604726195335
      vertex 25.479999996721745 30.80693806707859 39.01171997189522
    endloop
  endfacet
  facet normal 1 0 0
    outer loop
      vertex 25.479999996721745 31.131386324763298 3.1206147596240044
      vertex 25.479999996721745 45.99994789405205 8.53232859491482
      vertex 25.479999996721745 49.20000000298023 45.69705230669459
    endloop
  endfacet
  facet normal 1 0 0
    outer loop
      vertex 25.479999996721745 31.131386324763298 3.1206147596240044
      vertex 25.479999996721745 49.20000000298023 45.69705230669459
      vertex 25.479999996721745 30.89232823997736 39.033604726195335
    endloop
  endfacet
  facet normal -0.995037190185522 0.0995037192656721 0
    outer loop
      vertex 23.07999999821186 49.20000000298023 9.697052310243963
      vertex 23.07999999821186 49.20000000298023 45.69705230669459
      vertex 24.246861368617427 60.86861367805661 13.944080361586371
    endloop
  endfacet
  facet normal -1 0 0
    outer loop
      vertex 23.07999999821186 30.89232823997736 39.033604726195335
      vertex 23.07999999821186 49.20000000298023 45.69705230669459
      vertex 23.07999999821186 49.20000000298023 9.697052310243963
    endloop
  endfacet
  facet normal -0.9950371901855212 0.09950371926567966 2.7980991880005145e-15
    outer loop
      vertex 24.246861368617427 60.86861367805661 13.944080361586371
      vertex 23.07999999821186 49.20000000298023 45.69705230669459
      vertex 24.280000001192093 61.20000000298023 14.103031907237138
    endloop
  endfacet
  facet normal 0.9950371902466894 0.09950371865399692 6.299182494888032e-17
    outer loop
      vertex 24.313138633561007 60.86861367805661 13.944080361586371
      vertex 24.280000001192093 61.20000000298023 14.103031907237138
      vertex 24.287178810659128 61.12821190804243 50.03856638818979
    endloop
  endfacet
  facet normal 1 0 0
    outer loop
      vertex 25.479999996721745 45.99994789405205 8.53232859491482
      vertex 25.479999996721745 49.20000000298023 9.697052310243963
      vertex 25.479999996721745 49.20000000298023 45.69705230669459
    endloop
  endfacet
  facet normal 0.9950371902466902 0.09950371865398853 0
    outer loop
      vertex 24.313138633561007 60.86861367805661 13.944080361586371
      vertex 25.479999996721745 49.20000000298023 45.69705230669459
      vertex 25.479999996721745 49.20000000298023 9.697052310243963
    endloop
  endfacet
  facet normal -0.9950371901855217 0.09950371926567243 3.476707834089275e-17
    outer loop
      vertex 24.280000001192093 61.20000000298023 14.103031907237138
      vertex 23.07999999821186 49.20000000298023 45.69705230669459
      vertex 24.272821191680485 61.12821190804243 50.03856638818979
    endloop
  endfacet
  facet normal -0.9950371901855284 0.09950371926560682 0
    outer loop
      vertex 24.280000001192093 61.20000000298023 14.103031907237138
      vertex 24.277718296641407 61.17718295753002 50.060754880309105
      vertex 24.280000001192093 61.20000000298023 50.076363418819966
    endloop
  endfacet
  facet normal -0.9950371901855213 0.09950371926567772 4.543083309858382e-17
    outer loop
      vertex 24.280000001192093 61.20000000298023 14.103031907237138
      vertex 24.272821191680485 61.12821190804243 50.03856638818979
      vertex 24.277718296641407 61.17718295753002 50.060754880309105
    endloop
  endfacet
  facet normal 0.9950371902466879 0.09950371865401034 0
    outer loop
      vertex 24.280000001192093 61.20000000298023 14.103031907237138
      vertex 24.280000001192093 61.20000000298023 50.076363418819966
      vertex 24.282281705728614 61.17718295753002 50.060754880309105
    endloop
  endfacet
  facet normal 0.9950371902466945 0.09950371865394493 -4.189375105000573e-17
    outer loop
      vertex 24.280000001192093 61.20000000298023 14.103031907237138
      vertex 24.282281705728614 61.17718295753002 50.060754880309105
      vertex 24.287178810659128 61.12821190804243 50.03856638818979
    endloop
  endfacet
  facet normal 0.9950371902466901 0.09950371865398887 1.2142656094380045e-16
    outer loop
      vertex 24.313138633561007 60.86861367805661 13.944080361586371
      vertex 24.287178810659128 61.12821190804243 50.03856638818979
      vertex 25.479999996721745 49.20000000298023 45.69705230669459
    endloop
  endfacet
  facet normal 0 -1 0
    outer loop
      vertex 23.07999999821186 30.799999997019768 3.0347333828023473
      vertex 25.479999996721745 30.799999997019768 39.07639529556036
      vertex 23.07999999821186 30.799999997019768 39.07639529556036
    endloop
  endfacet
  facet normal 0 -1 0
    outer loop
      vertex 23.07999999821186 30.799999997019768 3.0347333828023473
      vertex 25.479999996721745 30.799999997019768 3.0347333828023473
      vertex 25.479999996721745 30.799999997019768 39.07639529556036
    endloop
  endfacet
  facet normal -2.147648111210037e-15 0.34202014321637375 -0.9396926208256885
    outer loop
      vertex 23.07999999821186 45.99989762064054 8.532310296889461
      vertex 23.07999999821186 49.20000000298023 9.697052310243963
      vertex 24.28013088067864 45.99990940343351 8.532314585475376
    endloop
  endfacet
  facet normal 0 0.3420201432163745 -0.9396926208256883
    outer loop
      vertex 24.28013088067864 45.99990940343351 8.532314585475376
      vertex 23.07999999821186 49.20000000298023 9.697052310243963
      vertex 25.479999996721745 49.20000000298023 9.697052310243963
    endloop
  endfacet
  facet normal 0 0.34202014321637403 -0.9396926208256884
    outer loop
      vertex 23.07999999821186 49.20000000298023 9.697052310243963
      vertex 24.246861368617427 60.86861367805661 13.944080361586371
      vertex 25.479999996721745 49.20000000298023 9.697052310243963
    endloop
  endfacet
  facet normal 2.5351263679913145e-15 0.34202014321637364 -0.9396926208256886
    outer loop
      vertex 24.28013088067864 45.99990940343351 8.532314585475376
      vertex 25.479999996721745 49.20000000298023 9.697052310243963
      vertex 25.06259884774792 45.99992452449077 8.53232008909013
    endloop
  endfacet
  facet normal 1.22622257163932e-15 0.3420201432163738 -0.9396926208256884
    outer loop
      vertex 25.06259884774792 45.99992452449077 8.53232008909013
      vertex 25.479999996721745 49.20000000298023 9.697052310243963
      vertex 25.479999996721745 45.99994789405205 8.53232859491482
    endloop
  endfacet
  facet normal 0 0.34202014321637403 -0.9396926208256884
    outer loop
      vertex 24.246861368617427 60.86861367805661 13.944080361586371
      vertex 24.313138633561007 60.86861367805661 13.944080361586371
      vertex 25.479999996721745 49.20000000298023 9.697052310243963
    endloop
  endfacet
  facet normal -1 0 0
    outer loop
      vertex 68.43999999761581 30.837526686489582 3.0384294390678406
      vertex 68.43999999761581 30.799999997019768 3.0347333828023473
      vertex 68.43999999761581 30.799999997019768 39.07639529556036
    endloop
  endfacet
  facet normal -1 0 0
    outer loop
      vertex 68.43999999761581 30.837526686489582 3.0384294390678406
      vertex 68.43999999761581 30.799999997019768 39.07639529556036
      vertex 68.43999999761581 31.131386324763298 3.1206147596240044
    endloop
  endfacet
  facet normal 1 0 0
    outer loop
      vertex 70.84000000357628 30.837526686489582 3.0384294390678406
      vertex 70.84000000357628 30.799999997019768 39.07639529556036
      vertex 70.84000000357628 30.799999997019768 3.0347333828023473
    endloop
  endfacet
  facet normal 1 0 0
    outer loop
      vertex 70.84000000357628 30.837526686489582 3.0384294390678406
      vertex 70.84000000357628 31.131386324763298 3.1206147596240044
      vertex 70.84000000357628 30.804101273417473 39.02278860658407
    endloop
  endfacet
  facet normal -1 0 0
    outer loop
      vertex 68.43999999761581 31.131386324763298 3.1206147596240044
      vertex 68.43999999761581 30.80693806707859 39.01171997189522
      vertex 68.43999999761581 45.99997429920494 8.5323382056045
    endloop
  endfacet
  facet normal -1 0 0
    outer loop
      vertex 68.43999999761581 31.131386324763298 3.1206147596240044
      vertex 68.43999999761581 30.799999997019768 39.07639529556036
      vertex 68.43999999761581 30.804101273417473 39.02278860658407
    endloop
  endfacet
  facet normal -1 0 0
    outer loop
      vertex 68.43999999761581 31.131386324763298 3.1206147596240044
      vertex 68.43999999761581 30.804101273417473 39.02278860658407
      vertex 68.43999999761581 30.80693806707859 39.01171997189522
    endloop
  endfacet
  facet normal 1 0 0
    outer loop
      vertex 70.84000000357628 30.837526686489582 3.0384294390678406
      vertex 70.84000000357628 30.804101273417473 39.02278860658407
      vertex 70.84000000357628 30.799999997019768 39.07639529556036
    endloop
  endfacet
  facet normal 1 0 0
    outer loop
      vertex 70.84000000357628 31.131386324763298 3.1206147596240044
      vertex 70.84000000357628 30.80693806707859 39.01171997189522
      vertex 70.84000000357628 30.804101273417473 39.02278860658407
    endloop
  endfacet
  facet normal 1 0 0
    outer loop
      vertex 70.84000000357628 31.131386324763298 3.1206147596240044
      vertex 70.84000000357628 30.89232823997736 39.033604726195335
      vertex 70.84000000357628 30.80693806707859 39.01171997189522
    endloop
  endfacet
  facet normal -1 0 0
    outer loop
      vertex 68.43999999761581 30.89232823997736 39.033604726195335
      vertex 68.43999999761581 49.20000000298023 9.697052310243963
      vertex 68.43999999761581 45.99997429920494 8.5323382056045
    endloop
  endfacet
  facet normal 1 0 0
    outer loop
      vertex 70.84000000357628 31.131386324763298 3.1206147596240044
      vertex 70.84000000357628 46.00001216772027 8.53235198861689
      vertex 70.84000000357628 49.20000000298023 45.697052306694594
    endloop
  endfacet
  facet normal -1 0 0
    outer loop
      vertex 68.43999999761581 30.80693806707859 39.01171997189522
      vertex 68.43999999761581 30.89232823997736 39.033604726195335
      vertex 68.43999999761581 45.99997429920494 8.5323382056045
    endloop
  endfacet
  facet normal 1 0 0
    outer loop
      vertex 70.84000000357628 31.131386324763298 3.1206147596240044
      vertex 70.84000000357628 49.20000000298023 45.697052306694594
      vertex 70.84000000357628 30.89232823997736 39.033604726195335
    endloop
  endfacet
  facet normal 1 0 0
    outer loop
      vertex 70.84000000357628 46.00001216772027 8.53235198861689
      vertex 70.84000000357628 49.20000000298023 9.697052310243963
      vertex 70.84000000357628 49.20000000298023 45.697052306694594
    endloop
  endfacet
  facet normal -0.995037190185522 0.0995037192656724 0
    outer loop
      vertex 68.43999999761581 49.20000000298023 9.697052310243963
      vertex 68.43999999761581 49.20000000298023 45.69705230669459
      vertex 69.60686136802138 60.86861367805661 13.944080361586371
    endloop
  endfacet
  facet normal 0.9950371901855217 0.09950371926567239 0
    outer loop
      vertex 70.84000000357628 49.20000000298023 9.697052310243963
      vertex 69.67313863317071 60.86861367805661 13.944080361586371
      vertex 70.84000000357628 49.20000000298023 45.697052306694594
    endloop
  endfacet
  facet normal -1 0 0
    outer loop
      vertex 68.43999999761581 30.89232823997736 39.033604726195335
      vertex 68.43999999761581 49.20000000298023 45.69705230669459
      vertex 68.43999999761581 49.20000000298023 9.697052310243963
    endloop
  endfacet
  facet normal -0.9950371901855218 0.0995037192656707 -6.247749383095252e-16
    outer loop
      vertex 69.60686136802138 60.86861367805661 13.944080361586371
      vertex 68.43999999761581 49.20000000298023 45.69705230669459
      vertex 69.64000000059605 61.20000000298023 14.103031907237138
    endloop
  endfacet
  facet normal 0.9950371901855221 0.09950371926567048 -1.659508767516764e-16
    outer loop
      vertex 69.67313863317071 60.86861367805661 13.944080361586371
      vertex 69.64000000059605 61.20000000298023 14.103031907237138
      vertex 69.64717881010766 61.12821190804243 50.03856638818979
    endloop
  endfacet
  facet normal -0.9950371901855217 0.0995037192656719 -1.6301896733174156e-16
    outer loop
      vertex 69.64000000059605 61.20000000298023 14.103031907237138
      vertex 68.43999999761581 49.20000000298023 45.69705230669459
      vertex 69.63282119108443 61.12821190804243 50.03856638818979
    endloop
  endfacet
  facet normal 0.9950371901855218 0.09950371926567193 -1.763514989869879e-16
    outer loop
      vertex 69.67313863317071 60.86861367805661 13.944080361586371
      vertex 69.64717881010766 61.12821190804243 50.03856638818979
      vertex 70.84000000357628 49.20000000298023 45.697052306694594
    endloop
  endfacet
  facet normal -0.9950371901855437 0.09950371926545343 0
    outer loop
      vertex 69.64000000059605 61.20000000298023 14.103031907237138
      vertex 69.63771829604536 61.17718295753002 50.060754880309105
      vertex 69.64000000059605 61.20000000298023 50.07636341881996
    endloop
  endfacet
  facet normal -0.9950371901854999 0.09950371926589203 2.81098494783884e-16
    outer loop
      vertex 69.64000000059605 61.20000000298023 14.103031907237138
      vertex 69.63282119108443 61.12821190804243 50.03856638818979
      vertex 69.63771829604536 61.17718295753002 50.060754880309105
    endloop
  endfacet
  facet normal 0.9950371901855437 0.09950371926545343 0
    outer loop
      vertex 69.64000000059605 61.20000000298023 14.103031907237138
      vertex 69.64000000059605 61.20000000298023 50.07636341881996
      vertex 69.64228170514673 61.17718295753002 50.060754880309105
    endloop
  endfacet
  facet normal 0.9950371901854999 0.09950371926589203 2.81098494783884e-16
    outer loop
      vertex 69.64000000059605 61.20000000298023 14.103031907237138
      vertex 69.64228170514673 61.17718295753002 50.060754880309105
      vertex 69.64717881010766 61.12821190804243 50.03856638818979
    endloop
  endfacet
  facet normal 0 -1 0
    outer loop
      vertex 68.43999999761581 30.799999997019768 3.0347333828023473
      vertex 70.84000000357628 30.799999997019768 3.0347333828023473
      vertex 70.84000000357628 30.799999997019768 39.07639529556036
    endloop
  endfacet
  facet normal 0 -1 0
    outer loop
      vertex 68.43999999761581 30.799999997019768 3.0347333828023473
      vertex 70.84000000357628 30.799999997019768 39.07639529556036
      vertex 68.43999999761581 30.799999997019768 39.07639529556036
    endloop
  endfacet
  facet normal -1.9219591206527137e-16 0.34202014321637403 -0.9396926208256885
    outer loop
      vertex 68.43999999761581 45.99997429920494 8.5323382056045
      vertex 68.43999999761581 49.20000000298023 9.697052310243963
      vertex 69.64001392310907 45.999990362321704 8.532344052100868
    endloop
  endfacet
  facet normal 1.4427157641209708e-15 0.34202014321637353 -0.9396926208256885
    outer loop
      vertex 69.64001392310907 45.999990362321704 8.532344052100868
      vertex 70.84000000357628 49.20000000298023 9.697052310243963
      vertex 70.42260799402794 45.999994603353635 8.532345595710254
    endloop
  endfacet
  facet normal -2.509363861719671e-15 0.3420201432163741 -0.9396926208256884
    outer loop
      vertex 70.42260799402794 45.999994603353635 8.532345595710254
      vertex 70.84000000357628 49.20000000298023 9.697052310243963
      vertex 70.84000000357628 46.00001216772027 8.53235198861689
    endloop
  endfacet
  facet normal 0 0.3420201432163741 -0.9396926208256884
    outer loop
      vertex 69.64001392310907 45.999990362321704 8.532344052100868
      vertex 68.43999999761581 49.20000000298023 9.697052310243963
      vertex 70.84000000357628 49.20000000298023 9.697052310243963
    endloop
  endfacet
  facet normal 0 0.34202014321637403 -0.9396926208256884
    outer loop
      vertex 68.43999999761581 49.20000000298023 9.697052310243963
      vertex 69.67313863317071 60.86861367805661 13.944080361586371
      vertex 70.84000000357628 49.20000000298023 9.697052310243963
    endloop
  endfacet
  facet normal 0 0.3420201432163751 -0.939692620825688
    outer loop
      vertex 68.43999999761581 49.20000000298023 9.697052310243963
      vertex 69.60686136802138 60.86861367805661 13.944080361586371
      vertex 69.67313863317071 60.86861367805661 13.944080361586371
    endloop
  endfacet
  facet normal -1 0 0
    outer loop
      vertex 113.79999999701977 30.837526686489582 3.0384294390678406
      vertex 113.79999999701977 30.799999997019768 3.0347333828023473
      vertex 113.79999999701977 30.799999997019768 39.07639529556036
    endloop
  endfacet
  facet normal -1 0 0
    outer loop
      vertex 113.79999999701977 30.837526686489582 3.0384294390678406
      vertex 113.79999999701977 30.799999997019768 39.07639529556036
      vertex 113.79999999701977 31.131386324763298 3.1206147596240044
    endloop
  endfacet
  facet normal 1 0 0
    outer loop
      vertex 116.20000000298023 30.837526686489582 3.0384294390678406
      vertex 116.20000000298023 30.799999997019768 39.07639529556036
      vertex 116.20000000298023 30.799999997019768 3.0347333828023473
    endloop
  endfacet
  facet normal 1 0 0
    outer loop
      vertex 116.20000000298023 30.837526686489582 3.0384294390678406
      vertex 116.20000000298023 31.131386324763298 3.1206147596240044
      vertex 116.20000000298023 30.804101273417473 39.02278860658407
    endloop
  endfacet
  facet normal -1 0 0
    outer loop
      vertex 113.79999999701977 31.131386324763298 3.1206147596240044
      vertex 113.79999999701977 30.80693806707859 39.01171997189522
      vertex 113.79999999701977 45.999974299595706 8.532338205746726
    endloop
  endfacet
  facet normal -1 0 0
    outer loop
      vertex 113.79999999701977 31.131386324763298 3.1206147596240044
      vertex 113.79999999701977 30.799999997019768 39.07639529556036
      vertex 113.79999999701977 30.804101273417473 39.02278860658407
    endloop
  endfacet
  facet normal -1 0 0
    outer loop
      vertex 113.79999999701977 31.131386324763298 3.1206147596240044
      vertex 113.79999999701977 30.804101273417473 39.02278860658407
      vertex 113.79999999701977 30.80693806707859 39.01171997189522
    endloop
  endfacet
  facet normal 1 0 0
    outer loop
      vertex 116.20000000298023 30.837526686489582 3.0384294390678406
      vertex 116.20000000298023 30.804101273417473 39.02278860658407
      vertex 116.20000000298023 30.799999997019768 39.07639529556036
    endloop
  endfacet
  facet normal 1 0 0
    outer loop
      vertex 116.20000000298023 31.131386324763298 3.1206147596240044
      vertex 116.20000000298023 30.80693806707859 39.01171997189522
      vertex 116.20000000298023 30.804101273417473 39.02278860658407
    endloop
  endfacet
  facet normal 1 0 0
    outer loop
      vertex 116.20000000298023 31.131386324763298 3.1206147596240044
      vertex 116.20000000298023 30.89232823997736 39.033604726195335
      vertex 116.20000000298023 30.80693806707859 39.01171997189522
    endloop
  endfacet
  facet normal -1 0 0
    outer loop
      vertex 113.79999999701977 30.89232823997736 39.033604726195335
      vertex 113.79999999701977 49.20000000298023 9.697052310243963
      vertex 113.79999999701977 45.999974299595706 8.532338205746726
    endloop
  endfacet
  facet normal 1 0 0
    outer loop
      vertex 116.20000000298023 31.131386324763298 3.1206147596240044
      vertex 116.20000000298023 45.9999312069388 8.532322521302302
      vertex 116.20000000298023 49.20000000298023 45.69705230669459
    endloop
  endfacet
  facet normal -1 0 0
    outer loop
      vertex 113.79999999701977 30.80693806707859 39.01171997189522
      vertex 113.79999999701977 30.89232823997736 39.033604726195335
      vertex 113.79999999701977 45.999974299595706 8.532338205746726
    endloop
  endfacet
  facet normal 1 0 0
    outer loop
      vertex 116.20000000298023 31.131386324763298 3.1206147596240044
      vertex 116.20000000298023 49.20000000298023 45.69705230669459
      vertex 116.20000000298023 30.89232823997736 39.033604726195335
    endloop
  endfacet
  facet normal 1 0 0
    outer loop
      vertex 116.20000000298023 45.9999312069388 8.532322521302302
      vertex 116.20000000298023 49.20000000298023 9.697052310243965
      vertex 116.20000000298023 49.20000000298023 45.69705230669459
    endloop
  endfacet
  facet normal -0.9950371901855217 0.09950371926567239 0
    outer loop
      vertex 113.79999999701977 49.20000000298023 9.697052310243963
      vertex 113.79999999701977 49.20000000298023 45.697052306694594
      vertex 114.96686136742534 60.86861367805661 13.944080361586371
    endloop
  endfacet
  facet normal 0.995037190185522 0.0995037192656724 0
    outer loop
      vertex 116.20000000298023 49.20000000298023 9.697052310243965
      vertex 115.03313863257466 60.86861367805661 13.944080361586371
      vertex 116.20000000298023 49.20000000298023 45.69705230669459
    endloop
  endfacet
  facet normal -1 0 0
    outer loop
      vertex 113.79999999701977 30.89232823997736 39.033604726195335
      vertex 113.79999999701977 49.20000000298023 45.697052306694594
      vertex 113.79999999701977 49.20000000298023 9.697052310243963
    endloop
  endfacet
  facet normal -0.9950371901855218 0.0995037192656707 -6.247749383095251e-16
    outer loop
      vertex 114.96686136742534 60.86861367805661 13.944080361586371
      vertex 113.79999999701977 49.20000000298023 45.697052306694594
      vertex 115 61.20000000298023 14.103031907237138
    endloop
  endfacet
  facet normal 0.9950371901855221 0.09950371926567048 -1.659508767516764e-16
    outer loop
      vertex 115.03313863257466 60.86861367805661 13.944080361586371
      vertex 115 61.20000000298023 14.103031907237138
      vertex 115.00717880951161 61.12821190804243 50.03856638818979
    endloop
  endfacet
  facet normal -0.9950371901855217 0.0995037192656719 -1.6301896733174156e-16
    outer loop
      vertex 115 61.20000000298023 14.103031907237138
      vertex 113.79999999701977 49.20000000298023 45.697052306694594
      vertex 114.99282119048839 61.12821190804243 50.03856638818979
    endloop
  endfacet
  facet normal 0.9950371901855218 0.09950371926567193 -1.763514989869879e-16
    outer loop
      vertex 115.03313863257466 60.86861367805661 13.944080361586371
      vertex 115.00717880951161 61.12821190804243 50.03856638818979
      vertex 116.20000000298023 49.20000000298023 45.69705230669459
    endloop
  endfacet
  facet normal -0.9950371901855437 0.09950371926545343 0
    outer loop
      vertex 115 61.20000000298023 14.103031907237138
      vertex 114.99771829544932 61.17718295753002 50.060754880309105
      vertex 115 61.20000000298023 50.076363418819966
    endloop
  endfacet
  facet normal -0.9950371901854999 0.09950371926589203 2.81098494783884e-16
    outer loop
      vertex 115 61.20000000298023 14.103031907237138
      vertex 114.99282119048839 61.12821190804243 50.03856638818979
      vertex 114.99771829544932 61.17718295753002 50.060754880309105
    endloop
  endfacet
  facet normal 0.9950371901855437 0.09950371926545343 0
    outer loop
      vertex 115 61.20000000298023 14.103031907237138
      vertex 115 61.20000000298023 50.076363418819966
      vertex 115.00228170455068 61.17718295753002 50.060754880309105
    endloop
  endfacet
  facet normal 0.9950371901854999 0.09950371926589203 2.81098494783884e-16
    outer loop
      vertex 115 61.20000000298023 14.103031907237138
      vertex 115.00228170455068 61.17718295753002 50.060754880309105
      vertex 115.00717880951161 61.12821190804243 50.03856638818979
    endloop
  endfacet
  facet normal 0 -1 0
    outer loop
      vertex 113.79999999701977 30.799999997019768 3.0347333828023473
      vertex 116.20000000298023 30.799999997019768 3.0347333828023473
      vertex 116.20000000298023 30.799999997019768 39.07639529556036
    endloop
  endfacet
  facet normal 0 -1 0
    outer loop
      vertex 113.79999999701977 30.799999997019768 3.0347333828023473
      vertex 116.20000000298023 30.799999997019768 39.07639529556036
      vertex 113.79999999701977 30.799999997019768 39.07639529556036
    endloop
  endfacet
  facet normal 2.4342849970992355e-15 0.34202014321637414 -0.9396926208256884
    outer loop
      vertex 113.79999999701977 45.999974299595706 8.532338205746726
      vertex 113.79999999701977 49.20000000298023 9.697052310243963
      vertex 115.0000871119758 45.9999397004509 8.532325612687893
    endloop
  endfacet
  facet normal -4.796851069976354e-17 0.3420201432163738 -0.9396926208256885
    outer loop
      vertex 115.0000871119758 45.9999397004509 8.532325612687893
      vertex 116.20000000298023 49.20000000298023 9.697052310243965
      vertex 115.78259743327197 45.99991364212777 8.532316128233923
    endloop
  endfacet
  facet normal -5.33080520264054e-15 0.34202014321637436 -0.9396926208256883
    outer loop
      vertex 115.78259743327197 45.99991364212777 8.532316128233923
      vertex 116.20000000298023 49.20000000298023 9.697052310243965
      vertex 116.20000000298023 45.9999312069388 8.532322521302302
    endloop
  endfacet
  facet normal 7.063663219013333e-16 0.34202014321637353 -0.9396926208256885
    outer loop
      vertex 115.0000871119758 45.9999397004509 8.532325612687893
      vertex 113.79999999701977 49.20000000298023 9.697052310243963
      vertex 116.20000000298023 49.20000000298023 9.697052310243965
    endloop
  endfacet
  facet normal 6.955122540800341e-16 0.3420201432163739 -0.9396926208256884
    outer loop
      vertex 113.79999999701977 49.20000000298023 9.697052310243963
      vertex 114.96686136742534 60.86861367805661 13.944080361586371
      vertex 116.20000000298023 49.20000000298023 9.697052310243965
    endloop
  endfacet
  facet normal 0 0.3420201432163741 -0.9396926208256883
    outer loop
      vertex 116.20000000298023 49.20000000298023 9.697052310243965
      vertex 114.96686136742534 60.86861367805661 13.944080361586371
      vertex 115.03313863257466 60.86861367805661 13.944080361586371
    endloop
  endfacet
  facet normal -1 0 0
    outer loop
      vertex 159.15999999642372 30.837526686489582 3.0384294390678406
      vertex 159.15999999642372 30.799999997019768 3.0347333828023473
      vertex 159.15999999642372 30.799999997019768 39.07639529556036
    endloop
  endfacet
  facet normal -1 0 0
    outer loop
      vertex 159.15999999642372 30.837526686489582 3.0384294390678406
      vertex 159.15999999642372 30.799999997019768 39.07639529556036
      vertex 159.15999999642372 31.131386324763298 3.1206147596240044
    endloop
  endfacet
  facet normal 1 0 0
    outer loop
      vertex 161.5600000023842 30.837526686489582 3.0384294390678406
      vertex 161.5600000023842 30.799999997019768 39.07639529556036
      vertex 161.5600000023842 30.799999997019768 3.0347333828023473
    endloop
  endfacet
  facet normal 1 0 0
    outer loop
      vertex 161.5600000023842 30.837526686489582 3.0384294390678406
      vertex 161.5600000023842 31.131386324763298 3.1206147596240044
      vertex 161.5600000023842 30.804101273417473 39.02278860658407
    endloop
  endfacet
  facet normal -1 0 0
    outer loop
      vertex 159.15999999642372 31.131386324763298 3.1206147596240044
      vertex 159.15999999642372 30.80693806707859 39.01171997189522
      vertex 159.15999999642372 45.99997429998648 8.532338205888953
    endloop
  endfacet
  facet normal -1 0 0
    outer loop
      vertex 159.15999999642372 31.131386324763298 3.1206147596240044
      vertex 159.15999999642372 30.799999997019768 39.07639529556036
      vertex 159.15999999642372 30.804101273417473 39.02278860658407
    endloop
  endfacet
  facet normal -1 0 0
    outer loop
      vertex 159.15999999642372 31.131386324763298 3.1206147596240044
      vertex 159.15999999642372 30.804101273417473 39.02278860658407
      vertex 159.15999999642372 30.80693806707859 39.01171997189522
    endloop
  endfacet
  facet normal 1 0 0
    outer loop
      vertex 161.5600000023842 30.837526686489582 3.0384294390678406
      vertex 161.5600000023842 30.804101273417473 39.02278860658407
      vertex 161.5600000023842 30.799999997019768 39.07639529556036
    endloop
  endfacet
  facet normal 1 0 0
    outer loop
      vertex 161.5600000023842 31.131386324763298 3.1206147596240044
      vertex 161.5600000023842 30.80693806707859 39.01171997189522
      vertex 161.5600000023842 30.804101273417473 39.02278860658407
    endloop
  endfacet
  facet normal 1 0 0
    outer loop
      vertex 161.5600000023842 31.131386324763298 3.1206147596240044
      vertex 161.5600000023842 30.89232823997736 39.033604726195335
      vertex 161.5600000023842 30.80693806707859 39.01171997189522
    endloop
  endfacet
  facet normal -1 0 0
    outer loop
      vertex 159.15999999642372 30.89232823997736 39.033604726195335
      vertex 159.15999999642372 49.20000000298023 9.697052310243963
      vertex 159.15999999642372 45.99997429998648 8.532338205888953
    endloop
  endfacet
  facet normal 1 0 0
    outer loop
      vertex 161.5600000023842 31.131386324763298 3.1206147596240044
      vertex 161.5600000023842 45.9999478909402 8.532328593782196
      vertex 161.5600000023842 49.20000000298023 45.69705230669459
    endloop
  endfacet
  facet normal -1 0 0
    outer loop
      vertex 159.15999999642372 30.80693806707859 39.01171997189522
      vertex 159.15999999642372 30.89232823997736 39.033604726195335
      vertex 159.15999999642372 45.99997429998648 8.532338205888953
    endloop
  endfacet
  facet normal 1 0 0
    outer loop
      vertex 161.5600000023842 31.131386324763298 3.1206147596240044
      vertex 161.5600000023842 49.20000000298023 45.69705230669459
      vertex 161.5600000023842 30.89232823997736 39.033604726195335
    endloop
  endfacet
  facet normal 1 0 0
    outer loop
      vertex 161.5600000023842 45.9999478909402 8.532328593782196
      vertex 161.5600000023842 49.20000000298023 9.697052310243963
      vertex 161.5600000023842 49.20000000298023 45.69705230669459
    endloop
  endfacet
  facet normal -0.995037190185522 0.0995037192656724 0
    outer loop
      vertex 159.15999999642372 49.20000000298023 9.697052310243963
      vertex 159.15999999642372 49.20000000298023 45.69705230669459
      vertex 160.3268613668293 60.86861367805661 13.944080361586371
    endloop
  endfacet
  facet normal 0.995037190185522 0.0995037192656724 0
    outer loop
      vertex 161.5600000023842 49.20000000298023 9.697052310243963
      vertex 160.39313863197862 60.86861367805661 13.944080361586371
      vertex 161.5600000023842 49.20000000298023 45.69705230669459
    endloop
  endfacet
  facet normal -1 0 0
    outer loop
      vertex 159.15999999642372 30.89232823997736 39.033604726195335
      vertex 159.15999999642372 49.20000000298023 45.69705230669459
      vertex 159.15999999642372 49.20000000298023 9.697052310243963
    endloop
  endfacet
  facet normal -0.9950371901855218 0.0995037192656707 -6.247749383095252e-16
    outer loop
      vertex 160.3268613668293 60.86861367805661 13.944080361586371
      vertex 159.15999999642372 49.20000000298023 45.69705230669459
      vertex 160.35999999940395 61.20000000298023 14.103031907237138
    endloop
  endfacet
  facet normal 0.9950371901855221 0.09950371926567027 2.272049961809601e-16
    outer loop
      vertex 160.39313863197862 60.86861367805661 13.944080361586371
      vertex 160.35999999940395 61.20000000298023 14.103031907237138
      vertex 160.36717880891555 61.12821190804243 50.03856638818979
    endloop
  endfacet
  facet normal -0.9950371901855217 0.09950371926567296 2.3255312401352705e-16
    outer loop
      vertex 160.35999999940395 61.20000000298023 14.103031907237138
      vertex 159.15999999642372 49.20000000298023 45.69705230669459
      vertex 160.35282118989235 61.12821190804243 50.03856638818979
    endloop
  endfacet
  facet normal 0.9950371901855217 0.09950371926567297 2.0786580770457506e-16
    outer loop
      vertex 160.39313863197862 60.86861367805661 13.944080361586371
      vertex 160.36717880891555 61.12821190804243 50.03856638818979
      vertex 161.5600000023842 49.20000000298023 45.69705230669459
    endloop
  endfacet
  facet normal -0.9950371901855437 0.09950371926545343 0
    outer loop
      vertex 160.35999999940395 61.20000000298023 14.103031907237138
      vertex 160.35771829485327 61.17718295753002 50.060754880309105
      vertex 160.35999999940395 61.20000000298023 50.076363418819966
    endloop
  endfacet
  facet normal -0.9950371901855284 0.09950371926560622 9.793583029947563e-17
    outer loop
      vertex 160.35999999940395 61.20000000298023 14.103031907237138
      vertex 160.35282118989235 61.12821190804243 50.03856638818979
      vertex 160.35771829485327 61.17718295753002 50.060754880309105
    endloop
  endfacet
  facet normal 0.9950371901855437 0.09950371926545343 0
    outer loop
      vertex 160.35999999940395 61.20000000298023 14.103031907237138
      vertex 160.35999999940395 61.20000000298023 50.076363418819966
      vertex 160.36228170395464 61.17718295753002 50.060754880309105
    endloop
  endfacet
  facet normal 0.9950371901855284 0.09950371926560622 9.793583029947563e-17
    outer loop
      vertex 160.35999999940395 61.20000000298023 14.103031907237138
      vertex 160.36228170395464 61.17718295753002 50.060754880309105
      vertex 160.36717880891555 61.12821190804243 50.03856638818979
    endloop
  endfacet
  facet normal 0 -1 0
    outer loop
      vertex 159.15999999642372 30.799999997019768 3.0347333828023473
      vertex 161.5600000023842 30.799999997019768 3.0347333828023473
      vertex 161.5600000023842 30.799999997019768 39.07639529556036
    endloop
  endfacet
  facet normal 0 -1 0
    outer loop
      vertex 159.15999999642372 30.799999997019768 3.0347333828023473
      vertex 161.5600000023842 30.799999997019768 39.07639529556036
      vertex 159.15999999642372 30.799999997019768 39.07639529556036
    endloop
  endfacet
  facet normal 1.3422489981159097e-15 0.3420201432163744 -0.9396926208256884
    outer loop
      vertex 159.15999999642372 45.99997429998648 8.532338205888953
      vertex 159.15999999642372 49.20000000298023 9.697052310243963
      vertex 160.36001392197875 45.99999036310414 8.532344052385652
    endloop
  endfacet
  facet normal -2.5950016547990115e-15 0.3420201432163748 -0.9396926208256882
    outer loop
      vertex 160.36001392197875 45.99999036310414 8.532344052385652
      vertex 161.5600000023842 49.20000000298023 9.697052310243963
      vertex 161.1426079929213 45.999994604008776 8.532345595948703
    endloop
  endfacet
  facet normal 1.556551275665951e-15 0.34202014321637436 -0.9396926208256883
    outer loop
      vertex 161.1426079929213 45.999994604008776 8.532345595948703
      vertex 161.5600000023842 49.20000000298023 9.697052310243963
      vertex 161.5600000023842 45.9999478909402 8.532328593782196
    endloop
  endfacet
  facet normal 0 0.342020143216374 -0.9396926208256885
    outer loop
      vertex 160.36001392197875 45.99999036310414 8.532344052385652
      vertex 159.15999999642372 49.20000000298023 9.697052310243963
      vertex 161.5600000023842 49.20000000298023 9.697052310243963
    endloop
  endfacet
  facet normal 0 0.34202014321637403 -0.9396926208256884
    outer loop
      vertex 159.15999999642372 49.20000000298023 9.697052310243963
      vertex 160.39313863197862 60.86861367805661 13.944080361586371
      vertex 161.5600000023842 49.20000000298023 9.697052310243963
    endloop
  endfacet
  facet normal 0 0.3420201432163751 -0.939692620825688
    outer loop
      vertex 159.15999999642372 49.20000000298023 9.697052310243963
      vertex 160.3268613668293 60.86861367805661 13.944080361586371
      vertex 160.39313863197862 60.86861367805661 13.944080361586371
    endloop
  endfacet
  facet normal -1 0 0
    outer loop
      vertex 204.52000000327826 30.837526686489582 3.0384294390678406
      vertex 204.52000000327826 30.799999997019768 3.0347333828023473
      vertex 204.52000000327826 30.799999997019768 39.07639529556036
    endloop
  endfacet
  facet normal -1 0 0
    outer loop
      vertex 204.52000000327826 30.837526686489582 3.0384294390678406
      vertex 204.52000000327826 30.799999997019768 39.07639529556036
      vertex 204.52000000327826 31.131386324763298 3.1206147596240044
    endloop
  endfacet
  facet normal 1 0 0
    outer loop
      vertex 206.92000000178814 30.837526686489582 3.0384294390678406
      vertex 206.92000000178814 30.799999997019768 39.07639529556036
      vertex 206.92000000178814 30.799999997019768 3.0347333828023473
    endloop
  endfacet
  facet normal 1 0 0
    outer loop
      vertex 206.92000000178814 30.837526686489582 3.0384294390678406
      vertex 206.92000000178814 31.131386324763298 3.1206147596240044
      vertex 206.92000000178814 30.804101273417473 39.02278860658407
    endloop
  endfacet
  facet normal -1 0 0
    outer loop
      vertex 204.52000000327826 31.131386324763298 3.1206147596240044
      vertex 204.52000000327826 30.80693806707859 39.01171997189522
      vertex 204.52000000327826 46.00005097445727 8.532366113114039
    endloop
  endfacet
  facet normal -1 0 0
    outer loop
      vertex 204.52000000327826 31.131386324763298 3.1206147596240044
      vertex 204.52000000327826 30.799999997019768 39.07639529556036
      vertex 204.52000000327826 30.804101273417473 39.02278860658407
    endloop
  endfacet
  facet normal -1 0 0
    outer loop
      vertex 204.52000000327826 31.131386324763298 3.1206147596240044
      vertex 204.52000000327826 30.804101273417473 39.02278860658407
      vertex 204.52000000327826 30.80693806707859 39.01171997189522
    endloop
  endfacet
  facet normal 1 0 0
    outer loop
      vertex 206.92000000178814 30.837526686489582 3.0384294390678406
      vertex 206.92000000178814 30.804101273417473 39.02278860658407
      vertex 206.92000000178814 30.799999997019768 39.07639529556036
    endloop
  endfacet
  facet normal 1 0 0
    outer loop
      vertex 206.92000000178814 31.131386324763298 3.1206147596240044
      vertex 206.92000000178814 30.80693806707859 39.01171997189522
      vertex 206.92000000178814 30.804101273417473 39.02278860658407
    endloop
  endfacet
  facet normal 1 0 0
    outer loop
      vertex 206.92000000178814 31.131386324763298 3.1206147596240044
      vertex 206.92000000178814 30.89232823997736 39.033604726195335
      vertex 206.92000000178814 30.80693806707859 39.01171997189522
    endloop
  endfacet
  facet normal -1 0 0
    outer loop
      vertex 204.52000000327826 30.89232823997736 39.033604726195335
      vertex 204.52000000327826 49.20000000298023 9.697052310243961
      vertex 204.52000000327826 46.00005097445727 8.532366113114039
    endloop
  endfacet
  facet normal 1 0 0
    outer loop
      vertex 206.92000000178814 31.131386324763298 3.1206147596240044
      vertex 206.92000000178814 46.00001216870296 8.532351988974558
      vertex 206.92000000178814 49.20000000298023 45.697052306694594
    endloop
  endfacet
  facet normal -1 0 0
    outer loop
      vertex 204.52000000327826 30.80693806707859 39.01171997189522
      vertex 204.52000000327826 30.89232823997736 39.033604726195335
      vertex 204.52000000327826 46.00005097445727 8.532366113114039
    endloop
  endfacet
  facet normal 1 0 0
    outer loop
      vertex 206.92000000178814 31.131386324763298 3.1206147596240044
      vertex 206.92000000178814 49.20000000298023 45.697052306694594
      vertex 206.92000000178814 30.89232823997736 39.033604726195335
    endloop
  endfacet
  facet normal 1 0 0
    outer loop
      vertex 206.92000000178814 46.00001216870296 8.532351988974558
      vertex 206.92000000178814 49.20000000298023 9.697052310243963
      vertex 206.92000000178814 49.20000000298023 45.697052306694594
    endloop
  endfacet
  facet normal -0.99503719024669 0.09950371865399066 0
    outer loop
      vertex 204.52000000327826 49.20000000298023 9.697052310243961
      vertex 204.52000000327826 49.20000000298023 45.69705230669459
      vertex 205.68686136643902 60.86861367805661 13.944080361586371
    endloop
  endfacet
  facet normal 0.9950371901855217 0.09950371926567239 0
    outer loop
      vertex 206.92000000178814 49.20000000298023 9.697052310243963
      vertex 205.75313863138257 60.86861367805661 13.944080361586371
      vertex 206.92000000178814 49.20000000298023 45.697052306694594
    endloop
  endfacet
  facet normal -1 0 0
    outer loop
      vertex 204.52000000327826 30.89232823997736 39.033604726195335
      vertex 204.52000000327826 49.20000000298023 45.69705230669459
      vertex 204.52000000327826 49.20000000298023 9.697052310243961
    endloop
  endfacet
  facet normal -0.9950371902466956 0.09950371865393313 -2.133606414458204e-14
    outer loop
      vertex 205.68686136643902 60.86861367805661 13.944080361586371
      vertex 204.52000000327826 49.20000000298023 45.69705230669459
      vertex 205.7199999988079 61.20000000298023 14.103031907237137
    endloop
  endfacet
  facet normal 0.9950371901855221 0.0995037192656703 2.272049961809601e-16
    outer loop
      vertex 205.75313863138257 60.86861367805661 13.944080361586371
      vertex 205.7199999988079 61.20000000298023 14.103031907237137
      vertex 205.7271788083195 61.12821190804243 50.03856638818979
    endloop
  endfacet
  facet normal -0.9950371902466901 0.0995037186539889 4.674240532785145e-17
    outer loop
      vertex 205.7199999988079 61.20000000298023 14.103031907237137
      vertex 204.52000000327826 49.20000000298023 45.69705230669459
      vertex 205.71282118934087 61.12821190804243 50.03856638818979
    endloop
  endfacet
  facet normal 0.9950371901855217 0.09950371926567297 2.0786580770457506e-16
    outer loop
      vertex 205.75313863138257 60.86861367805661 13.944080361586371
      vertex 205.7271788083195 61.12821190804243 50.03856638818979
      vertex 206.92000000178814 49.20000000298023 45.697052306694594
    endloop
  endfacet
  facet normal -0.9950371902466573 0.09950371865431715 0
    outer loop
      vertex 205.7199999988079 61.20000000298023 14.103031907237137
      vertex 205.71771829427138 61.17718295753002 50.060754880309105
      vertex 205.7199999988079 61.20000000298023 50.076363418819966
    endloop
  endfacet
  facet normal -0.9950371902467088 0.09950371865380214 -3.3005109791041175e-16
    outer loop
      vertex 205.7199999988079 61.20000000298023 14.103031907237137
      vertex 205.71282118934087 61.12821190804243 50.03856638818979
      vertex 205.71771829427138 61.17718295753002 50.060754880309105
    endloop
  endfacet
  facet normal 0.9950371901855437 0.09950371926545343 0
    outer loop
      vertex 205.7199999988079 61.20000000298023 14.103031907237137
      vertex 205.7199999988079 61.20000000298023 50.076363418819966
      vertex 205.7222817033586 61.17718295753002 50.060754880309105
    endloop
  endfacet
  facet normal 0.9950371901855284 0.09950371926560622 9.793583029947563e-17
    outer loop
      vertex 205.7199999988079 61.20000000298023 14.103031907237137
      vertex 205.7222817033586 61.17718295753002 50.060754880309105
      vertex 205.7271788083195 61.12821190804243 50.03856638818979
    endloop
  endfacet
  facet normal 0 -1 0
    outer loop
      vertex 204.52000000327826 30.799999997019768 3.0347333828023473
      vertex 206.92000000178814 30.799999997019768 3.0347333828023473
      vertex 206.92000000178814 30.799999997019768 39.07639529556036
    endloop
  endfacet
  facet normal 0 -1 0
    outer loop
      vertex 204.52000000327826 30.799999997019768 3.0347333828023473
      vertex 206.92000000178814 30.799999997019768 39.07639529556036
      vertex 204.52000000327826 30.799999997019768 39.07639529556036
    endloop
  endfacet
  facet normal 1.0816813246362006e-15 0.342020143216374 -0.9396926208256883
    outer loop
      vertex 204.52000000327826 46.00005097445727 8.532366113114039
      vertex 204.52000000327826 49.20000000298023 9.697052310243961
      vertex 205.71997014693824 46.0000206645085 8.53235508119489
    endloop
  endfacet
  facet normal 1.8271773298513584e-15 0.3420201432163735 -0.9396926208256885
    outer loop
      vertex 205.71997014693824 46.0000206645085 8.53235508119489
      vertex 206.92000000178814 49.20000000298023 9.697052310243963
      vertex 206.50260799355644 45.99999460351367 8.532345595768502
    endloop
  endfacet
  facet normal -6.440866586471773e-15 0.34202014321637453 -0.9396926208256883
    outer loop
      vertex 206.50260799355644 45.99999460351367 8.532345595768502
      vertex 206.92000000178814 49.20000000298023 9.697052310243963
      vertex 206.92000000178814 46.00001216870296 8.532351988974558
    endloop
  endfacet
  facet normal 7.063841961732491e-16 0.34202014321637386 -0.9396926208256884
    outer loop
      vertex 205.71997014693824 46.0000206645085 8.53235508119489
      vertex 204.52000000327826 49.20000000298023 9.697052310243961
      vertex 206.92000000178814 49.20000000298023 9.697052310243963
    endloop
  endfacet
  facet normal 6.955122562391883e-16 0.34202014321637414 -0.9396926208256884
    outer loop
      vertex 204.52000000327826 49.20000000298023 9.697052310243961
      vertex 205.75313863138257 60.86861367805661 13.944080361586371
      vertex 206.92000000178814 49.20000000298023 9.697052310243963
    endloop
  endfacet
  facet normal 0 0.3420201432163744 -0.9396926208256883
    outer loop
      vertex 204.52000000327826 49.20000000298023 9.697052310243961
      vertex 205.68686136643902 60.86861367805661 13.944080361586371
      vertex 205.75313863138257 60.86861367805661 13.944080361586371
    endloop
  endfacet
  facet normal 0 0 -1
    outer loop
      vertex -5 11.3 10
      vertex 0 20.3 10
      vertex 0 13.3 10
    endloop
  endfacet
  facet normal 0.3713906763541037 -0.9284766908852593 0
    outer loop
      vertex -5 11.3 10
      vertex 0 13.3 10
      vertex -5 11.3 30.85248814360058
    endloop
  endfacet
  facet normal 0 0 -1
    outer loop
      vertex -5 11.3 10
      vertex -5 22.3 10
      vertex 0 20.3 10
    endloop
  endfacet
  facet normal -1 0 0
    outer loop
      vertex -5 11.3 10
      vertex -5 22.3 30.85248814360058
      vertex -5 22.3 10
    endloop
  endfacet
  facet normal 0.3713906763541037 0.9284766908852593 0
    outer loop
      vertex 0 20.3 10
      vertex -5 22.3 10
      vertex 0 20.3 30.85248814360058
    endloop
  endfacet
  facet normal 0.3713906763541037 -0.9284766908852593 0
    outer loop
      vertex 0 13.3 10
      vertex 0 13.3 30.85248814360058
      vertex -5 11.3 30.85248814360058
    endloop
  endfacet
  facet normal -1 0 0
    outer loop
      vertex -5 11.3 10
      vertex -5 11.3 30.85248814360058
      vertex -5 22.3 30.85248814360058
    endloop
  endfacet
  facet normal 0.3713906763541037 0.9284766908852593 0
    outer loop
      vertex 0 20.3 30.85248814360058
      vertex -5 22.3 10
      vertex -5 22.3 30.85248814360058
    endloop
  endfacet
  facet normal 0.31905839462248103 -0.7976459865562026 0.5118228413735634
    outer loop
      vertex -5 11.3 30.85248814360058
      vertex 0 13.3 30.85248814360058
      vertex -2.25 14.325000000000001 33.85248814360058
    endloop
  endfacet
  facet normal -0.7371541402007414 0 0.6757246285173463
    outer loop
      vertex -5 11.3 30.85248814360058
      vertex -2.25 14.325000000000001 33.85248814360058
      vertex -2.25 19.275 33.85248814360058
    endloop
  endfacet
  facet normal 0.3190583946224811 -0.7976459865562024 0.5118228413735634
    outer loop
      vertex -2.25 14.325000000000001 33.85248814360058
      vertex 0 13.3 30.85248814360058
      vertex 0 15.225000000000001 33.85248814360058
    endloop
  endfacet
  facet normal 0 0 1
    outer loop
      vertex -2.25 14.325000000000001 33.85248814360058
      vertex 0 15.225000000000001 33.85248814360058
      vertex 0 18.375 33.85248814360058
    endloop
  endfacet
  facet normal -0.7371541402007414 0 0.6757246285173463
    outer loop
      vertex -5 11.3 30.85248814360058
      vertex -2.25 19.275 33.85248814360058
      vertex -5 22.3 30.85248814360058
    endloop
  endfacet
  facet normal 0 0 1
    outer loop
      vertex -2.25 14.325000000000001 33.85248814360058
      vertex 0 18.375 33.85248814360058
      vertex -2.25 19.275 33.85248814360058
    endloop
  endfacet
  facet normal 0.31905839462248087 0.7976459865562022 0.5118228413735637
    outer loop
      vertex -2.25 19.275 33.85248814360058
      vertex 0 20.3 30.85248814360058
      vertex -5 22.3 30.85248814360058
    endloop
  endfacet
  facet normal 0.31905839462248053 0.7976459865562026 0.5118228413735635
    outer loop
      vertex -2.25 19.275 33.85248814360058
      vertex 0 18.375 33.85248814360058
      vertex 0 20.3 30.85248814360058
    endloop
  endfacet
  facet normal 0 0 -1
    outer loop
      vertex -5 93.1 10
      vertex 0 102.1 10
      vertex 0 95.1 10
    endloop
  endfacet
  facet normal 0 0 -1
    outer loop
      vertex -5 93.1 10
      vertex -5 104.1 10
      vertex 0 102.1 10
    endloop
  endfacet
  facet normal 0.3713906763541037 -0.9284766908852593 0
    outer loop
      vertex -5 93.1 10
      vertex 0 95.1 10
      vertex -5 93.1 109
    endloop
  endfacet
  facet normal -1 0 0
    outer loop
      vertex -5 93.1 10
      vertex -5 104.1 109
      vertex -5 104.1 10
    endloop
  endfacet
  facet normal 0.3713906763541037 0.9284766908852593 0
    outer loop
      vertex -5 104.1 10
      vertex 0 102.1 109
      vertex 0 102.1 10
    endloop
  endfacet
  facet normal 0.3713906763541037 -0.9284766908852593 0
    outer loop
      vertex 0 95.1 10
      vertex 0 95.1 109
      vertex -5 93.1 109
    endloop
  endfacet
  facet normal -1 0 0
    outer loop
      vertex -5 93.1 10
      vertex -5 93.1 109
      vertex -5 104.1 109
    endloop
  endfacet
  facet normal 0.3713906763541037 0.9284766908852593 0
    outer loop
      vertex -5 104.1 10
      vertex -5 104.1 109
      vertex 0 102.1 109
    endloop
  endfacet
  facet normal 0.3190583946224807 -0.7976459865562018 0.5118228413735643
    outer loop
      vertex -5 93.1 109
      vertex 0 95.1 109
      vertex -2.25 96.125 112
    endloop
  endfacet
  facet normal -0.7371541402007414 0 0.6757246285173463
    outer loop
      vertex -5 93.1 109
      vertex -2.25 101.07499999999999 112
      vertex -5 104.1 109
    endloop
  endfacet
  facet normal -0.7371541402007413 0 0.6757246285173463
    outer loop
      vertex -5 93.1 109
      vertex -2.25 96.125 112
      vertex -2.25 101.07499999999999 112
    endloop
  endfacet
  facet normal 0 0 1
    outer loop
      vertex -2.25 96.125 112
      vertex 0 100.175 112
      vertex -2.25 101.07499999999999 112
    endloop
  endfacet
  facet normal 0.31905839462247837 -0.7976459865562034 0.5118228413735632
    outer loop
      vertex 0 95.1 109
      vertex 0 97.02499999999999 112
      vertex -2.25 96.125 112
    endloop
  endfacet
  facet normal 0 0 1
    outer loop
      vertex -2.25 96.125 112
      vertex 0 97.02499999999999 112
      vertex 0 100.175 112
    endloop
  endfacet
  facet normal 0.31905839462247837 0.7976459865562034 0.5118228413735632
    outer loop
      vertex -2.25 101.07499999999999 112
      vertex 0 100.175 112
      vertex 0 102.1 109
    endloop
  endfacet
  facet normal 0.3190583946224807 0.7976459865562018 0.5118228413735643
    outer loop
      vertex -2.25 101.07499999999999 112
      vertex 0 102.1 109
      vertex -5 104.1 109
    endloop
  endfacet
  facet normal -1 0 0
    outer loop
      vertex 0 101.39403721140128 112
      vertex 0 102.1 112
      vertex 0 102.1 110.88047445257544
    endloop
  endfacet
  facet normal 0 -1 0
    outer loop
      vertex 222.2 7.300000000000001 3
      vertex 227.20000000000002 7.300000000000001 3
      vertex 222.2 7.300000000000001 47.652488141005215
    endloop
  endfacet
  facet normal 0 -1 0
    outer loop
      vertex 227.20000000000002 7.300000000000001 3
      vertex 227.20000000000002 7.300000000000001 47.652488141005215
      vertex 222.2 7.300000000000001 47.652488141005215
    endloop
  endfacet
  facet normal -1 0 0
    outer loop
      vertex 222.2 7.300000000000001 3
      vertex 222.2 7.300000000000001 47.652488141005215
      vertex 222.2 26.3 3
    endloop
  endfacet
  facet normal 0 1 0
    outer loop
      vertex 222.2 26.3 3
      vertex 227.20000000000002 26.3 62.884991529460486
      vertex 227.20000000000002 26.3 3
    endloop
  endfacet
  facet normal -1 0 0
    outer loop
      vertex 222.2 26.3 3
      vertex 222.2 7.300000000000001 47.652488141005215
      vertex 222.2 26.3 62.884991529460486
    endloop
  endfacet
  facet normal 0 1 0
    outer loop
      vertex 222.2 26.3 3
      vertex 222.2 26.3 62.884991529460486
      vertex 227.20000000000002 26.3 62.884991529460486
    endloop
  endfacet
  facet normal 0 -1 0
    outer loop
      vertex 222.2 89.1 37.47557483018547
      vertex 227.20000000000002 89.1 37.47557483018548
      vertex 227.20000000000002 89.1 73.47557483134946
    endloop
  endfacet
  facet normal -1 0 0
    outer loop
      vertex 222.2 89.1 37.47557483018547
      vertex 222.2 89.1 73.47557483134948
      vertex 222.2 108.1 53.41846782280194
    endloop
  endfacet
  facet normal 0 -1 0
    outer loop
      vertex 222.2 89.1 37.47557483018547
      vertex 227.20000000000002 89.1 73.47557483134946
      vertex 222.2 89.1 73.47557483134948
    endloop
  endfacet
  facet normal 0 1 0
    outer loop
      vertex 222.2 108.1 53.41846782280194
      vertex 222.2 108.1 89.4184678267516
      vertex 227.20000000000002 108.1 53.41846782280194
    endloop
  endfacet
  facet normal -1 0 0
    outer loop
      vertex 222.2 108.1 53.41846782280194
      vertex 222.2 89.1 73.47557483134948
      vertex 222.2 108.1 89.4184678267516
    endloop
  endfacet
  facet normal 0 -1 0
    outer loop
      vertex 222.2 89.1 76.47557482879301
      vertex 227.20000000000002 89.1 76.47557482879301
      vertex 222.2 89.1 137.7
    endloop
  endfacet
  facet normal -1 0 0
    outer loop
      vertex 222.2 89.1 76.47557482879301
      vertex 222.2 89.1 137.7
      vertex 222.2 108.1 92.41846782316003
    endloop
  endfacet
  facet normal 0 1 0
    outer loop
      vertex 227.20000000000002 108.1 53.41846782280194
      vertex 222.2 108.1 89.4184678267516
      vertex 227.20000000000002 108.1 89.41846782675158
    endloop
  endfacet
  facet normal 0 -1 0
    outer loop
      vertex 227.20000000000002 89.1 76.47557482879301
      vertex 227.20000000000002 89.1 137.7
      vertex 222.2 89.1 137.7
    endloop
  endfacet
  facet normal -1 0 0
    outer loop
      vertex 222.2 108.1 92.41846782316003
      vertex 222.2 89.1 137.7
      vertex 222.2 108.1 137.7
    endloop
  endfacet
  facet normal 0 0 1
    outer loop
      vertex 222.2 89.1 137.7
      vertex 227.20000000000002 89.1 137.7
      vertex 224.60000000149012 92.74999999850988 137.7
    endloop
  endfacet
  facet normal 0 0 1
    outer loop
      vertex 222.2 89.1 137.7
      vertex 224.60000000149012 92.74999999850988 137.7
      vertex 224.60000000149012 104.45000000149011 137.7
    endloop
  endfacet
  facet normal 0 0 1
    outer loop
      vertex 227.20000000000002 89.1 137.7
      vertex 227.20000000000002 93.71296296118668 137.7
      vertex 224.60000000149012 92.74999999850988 137.7
    endloop
  endfacet
  facet normal 0 0 1
    outer loop
      vertex 222.2 89.1 137.7
      vertex 224.60000000149012 104.45000000149011 137.7
      vertex 222.2 108.1 137.7
    endloop
  endfacet
  facet normal 0 0 1
    outer loop
      vertex 227.20000000000002 108.1 137.7
      vertex 224.60000000149012 104.45000000149011 137.7
      vertex 227.20000000000002 103.48703703881331 137.7
    endloop
  endfacet
  facet normal 0 1 0
    outer loop
      vertex 222.2 108.1 92.41846782316003
      vertex 222.2 108.1 137.7
      vertex 227.20000000000002 108.1 92.41846782316003
    endloop
  endfacet
  facet normal 0 1 0
    outer loop
      vertex 227.20000000000002 108.1 92.41846782316003
      vertex 222.2 108.1 137.7
      vertex 227.20000000000002 108.1 137.7
    endloop
  endfacet
  facet normal 0 0 1
    outer loop
      vertex 222.2 108.1 137.7
      vertex 224.60000000149012 104.45000000149011 137.7
      vertex 227.20000000000002 108.1 137.7
    endloop
  endfacet
  facet normal 0 -1 0
    outer loop
      vertex 2.8 7.300000000000001 3
      vertex 7.8 7.300000000000001 3
      vertex 2.8 7.300000000000001 47.652488141005215
    endloop
  endfacet
  facet normal 0 -1 0
    outer loop
      vertex 7.8 7.300000000000001 3
      vertex 7.8 7.300000000000001 47.652488141005215
      vertex 2.8 7.300000000000001 47.652488141005215
    endloop
  endfacet
  facet normal 1 0 0
    outer loop
      vertex 7.8 7.300000000000001 3
      vertex 7.8 26.3 3
      vertex 7.8 7.300000000000001 47.652488141005215
    endloop
  endfacet
  facet normal 0 1 0
    outer loop
      vertex 2.8 26.3 3
      vertex 7.8 26.3 62.884991529460486
      vertex 7.8 26.3 3
    endloop
  endfacet
  facet normal 1 0 0
    outer loop
      vertex 7.8 26.3 3
      vertex 7.8 26.3 62.884991529460486
      vertex 7.8 7.300000000000001 47.652488141005215
    endloop
  endfacet
  facet normal 0 1 0
    outer loop
      vertex 2.8 26.3 3
      vertex 2.8 26.3 62.884991529460486
      vertex 7.8 26.3 62.884991529460486
    endloop
  endfacet
  facet normal 0 -1 0
    outer loop
      vertex 2.8 89.1 37.47557483018548
      vertex 7.8 89.1 37.47557483018547
      vertex 7.8 89.1 73.47557483134948
    endloop
  endfacet
  facet normal 0 -1 0
    outer loop
      vertex 2.8 89.1 37.47557483018548
      vertex 7.8 89.1 73.47557483134948
      vertex 2.8 89.1 73.47557483134946
    endloop
  endfacet
  facet normal 1 0 0
    outer loop
      vertex 7.8 89.1 37.47557483018547
      vertex 7.8 108.1 89.4184678267516
      vertex 7.8 89.1 73.47557483134948
    endloop
  endfacet
  facet normal 1 0 0
    outer loop
      vertex 7.8 89.1 37.47557483018547
      vertex 7.8 108.1 53.41846782280193
      vertex 7.8 108.1 89.4184678267516
    endloop
  endfacet
  facet normal 0 1 0
    outer loop
      vertex 2.8 108.1 53.41846782280194
      vertex 2.8 108.1 89.41846782675158
      vertex 7.8 108.1 53.41846782280193
    endloop
  endfacet
  facet normal 0 -1 0
    outer loop
      vertex 2.8 89.1 76.47557482879301
      vertex 7.8 89.1 76.47557482879301
      vertex 7.8 89.1 137.7
    endloop
  endfacet
  facet normal 1 0 0
    outer loop
      vertex 7.8 89.1 76.47557482879301
      vertex 7.8 108.1 92.41846782316003
      vertex 7.8 89.1 137.7
    endloop
  endfacet
  facet normal 0 1 0
    outer loop
      vertex 7.8 108.1 53.41846782280193
      vertex 2.8 108.1 89.41846782675158
      vertex 7.8 108.1 89.4184678267516
    endloop
  endfacet
  facet normal 0 -1 0
    outer loop
      vertex 2.8 89.1 76.47557482879301
      vertex 7.8 89.1 137.7
      vertex 2.8 89.1 137.7
    endloop
  endfacet
  facet normal 1 0 0
    outer loop
      vertex 7.8 108.1 92.41846782316003
      vertex 7.8 108.1 137.7
      vertex 7.8 89.1 137.7
    endloop
  endfacet
  facet normal 0 0 1
    outer loop
      vertex 2.8 89.1 137.7
      vertex 7.8 89.1 137.7
      vertex 2.8 108.1 137.7
    endloop
  endfacet
  facet normal 0 0 1
    outer loop
      vertex 7.8 89.1 137.7
      vertex 7.8 108.1 137.7
      vertex 2.8 108.1 137.7
    endloop
  endfacet
  facet normal 0 1 0
    outer loop
      vertex 2.8 108.1 92.41846782316003
      vertex 7.8 108.1 137.7
      vertex 7.8 108.1 92.41846782316003
    endloop
  endfacet
  facet normal 0 1 0
    outer loop
      vertex 2.8 108.1 92.41846782316003
      vertex 2.8 108.1 137.7
      vertex 7.8 108.1 137.7
    endloop
  endfacet
  facet normal 0 -0.6255085627550532 0.7802173017308112
    outer loop
      vertex 2.8 7.300000000000001 47.652488141005215
      vertex 7.8 7.300000000000001 47.652488141005215
      vertex 2.8 26.3 62.884991529460486
    endloop
  endfacet
  facet normal 0 -0.6255085627550532 0.7802173017308112
    outer loop
      vertex 7.8 7.300000000000001 47.652488141005215
      vertex 7.8 26.3 62.884991529460486
      vertex 2.8 26.3 62.884991529460486
    endloop
  endfacet
  facet normal 0 -0.6255085627550532 0.7802173017308113
    outer loop
      vertex 222.2 7.300000000000001 47.652488141005215
      vertex 227.20000000000002 7.300000000000001 47.652488141005215
      vertex 222.2 26.3 62.884991529460486
    endloop
  endfacet
  facet normal 0 -0.6255085627550532 0.7802173017308113
    outer loop
      vertex 227.20000000000002 7.300000000000001 47.652488141005215
      vertex 227.20000000000002 26.3 62.884991529460486
      vertex 222.2 26.3 62.884991529460486
    endloop
  endfacet
  facet normal 0 0 1
    outer loop
      vertex 45.36 63.2 138
      vertex 45.76 63.600000001490116 138
      vertex 45.36 63.600000001490116 138
    endloop
  endfacet
  facet normal 1 0 0
    outer loop
      vertex 45.36 63.2 138
      vertex 45.36 63.600000001490116 138
      vertex 45.36 63.600000001490116 141
    endloop
  endfacet
  facet normal 1 0 0
    outer loop
      vertex 45.36 63.2 138
      vertex 45.36 63.600000001490116 141
      vertex 45.36 63.2 141
    endloop
  endfacet
  facet normal 0 0 1
    outer loop
      vertex 45.36 63.2 138
      vertex 48.16 63.600000001490116 138
      vertex 45.76 63.600000001490116 138
    endloop
  endfacet
  facet normal 0 0 1
    outer loop
      vertex 45.36 63.2 138
      vertex 48.56 63.2 138
      vertex 48.16 63.600000001490116 138
    endloop
  endfacet
  facet normal 0 0 1
    outer loop
      vertex 48.56 63.2 138
      vertex 48.56 63.600000001490116 138
      vertex 48.16 63.600000001490116 138
    endloop
  endfacet
  facet normal 0 1 0
    outer loop
      vertex 45.36 63.2 138
      vertex 45.36 63.2 141
      vertex 48.56 63.2 138
    endloop
  endfacet
  facet normal 0 1 0
    outer loop
      vertex 48.56 63.2 138
      vertex 45.36 63.2 141
      vertex 48.56 63.2 141
    endloop
  endfacet
  facet normal -1 0 0
    outer loop
      vertex 48.56 63.2 138
      vertex 48.56 63.600000001490116 141
      vertex 48.56 63.600000001490116 138
    endloop
  endfacet
  facet normal -1 0 0
    outer loop
      vertex 48.56 63.2 138
      vertex 48.56 63.2 141
      vertex 48.56 63.600000001490116 141
    endloop
  endfacet
  facet normal 0 0 1
    outer loop
      vertex 45.76 63.600000001490116 138
      vertex 48.16 63.600000001490116 138
      vertex 45.76 66.58754149920541 138
    endloop
  endfacet
  facet normal 0 0 1
    outer loop
      vertex 48.16 66.58754149920541 138
      vertex 45.76 66.58754149920541 138
      vertex 48.16 63.600000001490116 138
    endloop
  endfacet
  facet normal 0 0 1
    outer loop
      vertex 48.16 66.58754149920541 138
      vertex 48.16 122.75128470947412 138
      vertex 45.76 66.58754149920541 138
    endloop
  endfacet
  facet normal 0 0 1
    outer loop
      vertex 45.76 122.75128470947412 138
      vertex 45.76 66.58754149920541 138
      vertex 48.16 122.75128470947412 138
    endloop
  endfacet
  facet normal 0 0 1
    outer loop
      vertex 45.76 122.75128470947412 138
      vertex 48.16 122.75128470947412 138
      vertex 45.76 131.12622553549852 138
    endloop
  endfacet
  facet normal 0 0 1
    outer loop
      vertex 45.76 131.12622553549852 138
      vertex 48.16 122.75128470947412 138
      vertex 48.16 131.12622553549852 138
    endloop
  endfacet
  facet normal 0 0 1
    outer loop
      vertex 48.16 131.12622553549852 138
      vertex 48.16 133.2 138
      vertex 45.76 131.12622553549852 138
    endloop
  endfacet
  facet normal 0 0 1
    outer loop
      vertex 45.76 133.2 138
      vertex 45.76 131.12622553549852 138
      vertex 48.16 133.2 138
    endloop
  endfacet
  facet normal 0 0 1
    outer loop
      vertex 45.76 136.39999999999998 138
      vertex 48.16 136.39999999999998 138
      vertex 45.76 165.0124584948341 138
    endloop
  endfacet
  facet normal 0 0 1
    outer loop
      vertex 48.16 165.0124584948341 138
      vertex 45.76 165.0124584948341 138
      vertex 48.16 136.39999999999998 138
    endloop
  endfacet
  facet normal 0 0 1
    outer loop
      vertex 45.36 168.4 138
      vertex 45.36 168 138
      vertex 45.76 168 138
    endloop
  endfacet
  facet normal 1 0 0
    outer loop
      vertex 45.36 168.4 138
      vertex 45.36 168 141
      vertex 45.36 168 138
    endloop
  endfacet
  facet normal 1 0 0
    outer loop
      vertex 45.36 168.4 138
      vertex 45.36 168.4 141
      vertex 45.36 168 141
    endloop
  endfacet
  facet normal 0 0 1
    outer loop
      vertex 45.76 165.0124584948341 138
      vertex 48.16 165.0124584948341 138
      vertex 45.76 168 138
    endloop
  endfacet
  facet normal 0 0 1
    outer loop
      vertex 45.76 168 138
      vertex 48.16 165.0124584948341 138
      vertex 48.16 168 138
    endloop
  endfacet
  facet normal 0 0 1
    outer loop
      vertex 45.36 168.4 138
      vertex 45.76 168 138
      vertex 48.16 168 138
    endloop
  endfacet
  facet normal 0 0 1
    outer loop
      vertex 45.36 168.4 138
      vertex 48.16 168 138
      vertex 48.56 168.4 138
    endloop
  endfacet
  facet normal 0 0 1
    outer loop
      vertex 48.56 168.4 138
      vertex 48.16 168 138
      vertex 48.56 168 138
    endloop
  endfacet
  facet normal 0 -1 0
    outer loop
      vertex 45.36 168.4 138
      vertex 48.56 168.4 138
      vertex 48.56 168.4 141
    endloop
  endfacet
  facet normal 0 -1 0
    outer loop
      vertex 45.36 168.4 138
      vertex 48.56 168.4 141
      vertex 45.36 168.4 141
    endloop
  endfacet
  facet normal -1 0 0
    outer loop
      vertex 48.56 168.4 138
      vertex 48.56 168 138
      vertex 48.56 168 141
    endloop
  endfacet
  facet normal -1 0 0
    outer loop
      vertex 48.56 168.4 138
      vertex 48.56 168 141
      vertex 48.56 168.4 141
    endloop
  endfacet
  facet normal 0 0 1
    outer loop
      vertex 90.72 63.2 138
      vertex 91.12 63.600000001490116 138
      vertex 90.72 63.600000001490116 138
    endloop
  endfacet
  facet normal 0 0 1
    outer loop
      vertex 90.72 63.2 138
      vertex 93.92 63.2 138
      vertex 91.12 63.600000001490116 138
    endloop
  endfacet
  facet normal 0 0 1
    outer loop
      vertex 93.92 63.2 138
      vertex 93.52000000000001 63.600000001490116 138
      vertex 91.12 63.600000001490116 138
    endloop
  endfacet
  facet normal 0 0 1
    outer loop
      vertex 93.92 63.2 138
      vertex 93.92 63.600000001490116 138
      vertex 93.52000000000001 63.600000001490116 138
    endloop
  endfacet
  facet normal 1 0 0
    outer loop
      vertex 90.72 63.2 138
      vertex 90.72 63.600000001490116 138
      vertex 90.72 63.600000001490116 141
    endloop
  endfacet
  facet normal 0 1 0
    outer loop
      vertex 90.72 63.2 138
      vertex 90.72 63.2 141
      vertex 93.92 63.2 138
    endloop
  endfacet
  facet normal 1 0 0
    outer loop
      vertex 90.72 63.2 138
      vertex 90.72 63.600000001490116 141
      vertex 90.72 63.2 141
    endloop
  endfacet
  facet normal -1 0 0
    outer loop
      vertex 93.92 63.2 138
      vertex 93.92 63.600000001490116 141
      vertex 93.92 63.600000001490116 138
    endloop
  endfacet
  facet normal 0 1 0
    outer loop
      vertex 93.92 63.2 138
      vertex 90.72 63.2 141
      vertex 93.92 63.2 141
    endloop
  endfacet
  facet normal -1 0 0
    outer loop
      vertex 93.92 63.2 138
      vertex 93.92 63.2 141
      vertex 93.92 63.600000001490116 141
    endloop
  endfacet
  facet normal 0 0 1
    outer loop
      vertex 93.52000000000001 63.600000001490116 138
      vertex 91.12 66.58754149920541 138
      vertex 91.12 63.600000001490116 138
    endloop
  endfacet
  facet normal 0 0 1
    outer loop
      vertex 93.52000000000001 66.58754149920541 138
      vertex 91.12 66.58754149920541 138
      vertex 93.52000000000001 63.600000001490116 138
    endloop
  endfacet
  facet normal 0 0 1
    outer loop
      vertex 93.52000000000001 66.58754149920541 138
      vertex 93.52000000000001 122.75128470947412 138
      vertex 91.12 66.58754149920541 138
    endloop
  endfacet
  facet normal 0 0 1
    outer loop
      vertex 91.12 122.75128470947412 138
      vertex 91.12 66.58754149920541 138
      vertex 93.52000000000001 122.75128470947412 138
    endloop
  endfacet
  facet normal 0 0 1
    outer loop
      vertex 91.12 122.75128470947412 138
      vertex 93.52000000000001 122.75128470947412 138
      vertex 91.12 131.12622553549852 138
    endloop
  endfacet
  facet normal 0 0 1
    outer loop
      vertex 91.12 131.12622553549852 138
      vertex 93.52000000000001 122.75128470947412 138
      vertex 93.52000000000001 131.12622553549852 138
    endloop
  endfacet
  facet normal 0 0 1
    outer loop
      vertex 93.52000000000001 131.12622553549852 138
      vertex 91.12 133.2 138
      vertex 91.12 131.12622553549852 138
    endloop
  endfacet
  facet normal 0 0 1
    outer loop
      vertex 93.52000000000001 131.12622553549852 138
      vertex 93.52000000000001 133.2 138
      vertex 91.12 133.2 138
    endloop
  endfacet
  facet normal 0 0 1
    outer loop
      vertex 91.12 136.39999999999998 138
      vertex 93.52000000000001 136.39999999999998 138
      vertex 91.12 165.0124584948341 138
    endloop
  endfacet
  facet normal 0 0 1
    outer loop
      vertex 93.52000000000001 165.0124584948341 138
      vertex 91.12 165.0124584948341 138
      vertex 93.52000000000001 136.39999999999998 138
    endloop
  endfacet
  facet normal 0 0 1
    outer loop
      vertex 93.52000000000001 165.0124584948341 138
      vertex 91.12 168 138
      vertex 91.12 165.0124584948341 138
    endloop
  endfacet
  facet normal 0 0 1
    outer loop
      vertex 91.12 168 138
      vertex 93.52000000000001 165.0124584948341 138
      vertex 93.52000000000001 168 138
    endloop
  endfacet
  facet normal 0 0 1
    outer loop
      vertex 90.72 168.4 138
      vertex 90.72 168 138
      vertex 91.12 168 138
    endloop
  endfacet
  facet normal 0 0 1
    outer loop
      vertex 90.72 168.4 138
      vertex 91.12 168 138
      vertex 93.92 168.4 138
    endloop
  endfacet
  facet normal 0 0 1
    outer loop
      vertex 93.92 168.4 138
      vertex 91.12 168 138
      vertex 93.52000000000001 168 138
    endloop
  endfacet
  facet normal 0 0 1
    outer loop
      vertex 93.92 168.4 138
      vertex 93.52000000000001 168 138
      vertex 93.92 168 138
    endloop
  endfacet
  facet normal 1 0 0
    outer loop
      vertex 90.72 168.4 138
      vertex 90.72 168 141
      vertex 90.72 168 138
    endloop
  endfacet
  facet normal 1 0 0
    outer loop
      vertex 90.72 168.4 138
      vertex 90.72 168.4 141
      vertex 90.72 168 141
    endloop
  endfacet
  facet normal 0 -1 0
    outer loop
      vertex 90.72 168.4 138
      vertex 93.92 168.4 141
      vertex 90.72 168.4 141
    endloop
  endfacet
  facet normal 0 -1 0
    outer loop
      vertex 90.72 168.4 138
      vertex 93.92 168.4 138
      vertex 93.92 168.4 141
    endloop
  endfacet
  facet normal -1 0 0
    outer loop
      vertex 93.92 168.4 138
      vertex 93.92 168 138
      vertex 93.92 168 141
    endloop
  endfacet
  facet normal -1 0 0
    outer loop
      vertex 93.92 168.4 138
      vertex 93.92 168 141
      vertex 93.92 168.4 141
    endloop
  endfacet
  facet normal 0 0 1
    outer loop
      vertex 136.08 63.2 138
      vertex 136.48000000000002 63.600000001490116 138
      vertex 136.08 63.600000001490116 138
    endloop
  endfacet
  facet normal 0 0 1
    outer loop
      vertex 136.08 63.2 138
      vertex 139.28 63.2 138
      vertex 136.48000000000002 63.600000001490116 138
    endloop
  endfacet
  facet normal 1 0 0
    outer loop
      vertex 136.08 63.2 138
      vertex 136.08 63.600000001490116 138
      vertex 136.08 63.600000001490116 141
    endloop
  endfacet
  facet normal 1 0 0
    outer loop
      vertex 136.08 63.2 138
      vertex 136.08 63.600000001490116 141
      vertex 136.08 63.2 141
    endloop
  endfacet
  facet normal 0 1 0
    outer loop
      vertex 136.08 63.2 138
      vertex 136.08 63.2 141
      vertex 139.28 63.2 138
    endloop
  endfacet
  facet normal 0 0 1
    outer loop
      vertex 139.28 63.2 138
      vertex 138.88000000000002 63.600000001490116 138
      vertex 136.48000000000002 63.600000001490116 138
    endloop
  endfacet
  facet normal 0 0 1
    outer loop
      vertex 139.28 63.2 138
      vertex 139.28 63.600000001490116 138
      vertex 138.88000000000002 63.600000001490116 138
    endloop
  endfacet
  facet normal -1 0 0
    outer loop
      vertex 139.28 63.2 138
      vertex 139.28 63.600000001490116 141
      vertex 139.28 63.600000001490116 138
    endloop
  endfacet
  facet normal 0 1 0
    outer loop
      vertex 139.28 63.2 138
      vertex 136.08 63.2 141
      vertex 139.28 63.2 141
    endloop
  endfacet
  facet normal -1 0 0
    outer loop
      vertex 139.28 63.2 138
      vertex 139.28 63.2 141
      vertex 139.28 63.600000001490116 141
    endloop
  endfacet
  facet normal 0 0 1
    outer loop
      vertex 136.48000000000002 63.600000001490116 138
      vertex 138.88000000000002 63.600000001490116 138
      vertex 136.48000000000002 66.58754149920541 138
    endloop
  endfacet
  facet normal 0 0 1
    outer loop
      vertex 138.88000000000002 66.58754149920541 138
      vertex 136.48000000000002 66.58754149920541 138
      vertex 138.88000000000002 63.600000001490116 138
    endloop
  endfacet
  facet normal 0 0 1
    outer loop
      vertex 138.88000000000002 66.58754149920541 138
      vertex 136.48000000000002 122.75128470947412 138
      vertex 136.48000000000002 66.58754149920541 138
    endloop
  endfacet
  facet normal 0 0 1
    outer loop
      vertex 138.88000000000002 66.58754149920541 138
      vertex 138.88000000000002 122.75128470947412 138
      vertex 136.48000000000002 122.75128470947412 138
    endloop
  endfacet
  facet normal 0 0 1
    outer loop
      vertex 136.48000000000002 122.75128470947412 138
      vertex 138.88000000000002 122.75128470947412 138
      vertex 136.48000000000002 131.12622553549852 138
    endloop
  endfacet
  facet normal 0 0 1
    outer loop
      vertex 136.48000000000002 131.12622553549852 138
      vertex 138.88000000000002 122.75128470947412 138
      vertex 138.88000000000002 131.12622553549852 138
    endloop
  endfacet
  facet normal 0 0 1
    outer loop
      vertex 138.88000000000002 131.12622553549852 138
      vertex 138.88000000000002 133.2 138
      vertex 136.48000000000002 131.12622553549852 138
    endloop
  endfacet
  facet normal 0 0 1
    outer loop
      vertex 136.48000000000002 133.2 138
      vertex 136.48000000000002 131.12622553549852 138
      vertex 138.88000000000002 133.2 138
    endloop
  endfacet
  facet normal 0 0 1
    outer loop
      vertex 136.48000000000002 136.39999999999998 138
      vertex 138.88000000000002 136.39999999999998 138
      vertex 136.48000000000002 165.0124584948341 138
    endloop
  endfacet
  facet normal 0 0 1
    outer loop
      vertex 138.88000000000002 165.0124584948341 138
      vertex 136.48000000000002 165.0124584948341 138
      vertex 138.88000000000002 136.39999999999998 138
    endloop
  endfacet
  facet normal 0 0 1
    outer loop
      vertex 136.48000000000002 165.0124584948341 138
      vertex 138.88000000000002 165.0124584948341 138
      vertex 136.48000000000002 168 138
    endloop
  endfacet
  facet normal 0 0 1
    outer loop
      vertex 136.48000000000002 168 138
      vertex 138.88000000000002 165.0124584948341 138
      vertex 138.88000000000002 168 138
    endloop
  endfacet
  facet normal 0 0 1
    outer loop
      vertex 136.08 168.4 138
      vertex 136.08 168 138
      vertex 136.48000000000002 168 138
    endloop
  endfacet
  facet normal 0 0 1
    outer loop
      vertex 136.08 168.4 138
      vertex 136.48000000000002 168 138
      vertex 139.28 168.4 138
    endloop
  endfacet
  facet normal 1 0 0
    outer loop
      vertex 136.08 168.4 138
      vertex 136.08 168 141
      vertex 136.08 168 138
    endloop
  endfacet
  facet normal 1 0 0
    outer loop
      vertex 136.08 168.4 138
      vertex 136.08 168.4 141
      vertex 136.08 168 141
    endloop
  endfacet
  facet normal 0 -1 0
    outer loop
      vertex 136.08 168.4 138
      vertex 139.28 168.4 141
      vertex 136.08 168.4 141
    endloop
  endfacet
  facet normal 0 0 1
    outer loop
      vertex 139.28 168.4 138
      vertex 136.48000000000002 168 138
      vertex 138.88000000000002 168 138
    endloop
  endfacet
  facet normal 0 0 1
    outer loop
      vertex 139.28 168.4 138
      vertex 138.88000000000002 168 138
      vertex 139.28 168 138
    endloop
  endfacet
  facet normal 0 -1 0
    outer loop
      vertex 136.08 168.4 138
      vertex 139.28 168.4 138
      vertex 139.28 168.4 141
    endloop
  endfacet
  facet normal -1 0 0
    outer loop
      vertex 139.28 168.4 138
      vertex 139.28 168 138
      vertex 139.28 168 141
    endloop
  endfacet
  facet normal -1 0 0
    outer loop
      vertex 139.28 168.4 138
      vertex 139.28 168 141
      vertex 139.28 168.4 141
    endloop
  endfacet
  facet normal 0 0 1
    outer loop
      vertex 181.44 63.2 138
      vertex 181.84000000000003 63.600000001490116 138
      vertex 181.44 63.600000001490116 138
    endloop
  endfacet
  facet normal 1 0 0
    outer loop
      vertex 181.44 63.2 138
      vertex 181.44 63.600000001490116 138
      vertex 181.44 63.600000001490116 141
    endloop
  endfacet
  facet normal 1 0 0
    outer loop
      vertex 181.44 63.2 138
      vertex 181.44 63.600000001490116 141
      vertex 181.44 63.2 141
    endloop
  endfacet
  facet normal 0 0 1
    outer loop
      vertex 181.44 63.2 138
      vertex 184.64 63.2 138
      vertex 181.84000000000003 63.600000001490116 138
    endloop
  endfacet
  facet normal 0 0 1
    outer loop
      vertex 184.64 63.2 138
      vertex 184.24 63.600000001490116 138
      vertex 181.84000000000003 63.600000001490116 138
    endloop
  endfacet
  facet normal 0 0 1
    outer loop
      vertex 184.64 63.2 138
      vertex 184.64 63.600000001490116 138
      vertex 184.24 63.600000001490116 138
    endloop
  endfacet
  facet normal 0 1 0
    outer loop
      vertex 181.44 63.2 138
      vertex 181.44 63.2 141
      vertex 184.64 63.2 138
    endloop
  endfacet
  facet normal 0 1 0
    outer loop
      vertex 184.64 63.2 138
      vertex 181.44 63.2 141
      vertex 184.64 63.2 141
    endloop
  endfacet
  facet normal -1 0 0
    outer loop
      vertex 184.64 63.2 138
      vertex 184.64 63.600000001490116 141
      vertex 184.64 63.600000001490116 138
    endloop
  endfacet
  facet normal -1 0 0
    outer loop
      vertex 184.64 63.2 138
      vertex 184.64 63.2 141
      vertex 184.64 63.600000001490116 141
    endloop
  endfacet
  facet normal 0 0 1
    outer loop
      vertex 184.24 63.600000001490116 138
      vertex 181.84000000000003 66.58754149920541 138
      vertex 181.84000000000003 63.600000001490116 138
    endloop
  endfacet
  facet normal 0 0 1
    outer loop
      vertex 184.24 66.58754149920541 138
      vertex 181.84000000000003 66.58754149920541 138
      vertex 184.24 63.600000001490116 138
    endloop
  endfacet
  facet normal 0 0 1
    outer loop
      vertex 184.24 66.58754149920541 138
      vertex 181.84000000000003 122.75128470947412 138
      vertex 181.84000000000003 66.58754149920541 138
    endloop
  endfacet
  facet normal 0 0 1
    outer loop
      vertex 184.24 66.58754149920541 138
      vertex 184.24 122.75128470947412 138
      vertex 181.84000000000003 122.75128470947412 138
    endloop
  endfacet
  facet normal 0 0 1
    outer loop
      vertex 181.84000000000003 122.75128470947412 138
      vertex 184.24 122.75128470947412 138
      vertex 181.84000000000003 131.12622553549852 138
    endloop
  endfacet
  facet normal 0 0 1
    outer loop
      vertex 181.84000000000003 131.12622553549852 138
      vertex 184.24 122.75128470947412 138
      vertex 184.24 131.12622553549852 138
    endloop
  endfacet
  facet normal 0 0 1
    outer loop
      vertex 184.24 131.12622553549852 138
      vertex 181.84000000000003 133.2 138
      vertex 181.84000000000003 131.12622553549852 138
    endloop
  endfacet
  facet normal 0 0 1
    outer loop
      vertex 184.24 131.12622553549852 138
      vertex 184.24 133.2 138
      vertex 181.84000000000003 133.2 138
    endloop
  endfacet
  facet normal 0 0 1
    outer loop
      vertex 181.84000000000003 136.39999999999998 138
      vertex 184.24 136.39999999999998 138
      vertex 181.84000000000003 165.0124584948341 138
    endloop
  endfacet
  facet normal 0 0 1
    outer loop
      vertex 184.24 165.0124584948341 138
      vertex 181.84000000000003 165.0124584948341 138
      vertex 184.24 136.39999999999998 138
    endloop
  endfacet
  facet normal 0 0 1
    outer loop
      vertex 181.44 168.4 138
      vertex 181.44 168 138
      vertex 181.84000000000003 168 138
    endloop
  endfacet
  facet normal 1 0 0
    outer loop
      vertex 181.44 168.4 138
      vertex 181.44 168 141
      vertex 181.44 168 138
    endloop
  endfacet
  facet normal 1 0 0
    outer loop
      vertex 181.44 168.4 138
      vertex 181.44 168.4 141
      vertex 181.44 168 141
    endloop
  endfacet
  facet normal 0 0 1
    outer loop
      vertex 184.24 165.0124584948341 138
      vertex 181.84000000000003 168 138
      vertex 181.84000000000003 165.0124584948341 138
    endloop
  endfacet
  facet normal 0 0 1
    outer loop
      vertex 181.84000000000003 168 138
      vertex 184.24 165.0124584948341 138
      vertex 184.24 168 138
    endloop
  endfacet
  facet normal 0 0 1
    outer loop
      vertex 181.44 168.4 138
      vertex 181.84000000000003 168 138
      vertex 184.64 168.4 138
    endloop
  endfacet
  facet normal 0 0 1
    outer loop
      vertex 184.64 168.4 138
      vertex 181.84000000000003 168 138
      vertex 184.24 168 138
    endloop
  endfacet
  facet normal 0 0 1
    outer loop
      vertex 184.64 168.4 138
      vertex 184.24 168 138
      vertex 184.64 168 138
    endloop
  endfacet
  facet normal 0 -1 0
    outer loop
      vertex 181.44 168.4 138
      vertex 184.64 168.4 138
      vertex 184.64 168.4 141
    endloop
  endfacet
  facet normal 0 -1 0
    outer loop
      vertex 181.44 168.4 138
      vertex 184.64 168.4 141
      vertex 181.44 168.4 141
    endloop
  endfacet
  facet normal -1 0 0
    outer loop
      vertex 184.64 168.4 138
      vertex 184.64 168 138
      vertex 184.64 168 141
    endloop
  endfacet
  facet normal -1 0 0
    outer loop
      vertex 184.64 168.4 138
      vertex 184.64 168 141
      vertex 184.64 168.4 141
    endloop
  endfacet
  facet normal 0 0 1
    outer loop
      vertex 106.5 62.5 127.3
      vertex 123.5 63.600000001490116 127.3
      vertex 106.5 63.600000001490116 127.3
    endloop
  endfacet
  facet normal 1 0 0
    outer loop
      vertex 106.5 62.5 127.3
      vertex 106.5 63.600000001490116 127.3
      vertex 106.5 62.5 133.3
    endloop
  endfacet
  facet normal 1 0 0
    outer loop
      vertex 106.5 62.5 133.3
      vertex 106.5 63.600000001490116 127.3
      vertex 106.5 63.600000001490116 133.3
    endloop
  endfacet
  facet normal 0 1 0
    outer loop
      vertex 106.5 62.5 127.3
      vertex 106.5 62.5 133.3
      vertex 123.5 62.5 133.3
    endloop
  endfacet
  facet normal 0 0 -1
    outer loop
      vertex 106.5 62.5 133.3
      vertex 106.5 63.600000001490116 133.3
      vertex 123.5 62.5 133.3
    endloop
  endfacet
  facet normal 0 0 1
    outer loop
      vertex 106.5 62.5 127.3
      vertex 123.5 62.5 127.3
      vertex 123.5 63.600000001490116 127.3
    endloop
  endfacet
  facet normal 0 1 0
    outer loop
      vertex 106.5 62.5 127.3
      vertex 123.5 62.5 133.3
      vertex 123.5 62.5 127.3
    endloop
  endfacet
  facet normal -1 0 0
    outer loop
      vertex 123.5 62.5 127.3
      vertex 123.5 63.600000001490116 133.3
      vertex 123.5 63.600000001490116 127.3
    endloop
  endfacet
  facet normal -1 0 0
    outer loop
      vertex 123.5 62.5 127.3
      vertex 123.5 62.5 133.3
      vertex 123.5 63.600000001490116 133.3
    endloop
  endfacet
  facet normal 0 0 -1
    outer loop
      vertex 123.5 62.5 133.3
      vertex 106.5 63.600000001490116 133.3
      vertex 123.5 63.600000001490116 133.3
    endloop
  endfacet
  facet normal 0 0 1
    outer loop
      vertex 106.5 169.10000000000002 127.3
      vertex 106.5 168 127.3
      vertex 123.5 169.10000000000002 127.3
    endloop
  endfacet
  facet normal 1 0 0
    outer loop
      vertex 106.5 169.10000000000002 127.3
      vertex 106.5 168 133.3
      vertex 106.5 168 127.3
    endloop
  endfacet
  facet normal 1 0 0
    outer loop
      vertex 106.5 169.10000000000002 127.3
      vertex 106.5 169.10000000000002 133.3
      vertex 106.5 168 133.3
    endloop
  endfacet
  facet normal 0 -1 0
    outer loop
      vertex 106.5 169.10000000000002 127.3
      vertex 123.5 169.10000000000002 127.3
      vertex 106.5 169.10000000000002 133.3
    endloop
  endfacet
  facet normal 0 0 -1
    outer loop
      vertex 106.5 169.10000000000002 133.3
      vertex 123.5 168 133.3
      vertex 106.5 168 133.3
    endloop
  endfacet
  facet normal 0 0 1
    outer loop
      vertex 123.5 169.10000000000002 127.3
      vertex 106.5 168 127.3
      vertex 123.5 168 127.3
    endloop
  endfacet
  facet normal 0 -1 0
    outer loop
      vertex 106.5 169.10000000000002 133.3
      vertex 123.5 169.10000000000002 127.3
      vertex 123.5 169.10000000000002 133.3
    endloop
  endfacet
  facet normal -1 0 0
    outer loop
      vertex 123.5 169.10000000000002 127.3
      vertex 123.5 168 127.3
      vertex 123.5 169.10000000000002 133.3
    endloop
  endfacet
  facet normal -1 0 0
    outer loop
      vertex 123.5 169.10000000000002 133.3
      vertex 123.5 168 127.3
      vertex 123.5 168 133.3
    endloop
  endfacet
  facet normal 0 0 -1
    outer loop
      vertex 106.5 169.10000000000002 133.3
      vertex 123.5 169.10000000000002 133.3
      vertex 123.5 168 133.3
    endloop
  endfacet
  facet normal 1 0 0
    outer loop
      vertex 106 62.6 134
      vertex 106 63.600000001490116 134
      vertex 106 63.600000001490116 134.1715728789568
    endloop
  endfacet
  facet normal 1 0 0
    outer loop
      vertex 106 62.6 134
      vertex 106 63.600000001490116 134.1715728789568
      vertex 106 63.63842944055796 134.56175352633
    endloop
  endfacet
  facet normal 1 0 0
    outer loop
      vertex 106 62.6 134
      vertex 106 63.63842944055796 134.56175352633
      vertex 106 63.75224093347788 134.93693974614143
    endloop
  endfacet
  facet normal 1 0 0
    outer loop
      vertex 106 62.6 134
      vertex 106 63.75224093347788 134.93693974614143
      vertex 106 63.93706077337265 135.2827133461833
    endloop
  endfacet
  facet normal 1 0 0
    outer loop
      vertex 106 62.6 134
      vertex 106 63.93706077337265 135.2827133461833
      vertex 106 64.18578644096851 135.5857864394784
    endloop
  endfacet
  facet normal 0 0 1
    outer loop
      vertex 106 62.6 134
      vertex 124 63.600000001490116 134
      vertex 106 63.600000001490116 134
    endloop
  endfacet
  facet normal 1 0 0
    outer loop
      vertex 106 62.6 134
      vertex 106 63.600000001490116 137.79999999701977
      vertex 106 62.6 138
    endloop
  endfacet
  facet normal 1 0 0
    outer loop
      vertex 106 62.6 138
      vertex 106 63.600000001490116 137.79999999701977
      vertex 106 62.6 139
    endloop
  endfacet
  facet normal 1 0 0
    outer loop
      vertex 106 62.6 139
      vertex 106 63.600000001490116 137.79999999701977
      vertex 106 63.600000001490116 139
    endloop
  endfacet
  facet normal 0 1 0
    outer loop
      vertex 106 62.6 134
      vertex 106 62.6 138
      vertex 124 62.6 138
    endloop
  endfacet
  facet normal 1 0 0
    outer loop
      vertex 106 62.6 134
      vertex 106 64.18578644096851 135.5857864394784
      vertex 106 66.39999999850988 137.79999999701977
    endloop
  endfacet
  facet normal 1 0 0
    outer loop
      vertex 106 62.6 134
      vertex 106 66.39999999850988 137.79999999701977
      vertex 106 63.600000001490116 137.79999999701977
    endloop
  endfacet
  facet normal 0 0 1
    outer loop
      vertex 106 62.6 134
      vertex 124 62.6 134
      vertex 124 63.600000001490116 134
    endloop
  endfacet
  facet normal 0 1 0
    outer loop
      vertex 106 62.6 134
      vertex 124 62.6 138
      vertex 124 62.6 134
    endloop
  endfacet
  facet normal -1 0 0
    outer loop
      vertex 124 62.6 134
      vertex 124 63.600000001490116 134.1715728789568
      vertex 124 63.600000001490116 134
    endloop
  endfacet
  facet normal -1 0 0
    outer loop
      vertex 124 62.6 134
      vertex 124 63.63842944055796 134.56175352633
      vertex 124 63.600000001490116 134.1715728789568
    endloop
  endfacet
  facet normal -1 0 0
    outer loop
      vertex 124 62.6 134
      vertex 124 63.75224093347788 134.93693974614143
      vertex 124 63.63842944055796 134.56175352633
    endloop
  endfacet
  facet normal -1 0 0
    outer loop
      vertex 124 62.6 134
      vertex 124 63.600000001490116 137.79999999701977
      vertex 124 63.75224093347788 134.93693974614143
    endloop
  endfacet
  facet normal -1 0 0
    outer loop
      vertex 124 63.75224093347788 134.93693974614143
      vertex 124 63.600000001490116 137.79999999701977
      vertex 124 63.93706077337265 135.2827133461833
    endloop
  endfacet
  facet normal -1 0 0
    outer loop
      vertex 124 63.93706077337265 135.2827133461833
      vertex 124 63.600000001490116 137.79999999701977
      vertex 124 64.18578644096851 135.5857864394784
    endloop
  endfacet
  facet normal -1 0 0
    outer loop
      vertex 124 62.6 134
      vertex 124 62.6 138
      vertex 124 63.600000001490116 137.79999999701977
    endloop
  endfacet
  facet normal -1 0 0
    outer loop
      vertex 124 62.6 138
      vertex 124 63.600000001490116 138
      vertex 124 63.600000001490116 137.79999999701977
    endloop
  endfacet
  facet normal -1 0 0
    outer loop
      vertex 124 63.41702127659575 139
      vertex 124 63.600000001490116 139
      vertex 124 63.600000001490116 138.80092592430475
    endloop
  endfacet
  facet normal -1 0 0
    outer loop
      vertex 124 64.18578644096851 135.5857864394784
      vertex 124 63.600000001490116 137.79999999701977
      vertex 124 66.39999999850988 137.79999999701977
    endloop
  endfacet
  facet normal 1 0 0
    outer loop
      vertex 106 167.96157056093216 134.56175352633
      vertex 106 168 137.79999999701977
      vertex 106 167.84775906801224 134.93693974614143
    endloop
  endfacet
  facet normal 1 0 0
    outer loop
      vertex 106 167.96157056093216 134.56175352633
      vertex 106 168 134.1715728789568
      vertex 106 168 137.79999999701977
    endloop
  endfacet
  facet normal 1 0 0
    outer loop
      vertex 106 167.84775906801224 134.93693974614143
      vertex 106 168 137.79999999701977
      vertex 106 167.66293922811747 135.2827133461833
    endloop
  endfacet
  facet normal 1 0 0
    outer loop
      vertex 106 167.66293922811747 135.2827133461833
      vertex 106 168 137.79999999701977
      vertex 106 167.4142135605216 135.5857864394784
    endloop
  endfacet
  facet normal 0 -1 0
    outer loop
      vertex 106 168 134.1715728789568
      vertex 124 168 137.79999999701977
      vertex 106 168 137.79999999701977
    endloop
  endfacet
  facet normal 1 0 0
    outer loop
      vertex 106 165.1999999959444 137.79999999701977
      vertex 106 167.4142135605216 135.5857864394784
      vertex 106 168 137.79999999701977
    endloop
  endfacet
  facet normal 0 -1 0
    outer loop
      vertex 106 168 134.1715728789568
      vertex 124 168 134.1715728789568
      vertex 124 168 137.79999999701977
    endloop
  endfacet
  facet normal -1 0 0
    outer loop
      vertex 124 167.84775906801224 134.93693974614143
      vertex 124 168 137.79999999701977
      vertex 124 167.96157056093216 134.56175352633
    endloop
  endfacet
  facet normal -1 0 0
    outer loop
      vertex 124 167.96157056093216 134.56175352633
      vertex 124 168 137.79999999701977
      vertex 124 168 134.1715728789568
    endloop
  endfacet
  facet normal -1 0 0
    outer loop
      vertex 124 167.66293922811747 135.2827133461833
      vertex 124 168 137.79999999701977
      vertex 124 167.84775906801224 134.93693974614143
    endloop
  endfacet
  facet normal -1 0 0
    outer loop
      vertex 124 167.4142135605216 135.5857864394784
      vertex 124 168 137.79999999701977
      vertex 124 167.66293922811747 135.2827133461833
    endloop
  endfacet
  facet normal -1 0 0
    outer loop
      vertex 124 167.4142135605216 135.5857864394784
      vertex 124 165.1999999959444 137.79999999701977
      vertex 124 168 137.79999999701977
    endloop
  endfacet
  facet normal 0 1 0
    outer loop
      vertex 2.4 133.2 138
      vertex 2.8 133.2 141
      vertex 2.8 133.2 138
    endloop
  endfacet
  facet normal 0 1 0
    outer loop
      vertex 2.4 133.2 138
      vertex 2.4 133.2 141
      vertex 2.8 133.2 141
    endloop
  endfacet
  facet normal 0 0 1
    outer loop
      vertex 2.4 133.2 138
      vertex 2.8 133.2 138
      vertex 2.4 136.39999999999998 138
    endloop
  endfacet
  facet normal 0 0 1
    outer loop
      vertex 2.4 136.39999999999998 138
      vertex 2.8 133.2 138
      vertex 2.8 136.39999999999998 138
    endloop
  endfacet
  facet normal 1 0 0
    outer loop
      vertex 2.4 133.2 138
      vertex 2.4 136.39999999999998 141
      vertex 2.4 133.2 141
    endloop
  endfacet
  facet normal 1 0 0
    outer loop
      vertex 2.4 133.2 138
      vertex 2.4 136.39999999999998 138
      vertex 2.4 136.39999999999998 141
    endloop
  endfacet
  facet normal 0 -1 0
    outer loop
      vertex 2.4 136.39999999999998 138
      vertex 2.8 136.39999999999998 138
      vertex 2.4 136.39999999999998 141
    endloop
  endfacet
  facet normal 0 -1 0
    outer loop
      vertex 2.8 136.39999999999998 141
      vertex 2.4 136.39999999999998 141
      vertex 2.8 136.39999999999998 138
    endloop
  endfacet
  facet normal 0 0 1
    outer loop
      vertex 45.76 133.2 138
      vertex 48.16 133.2 138
      vertex 45.76 136.39999999999998 138
    endloop
  endfacet
  facet normal 0 0 1
    outer loop
      vertex 45.76 136.39999999999998 138
      vertex 48.16 133.2 138
      vertex 48.16 136.39999999999998 138
    endloop
  endfacet
  facet normal 0 0 1
    outer loop
      vertex 91.12 133.2 138
      vertex 93.52000000000001 133.2 138
      vertex 91.12 136.39999999999998 138
    endloop
  endfacet
  facet normal 0 0 1
    outer loop
      vertex 91.12 136.39999999999998 138
      vertex 93.52000000000001 133.2 138
      vertex 93.52000000000001 136.39999999999998 138
    endloop
  endfacet
  facet normal 0 0 1
    outer loop
      vertex 136.48000000000002 133.2 138
      vertex 138.88000000000002 133.2 138
      vertex 136.48000000000002 136.39999999999998 138
    endloop
  endfacet
  facet normal 0 0 1
    outer loop
      vertex 136.48000000000002 136.39999999999998 138
      vertex 138.88000000000002 133.2 138
      vertex 138.88000000000002 136.39999999999998 138
    endloop
  endfacet
  facet normal 0 0 1
    outer loop
      vertex 181.84000000000003 133.2 138
      vertex 184.24 133.2 138
      vertex 181.84000000000003 136.39999999999998 138
    endloop
  endfacet
  facet normal 0 0 1
    outer loop
      vertex 181.84000000000003 136.39999999999998 138
      vertex 184.24 133.2 138
      vertex 184.24 136.39999999999998 138
    endloop
  endfacet
  facet normal 0 1 0
    outer loop
      vertex 227.60000000000002 133.2 138
      vertex 227.20000000000002 133.2 138
      vertex 227.60000000000002 133.2 141
    endloop
  endfacet
  facet normal 0 1 0
    outer loop
      vertex 227.20000000000002 133.2 138
      vertex 227.20000000000002 133.2 141
      vertex 227.60000000000002 133.2 141
    endloop
  endfacet
  facet normal 0 0 1
    outer loop
      vertex 227.60000000000002 133.2 138
      vertex 227.20000000000002 136.39999999999998 138
      vertex 227.20000000000002 133.2 138
    endloop
  endfacet
  facet normal 0 0 1
    outer loop
      vertex 227.60000000000002 133.2 138
      vertex 227.60000000000002 136.39999999999998 138
      vertex 227.20000000000002 136.39999999999998 138
    endloop
  endfacet
  facet normal -1 0 0
    outer loop
      vertex 227.60000000000002 133.2 138
      vertex 227.60000000000002 133.2 141
      vertex 227.60000000000002 136.39999999999998 138
    endloop
  endfacet
  facet normal -1 0 0
    outer loop
      vertex 227.60000000000002 136.39999999999998 138
      vertex 227.60000000000002 133.2 141
      vertex 227.60000000000002 136.39999999999998 141
    endloop
  endfacet
  facet normal 0 -1 0
    outer loop
      vertex 227.60000000000002 136.39999999999998 138
      vertex 227.20000000000002 136.39999999999998 141
      vertex 227.20000000000002 136.39999999999998 138
    endloop
  endfacet
  facet normal 0 -1 0
    outer loop
      vertex 227.60000000000002 136.39999999999998 138
      vertex 227.60000000000002 136.39999999999998 141
      vertex 227.20000000000002 136.39999999999998 141
    endloop
  endfacet
  facet normal 1 0 0
    outer loop
      vertex 106 62.6 138
      vertex 106 61.20000000298023 141
      vertex 106 61.20000000298023 138
    endloop
  endfacet
  facet normal 1 0 0
    outer loop
      vertex 106 62.6 138
      vertex 106 62.6 139
      vertex 106 61.20000000298023 141
    endloop
  endfacet
  facet normal 1 0 0
    outer loop
      vertex 106 62.6 139
      vertex 106 63.600000001490116 141
      vertex 106 61.20000000298023 141
    endloop
  endfacet
  facet normal 1 0 0
    outer loop
      vertex 106 62.6 139
      vertex 106 63.600000001490116 139
      vertex 106 63.600000001490116 141
    endloop
  endfacet
  facet normal 0 0 1
    outer loop
      vertex 106 62.6 138
      vertex 106 61.20000000298023 138
      vertex 124 62.6 138
    endloop
  endfacet
  facet normal 0 0 1
    outer loop
      vertex 124 62.6 138
      vertex 106 61.20000000298023 138
      vertex 124 61.20000000298023 138
    endloop
  endfacet
  facet normal -1 0 0
    outer loop
      vertex 124 62.6 138
      vertex 124 61.20000000298023 138
      vertex 124 63.41702127659575 139
    endloop
  endfacet
  facet normal -1 0 0
    outer loop
      vertex 124 62.6 138
      vertex 124 63.600000001490116 138.80092592430475
      vertex 124 63.600000001490116 138
    endloop
  endfacet
  facet normal -1 0 0
    outer loop
      vertex 124 62.6 138
      vertex 124 63.41702127659575 139
      vertex 124 63.600000001490116 138.80092592430475
    endloop
  endfacet
  facet normal -1 0 0
    outer loop
      vertex 124 63.41702127659575 139
      vertex 124 61.20000000298023 138
      vertex 124 61.20000000298023 141
    endloop
  endfacet
  facet normal -1 0 0
    outer loop
      vertex 124 63.41702127659575 139
      vertex 124 63.600000001490116 141
      vertex 124 63.600000001490116 139
    endloop
  endfacet
  facet normal -1 0 0
    outer loop
      vertex 124 63.41702127659575 139
      vertex 124 61.20000000298023 141
      vertex 124 63.600000001490116 141
    endloop
  endfacet
  facet normal 0 0 1
    outer loop
      vertex 224.60000000149012 10.949999998509885 10
      vertex 230 12.949999998509885 10
      vertex 230 20.650000001490117 10
    endloop
  endfacet
  facet normal 0 0 1
    outer loop
      vertex 224.60000000149012 10.949999998509885 10
      vertex 230 20.650000001490117 10
      vertex 224.60000000149012 22.650000001490117 10
    endloop
  endfacet
  facet normal -0.34731435590787346 0.937748760692489 0
    outer loop
      vertex 224.60000000149012 10.949999998509885 10
      vertex 224.60000000149012 10.949999998509885 47.85248814360058
      vertex 230 12.949999998509885 10
    endloop
  endfacet
  facet normal 1 0 0
    outer loop
      vertex 224.60000000149012 10.949999998509885 10
      vertex 224.60000000149012 22.650000001490117 10
      vertex 224.60000000149012 22.650000001490117 47.85248814360058
    endloop
  endfacet
  facet normal -0.34731435590787346 -0.937748760692489 0
    outer loop
      vertex 224.60000000149012 22.650000001490117 10
      vertex 230 20.650000001490117 10
      vertex 230 20.650000001490117 47.85248814360058
    endloop
  endfacet
  facet normal 1 0 0
    outer loop
      vertex 224.60000000149012 10.949999998509885 10
      vertex 224.60000000149012 22.650000001490117 47.85248814360058
      vertex 224.60000000149012 10.949999998509885 47.85248814360058
    endloop
  endfacet
  facet normal -0.34731435590787346 0.937748760692489 0
    outer loop
      vertex 224.60000000149012 10.949999998509885 47.85248814360058
      vertex 230 12.949999998509885 47.85248814360058
      vertex 230 12.949999998509885 10
    endloop
  endfacet
  facet normal -0.34731435590787346 -0.937748760692489 0
    outer loop
      vertex 224.60000000149012 22.650000001490117 10
      vertex 230 20.650000001490117 47.85248814360058
      vertex 224.60000000149012 22.650000001490117 47.85248814360058
    endloop
  endfacet
  facet normal 0 0 -1
    outer loop
      vertex 224.60000000149012 10.949999998509885 47.85248814360058
      vertex 230 20.650000001490117 47.85248814360058
      vertex 230 12.949999998509885 47.85248814360058
    endloop
  endfacet
  facet normal 0 0 -1
    outer loop
      vertex 224.60000000149012 10.949999998509885 47.85248814360058
      vertex 224.60000000149012 22.650000001490117 47.85248814360058
      vertex 230 20.650000001490117 47.85248814360058
    endloop
  endfacet
  facet normal 0 0 1
    outer loop
      vertex 224.60000000149012 92.74999999850988 10
      vertex 230 94.74999999850988 10
      vertex 230 102.45000000149011 10
    endloop
  endfacet
  facet normal 0 0 1
    outer loop
      vertex 224.60000000149012 92.74999999850988 10
      vertex 230 102.45000000149011 10
      vertex 224.60000000149012 104.45000000149011 10
    endloop
  endfacet
  facet normal -0.3473143559078734 0.9377487606924889 0
    outer loop
      vertex 224.60000000149012 92.74999999850988 10
      vertex 224.60000000149012 92.74999999850988 137.7
      vertex 230 94.74999999850988 10
    endloop
  endfacet
  facet normal 1 0 0
    outer loop
      vertex 224.60000000149012 92.74999999850988 10
      vertex 224.60000000149012 104.45000000149011 10
      vertex 224.60000000149012 104.45000000149011 137.7
    endloop
  endfacet
  facet normal -0.34731435590787346 -0.9377487606924889 0
    outer loop
      vertex 224.60000000149012 104.45000000149011 10
      vertex 230 102.45000000149011 10
      vertex 230 102.45000000149011 141
    endloop
  endfacet
  facet normal -0.34731435590787235 0.9377487606924895 5.518806301472452e-17
    outer loop
      vertex 224.60000000149012 92.74999999850988 137.7
      vertex 227.20000000000002 93.71296296118668 137.7
      vertex 230 94.74999999850988 10
    endloop
  endfacet
  facet normal -0.34731435590787146 0.9377487606924896 0
    outer loop
      vertex 230 94.74999999850988 10
      vertex 227.20000000000002 93.71296296118668 137.7
      vertex 227.20000000000002 93.71296296118668 141
    endloop
  endfacet
  facet normal -0.34731435590787446 0.9377487606924886 0
    outer loop
      vertex 230 94.74999999850988 10
      vertex 227.20000000000002 93.71296296118668 141
      vertex 230 94.74999999850988 141
    endloop
  endfacet
  facet normal 1 0 0
    outer loop
      vertex 224.60000000149012 92.74999999850988 10
      vertex 224.60000000149012 104.45000000149011 137.7
      vertex 224.60000000149012 92.74999999850988 137.7
    endloop
  endfacet
  facet normal -0.34731435590787235 -0.9377487606924895 0
    outer loop
      vertex 224.60000000149012 104.45000000149011 10
      vertex 227.20000000000002 103.48703703881331 137.7
      vertex 224.60000000149012 104.45000000149011 137.7
    endloop
  endfacet
  facet normal -0.34731435590787446 -0.9377487606924886 5.2505990805746013e-17
    outer loop
      vertex 224.60000000149012 104.45000000149011 10
      vertex 230 102.45000000149011 141
      vertex 227.20000000000002 103.48703703881331 137.7
    endloop
  endfacet
  facet normal -0.3473143559078745 -0.9377487606924886 0
    outer loop
      vertex 230 102.45000000149011 141
      vertex 227.20000000000002 103.48703703881331 141
      vertex 227.20000000000002 103.48703703881331 137.7
    endloop
  endfacet
  facet normal 0 0 1
    outer loop
      vertex 8.280000000000001 0.6000000000000001 16.5
      vertex 8.280000000000001 0 16.5
      vertex 40.28 0.6000000000000001 16.5
    endloop
  endfacet
  facet normal 1 0 0
    outer loop
      vertex 8.280000000000001 0.6000000000000001 16.5
      vertex 8.280000000000001 0 25.5
      vertex 8.280000000000001 0 16.5
    endloop
  endfacet
  facet normal 1 0 0
    outer loop
      vertex 8.280000000000001 0.6000000000000001 16.5
      vertex 8.280000000000001 0.6000000000000001 25.5
      vertex 8.280000000000001 0 25.5
    endloop
  endfacet
  facet normal 0 -1 0
    outer loop
      vertex 8.280000000000001 0.6000000000000001 16.5
      vertex 40.28 0.6000000000000001 16.5
      vertex 8.280000000000001 0.6000000000000001 25.5
    endloop
  endfacet
  facet normal 0 0 -1
    outer loop
      vertex 8.280000000000001 0.6000000000000001 25.5
      vertex 40.28 0 25.5
      vertex 8.280000000000001 0 25.5
    endloop
  endfacet
  facet normal 0 0 1
    outer loop
      vertex 40.28 0.6000000000000001 16.5
      vertex 8.280000000000001 0 16.5
      vertex 40.28 0 16.5
    endloop
  endfacet
  facet normal 0 -1 0
    outer loop
      vertex 8.280000000000001 0.6000000000000001 25.5
      vertex 40.28 0.6000000000000001 16.5
      vertex 40.28 0.6000000000000001 25.5
    endloop
  endfacet
  facet normal 0 0 -1
    outer loop
      vertex 8.280000000000001 0.6000000000000001 25.5
      vertex 40.28 0.6000000000000001 25.5
      vertex 40.28 0 25.5
    endloop
  endfacet
  facet normal -1 0 0
    outer loop
      vertex 40.28 0.6000000000000001 16.5
      vertex 40.28 0 16.5
      vertex 40.28 0.6000000000000001 25.5
    endloop
  endfacet
  facet normal -1 0 0
    outer loop
      vertex 40.28 0.6000000000000001 25.5
      vertex 40.28 0 16.5
      vertex 40.28 0 25.5
    endloop
  endfacet
  facet normal 1 0 0
    outer loop
      vertex 8.280000000000001 31.8 55.378692411729695
      vertex 8.280000000000001 30.799999997019768 62.5258798673749
      vertex 8.280000000000001 30.799999997019768 55.378692411729695
    endloop
  endfacet
  facet normal 1 0 0
    outer loop
      vertex 8.280000000000001 31.8 55.378692411729695
      vertex 8.280000000000001 31.8 64.3786924117297
      vertex 8.280000000000001 30.799999997019768 62.5258798673749
    endloop
  endfacet
  facet normal 1 0 0
    outer loop
      vertex 8.280000000000001 31.8 64.3786924117297
      vertex 8.280000000000001 30.761570557951927 62.9160605147481
      vertex 8.280000000000001 30.799999997019768 62.5258798673749
    endloop
  endfacet
  facet normal 1 0 0
    outer loop
      vertex 8.280000000000001 31.8 64.3786924117297
      vertex 8.280000000000001 30.462939225137234 63.6370203346014
      vertex 8.280000000000001 30.647759065032005 63.291246734559536
    endloop
  endfacet
  facet normal 1 0 0
    outer loop
      vertex 8.280000000000001 31.8 64.3786924117297
      vertex 8.280000000000001 30.647759065032005 63.291246734559536
      vertex 8.280000000000001 30.761570557951927 62.9160605147481
    endloop
  endfacet
  facet normal 1 0 0
    outer loop
      vertex 8.280000000000001 31.8 64.3786924117297
      vertex 8.280000000000001 30.21421355754137 63.9400934278965
      vertex 8.280000000000001 30.462939225137234 63.6370203346014
    endloop
  endfacet
  facet normal 1 0 0
    outer loop
      vertex 8.280000000000001 31.8 64.3786924117297
      vertex 8.280000000000001 30.2 63.95175819348144
      vertex 8.280000000000001 30.21421355754137 63.9400934278965
    endloop
  endfacet
  facet normal 1 0 0
    outer loop
      vertex 8.280000000000001 30.2 64.3786924117297
      vertex 8.280000000000001 30.2 63.95175819348144
      vertex 8.280000000000001 31.8 64.3786924117297
    endloop
  endfacet
  facet normal 0 0 1
    outer loop
      vertex 8.280000000000001 31.8 55.378692411729695
      vertex 8.280000000000001 30.799999997019768 55.378692411729695
      vertex 40.28 31.8 55.378692411729695
    endloop
  endfacet
  facet normal 0 -1 0
    outer loop
      vertex 8.280000000000001 31.8 55.378692411729695
      vertex 40.28 31.8 55.378692411729695
      vertex 8.280000000000001 31.8 64.3786924117297
    endloop
  endfacet
  facet normal 0 1 0
    outer loop
      vertex 8.280000000000001 30.2 64.3786924117297
      vertex 40.28 30.2 63.95175819348144
      vertex 8.280000000000001 30.2 63.95175819348144
    endloop
  endfacet
  facet normal 0 0 -1
    outer loop
      vertex 8.280000000000001 30.2 64.3786924117297
      vertex 8.280000000000001 31.8 64.3786924117297
      vertex 40.28 30.2 64.3786924117297
    endloop
  endfacet
  facet normal 0 0 1
    outer loop
      vertex 40.28 31.8 55.378692411729695
      vertex 8.280000000000001 30.799999997019768 55.378692411729695
      vertex 40.28 30.799999997019768 55.378692411729695
    endloop
  endfacet
  facet normal 0 -1 0
    outer loop
      vertex 8.280000000000001 31.8 64.3786924117297
      vertex 40.28 31.8 55.378692411729695
      vertex 40.28 31.8 64.3786924117297
    endloop
  endfacet
  facet normal 0 1 0
    outer loop
      vertex 8.280000000000001 30.2 64.3786924117297
      vertex 40.28 30.2 64.3786924117297
      vertex 40.28 30.2 63.95175819348144
    endloop
  endfacet
  facet normal 0 0 -1
    outer loop
      vertex 8.280000000000001 31.8 64.3786924117297
      vertex 40.28 31.8 64.3786924117297
      vertex 40.28 30.2 64.3786924117297
    endloop
  endfacet
  facet normal -1 0 0
    outer loop
      vertex 40.28 31.8 55.378692411729695
      vertex 40.28 30.799999997019768 55.378692411729695
      vertex 40.28 30.799999997019768 62.5258798673749
    endloop
  endfacet
  facet normal -1 0 0
    outer loop
      vertex 40.28 31.8 55.378692411729695
      vertex 40.28 30.799999997019768 62.5258798673749
      vertex 40.28 30.761570557951927 62.9160605147481
    endloop
  endfacet
  facet normal -1 0 0
    outer loop
      vertex 40.28 31.8 55.378692411729695
      vertex 40.28 30.761570557951927 62.9160605147481
      vertex 40.28 31.8 64.3786924117297
    endloop
  endfacet
  facet normal -1 0 0
    outer loop
      vertex 40.28 31.8 64.3786924117297
      vertex 40.28 30.647759065032005 63.291246734559536
      vertex 40.28 30.462939225137234 63.6370203346014
    endloop
  endfacet
  facet normal -1 0 0
    outer loop
      vertex 40.28 31.8 64.3786924117297
      vertex 40.28 30.761570557951927 62.9160605147481
      vertex 40.28 30.647759065032005 63.291246734559536
    endloop
  endfacet
  facet normal -1 0 0
    outer loop
      vertex 40.28 30.2 64.3786924117297
      vertex 40.28 30.462939225137234 63.6370203346014
      vertex 40.28 30.21421355754137 63.9400934278965
    endloop
  endfacet
  facet normal -1 0 0
    outer loop
      vertex 40.28 30.2 64.3786924117297
      vertex 40.28 30.21421355754137 63.9400934278965
      vertex 40.28 30.2 63.95175819348144
    endloop
  endfacet
  facet normal -1 0 0
    outer loop
      vertex 40.28 30.2 64.3786924117297
      vertex 40.28 31.8 64.3786924117297
      vertex 40.28 30.462939225137234 63.6370203346014
    endloop
  endfacet
  facet normal 1 0 0
    outer loop
      vertex 53.64 0.6000000000000001 16.5
      vertex 53.64 0 25.5
      vertex 53.64 0 16.5
    endloop
  endfacet
  facet normal 1 0 0
    outer loop
      vertex 53.64 0.6000000000000001 16.5
      vertex 53.64 0.6000000000000001 25.5
      vertex 53.64 0 25.5
    endloop
  endfacet
  facet normal 0 0 1
    outer loop
      vertex 53.64 0.6000000000000001 16.5
      vertex 53.64 0 16.5
      vertex 85.64 0.6000000000000001 16.5
    endloop
  endfacet
  facet normal 0 0 1
    outer loop
      vertex 85.64 0.6000000000000001 16.5
      vertex 53.64 0 16.5
      vertex 85.64 0 16.5
    endloop
  endfacet
  facet normal 0 -1 0
    outer loop
      vertex 53.64 0.6000000000000001 16.5
      vertex 85.64 0.6000000000000001 16.5
      vertex 53.64 0.6000000000000001 25.5
    endloop
  endfacet
  facet normal 0 0 -1
    outer loop
      vertex 53.64 0.6000000000000001 25.5
      vertex 85.64 0 25.5
      vertex 53.64 0 25.5
    endloop
  endfacet
  facet normal 0 -1 0
    outer loop
      vertex 53.64 0.6000000000000001 25.5
      vertex 85.64 0.6000000000000001 16.5
      vertex 85.64 0.6000000000000001 25.5
    endloop
  endfacet
  facet normal 0 0 -1
    outer loop
      vertex 53.64 0.6000000000000001 25.5
      vertex 85.64 0.6000000000000001 25.5
      vertex 85.64 0 25.5
    endloop
  endfacet
  facet normal -1 0 0
    outer loop
      vertex 85.64 0.6000000000000001 16.5
      vertex 85.64 0 16.5
      vertex 85.64 0.6000000000000001 25.5
    endloop
  endfacet
  facet normal -1 0 0
    outer loop
      vertex 85.64 0.6000000000000001 25.5
      vertex 85.64 0 16.5
      vertex 85.64 0 25.5
    endloop
  endfacet
  facet normal 1 0 0
    outer loop
      vertex 53.64 31.8 55.378692411729695
      vertex 53.64 30.799999997019768 62.5258798673749
      vertex 53.64 30.799999997019768 55.378692411729695
    endloop
  endfacet
  facet normal 1 0 0
    outer loop
      vertex 53.64 31.8 55.378692411729695
      vertex 53.64 31.8 64.3786924117297
      vertex 53.64 30.799999997019768 62.5258798673749
    endloop
  endfacet
  facet normal 1 0 0
    outer loop
      vertex 53.64 31.8 64.3786924117297
      vertex 53.64 30.761570557951927 62.9160605147481
      vertex 53.64 30.799999997019768 62.5258798673749
    endloop
  endfacet
  facet normal 1 0 0
    outer loop
      vertex 53.64 31.8 64.3786924117297
      vertex 53.64 30.462939225137234 63.6370203346014
      vertex 53.64 30.647759065032005 63.291246734559536
    endloop
  endfacet
  facet normal 1 0 0
    outer loop
      vertex 53.64 31.8 64.3786924117297
      vertex 53.64 30.647759065032005 63.291246734559536
      vertex 53.64 30.761570557951927 62.9160605147481
    endloop
  endfacet
  facet normal 1 0 0
    outer loop
      vertex 53.64 31.8 64.3786924117297
      vertex 53.64 30.21421355754137 63.9400934278965
      vertex 53.64 30.462939225137234 63.6370203346014
    endloop
  endfacet
  facet normal 1 0 0
    outer loop
      vertex 53.64 31.8 64.3786924117297
      vertex 53.64 30.2 63.95175819348144
      vertex 53.64 30.21421355754137 63.9400934278965
    endloop
  endfacet
  facet normal 1 0 0
    outer loop
      vertex 53.64 30.2 64.3786924117297
      vertex 53.64 30.2 63.95175819348144
      vertex 53.64 31.8 64.3786924117297
    endloop
  endfacet
  facet normal 0 0 1
    outer loop
      vertex 53.64 31.8 55.378692411729695
      vertex 53.64 30.799999997019768 55.378692411729695
      vertex 85.64 31.8 55.378692411729695
    endloop
  endfacet
  facet normal 0 -1 0
    outer loop
      vertex 53.64 31.8 55.378692411729695
      vertex 85.64 31.8 55.378692411729695
      vertex 53.64 31.8 64.3786924117297
    endloop
  endfacet
  facet normal 0 1 0
    outer loop
      vertex 53.64 30.2 64.3786924117297
      vertex 85.64 30.2 63.95175819348144
      vertex 53.64 30.2 63.95175819348144
    endloop
  endfacet
  facet normal 0 0 -1
    outer loop
      vertex 53.64 30.2 64.3786924117297
      vertex 53.64 31.8 64.3786924117297
      vertex 85.64 30.2 64.3786924117297
    endloop
  endfacet
  facet normal 0 0 1
    outer loop
      vertex 85.64 31.8 55.378692411729695
      vertex 53.64 30.799999997019768 55.378692411729695
      vertex 85.64 30.799999997019768 55.378692411729695
    endloop
  endfacet
  facet normal 0 -1 0
    outer loop
      vertex 53.64 31.8 64.3786924117297
      vertex 85.64 31.8 55.378692411729695
      vertex 85.64 31.8 64.3786924117297
    endloop
  endfacet
  facet normal 0 1 0
    outer loop
      vertex 53.64 30.2 64.3786924117297
      vertex 85.64 30.2 64.3786924117297
      vertex 85.64 30.2 63.95175819348144
    endloop
  endfacet
  facet normal 0 0 -1
    outer loop
      vertex 53.64 31.8 64.3786924117297
      vertex 85.64 31.8 64.3786924117297
      vertex 85.64 30.2 64.3786924117297
    endloop
  endfacet
  facet normal -1 0 0
    outer loop
      vertex 85.64 31.8 55.378692411729695
      vertex 85.64 30.799999997019768 55.378692411729695
      vertex 85.64 30.799999997019768 62.5258798673749
    endloop
  endfacet
  facet normal -1 0 0
    outer loop
      vertex 85.64 31.8 55.378692411729695
      vertex 85.64 30.799999997019768 62.5258798673749
      vertex 85.64 30.761570557951927 62.9160605147481
    endloop
  endfacet
  facet normal -1 0 0
    outer loop
      vertex 85.64 31.8 55.378692411729695
      vertex 85.64 30.761570557951927 62.9160605147481
      vertex 85.64 31.8 64.3786924117297
    endloop
  endfacet
  facet normal -1 0 0
    outer loop
      vertex 85.64 31.8 64.3786924117297
      vertex 85.64 30.647759065032005 63.291246734559536
      vertex 85.64 30.462939225137234 63.6370203346014
    endloop
  endfacet
  facet normal -1 0 0
    outer loop
      vertex 85.64 31.8 64.3786924117297
      vertex 85.64 30.761570557951927 62.9160605147481
      vertex 85.64 30.647759065032005 63.291246734559536
    endloop
  endfacet
  facet normal -1 0 0
    outer loop
      vertex 85.64 30.2 64.3786924117297
      vertex 85.64 30.462939225137234 63.6370203346014
      vertex 85.64 30.21421355754137 63.9400934278965
    endloop
  endfacet
  facet normal -1 0 0
    outer loop
      vertex 85.64 30.2 64.3786924117297
      vertex 85.64 30.21421355754137 63.9400934278965
      vertex 85.64 30.2 63.95175819348144
    endloop
  endfacet
  facet normal -1 0 0
    outer loop
      vertex 85.64 30.2 64.3786924117297
      vertex 85.64 31.8 64.3786924117297
      vertex 85.64 30.462939225137234 63.6370203346014
    endloop
  endfacet
  facet normal 0 0 1
    outer loop
      vertex 99 0.6000000000000001 16.5
      vertex 99 0 16.5
      vertex 131 0.6000000000000001 16.5
    endloop
  endfacet
  facet normal 1 0 0
    outer loop
      vertex 99 0.6000000000000001 16.5
      vertex 99 0 25.5
      vertex 99 0 16.5
    endloop
  endfacet
  facet normal 1 0 0
    outer loop
      vertex 99 0.6000000000000001 16.5
      vertex 99 0.6000000000000001 25.5
      vertex 99 0 25.5
    endloop
  endfacet
  facet normal 0 -1 0
    outer loop
      vertex 99 0.6000000000000001 16.5
      vertex 131 0.6000000000000001 16.5
      vertex 99 0.6000000000000001 25.5
    endloop
  endfacet
  facet normal 0 0 -1
    outer loop
      vertex 99 0.6000000000000001 25.5
      vertex 131 0 25.5
      vertex 99 0 25.5
    endloop
  endfacet
  facet normal 0 0 1
    outer loop
      vertex 131 0.6000000000000001 16.5
      vertex 99 0 16.5
      vertex 131 0 16.5
    endloop
  endfacet
  facet normal 0 -1 0
    outer loop
      vertex 99 0.6000000000000001 25.5
      vertex 131 0.6000000000000001 16.5
      vertex 131 0.6000000000000001 25.5
    endloop
  endfacet
  facet normal 0 0 -1
    outer loop
      vertex 99 0.6000000000000001 25.5
      vertex 131 0.6000000000000001 25.5
      vertex 131 0 25.5
    endloop
  endfacet
  facet normal -1 0 0
    outer loop
      vertex 131 0.6000000000000001 16.5
      vertex 131 0 16.5
      vertex 131 0.6000000000000001 25.5
    endloop
  endfacet
  facet normal -1 0 0
    outer loop
      vertex 131 0.6000000000000001 25.5
      vertex 131 0 16.5
      vertex 131 0 25.5
    endloop
  endfacet
  facet normal 1 0 0
    outer loop
      vertex 99 31.8 55.378692411729695
      vertex 99 30.799999997019768 62.5258798673749
      vertex 99 30.799999997019768 55.378692411729695
    endloop
  endfacet
  facet normal 1 0 0
    outer loop
      vertex 99 31.8 55.378692411729695
      vertex 99 31.8 64.3786924117297
      vertex 99 30.799999997019768 62.5258798673749
    endloop
  endfacet
  facet normal 0 0 1
    outer loop
      vertex 99 31.8 55.378692411729695
      vertex 99 30.799999997019768 55.378692411729695
      vertex 131 31.8 55.378692411729695
    endloop
  endfacet
  facet normal 0 -1 0
    outer loop
      vertex 99 31.8 55.378692411729695
      vertex 131 31.8 55.378692411729695
      vertex 99 31.8 64.3786924117297
    endloop
  endfacet
  facet normal 1 0 0
    outer loop
      vertex 99 31.8 64.3786924117297
      vertex 99 30.761570557951927 62.9160605147481
      vertex 99 30.799999997019768 62.5258798673749
    endloop
  endfacet
  facet normal 1 0 0
    outer loop
      vertex 99 31.8 64.3786924117297
      vertex 99 30.462939225137234 63.6370203346014
      vertex 99 30.647759065032005 63.291246734559536
    endloop
  endfacet
  facet normal 1 0 0
    outer loop
      vertex 99 31.8 64.3786924117297
      vertex 99 30.647759065032005 63.291246734559536
      vertex 99 30.761570557951927 62.9160605147481
    endloop
  endfacet
  facet normal 1 0 0
    outer loop
      vertex 99 31.8 64.3786924117297
      vertex 99 30.21421355754137 63.9400934278965
      vertex 99 30.462939225137234 63.6370203346014
    endloop
  endfacet
  facet normal 1 0 0
    outer loop
      vertex 99 31.8 64.3786924117297
      vertex 99 30.2 63.95175819348144
      vertex 99 30.21421355754137 63.9400934278965
    endloop
  endfacet
  facet normal 1 0 0
    outer loop
      vertex 99 30.2 64.3786924117297
      vertex 99 30.2 63.95175819348144
      vertex 99 31.8 64.3786924117297
    endloop
  endfacet
  facet normal 0 1 0
    outer loop
      vertex 99 30.2 64.3786924117297
      vertex 131 30.2 63.95175819348144
      vertex 99 30.2 63.95175819348144
    endloop
  endfacet
  facet normal 0 0 -1
    outer loop
      vertex 99 30.2 64.3786924117297
      vertex 99 31.8 64.3786924117297
      vertex 131 30.2 64.3786924117297
    endloop
  endfacet
  facet normal 0 0 1
    outer loop
      vertex 131 31.8 55.378692411729695
      vertex 99 30.799999997019768 55.378692411729695
      vertex 131 30.799999997019768 55.378692411729695
    endloop
  endfacet
  facet normal 0 -1 0
    outer loop
      vertex 99 31.8 64.3786924117297
      vertex 131 31.8 55.378692411729695
      vertex 131 31.8 64.3786924117297
    endloop
  endfacet
  facet normal 0 1 0
    outer loop
      vertex 99 30.2 64.3786924117297
      vertex 131 30.2 64.3786924117297
      vertex 131 30.2 63.95175819348144
    endloop
  endfacet
  facet normal 0 0 -1
    outer loop
      vertex 99 31.8 64.3786924117297
      vertex 131 31.8 64.3786924117297
      vertex 131 30.2 64.3786924117297
    endloop
  endfacet
  facet normal -1 0 0
    outer loop
      vertex 131 31.8 55.378692411729695
      vertex 131 30.799999997019768 55.378692411729695
      vertex 131 30.799999997019768 62.5258798673749
    endloop
  endfacet
  facet normal -1 0 0
    outer loop
      vertex 131 31.8 55.378692411729695
      vertex 131 30.799999997019768 62.5258798673749
      vertex 131 30.761570557951927 62.9160605147481
    endloop
  endfacet
  facet normal -1 0 0
    outer loop
      vertex 131 31.8 55.378692411729695
      vertex 131 30.761570557951927 62.9160605147481
      vertex 131 31.8 64.3786924117297
    endloop
  endfacet
  facet normal -1 0 0
    outer loop
      vertex 131 31.8 64.3786924117297
      vertex 131 30.647759065032005 63.291246734559536
      vertex 131 30.462939225137234 63.6370203346014
    endloop
  endfacet
  facet normal -1 0 0
    outer loop
      vertex 131 31.8 64.3786924117297
      vertex 131 30.761570557951927 62.9160605147481
      vertex 131 30.647759065032005 63.291246734559536
    endloop
  endfacet
  facet normal -1 0 0
    outer loop
      vertex 131 30.2 64.3786924117297
      vertex 131 30.462939225137234 63.6370203346014
      vertex 131 30.21421355754137 63.9400934278965
    endloop
  endfacet
  facet normal -1 0 0
    outer loop
      vertex 131 30.2 64.3786924117297
      vertex 131 30.21421355754137 63.9400934278965
      vertex 131 30.2 63.95175819348144
    endloop
  endfacet
  facet normal -1 0 0
    outer loop
      vertex 131 30.2 64.3786924117297
      vertex 131 31.8 64.3786924117297
      vertex 131 30.462939225137234 63.6370203346014
    endloop
  endfacet
  facet normal 0 0 1
    outer loop
      vertex 144.35999999999999 0.6000000000000001 16.5
      vertex 144.35999999999999 0 16.5
      vertex 176.35999999999999 0.6000000000000001 16.5
    endloop
  endfacet
  facet normal 0 0 1
    outer loop
      vertex 176.35999999999999 0.6000000000000001 16.5
      vertex 144.35999999999999 0 16.5
      vertex 176.35999999999999 0 16.5
    endloop
  endfacet
  facet normal 1 0 0
    outer loop
      vertex 144.35999999999999 0.6000000000000001 16.5
      vertex 144.35999999999999 0 25.5
      vertex 144.35999999999999 0 16.5
    endloop
  endfacet
  facet normal 1 0 0
    outer loop
      vertex 144.35999999999999 0.6000000000000001 16.5
      vertex 144.35999999999999 0.6000000000000001 25.5
      vertex 144.35999999999999 0 25.5
    endloop
  endfacet
  facet normal 0 -1 0
    outer loop
      vertex 144.35999999999999 0.6000000000000001 16.5
      vertex 176.35999999999999 0.6000000000000001 16.5
      vertex 144.35999999999999 0.6000000000000001 25.5
    endloop
  endfacet
  facet normal 0 0 -1
    outer loop
      vertex 144.35999999999999 0.6000000000000001 25.5
      vertex 176.35999999999999 0 25.5
      vertex 144.35999999999999 0 25.5
    endloop
  endfacet
  facet normal 0 -1 0
    outer loop
      vertex 144.35999999999999 0.6000000000000001 25.5
      vertex 176.35999999999999 0.6000000000000001 16.5
      vertex 176.35999999999999 0.6000000000000001 25.5
    endloop
  endfacet
  facet normal 0 0 -1
    outer loop
      vertex 144.35999999999999 0.6000000000000001 25.5
      vertex 176.35999999999999 0.6000000000000001 25.5
      vertex 176.35999999999999 0 25.5
    endloop
  endfacet
  facet normal -1 0 0
    outer loop
      vertex 176.35999999999999 0.6000000000000001 16.5
      vertex 176.35999999999999 0 16.5
      vertex 176.35999999999999 0.6000000000000001 25.5
    endloop
  endfacet
  facet normal -1 0 0
    outer loop
      vertex 176.35999999999999 0.6000000000000001 25.5
      vertex 176.35999999999999 0 16.5
      vertex 176.35999999999999 0 25.5
    endloop
  endfacet
  facet normal 1 0 0
    outer loop
      vertex 144.35999999999999 31.8 55.378692411729695
      vertex 144.35999999999999 30.799999997019768 62.5258798673749
      vertex 144.35999999999999 30.799999997019768 55.378692411729695
    endloop
  endfacet
  facet normal 1 0 0
    outer loop
      vertex 144.35999999999999 31.8 55.378692411729695
      vertex 144.35999999999999 31.8 64.3786924117297
      vertex 144.35999999999999 30.799999997019768 62.5258798673749
    endloop
  endfacet
  facet normal 0 0 1
    outer loop
      vertex 144.35999999999999 31.8 55.378692411729695
      vertex 144.35999999999999 30.799999997019768 55.378692411729695
      vertex 176.35999999999999 31.8 55.378692411729695
    endloop
  endfacet
  facet normal 0 -1 0
    outer loop
      vertex 144.35999999999999 31.8 55.378692411729695
      vertex 176.35999999999999 31.8 55.378692411729695
      vertex 144.35999999999999 31.8 64.3786924117297
    endloop
  endfacet
  facet normal 1 0 0
    outer loop
      vertex 144.35999999999999 31.8 64.3786924117297
      vertex 144.35999999999999 30.761570557951927 62.9160605147481
      vertex 144.35999999999999 30.799999997019768 62.5258798673749
    endloop
  endfacet
  facet normal 1 0 0
    outer loop
      vertex 144.35999999999999 31.8 64.3786924117297
      vertex 144.35999999999999 30.462939225137234 63.6370203346014
      vertex 144.35999999999999 30.647759065032005 63.291246734559536
    endloop
  endfacet
  facet normal 1 0 0
    outer loop
      vertex 144.35999999999999 31.8 64.3786924117297
      vertex 144.35999999999999 30.647759065032005 63.291246734559536
      vertex 144.35999999999999 30.761570557951927 62.9160605147481
    endloop
  endfacet
  facet normal 1 0 0
    outer loop
      vertex 144.35999999999999 31.8 64.3786924117297
      vertex 144.35999999999999 30.21421355754137 63.9400934278965
      vertex 144.35999999999999 30.462939225137234 63.6370203346014
    endloop
  endfacet
  facet normal 1 0 0
    outer loop
      vertex 144.35999999999999 31.8 64.3786924117297
      vertex 144.35999999999999 30.2 63.95175819348144
      vertex 144.35999999999999 30.21421355754137 63.9400934278965
    endloop
  endfacet
  facet normal 1 0 0
    outer loop
      vertex 144.35999999999999 30.2 64.3786924117297
      vertex 144.35999999999999 30.2 63.95175819348144
      vertex 144.35999999999999 31.8 64.3786924117297
    endloop
  endfacet
  facet normal 0 1 0
    outer loop
      vertex 144.35999999999999 30.2 64.3786924117297
      vertex 176.35999999999999 30.2 63.95175819348144
      vertex 144.35999999999999 30.2 63.95175819348144
    endloop
  endfacet
  facet normal 0 0 -1
    outer loop
      vertex 144.35999999999999 30.2 64.3786924117297
      vertex 144.35999999999999 31.8 64.3786924117297
      vertex 176.35999999999999 30.2 64.3786924117297
    endloop
  endfacet
  facet normal 0 0 1
    outer loop
      vertex 176.35999999999999 31.8 55.378692411729695
      vertex 144.35999999999999 30.799999997019768 55.378692411729695
      vertex 176.35999999999999 30.799999997019768 55.378692411729695
    endloop
  endfacet
  facet normal 0 -1 0
    outer loop
      vertex 144.35999999999999 31.8 64.3786924117297
      vertex 176.35999999999999 31.8 55.378692411729695
      vertex 176.35999999999999 31.8 64.3786924117297
    endloop
  endfacet
  facet normal 0 1 0
    outer loop
      vertex 144.35999999999999 30.2 64.3786924117297
      vertex 176.35999999999999 30.2 64.3786924117297
      vertex 176.35999999999999 30.2 63.95175819348144
    endloop
  endfacet
  facet normal 0 0 -1
    outer loop
      vertex 144.35999999999999 31.8 64.3786924117297
      vertex 176.35999999999999 31.8 64.3786924117297
      vertex 176.35999999999999 30.2 64.3786924117297
    endloop
  endfacet
  facet normal -1 0 0
    outer loop
      vertex 176.35999999999999 31.8 55.378692411729695
      vertex 176.35999999999999 30.799999997019768 55.378692411729695
      vertex 176.35999999999999 30.799999997019768 62.5258798673749
    endloop
  endfacet
  facet normal -1 0 0
    outer loop
      vertex 176.35999999999999 31.8 55.378692411729695
      vertex 176.35999999999999 30.799999997019768 62.5258798673749
      vertex 176.35999999999999 30.761570557951927 62.9160605147481
    endloop
  endfacet
  facet normal -1 0 0
    outer loop
      vertex 176.35999999999999 31.8 55.378692411729695
      vertex 176.35999999999999 30.761570557951927 62.9160605147481
      vertex 176.35999999999999 31.8 64.3786924117297
    endloop
  endfacet
  facet normal -1 0 0
    outer loop
      vertex 176.35999999999999 31.8 64.3786924117297
      vertex 176.35999999999999 30.647759065032005 63.291246734559536
      vertex 176.35999999999999 30.462939225137234 63.6370203346014
    endloop
  endfacet
  facet normal -1 0 0
    outer loop
      vertex 176.35999999999999 31.8 64.3786924117297
      vertex 176.35999999999999 30.761570557951927 62.9160605147481
      vertex 176.35999999999999 30.647759065032005 63.291246734559536
    endloop
  endfacet
  facet normal -1 0 0
    outer loop
      vertex 176.35999999999999 30.2 64.3786924117297
      vertex 176.35999999999999 30.462939225137234 63.6370203346014
      vertex 176.35999999999999 30.21421355754137 63.9400934278965
    endloop
  endfacet
  facet normal -1 0 0
    outer loop
      vertex 176.35999999999999 30.2 64.3786924117297
      vertex 176.35999999999999 30.21421355754137 63.9400934278965
      vertex 176.35999999999999 30.2 63.95175819348144
    endloop
  endfacet
  facet normal -1 0 0
    outer loop
      vertex 176.35999999999999 30.2 64.3786924117297
      vertex 176.35999999999999 31.8 64.3786924117297
      vertex 176.35999999999999 30.462939225137234 63.6370203346014
    endloop
  endfacet
  facet normal 0 0 1
    outer loop
      vertex 189.72 0.6000000000000001 16.5
      vertex 189.72 0 16.5
      vertex 221.72 0.6000000000000001 16.5
    endloop
  endfacet
  facet normal 1 0 0
    outer loop
      vertex 189.72 0.6000000000000001 16.5
      vertex 189.72 0 25.5
      vertex 189.72 0 16.5
    endloop
  endfacet
  facet normal 1 0 0
    outer loop
      vertex 189.72 0.6000000000000001 16.5
      vertex 189.72 0.6000000000000001 25.5
      vertex 189.72 0 25.5
    endloop
  endfacet
  facet normal 0 -1 0
    outer loop
      vertex 189.72 0.6000000000000001 16.5
      vertex 221.72 0.6000000000000001 16.5
      vertex 189.72 0.6000000000000001 25.5
    endloop
  endfacet
  facet normal 0 0 -1
    outer loop
      vertex 189.72 0.6000000000000001 25.5
      vertex 221.72 0 25.5
      vertex 189.72 0 25.5
    endloop
  endfacet
  facet normal 0 0 1
    outer loop
      vertex 221.72 0.6000000000000001 16.5
      vertex 189.72 0 16.5
      vertex 221.72 0 16.5
    endloop
  endfacet
  facet normal 0 -1 0
    outer loop
      vertex 189.72 0.6000000000000001 25.5
      vertex 221.72 0.6000000000000001 16.5
      vertex 221.72 0.6000000000000001 25.5
    endloop
  endfacet
  facet normal 0 0 -1
    outer loop
      vertex 189.72 0.6000000000000001 25.5
      vertex 221.72 0.6000000000000001 25.5
      vertex 221.72 0 25.5
    endloop
  endfacet
  facet normal -1 0 0
    outer loop
      vertex 221.72 0.6000000000000001 16.5
      vertex 221.72 0 16.5
      vertex 221.72 0.6000000000000001 25.5
    endloop
  endfacet
  facet normal -1 0 0
    outer loop
      vertex 221.72 0.6000000000000001 25.5
      vertex 221.72 0 16.5
      vertex 221.72 0 25.5
    endloop
  endfacet
  facet normal 1 0 0
    outer loop
      vertex 189.72 31.8 55.378692411729695
      vertex 189.72 30.799999997019768 62.5258798673749
      vertex 189.72 30.799999997019768 55.378692411729695
    endloop
  endfacet
  facet normal 1 0 0
    outer loop
      vertex 189.72 31.8 55.378692411729695
      vertex 189.72 31.8 64.3786924117297
      vertex 189.72 30.799999997019768 62.5258798673749
    endloop
  endfacet
  facet normal 0 0 1
    outer loop
      vertex 189.72 31.8 55.378692411729695
      vertex 189.72 30.799999997019768 55.378692411729695
      vertex 221.72 31.8 55.378692411729695
    endloop
  endfacet
  facet normal 0 -1 0
    outer loop
      vertex 189.72 31.8 55.378692411729695
      vertex 221.72 31.8 55.378692411729695
      vertex 189.72 31.8 64.3786924117297
    endloop
  endfacet
  facet normal 1 0 0
    outer loop
      vertex 189.72 31.8 64.3786924117297
      vertex 189.72 30.761570557951927 62.9160605147481
      vertex 189.72 30.799999997019768 62.5258798673749
    endloop
  endfacet
  facet normal 1 0 0
    outer loop
      vertex 189.72 31.8 64.3786924117297
      vertex 189.72 30.462939225137234 63.6370203346014
      vertex 189.72 30.647759065032005 63.291246734559536
    endloop
  endfacet
  facet normal 1 0 0
    outer loop
      vertex 189.72 31.8 64.3786924117297
      vertex 189.72 30.647759065032005 63.291246734559536
      vertex 189.72 30.761570557951927 62.9160605147481
    endloop
  endfacet
  facet normal 1 0 0
    outer loop
      vertex 189.72 31.8 64.3786924117297
      vertex 189.72 30.21421355754137 63.9400934278965
      vertex 189.72 30.462939225137234 63.6370203346014
    endloop
  endfacet
  facet normal 1 0 0
    outer loop
      vertex 189.72 31.8 64.3786924117297
      vertex 189.72 30.2 63.95175819348144
      vertex 189.72 30.21421355754137 63.9400934278965
    endloop
  endfacet
  facet normal 1 0 0
    outer loop
      vertex 189.72 30.2 64.3786924117297
      vertex 189.72 30.2 63.95175819348144
      vertex 189.72 31.8 64.3786924117297
    endloop
  endfacet
  facet normal 0 1 0
    outer loop
      vertex 189.72 30.2 64.3786924117297
      vertex 221.72 30.2 63.95175819348144
      vertex 189.72 30.2 63.95175819348144
    endloop
  endfacet
  facet normal 0 0 -1
    outer loop
      vertex 189.72 30.2 64.3786924117297
      vertex 189.72 31.8 64.3786924117297
      vertex 221.72 30.2 64.3786924117297
    endloop
  endfacet
  facet normal 0 0 1
    outer loop
      vertex 221.72 31.8 55.378692411729695
      vertex 189.72 30.799999997019768 55.378692411729695
      vertex 221.72 30.799999997019768 55.378692411729695
    endloop
  endfacet
  facet normal 0 -1 0
    outer loop
      vertex 189.72 31.8 64.3786924117297
      vertex 221.72 31.8 55.378692411729695
      vertex 221.72 31.8 64.3786924117297
    endloop
  endfacet
  facet normal 0 1 0
    outer loop
      vertex 189.72 30.2 64.3786924117297
      vertex 221.72 30.2 64.3786924117297
      vertex 221.72 30.2 63.95175819348144
    endloop
  endfacet
  facet normal 0 0 -1
    outer loop
      vertex 189.72 31.8 64.3786924117297
      vertex 221.72 31.8 64.3786924117297
      vertex 221.72 30.2 64.3786924117297
    endloop
  endfacet
  facet normal -1 0 0
    outer loop
      vertex 221.72 31.8 55.378692411729695
      vertex 221.72 30.799999997019768 55.378692411729695
      vertex 221.72 30.799999997019768 62.5258798673749
    endloop
  endfacet
  facet normal -1 0 0
    outer loop
      vertex 221.72 31.8 55.378692411729695
      vertex 221.72 30.799999997019768 62.5258798673749
      vertex 221.72 30.761570557951927 62.9160605147481
    endloop
  endfacet
  facet normal -1 0 0
    outer loop
      vertex 221.72 31.8 55.378692411729695
      vertex 221.72 30.761570557951927 62.9160605147481
      vertex 221.72 31.8 64.3786924117297
    endloop
  endfacet
  facet normal -1 0 0
    outer loop
      vertex 221.72 31.8 64.3786924117297
      vertex 221.72 30.647759065032005 63.291246734559536
      vertex 221.72 30.462939225137234 63.6370203346014
    endloop
  endfacet
  facet normal -1 0 0
    outer loop
      vertex 221.72 31.8 64.3786924117297
      vertex 221.72 30.761570557951927 62.9160605147481
      vertex 221.72 30.647759065032005 63.291246734559536
    endloop
  endfacet
  facet normal -1 0 0
    outer loop
      vertex 221.72 30.2 64.3786924117297
      vertex 221.72 30.462939225137234 63.6370203346014
      vertex 221.72 30.21421355754137 63.9400934278965
    endloop
  endfacet
  facet normal -1 0 0
    outer loop
      vertex 221.72 30.2 64.3786924117297
      vertex 221.72 30.21421355754137 63.9400934278965
      vertex 221.72 30.2 63.95175819348144
    endloop
  endfacet
  facet normal -1 0 0
    outer loop
      vertex 221.72 30.2 64.3786924117297
      vertex 221.72 31.8 64.3786924117297
      vertex 221.72 30.462939225137234 63.6370203346014
    endloop
  endfacet
endsolid OpenSCAD_Model
