solid OpenSCAD_Model
  facet normal -0.546600927020053 -0.448583808366161 -0.707106776556787
    outer loop
      vertex 0.8383564054965973 1.223814569413662 0
      vertex 1.012103334069252 1.012103334069252 0
      vertex 0.5857864394783974 0.5857864394783974 0.6
    endloop
  endfacet
  facet normal -0.33332782515802917 -0.6236125129918703 -0.7071067773790481
    outer loop
      vertex 1.223814569413662 0.8383564054965973 0
      vertex 1.4653541594743729 0.709250807762146 0
      vertex 1.234633132815361 0.15224093198776245 0.6
    endloop
  endfacet
  facet normal -0.20526226445431045 -0.6766590026587155 -0.7071067790030026
    outer loop
      vertex 1.7274399101734161 0.6297479644417763 0
      vertex 1.234633132815361 0.15224093198776245 0.6
      vertex 1.4653541594743729 0.709250807762146 0
    endloop
  endfacet
  facet normal -0.448583808366161 -0.546600927020053 -0.707106776556787
    outer loop
      vertex 1.223814569413662 0.8383564054965973 0
      vertex 0.5857864394783974 0.5857864394783974 0.6
      vertex 1.012103334069252 1.012103334069252 0
    endloop
  endfacet
  facet normal -0.6236125129918703 -0.33332782515802917 -0.7071067773790481
    outer loop
      vertex 0.8383564054965973 1.223814569413662 0
      vertex 0.15224093198776245 1.234633132815361 0.6
      vertex 0.709250807762146 1.4653541594743729 0
    endloop
  endfacet
  facet normal -0.6766590026587155 -0.20526226445431045 -0.7071067790030026
    outer loop
      vertex 0.709250807762146 1.4653541594743729 0
      vertex 0.15224093198776245 1.234633132815361 0.6
      vertex 0.6297479644417763 1.7274399101734161 0
    endloop
  endfacet
  facet normal -0.7037018688018956 -0.06930856924909601 -0.7071067826526367
    outer loop
      vertex 0.6297479644417763 1.7274399101734161 0
      vertex 0 2 0.6
      vertex 0.6000000014901161 2.02947611361742 0
    endloop
  endfacet
  facet normal -0.06930856924909601 -0.7037018688018956 -0.7071067826526367
    outer loop
      vertex 1.7274399101734161 0.6297479644417763 0
      vertex 2.02947611361742 0.6000000014901161 0
      vertex 2 0 0.6
    endloop
  endfacet
  facet normal -0.44858380543957066 -0.546600931181571 -0.7071067751964994
    outer loop
      vertex 1.223814569413662 0.8383564054965973 0
      vertex 0.8888595327734947 0.337060771882534 0.6
      vertex 0.5857864394783974 0.5857864394783974 0.6
    endloop
  endfacet
  facet normal -0.546600931181571 -0.44858380543957066 -0.7071067751964994
    outer loop
      vertex 0.8383564054965973 1.223814569413662 0
      vertex 0.5857864394783974 0.5857864394783974 0.6
      vertex 0.337060771882534 0.8888595327734947 0.6
    endloop
  endfacet
  facet normal -0.33332783215419837 -0.6236125114258833 -0.7071067754621542
    outer loop
      vertex 1.223814569413662 0.8383564054965973 0
      vertex 1.234633132815361 0.15224093198776245 0.6
      vertex 0.8888595327734947 0.337060771882534 0.6
    endloop
  endfacet
  facet normal -0.2052622604748982 -0.676659005182488 -0.7071067777430654
    outer loop
      vertex 1.7274399101734161 0.6297479644417763 0
      vertex 1.6098193526268005 0.038429439067840576 0.6
      vertex 1.234633132815361 0.15224093198776245 0.6
    endloop
  endfacet
  facet normal -0.06930858403695347 -0.7037018713783141 -0.707106778639161
    outer loop
      vertex 1.7274399101734161 0.6297479644417763 0
      vertex 2 0 0.6
      vertex 1.6098193526268005 0.038429439067840576 0.6
    endloop
  endfacet
  facet normal -0.6236125114258833 -0.33332783215419837 -0.7071067754621542
    outer loop
      vertex 0.8383564054965973 1.223814569413662 0
      vertex 0.337060771882534 0.8888595327734947 0.6
      vertex 0.15224093198776245 1.234633132815361 0.6
    endloop
  endfacet
  facet normal -0.676659005182488 -0.2052622604748982 -0.7071067777430654
    outer loop
      vertex 0.6297479644417763 1.7274399101734161 0
      vertex 0.15224093198776245 1.234633132815361 0.6
      vertex 0.038429439067840576 1.6098193526268005 0.6
    endloop
  endfacet
  facet normal -0.7037018713783141 -0.06930858403695347 -0.707106778639161
    outer loop
      vertex 0.6297479644417763 1.7274399101734161 0
      vertex 0.038429439067840576 1.6098193526268005 0.6
      vertex 0 2 0.6
    endloop
  endfacet
  facet normal -2.352137021849365e-19 -0.7071067803084882 -0.7071067820646069
    outer loop
      vertex 2.02947611361742 0.6000000014901161 0
      vertex 102.12761413661376 0 0.6
      vertex 2 0 0.6
    endloop
  endfacet
  facet normal -0.0980171391808235 -0.9951847267853376 0
    outer loop
      vertex 1.6098193526268005 0.038429439067840576 0.6
      vertex 2 0 0.6
      vertex 1.6098193526268005 0.038429439067840576 2
    endloop
  endfacet
  facet normal -0.6343932961394977 -0.7730104435344091 0
    outer loop
      vertex 0.8888595327734947 0.337060771882534 0.6
      vertex 0.8888595327734947 0.337060771882534 2
      vertex 0.5857864394783974 0.5857864394783974 0.6
    endloop
  endfacet
  facet normal -0.7730104435344091 -0.6343932961394977 0
    outer loop
      vertex 0.337060771882534 0.8888595327734947 0.6
      vertex 0.5857864394783974 0.5857864394783974 0.6
      vertex 0.337060771882534 0.8888595327734947 2
    endloop
  endfacet
  facet normal -0.8819212641844241 -0.4713967371326908 0
    outer loop
      vertex 0.337060771882534 0.8888595327734947 0.6
      vertex 0.337060771882534 0.8888595327734947 2
      vertex 0.15224093198776245 1.234633132815361 0.6
    endloop
  endfacet
  facet normal -0.4713967371326908 -0.8819212641844241 0
    outer loop
      vertex 0.8888595327734947 0.337060771882534 0.6
      vertex 1.234633132815361 0.15224093198776245 0.6
      vertex 0.8888595327734947 0.337060771882534 2
    endloop
  endfacet
  facet normal -0.29028467119332607 -0.9569403375708345 0
    outer loop
      vertex 1.234633132815361 0.15224093198776245 0.6
      vertex 1.6098193526268005 0.038429439067840576 0.6
      vertex 1.6098193526268005 0.038429439067840576 2
    endloop
  endfacet
  facet normal -0.9569403375708345 -0.29028467119332607 0
    outer loop
      vertex 0.15224093198776245 1.234633132815361 0.6
      vertex 0.038429439067840576 1.6098193526268005 2
      vertex 0.038429439067840576 1.6098193526268005 0.6
    endloop
  endfacet
  facet normal -0.9951847267853376 -0.0980171391808235 0
    outer loop
      vertex 0.038429439067840576 1.6098193526268005 0.6
      vertex 0.038429439067840576 1.6098193526268005 2
      vertex 0 2 0.6
    endloop
  endfacet
  facet normal 0 -1 0
    outer loop
      vertex 2 0 0.6
      vertex 102.12761413661376 0 1.2253425399581988
      vertex 2 0 2
    endloop
  endfacet
  facet normal -0.7071067803084882 -2.01287190228969e-19 -0.7071067820646068
    outer loop
      vertex 0.6000000014901161 2.02947611361742 0
      vertex 0 2 0.6
      vertex 0 119.00390265882015 0.6
    endloop
  endfacet
  facet normal -1 0 0
    outer loop
      vertex 0 2 0.6
      vertex 0 2 2
      vertex 0 119.00390265882015 0.6
    endloop
  endfacet
  facet normal 5.778277127763618e-19 -0.7071067803084881 -0.707106782064607
    outer loop
      vertex 2.02947611361742 0.6000000014901161 0
      vertex 102.4 0.5000000012417635 0.1
      vertex 102.24999999929634 0.3500000001655684 0.25000000070366596
    endloop
  endfacet
  facet normal -3.613726597204088e-19 -0.7071067803084884 -0.7071067820646068
    outer loop
      vertex 2.02947611361742 0.6000000014901161 0
      vertex 102.24999999929634 0.3500000001655684 0.25000000070366596
      vertex 102.21284634029612 0.29726430272719745 0.3027356980110664
    endloop
  endfacet
  facet normal 2.911576642743327e-19 -0.7071067803084881 -0.707106782064607
    outer loop
      vertex 2.02947611361742 0.6000000014901161 0
      vertex 102.21284634029612 0.29726430272719745 0.3027356980110664
      vertex 102.12761413661376 0 0.6
    endloop
  endfacet
  facet normal 1.1843369790887621e-19 -0.7071067803084882 -0.7071067820646068
    outer loop
      vertex 2.02947611361742 0.6000000014901161 0
      vertex 131.4 0.5000000012417635 0.1
      vertex 102.4 0.5000000012417635 0.1
    endloop
  endfacet
  facet normal 0 -1 0
    outer loop
      vertex 2 0 0.6
      vertex 102.12761413661376 0 0.6
      vertex 102.12761413661376 0 1.2253425399581988
    endloop
  endfacet
  facet normal 0 0 -1
    outer loop
      vertex 1.223814569413662 0.8383564054965973 0
      vertex 232.78789665549994 119.99179931730032 0
      vertex 1.4653541594743729 0.709250807762146 0
    endloop
  endfacet
  facet normal 0 0 -1
    outer loop
      vertex 1.223814569413662 0.8383564054965973 0
      vertex 1.012103334069252 1.012103334069252 0
      vertex 232.78789665549994 119.99179931730032 0
    endloop
  endfacet
  facet normal 0 0 -1
    outer loop
      vertex 0.8383564054965973 1.223814569413662 0
      vertex 232.78789665549994 119.99179931730032 0
      vertex 1.012103334069252 1.012103334069252 0
    endloop
  endfacet
  facet normal 0 0 -1
    outer loop
      vertex 0.709250807762146 1.4653541594743729 0
      vertex 0.6297479644417763 1.7274399101734161 0
      vertex 232.78789665549994 119.99179931730032 0
    endloop
  endfacet
  facet normal 0 0 -1
    outer loop
      vertex 0.6297479644417763 1.7274399101734161 0
      vertex 0.6000000014901161 2.02947611361742 0
      vertex 232.78789665549994 119.99179931730032 0
    endloop
  endfacet
  facet normal 0 0 -1
    outer loop
      vertex 0.8383564054965973 1.223814569413662 0
      vertex 0.709250807762146 1.4653541594743729 0
      vertex 232.78789665549994 119.99179931730032 0
    endloop
  endfacet
  facet normal 0 0 -1
    outer loop
      vertex 1.7274399101734161 0.6297479644417763 0
      vertex 1.4653541594743729 0.709250807762146 0
      vertex 232.78789665549994 119.99179931730032 0
    endloop
  endfacet
  facet normal 0 0 -1
    outer loop
      vertex 1.7274399101734161 0.6297479644417763 0
      vertex 232.78789665549994 119.99179931730032 0
      vertex 2.02947611361742 0.6000000014901161 0
    endloop
  endfacet
  facet normal -0.0980171391808235 -0.9951847267853376 0
    outer loop
      vertex 2 0 0.6
      vertex 2 0 2
      vertex 1.6098193526268005 0.038429439067840576 2
    endloop
  endfacet
  facet normal -0.6343932961394977 -0.7730104435344091 0
    outer loop
      vertex 0.5857864394783974 0.5857864394783974 0.6
      vertex 0.8888595327734947 0.337060771882534 2
      vertex 0.5857864394783974 0.5857864394783974 2
    endloop
  endfacet
  facet normal -0.7730104435344091 -0.6343932961394977 0
    outer loop
      vertex 0.5857864394783974 0.5857864394783974 0.6
      vertex 0.5857864394783974 0.5857864394783974 2
      vertex 0.337060771882534 0.8888595327734947 2
    endloop
  endfacet
  facet normal -0.4713967371326908 -0.8819212641844241 0
    outer loop
      vertex 1.234633132815361 0.15224093198776245 0.6
      vertex 1.234633132815361 0.15224093198776245 2
      vertex 0.8888595327734947 0.337060771882534 2
    endloop
  endfacet
  facet normal -0.29028467119332607 -0.9569403375708345 0
    outer loop
      vertex 1.234633132815361 0.15224093198776245 0.6
      vertex 1.6098193526268005 0.038429439067840576 2
      vertex 1.234633132815361 0.15224093198776245 2
    endloop
  endfacet
  facet normal -0.8819212641844241 -0.4713967371326908 0
    outer loop
      vertex 0.15224093198776245 1.234633132815361 0.6
      vertex 0.337060771882534 0.8888595327734947 2
      vertex 0.15224093198776245 1.234633132815361 2
    endloop
  endfacet
  facet normal -0.9569403375708345 -0.29028467119332607 0
    outer loop
      vertex 0.15224093198776245 1.234633132815361 0.6
      vertex 0.15224093198776245 1.234633132815361 2
      vertex 0.038429439067840576 1.6098193526268005 2
    endloop
  endfacet
  facet normal -0.9951847267853376 -0.0980171391808235 0
    outer loop
      vertex 0 2 0.6
      vertex 0.038429439067840576 1.6098193526268005 2
      vertex 0 2 2
    endloop
  endfacet
  facet normal -0.5466009274545615 -0.4485838023808929 0.7071067800179215
    outer loop
      vertex 0.337060771882534 0.8888595327734947 2
      vertex 0.5857864394783974 0.5857864394783974 2
      vertex 1.17255350202322 1.4471179395914078 3
    endloop
  endfacet
  facet normal -0.3333278308255977 -0.6236125089402461 0.7071067782805883
    outer loop
      vertex 0.8888595327734947 0.337060771882534 2
      vertex 1.234633132815361 0.15224093198776245 2
      vertex 1.619168184697628 1.0805907249450684 3
    endloop
  endfacet
  facet normal -0.205262260104949 -0.6766590039629288 0.7071067790175012
    outer loop
      vertex 1.234633132815361 0.15224093198776245 2
      vertex 1.6098193526268005 0.038429439067840576 2
      vertex 1.8058536276221275 1.0239603146910667 3
    endloop
  endfacet
  facet normal -0.06930858399477431 -0.7037018709500618 0.7071067790694852
    outer loop
      vertex 1.6098193526268005 0.038429439067840576 2
      vertex 2 0 2
      vertex 1.8058536276221275 1.0239603146910667 3
    endloop
  endfacet
  facet normal -0.4485838023808929 -0.5466009274545615 0.7071067800179215
    outer loop
      vertex 0.8888595327734947 0.337060771882534 2
      vertex 1.4471179395914078 1.17255350202322 3
      vertex 0.5857864394783974 0.5857864394783974 2
    endloop
  endfacet
  facet normal -0.6766590039629288 -0.205262260104949 0.7071067790175012
    outer loop
      vertex 0.15224093198776245 1.234633132815361 2
      vertex 1.0239603146910667 1.8058536276221275 3
      vertex 0.038429439067840576 1.6098193526268005 2
    endloop
  endfacet
  facet normal -0.6236125089402461 -0.3333278308255977 0.7071067782805883
    outer loop
      vertex 0.337060771882534 0.8888595327734947 2
      vertex 1.0805907249450684 1.619168184697628 3
      vertex 0.15224093198776245 1.234633132815361 2
    endloop
  endfacet
  facet normal -0.7037018709500618 -0.06930858399477431 0.7071067790694852
    outer loop
      vertex 0.038429439067840576 1.6098193526268005 2
      vertex 1.0239603146910667 1.8058536276221275 3
      vertex 0 2 2
    endloop
  endfacet
  facet normal -0.44858380241434453 -0.5466009274177657 0.7071067800251438
    outer loop
      vertex 0.5857864394783974 0.5857864394783974 2
      vertex 1.4471179395914078 1.17255350202322 3
      vertex 1.2963146045804024 1.2963146045804024 3
    endloop
  endfacet
  facet normal -0.3333278439424323 -0.6236124992428952 0.7071067806496552
    outer loop
      vertex 0.8888595327734947 0.337060771882534 2
      vertex 1.619168184697628 1.0805907249450684 3
      vertex 1.4471179395914078 1.17255350202322 3
    endloop
  endfacet
  facet normal -0.20526226504066816 -0.6766590016376478 0.7071067798098927
    outer loop
      vertex 1.234633132815361 0.15224093198776245 2
      vertex 1.8058536276221275 1.0239603146910667 3
      vertex 1.619168184697628 1.0805907249450684 3
    endloop
  endfacet
  facet normal -0.6236124992428952 -0.3333278439424323 0.7071067806496552
    outer loop
      vertex 0.337060771882534 0.8888595327734947 2
      vertex 1.17255350202322 1.4471179395914078 3
      vertex 1.0805907249450684 1.619168184697628 3
    endloop
  endfacet
  facet normal -0.6766590016376478 -0.20526226504066816 0.7071067798098927
    outer loop
      vertex 0.15224093198776245 1.234633132815361 2
      vertex 1.0805907249450684 1.619168184697628 3
      vertex 1.0239603146910667 1.8058536276221275 3
    endloop
  endfacet
  facet normal -0.703701870125881 -0.06930856668328202 0.7071067815865203
    outer loop
      vertex 0 2 2
      vertex 1.0239603146910667 1.8058536276221275 3
      vertex 1 2.049126848578453 3
    endloop
  endfacet
  facet normal -0.5466009274177657 -0.44858380241434453 0.7071067800251438
    outer loop
      vertex 0.5857864394783974 0.5857864394783974 2
      vertex 1.2963146045804024 1.2963146045804024 3
      vertex 1.17255350202322 1.4471179395914078 3
    endloop
  endfacet
  facet normal -0.06930856455061063 -0.7037018700243468 0.7071067818966036
    outer loop
      vertex 2 0 2
      vertex 2.0491268560290337 1 3
      vertex 1.8058536276221275 1.0239603146910667 3
    endloop
  endfacet
  facet normal 0 -0.7071067811865475 0.7071067811865475
    outer loop
      vertex 2 0 2
      vertex 102.20438050967243 0 2
      vertex 2.0491268560290337 1 3
    endloop
  endfacet
  facet normal -0.7071067811865475 0 0.7071067811865475
    outer loop
      vertex 0 2 2
      vertex 1 2.049126848578453 3
      vertex 1 118.95477580279112 3
    endloop
  endfacet
  facet normal 0 0 1
    outer loop
      vertex 1.2963146045804024 1.2963146045804024 3
      vertex 1.4471179395914078 1.17255350202322 3
      vertex 1.0805907249450684 119.38473446667194 3
    endloop
  endfacet
  facet normal 0 0 1
    outer loop
      vertex 1.0805907249450684 1.619168184697628 3
      vertex 1.17255350202322 1.4471179395914078 3
      vertex 1.0805907249450684 119.38473446667194 3
    endloop
  endfacet
  facet normal 0 0 1
    outer loop
      vertex 1.2963146045804024 1.2963146045804024 3
      vertex 1.0805907249450684 119.38473446667194 3
      vertex 1.17255350202322 1.4471179395914078 3
    endloop
  endfacet
  facet normal 0 0 1
    outer loop
      vertex 1.8058536276221275 1.0239603146910667 3
      vertex 1.0805907249450684 119.38473446667194 3
      vertex 1.619168184697628 1.0805907249450684 3
    endloop
  endfacet
  facet normal 0 0 1
    outer loop
      vertex 1.4471179395914078 1.17255350202322 3
      vertex 1.619168184697628 1.0805907249450684 3
      vertex 1.0805907249450684 119.38473446667194 3
    endloop
  endfacet
  facet normal 0 0 1
    outer loop
      vertex 1.8058536276221275 1.0239603146910667 3
      vertex 2.0491268560290337 1 3
      vertex 1.0805907249450684 119.38473446667194 3
    endloop
  endfacet
  facet normal 0 0 1
    outer loop
      vertex 1.0805907249450684 1.619168184697628 3
      vertex 1.0805907249450684 119.38473446667194 3
      vertex 1.0239603146910667 1.8058536276221275 3
    endloop
  endfacet
  facet normal 0 0 1
    outer loop
      vertex 1.0239603146910667 1.8058536276221275 3
      vertex 1.0805907249450684 119.38473446667194 3
      vertex 1 2.049126848578453 3
    endloop
  endfacet
  facet normal 0 -1 0
    outer loop
      vertex 2 0 2
      vertex 102.12761413661376 0 1.2253425399581988
      vertex 102.13241353494648 0 1.5642781640229604
    endloop
  endfacet
  facet normal 0 -1 0
    outer loop
      vertex 2 0 2
      vertex 102.13241353494648 0 1.5642781640229604
      vertex 102.20438050967243 0 2
    endloop
  endfacet
  facet normal -2.8292670867224344e-18 -0.7071067811865477 0.7071067811865475
    outer loop
      vertex 2.0491268560290337 1 3
      vertex 102.20438050967243 0 2
      vertex 102.60175615287379 0.5501188729272715 2.5501188729272717
    endloop
  endfacet
  facet normal 1.0678351231932202e-18 -0.7071067811865472 0.7071067811865478
    outer loop
      vertex 2.0491268560290337 1 3
      vertex 102.60175615287379 0.5501188729272715 2.5501188729272717
      vertex 102.89134948097778 0.9500000000515604 2.9500000000515603
    endloop
  endfacet
  facet normal 0 -0.7071067811865482 0.7071067811865467
    outer loop
      vertex 2.0491268560290337 1 3
      vertex 102.89134948097778 0.9500000000515604 2.9500000000515603
      vertex 231.75087314099073 1 3
    endloop
  endfacet
  facet normal 0 0 1
    outer loop
      vertex 2.0491268560290337 1 3
      vertex 231.75087314099073 1 3
      vertex 1.0805907249450684 119.38473446667194 3
    endloop
  endfacet
  facet normal -0.7071067803084882 0 -0.7071067820646069
    outer loop
      vertex 0.6000000014901161 2.02947611361742 0
      vertex 0 119.00390265882015 0.6
      vertex 0.6000000014901161 118.97442653775215 0
    endloop
  endfacet
  facet normal -0.7037018683736435 0.06930856920691686 -0.7071067830829609
    outer loop
      vertex 0.6000000014901161 118.97442653775215 0
      vertex 0 119.00390265882015 0.6
      vertex 0.6297479644417763 119.27646274119616 0
    endloop
  endfacet
  facet normal -0.6766590014391565 0.20526226408436127 -0.7071067802774385
    outer loop
      vertex 0.6297479644417763 119.27646274119616 0
      vertex 0.15224093198776245 119.76926952600479 0.6
      vertex 0.709250807762146 119.5385484918952 0
    endloop
  endfacet
  facet normal -0.6236125111666712 0.3333278241824399 -0.7071067794486197
    outer loop
      vertex 0.709250807762146 119.5385484918952 0
      vertex 0.15224093198776245 119.76926952600479 0.6
      vertex 0.8383564054965973 119.78008808195591 0
    endloop
  endfacet
  facet normal -0.5466009248670838 0.4485838065992648 -0.707106779341962
    outer loop
      vertex 0.8383564054965973 119.78008808195591 0
      vertex 0.5857864394783974 120.41811621934175 0.6
      vertex 1.012103334069252 119.99179931730032 0
    endloop
  endfacet
  facet normal -0.4485838062131918 0.5466009243966525 -0.7071067799505323
    outer loop
      vertex 1.012103334069252 119.99179931730032 0
      vertex 0.5857864394783974 120.41811621934175 0.6
      vertex 1.223814569413662 120.16554624587297 0
    endloop
  endfacet
  facet normal -0.33332782333283006 0.6236125095771629 -0.7071067812509443
    outer loop
      vertex 1.223814569413662 120.16554624587297 0
      vertex 1.234633132815361 120.85166172683239 0.6
      vertex 1.4653541594743729 120.29465184360743 0
    endloop
  endfacet
  facet normal -0.20526226323475136 0.676658998638368 -0.7071067832042546
    outer loop
      vertex 1.4653541594743729 120.29465184360743 0
      vertex 1.234633132815361 120.85166172683239 0.6
      vertex 1.7274399101734161 120.3741546869278 0
    endloop
  endfacet
  facet normal -0.06930858639269674 0.7037018666168925 -0.7071067831467518
    outer loop
      vertex 1.7274399101734161 120.3741546869278 0
      vertex 1.6098193526268005 120.96547321975231 0.6
      vertex 2.02947611361742 120.40390265733004 0
    endloop
  endfacet
  facet normal -0.7037018709500619 0.0693085839947744 -0.7071067790694853
    outer loop
      vertex 0.6297479644417763 119.27646274119616 0
      vertex 0 119.00390265882015 0.6
      vertex 0.038429439067840576 119.39408330619335 0.6
    endloop
  endfacet
  facet normal -0.6766590039629288 0.205262260104949 -0.7071067790175013
    outer loop
      vertex 0.6297479644417763 119.27646274119616 0
      vertex 0.038429439067840576 119.39408330619335 0.6
      vertex 0.15224093198776245 119.76926952600479 0.6
    endloop
  endfacet
  facet normal -0.623612509600684 0.3333278311786092 -0.7071067775317257
    outer loop
      vertex 0.8383564054965973 119.78008808195591 0
      vertex 0.15224093198776245 119.76926952600479 0.6
      vertex 0.337060771882534 120.11504312604666 0.6
    endloop
  endfacet
  facet normal -0.5466009290286017 0.44858380367267453 -0.7071067779816743
    outer loop
      vertex 0.8383564054965973 119.78008808195591 0
      vertex 0.337060771882534 120.11504312604666 0.6
      vertex 0.5857864394783974 120.41811621934175 0.6
    endloop
  endfacet
  facet normal -0.44858380328660136 0.5466009285581706 -0.7071067785902447
    outer loop
      vertex 1.223814569413662 120.16554624587297 0
      vertex 0.5857864394783974 120.41811621934175 0.6
      vertex 0.8888595327734947 120.66684188693762 0.6
    endloop
  endfacet
  facet normal -0.33332783032899926 0.6236125080111757 -0.7071067793340501
    outer loop
      vertex 1.223814569413662 120.16554624587297 0
      vertex 0.8888595327734947 120.66684188693762 0.6
      vertex 1.234633132815361 120.85166172683239 0.6
    endloop
  endfacet
  facet normal -0.20526225925533914 0.6766590011621404 -0.7071067819443174
    outer loop
      vertex 1.7274399101734161 120.3741546869278 0
      vertex 1.234633132815361 120.85166172683239 0.6
      vertex 1.6098193526268005 120.96547321975231 0.6
    endloop
  endfacet
  facet normal -0.06930858367838834 0.7037018677377416 -0.7071067822973485
    outer loop
      vertex 2.02947611361742 120.40390265733004 0
      vertex 1.6098193526268005 120.96547321975231 0.6
      vertex 2 121.00390265882015 0.6
    endloop
  endfacet
  facet normal -0.9951847267853376 0.0980171391808235 0
    outer loop
      vertex 0 119.00390265882015 0.6
      vertex 0.038429439067840576 119.39408330619335 2
      vertex 0.038429439067840576 119.39408330619335 0.6
    endloop
  endfacet
  facet normal -0.9569403375708345 0.29028467119332607 0
    outer loop
      vertex 0.038429439067840576 119.39408330619335 0.6
      vertex 0.038429439067840576 119.39408330619335 2
      vertex 0.15224093198776245 119.76926952600479 0.6
    endloop
  endfacet
  facet normal -0.8819212641844241 0.4713967371326908 0
    outer loop
      vertex 0.15224093198776245 119.76926952600479 0.6
      vertex 0.15224093198776245 119.76926952600479 2
      vertex 0.337060771882534 120.11504312604666 0.6
    endloop
  endfacet
  facet normal -0.7730104435344091 0.6343932961394977 0
    outer loop
      vertex 0.337060771882534 120.11504312604666 0.6
      vertex 0.337060771882534 120.11504312604666 2
      vertex 0.5857864394783974 120.41811621934175 0.6
    endloop
  endfacet
  facet normal -0.6343932961394977 0.7730104435344091 0
    outer loop
      vertex 0.5857864394783974 120.41811621934175 0.6
      vertex 0.8888595327734947 120.66684188693762 2
      vertex 0.8888595327734947 120.66684188693762 0.6
    endloop
  endfacet
  facet normal -0.4713967371326908 0.8819212641844241 0
    outer loop
      vertex 0.8888595327734947 120.66684188693762 0.6
      vertex 0.8888595327734947 120.66684188693762 2
      vertex 1.234633132815361 120.85166172683239 0.6
    endloop
  endfacet
  facet normal -0.29028467119332607 0.9569403375708345 0
    outer loop
      vertex 1.234633132815361 120.85166172683239 0.6
      vertex 1.234633132815361 120.85166172683239 2
      vertex 1.6098193526268005 120.96547321975231 0.6
    endloop
  endfacet
  facet normal -0.0980171391808235 0.9951847267853376 0
    outer loop
      vertex 1.6098193526268005 120.96547321975231 0.6
      vertex 2 121.00390265882015 2
      vertex 2 121.00390265882015 0.6
    endloop
  endfacet
  facet normal 0 0 -1
    outer loop
      vertex 0.6000000014901161 2.02947611361742 0
      vertex 0.6000000014901161 118.97442653775215 0
      vertex 232.78789665549994 119.99179931730032 0
    endloop
  endfacet
  facet normal 0 0 -1
    outer loop
      vertex 0.6000000014901161 118.97442653775215 0
      vertex 0.6297479644417763 119.27646274119616 0
      vertex 232.78789665549994 119.99179931730032 0
    endloop
  endfacet
  facet normal 0 0 -1
    outer loop
      vertex 0.6297479644417763 119.27646274119616 0
      vertex 0.709250807762146 119.5385484918952 0
      vertex 232.78789665549994 119.99179931730032 0
    endloop
  endfacet
  facet normal 0 0 -1
    outer loop
      vertex 0.709250807762146 119.5385484918952 0
      vertex 0.8383564054965973 119.78008808195591 0
      vertex 232.78789665549994 119.99179931730032 0
    endloop
  endfacet
  facet normal 0 0 -1
    outer loop
      vertex 0.8383564054965973 119.78008808195591 0
      vertex 1.012103334069252 119.99179931730032 0
      vertex 232.78789665549994 119.99179931730032 0
    endloop
  endfacet
  facet normal 0 0 -1
    outer loop
      vertex 1.012103334069252 119.99179931730032 0
      vertex 1.223814569413662 120.16554624587297 0
      vertex 232.78789665549994 119.99179931730032 0
    endloop
  endfacet
  facet normal 0 0 -1
    outer loop
      vertex 1.223814569413662 120.16554624587297 0
      vertex 1.4653541594743729 120.29465184360743 0
      vertex 232.78789665549994 119.99179931730032 0
    endloop
  endfacet
  facet normal 0 0 -1
    outer loop
      vertex 1.4653541594743729 120.29465184360743 0
      vertex 1.7274399101734161 120.3741546869278 0
      vertex 232.78789665549994 119.99179931730032 0
    endloop
  endfacet
  facet normal 0 0 -1
    outer loop
      vertex 1.7274399101734161 120.3741546869278 0
      vertex 2.02947611361742 120.40390265733004 0
      vertex 232.78789665549994 119.99179931730032 0
    endloop
  endfacet
  facet normal 0 0.7071067803084882 -0.7071067820646068
    outer loop
      vertex 2.02947611361742 120.40390265733004 0
      vertex 2 121.00390265882015 0.6
      vertex 231.77052388340235 120.40390265733004 0
    endloop
  endfacet
  facet normal 0 1 0
    outer loop
      vertex 2 121.00390265882015 0.6
      vertex 2 121.00390265882015 2
      vertex 231.79999999701977 121.00390265882015 0.6
    endloop
  endfacet
  facet normal -1 0 0
    outer loop
      vertex 0 2 2
      vertex 0 119.00390265882015 2
      vertex 0 119.00390265882015 0.6
    endloop
  endfacet
  facet normal -0.7071067811865476 0 0.7071067811865476
    outer loop
      vertex 0 2 2
      vertex 1 118.95477580279112 3
      vertex 0 119.00390265882015 2
    endloop
  endfacet
  facet normal 0 0 1
    outer loop
      vertex 1 2.049126848578453 3
      vertex 1.0805907249450684 119.38473446667194 3
      vertex 1 118.95477580279112 3
    endloop
  endfacet
  facet normal -0.9951847267853376 0.0980171391808235 0
    outer loop
      vertex 0 119.00390265882015 0.6
      vertex 0 119.00390265882015 2
      vertex 0.038429439067840576 119.39408330619335 2
    endloop
  endfacet
  facet normal -0.9569403375708345 0.29028467119332607 0
    outer loop
      vertex 0.15224093198776245 119.76926952600479 0.6
      vertex 0.038429439067840576 119.39408330619335 2
      vertex 0.15224093198776245 119.76926952600479 2
    endloop
  endfacet
  facet normal -0.8819212641844241 0.4713967371326908 0
    outer loop
      vertex 0.337060771882534 120.11504312604666 0.6
      vertex 0.15224093198776245 119.76926952600479 2
      vertex 0.337060771882534 120.11504312604666 2
    endloop
  endfacet
  facet normal -0.7730104435344091 0.6343932961394977 0
    outer loop
      vertex 0.5857864394783974 120.41811621934175 0.6
      vertex 0.337060771882534 120.11504312604666 2
      vertex 0.5857864394783974 120.41811621934175 2
    endloop
  endfacet
  facet normal -0.6343932961394977 0.7730104435344091 0
    outer loop
      vertex 0.5857864394783974 120.41811621934175 0.6
      vertex 0.5857864394783974 120.41811621934175 2
      vertex 0.8888595327734947 120.66684188693762 2
    endloop
  endfacet
  facet normal -0.4713967371326908 0.8819212641844241 0
    outer loop
      vertex 1.234633132815361 120.85166172683239 0.6
      vertex 0.8888595327734947 120.66684188693762 2
      vertex 1.234633132815361 120.85166172683239 2
    endloop
  endfacet
  facet normal -0.29028467119332607 0.9569403375708345 0
    outer loop
      vertex 1.6098193526268005 120.96547321975231 0.6
      vertex 1.234633132815361 120.85166172683239 2
      vertex 1.6098193526268005 120.96547321975231 2
    endloop
  endfacet
  facet normal -0.0980171391808235 0.9951847267853376 0
    outer loop
      vertex 1.6098193526268005 120.96547321975231 0.6
      vertex 1.6098193526268005 120.96547321975231 2
      vertex 2 121.00390265882015 2
    endloop
  endfacet
  facet normal -0.7037018706931104 0.06930858396946682 0.7071067793276797
    outer loop
      vertex 0 119.00390265882015 2
      vertex 1.0239603146910667 119.19804902374744 3
      vertex 0.038429439067840576 119.39408330619335 2
    endloop
  endfacet
  facet normal -0.6766590032311935 0.2052622598829795 0.7071067797821629
    outer loop
      vertex 0.038429439067840576 119.39408330619335 2
      vertex 1.0239603146910667 119.19804902374744 3
      vertex 0.15224093198776245 119.76926952600479 2
    endloop
  endfacet
  facet normal -0.6236125078451267 0.3333278302402442 0.7071067795223314
    outer loop
      vertex 0.15224093198776245 119.76926952600479 2
      vertex 1.0805907249450684 119.38473446667194 3
      vertex 0.337060771882534 120.11504312604666 2
    endloop
  endfacet
  facet normal -0.54660092616278 0.4485838013207552 0.7071067816890264
    outer loop
      vertex 0.337060771882534 120.11504312604666 2
      vertex 1.17255350202322 119.55678471177816 3
      vertex 0.5857864394783974 120.41811621934175 2
    endloop
  endfacet
  facet normal -0.4485838010891114 0.5466009258805212 0.7071067820541685
    outer loop
      vertex 0.5857864394783974 120.41811621934175 2
      vertex 1.4471179395914078 119.83134914934635 3
      vertex 0.8888595327734947 120.66684188693762 2
    endloop
  endfacet
  facet normal -0.33332782973047825 0.6236125068914218 0.707106780603726
    outer loop
      vertex 0.8888595327734947 120.66684188693762 2
      vertex 1.619168184697628 119.9233119264245 3
      vertex 1.234633132815361 120.85166172683239 2
    endloop
  endfacet
  facet normal -0.20526225937321357 0.6766590015507203 0.7071067815382525
    outer loop
      vertex 1.234633132815361 120.85166172683239 2
      vertex 1.8058536276221275 119.9799423366785 3
      vertex 1.6098193526268005 120.96547321975231 2
    endloop
  endfacet
  facet normal -0.06930858376403884 0.7037018686073652 0.7071067814235173
    outer loop
      vertex 1.6098193526268005 120.96547321975231 2
      vertex 2.0491268560290337 120.00390265882015 3
      vertex 2 121.00390265882015 2
    endloop
  endfacet
  facet normal -0.7037018698689297 0.06930856665797452 0.7071067818447146
    outer loop
      vertex 0 119.00390265882015 2
      vertex 1 118.95477580279112 3
      vertex 1.0239603146910667 119.19804902374744 3
    endloop
  endfacet
  facet normal -0.6766590009059125 0.20526226481869866 0.7071067805745543
    outer loop
      vertex 0.15224093198776245 119.76926952600479 2
      vertex 1.0239603146910667 119.19804902374744 3
      vertex 1.0805907249450684 119.38473446667194 3
    endloop
  endfacet
  facet normal -0.6236124981477756 0.3333278433570787 0.7071067818913982
    outer loop
      vertex 0.337060771882534 120.11504312604666 2
      vertex 1.0805907249450684 119.38473446667194 3
      vertex 1.17255350202322 119.55678471177816 3
    endloop
  endfacet
  facet normal -0.546600926125984 0.4485838013542067 0.7071067816962485
    outer loop
      vertex 0.5857864394783974 120.41811621934175 2
      vertex 1.17255350202322 119.55678471177816 3
      vertex 1.2963146045804024 119.70758804678917 3
    endloop
  endfacet
  facet normal -0.4485838011225631 0.5466009258437253 0.7071067820613908
    outer loop
      vertex 0.5857864394783974 120.41811621934175 2
      vertex 1.2963146045804024 119.70758804678917 3
      vertex 1.4471179395914078 119.83134914934635 3
    endloop
  endfacet
  facet normal -0.3333278428473128 0.6236124971940707 0.7071067829727928
    outer loop
      vertex 0.8888595327734947 120.66684188693762 2
      vertex 1.4471179395914078 119.83134914934635 3
      vertex 1.619168184697628 119.9233119264245 3
    endloop
  endfacet
  facet normal -0.20526226430893277 0.6766589992254395 0.7071067823306438
    outer loop
      vertex 1.234633132815361 120.85166172683239 2
      vertex 1.619168184697628 119.9233119264245 3
      vertex 1.8058536276221275 119.9799423366785 3
    endloop
  endfacet
  facet normal -0.06930858590499385 0.7037018680194593 0.707106781798742
    outer loop
      vertex 1.6098193526268005 120.96547321975231 2
      vertex 1.8058536276221275 119.9799423366785 3
      vertex 2.0491268560290337 120.00390265882015 3
    endloop
  endfacet
  facet normal 0 0 1
    outer loop
      vertex 1 118.95477580279112 3
      vertex 1.0805907249450684 119.38473446667194 3
      vertex 1.0239603146910667 119.19804902374744 3
    endloop
  endfacet
  facet normal 0 0 1
    outer loop
      vertex 1.0805907249450684 119.38473446667194 3
      vertex 1.2963146045804024 119.70758804678917 3
      vertex 1.17255350202322 119.55678471177816 3
    endloop
  endfacet
  facet normal 0 0 1
    outer loop
      vertex 1.0805907249450684 119.38473446667194 3
      vertex 1.4471179395914078 119.83134914934635 3
      vertex 1.2963146045804024 119.70758804678917 3
    endloop
  endfacet
  facet normal 0 0 1
    outer loop
      vertex 1.0805907249450684 119.38473446667194 3
      vertex 1.619168184697628 119.9233119264245 3
      vertex 1.4471179395914078 119.83134914934635 3
    endloop
  endfacet
  facet normal 0 0 1
    outer loop
      vertex 1.0805907249450684 119.38473446667194 3
      vertex 1.8058536276221275 119.9799423366785 3
      vertex 1.619168184697628 119.9233119264245 3
    endloop
  endfacet
  facet normal 0 0 1
    outer loop
      vertex 1.0805907249450684 119.38473446667194 3
      vertex 2.0491268560290337 120.00390265882015 3
      vertex 1.8058536276221275 119.9799423366785 3
    endloop
  endfacet
  facet normal 0 0.7071067811865475 0.7071067811865475
    outer loop
      vertex 2 121.00390265882015 2
      vertex 2.0491268560290337 120.00390265882015 3
      vertex 231.75087314099073 120.00390265882015 3
    endloop
  endfacet
  facet normal 0 0 1
    outer loop
      vertex 1.0805907249450684 119.38473446667194 3
      vertex 231.75087314099073 120.00390265882015 3
      vertex 2.0491268560290337 120.00390265882015 3
    endloop
  endfacet
  facet normal 0 -0.7071067803084883 -0.7071067820646068
    outer loop
      vertex 2.02947611361742 0.6000000014901161 0
      vertex 231.77052388340235 0.6000000014901161 0
      vertex 131.4 0.5000000012417635 0.1
    endloop
  endfacet
  facet normal -6.511414117266386e-19 -0.7071067803084881 -0.707106782064607
    outer loop
      vertex 231.77052388340235 0.6000000014901161 0
      vertex 131.55000000070368 0.3500000001655684 0.25000000070366596
      vertex 131.4 0.5000000012417635 0.1
    endloop
  endfacet
  facet normal 5.140060532394898e-20 -0.7071067803084884 -0.7071067820646068
    outer loop
      vertex 231.77052388340235 0.6000000014901161 0
      vertex 131.5871536597039 0.29726430272719756 0.3027356980110663
      vertex 131.55000000070368 0.3500000001655684 0.25000000070366596
    endloop
  endfacet
  facet normal 0 -0.7071067803084882 -0.7071067820646069
    outer loop
      vertex 231.79999999701977 0 0.6
      vertex 131.67238586338624 0 0.6
      vertex 131.5871536597039 0.29726430272719756 0.3027356980110663
    endloop
  endfacet
  facet normal 0 -1 0
    outer loop
      vertex 231.79999999701977 0 0.6
      vertex 131.67238586338624 0 1.2253425399581988
      vertex 131.67238586338624 0 0.6
    endloop
  endfacet
  facet normal 0 0 -1
    outer loop
      vertex 2.02947611361742 0.6000000014901161 0
      vertex 232.78789665549994 119.99179931730032 0
      vertex 231.77052388340235 0.6000000014901161 0
    endloop
  endfacet
  facet normal -7.463285934769987e-20 -0.7071067803084882 -0.7071067820646069
    outer loop
      vertex 231.77052388340235 0.6000000014901161 0
      vertex 231.79999999701977 0 0.6
      vertex 131.5871536597039 0.29726430272719756 0.3027356980110663
    endloop
  endfacet
  facet normal 0.06930857094645958 -0.7037018686767157 -0.707106782610843
    outer loop
      vertex 231.77052388340235 0.6000000014901161 0
      vertex 232.07256007939577 0.6297479644417763 0
      vertex 231.79999999701977 0 0.6
    endloop
  endfacet
  facet normal 0.20526226408436127 -0.6766590014391565 -0.7071067802774385
    outer loop
      vertex 232.07256007939577 0.6297479644417763 0
      vertex 232.33464583009481 0.709250807762146 0
      vertex 232.5653668642044 0.15224093198776245 0.6
    endloop
  endfacet
  facet normal 0.3333278241824399 -0.6236125111666712 -0.7071067794486197
    outer loop
      vertex 232.33464583009481 0.709250807762146 0
      vertex 232.57618542015553 0.8383564054965973 0
      vertex 232.5653668642044 0.15224093198776245 0.6
    endloop
  endfacet
  facet normal 0.4485838065992648 -0.5466009248670838 -0.707106779341962
    outer loop
      vertex 232.57618542015553 0.8383564054965973 0
      vertex 232.78789665549994 1.012103334069252 0
      vertex 233.21421355754137 0.5857864394783974 0.6
    endloop
  endfacet
  facet normal 0.5466009243966525 -0.4485838062131918 -0.7071067799505323
    outer loop
      vertex 232.78789665549994 1.012103334069252 0
      vertex 232.9616435840726 1.223814569413662 0
      vertex 233.21421355754137 0.5857864394783974 0.6
    endloop
  endfacet
  facet normal 0.6236125095771629 -0.33332782333283006 -0.7071067812509443
    outer loop
      vertex 232.9616435840726 1.223814569413662 0
      vertex 233.09074918180704 1.4653541594743729 0
      vertex 233.647759065032 1.234633132815361 0.6
    endloop
  endfacet
  facet normal 0.676658998638368 -0.20526226323475136 -0.7071067832042546
    outer loop
      vertex 233.09074918180704 1.4653541594743729 0
      vertex 233.1702520251274 1.7274399101734161 0
      vertex 233.647759065032 1.234633132815361 0.6
    endloop
  endfacet
  facet normal 0.7037018666168925 -0.06930858639269674 -0.7071067831467518
    outer loop
      vertex 233.1702520251274 1.7274399101734161 0
      vertex 233.19999999552965 2.02947611361742 0
      vertex 233.76157055795193 1.6098193526268005 0.6
    endloop
  endfacet
  facet normal 0.0693085839947744 -0.7037018709500619 -0.7071067790694853
    outer loop
      vertex 232.07256007939577 0.6297479644417763 0
      vertex 232.19018064439297 0.038429439067840576 0.6
      vertex 231.79999999701977 0 0.6
    endloop
  endfacet
  facet normal 0.205262260104949 -0.6766590039629288 -0.7071067790175013
    outer loop
      vertex 232.07256007939577 0.6297479644417763 0
      vertex 232.5653668642044 0.15224093198776245 0.6
      vertex 232.19018064439297 0.038429439067840576 0.6
    endloop
  endfacet
  facet normal 0.3333278311786092 -0.623612509600684 -0.7071067775317257
    outer loop
      vertex 232.57618542015553 0.8383564054965973 0
      vertex 232.91114046424627 0.337060771882534 0.6
      vertex 232.5653668642044 0.15224093198776245 0.6
    endloop
  endfacet
  facet normal 0.44858380367267453 -0.5466009290286017 -0.7071067779816743
    outer loop
      vertex 232.57618542015553 0.8383564054965973 0
      vertex 233.21421355754137 0.5857864394783974 0.6
      vertex 232.91114046424627 0.337060771882534 0.6
    endloop
  endfacet
  facet normal 0.5466009285581706 -0.44858380328660136 -0.7071067785902447
    outer loop
      vertex 232.9616435840726 1.223814569413662 0
      vertex 233.46293922513723 0.8888595327734947 0.6
      vertex 233.21421355754137 0.5857864394783974 0.6
    endloop
  endfacet
  facet normal 0.6236125080111757 -0.33332783032899926 -0.7071067793340501
    outer loop
      vertex 232.9616435840726 1.223814569413662 0
      vertex 233.647759065032 1.234633132815361 0.6
      vertex 233.46293922513723 0.8888595327734947 0.6
    endloop
  endfacet
  facet normal 0.6766590011621404 -0.20526225925533914 -0.7071067819443174
    outer loop
      vertex 233.1702520251274 1.7274399101734161 0
      vertex 233.76157055795193 1.6098193526268005 0.6
      vertex 233.647759065032 1.234633132815361 0.6
    endloop
  endfacet
  facet normal 0.7037018677377416 -0.06930858367838834 -0.7071067822973485
    outer loop
      vertex 233.19999999552965 2.02947611361742 0
      vertex 233.79999999701977 2 0.6
      vertex 233.76157055795193 1.6098193526268005 0.6
    endloop
  endfacet
  facet normal 0 -1 0
    outer loop
      vertex 231.79999999701977 0 0.6
      vertex 231.79999999701977 0 2
      vertex 131.67238586338624 0 1.2253425399581988
    endloop
  endfacet
  facet normal 0.0980171391808235 -0.9951847267853376 0
    outer loop
      vertex 231.79999999701977 0 0.6
      vertex 232.19018064439297 0.038429439067840576 0.6
      vertex 231.79999999701977 0 2
    endloop
  endfacet
  facet normal 0.29028467119332607 -0.9569403375708345 0
    outer loop
      vertex 232.19018064439297 0.038429439067840576 0.6
      vertex 232.5653668642044 0.15224093198776245 0.6
      vertex 232.5653668642044 0.15224093198776245 2
    endloop
  endfacet
  facet normal 0.4713967371326908 -0.8819212641844241 0
    outer loop
      vertex 232.5653668642044 0.15224093198776245 0.6
      vertex 232.91114046424627 0.337060771882534 0.6
      vertex 232.91114046424627 0.337060771882534 2
    endloop
  endfacet
  facet normal 0.6343932961394977 -0.7730104435344091 0
    outer loop
      vertex 232.91114046424627 0.337060771882534 0.6
      vertex 233.21421355754137 0.5857864394783974 0.6
      vertex 233.21421355754137 0.5857864394783974 2
    endloop
  endfacet
  facet normal 0.7730104435344091 -0.6343932961394977 0
    outer loop
      vertex 233.21421355754137 0.5857864394783974 0.6
      vertex 233.46293922513723 0.8888595327734947 0.6
      vertex 233.21421355754137 0.5857864394783974 2
    endloop
  endfacet
  facet normal 0.8819212641844241 -0.4713967371326908 0
    outer loop
      vertex 233.46293922513723 0.8888595327734947 0.6
      vertex 233.647759065032 1.234633132815361 0.6
      vertex 233.647759065032 1.234633132815361 2
    endloop
  endfacet
  facet normal 0.9569403375708345 -0.29028467119332607 0
    outer loop
      vertex 233.647759065032 1.234633132815361 0.6
      vertex 233.76157055795193 1.6098193526268005 0.6
      vertex 233.647759065032 1.234633132815361 2
    endloop
  endfacet
  facet normal 0.9951847267853376 -0.0980171391808235 0
    outer loop
      vertex 233.76157055795193 1.6098193526268005 0.6
      vertex 233.79999999701977 2 0.6
      vertex 233.79999999701977 2 2
    endloop
  endfacet
  facet normal 0 0 -1
    outer loop
      vertex 231.77052388340235 0.6000000014901161 0
      vertex 232.78789665549994 119.99179931730032 0
      vertex 232.07256007939577 0.6297479644417763 0
    endloop
  endfacet
  facet normal 0 0 -1
    outer loop
      vertex 232.07256007939577 0.6297479644417763 0
      vertex 232.78789665549994 119.99179931730032 0
      vertex 232.33464583009481 0.709250807762146 0
    endloop
  endfacet
  facet normal 0 0 -1
    outer loop
      vertex 232.33464583009481 0.709250807762146 0
      vertex 232.78789665549994 119.99179931730032 0
      vertex 232.57618542015553 0.8383564054965973 0
    endloop
  endfacet
  facet normal 0 0 -1
    outer loop
      vertex 232.57618542015553 0.8383564054965973 0
      vertex 232.78789665549994 119.99179931730032 0
      vertex 232.78789665549994 1.012103334069252 0
    endloop
  endfacet
  facet normal 0 0 -1
    outer loop
      vertex 232.78789665549994 1.012103334069252 0
      vertex 232.78789665549994 119.99179931730032 0
      vertex 232.9616435840726 1.223814569413662 0
    endloop
  endfacet
  facet normal 0 0 -1
    outer loop
      vertex 232.9616435840726 1.223814569413662 0
      vertex 232.78789665549994 119.99179931730032 0
      vertex 233.09074918180704 1.4653541594743729 0
    endloop
  endfacet
  facet normal 0 0 -1
    outer loop
      vertex 233.09074918180704 1.4653541594743729 0
      vertex 232.78789665549994 119.99179931730032 0
      vertex 233.1702520251274 1.7274399101734161 0
    endloop
  endfacet
  facet normal 0 0 -1
    outer loop
      vertex 233.1702520251274 1.7274399101734161 0
      vertex 232.78789665549994 119.99179931730032 0
      vertex 233.19999999552965 2.02947611361742 0
    endloop
  endfacet
  facet normal 0.7071067803084882 2.0128719022896903e-19 -0.7071067820646069
    outer loop
      vertex 233.19999999552965 2.02947611361742 0
      vertex 233.79999999701977 119.00390265882015 0.6
      vertex 233.79999999701977 2 0.6
    endloop
  endfacet
  facet normal 1 0 0
    outer loop
      vertex 233.79999999701977 2 0.6
      vertex 233.79999999701977 119.00390265882015 0.6
      vertex 233.79999999701977 2 2
    endloop
  endfacet
  facet normal 0 -1 0
    outer loop
      vertex 231.79999999701977 0 2
      vertex 131.66758646505355 0 1.5642781640229604
      vertex 131.67238586338624 0 1.2253425399581988
    endloop
  endfacet
  facet normal 0 -1 0
    outer loop
      vertex 231.79999999701977 0 2
      vertex 131.59561949032758 0 2
      vertex 131.66758646505355 0 1.5642781640229604
    endloop
  endfacet
  facet normal 1.3738367524545615e-15 -0.7071067811883014 0.7071067811847939
    outer loop
      vertex 231.75087314099073 1 3
      vertex 102.89134948097778 0.9500000000515604 2.9500000000515603
      vertex 102.94999999985099 0.950000000149011 2.9500000001490108
    endloop
  endfacet
  facet normal 2.8292670868060367e-18 -0.7071067811865476 0.7071067811865474
    outer loop
      vertex 231.75087314099073 1 3
      vertex 131.1982438471262 0.5501188729272679 2.550118872927268
      vertex 131.59561949032758 0 2
    endloop
  endfacet
  facet normal -9.426193554945359e-20 -0.7071067811865491 0.707106781186546
    outer loop
      vertex 231.75087314099073 1 3
      vertex 102.94999999985099 0.950000000149011 2.9500000001490108
      vertex 130.850000000149 0.950000000149011 2.9500000001490108
    endloop
  endfacet
  facet normal -1.0848108606175306e-18 -0.7071067811865472 0.7071067811865478
    outer loop
      vertex 231.75087314099073 1 3
      vertex 130.90865051902222 0.9500000000515604 2.9500000000515603
      vertex 131.1982438471262 0.5501188729272679 2.550118872927268
    endloop
  endfacet
  facet normal -1.324109807442851e-15 -0.7071067811851908 0.7071067811879043
    outer loop
      vertex 231.75087314099073 1 3
      vertex 130.850000000149 0.950000000149011 2.9500000001490108
      vertex 130.90865051902222 0.9500000000515604 2.9500000000515603
    endloop
  endfacet
  facet normal 0 0 1
    outer loop
      vertex 1.0805907249450684 119.38473446667194 3
      vertex 231.75087314099073 1 3
      vertex 231.99414636194706 1.0239603146910667 3
    endloop
  endfacet
  facet normal 0 0 1
    outer loop
      vertex 1.0805907249450684 119.38473446667194 3
      vertex 231.99414636194706 1.0239603146910667 3
      vertex 232.18083180487156 1.0805907249450684 3
    endloop
  endfacet
  facet normal 0 0 1
    outer loop
      vertex 1.0805907249450684 119.38473446667194 3
      vertex 232.18083180487156 1.0805907249450684 3
      vertex 232.35288204997778 1.17255350202322 3
    endloop
  endfacet
  facet normal 0 0 1
    outer loop
      vertex 1.0805907249450684 119.38473446667194 3
      vertex 232.35288204997778 1.17255350202322 3
      vertex 232.50368538498878 1.2963146045804024 3
    endloop
  endfacet
  facet normal 0 0 1
    outer loop
      vertex 1.0805907249450684 119.38473446667194 3
      vertex 232.50368538498878 1.2963146045804024 3
      vertex 232.62744648754597 1.4471179395914078 3
    endloop
  endfacet
  facet normal 0 0 1
    outer loop
      vertex 1.0805907249450684 119.38473446667194 3
      vertex 232.62744648754597 1.4471179395914078 3
      vertex 232.71940926462412 1.619168184697628 3
    endloop
  endfacet
  facet normal 0 0 1
    outer loop
      vertex 1.0805907249450684 119.38473446667194 3
      vertex 232.71940926462412 1.619168184697628 3
      vertex 232.77603967487812 1.8058536276221275 3
    endloop
  endfacet
  facet normal 0 0 1
    outer loop
      vertex 1.0805907249450684 119.38473446667194 3
      vertex 232.77603967487812 1.8058536276221275 3
      vertex 232.79999999701977 2.049126848578453 3
    endloop
  endfacet
  facet normal 0.0980171391808235 -0.9951847267853376 0
    outer loop
      vertex 232.19018064439297 0.038429439067840576 0.6
      vertex 232.19018064439297 0.038429439067840576 2
      vertex 231.79999999701977 0 2
    endloop
  endfacet
  facet normal 0.29028467119332607 -0.9569403375708345 0
    outer loop
      vertex 232.19018064439297 0.038429439067840576 0.6
      vertex 232.5653668642044 0.15224093198776245 2
      vertex 232.19018064439297 0.038429439067840576 2
    endloop
  endfacet
  facet normal 0.4713967371326908 -0.8819212641844241 0
    outer loop
      vertex 232.5653668642044 0.15224093198776245 0.6
      vertex 232.91114046424627 0.337060771882534 2
      vertex 232.5653668642044 0.15224093198776245 2
    endloop
  endfacet
  facet normal 0.6343932961394977 -0.7730104435344091 0
    outer loop
      vertex 232.91114046424627 0.337060771882534 0.6
      vertex 233.21421355754137 0.5857864394783974 2
      vertex 232.91114046424627 0.337060771882534 2
    endloop
  endfacet
  facet normal 0.7730104435344091 -0.6343932961394977 0
    outer loop
      vertex 233.46293922513723 0.8888595327734947 0.6
      vertex 233.46293922513723 0.8888595327734947 2
      vertex 233.21421355754137 0.5857864394783974 2
    endloop
  endfacet
  facet normal 0.8819212641844241 -0.4713967371326908 0
    outer loop
      vertex 233.46293922513723 0.8888595327734947 0.6
      vertex 233.647759065032 1.234633132815361 2
      vertex 233.46293922513723 0.8888595327734947 2
    endloop
  endfacet
  facet normal 0.9569403375708345 -0.29028467119332607 0
    outer loop
      vertex 233.76157055795193 1.6098193526268005 0.6
      vertex 233.76157055795193 1.6098193526268005 2
      vertex 233.647759065032 1.234633132815361 2
    endloop
  endfacet
  facet normal 0.9951847267853376 -0.0980171391808235 0
    outer loop
      vertex 233.76157055795193 1.6098193526268005 0.6
      vertex 233.79999999701977 2 2
      vertex 233.76157055795193 1.6098193526268005 2
    endloop
  endfacet
  facet normal 0 -0.7071067811865476 0.7071067811865476
    outer loop
      vertex 231.79999999701977 0 2
      vertex 231.75087314099073 1 3
      vertex 131.59561949032758 0 2
    endloop
  endfacet
  facet normal 0.06930858396946682 -0.7037018706931104 0.7071067793276797
    outer loop
      vertex 231.79999999701977 0 2
      vertex 232.19018064439297 0.038429439067840576 2
      vertex 231.99414636194706 1.0239603146910667 3
    endloop
  endfacet
  facet normal 0.2052622598829795 -0.6766590032311935 0.7071067797821629
    outer loop
      vertex 232.19018064439297 0.038429439067840576 2
      vertex 232.5653668642044 0.15224093198776245 2
      vertex 231.99414636194706 1.0239603146910667 3
    endloop
  endfacet
  facet normal 0.3333278302402442 -0.6236125078451267 0.7071067795223314
    outer loop
      vertex 232.5653668642044 0.15224093198776245 2
      vertex 232.91114046424627 0.337060771882534 2
      vertex 232.18083180487156 1.0805907249450684 3
    endloop
  endfacet
  facet normal 0.4485838013207552 -0.54660092616278 0.7071067816890264
    outer loop
      vertex 232.91114046424627 0.337060771882534 2
      vertex 233.21421355754137 0.5857864394783974 2
      vertex 232.35288204997778 1.17255350202322 3
    endloop
  endfacet
  facet normal 0.5466009258805212 -0.4485838010891114 0.7071067820541685
    outer loop
      vertex 233.21421355754137 0.5857864394783974 2
      vertex 233.46293922513723 0.8888595327734947 2
      vertex 232.62744648754597 1.4471179395914078 3
    endloop
  endfacet
  facet normal 0.6236125068914218 -0.33332782973047825 0.707106780603726
    outer loop
      vertex 233.46293922513723 0.8888595327734947 2
      vertex 233.647759065032 1.234633132815361 2
      vertex 232.71940926462412 1.619168184697628 3
    endloop
  endfacet
  facet normal 0.6766590015507203 -0.20526225937321357 0.7071067815382525
    outer loop
      vertex 233.647759065032 1.234633132815361 2
      vertex 233.76157055795193 1.6098193526268005 2
      vertex 232.77603967487812 1.8058536276221275 3
    endloop
  endfacet
  facet normal 0.7037018688643165 -0.06930858378934633 0.7071067811653227
    outer loop
      vertex 233.76157055795193 1.6098193526268005 2
      vertex 233.79999999701977 2 2
      vertex 232.79999999701977 2.049126848578453 3
    endloop
  endfacet
  facet normal 0.06930856665797452 -0.7037018698689297 0.7071067818447146
    outer loop
      vertex 231.79999999701977 0 2
      vertex 231.99414636194706 1.0239603146910667 3
      vertex 231.75087314099073 1 3
    endloop
  endfacet
  facet normal 0.20526226481869866 -0.6766590009059125 0.7071067805745543
    outer loop
      vertex 232.5653668642044 0.15224093198776245 2
      vertex 232.18083180487156 1.0805907249450684 3
      vertex 231.99414636194706 1.0239603146910667 3
    endloop
  endfacet
  facet normal 0.3333278433570787 -0.6236124981477756 0.7071067818913982
    outer loop
      vertex 232.91114046424627 0.337060771882534 2
      vertex 232.35288204997778 1.17255350202322 3
      vertex 232.18083180487156 1.0805907249450684 3
    endloop
  endfacet
  facet normal 0.4485838013542067 -0.546600926125984 0.7071067816962485
    outer loop
      vertex 233.21421355754137 0.5857864394783974 2
      vertex 232.50368538498878 1.2963146045804024 3
      vertex 232.35288204997778 1.17255350202322 3
    endloop
  endfacet
  facet normal 0.5466009258437253 -0.4485838011225631 0.7071067820613908
    outer loop
      vertex 233.21421355754137 0.5857864394783974 2
      vertex 232.62744648754597 1.4471179395914078 3
      vertex 232.50368538498878 1.2963146045804024 3
    endloop
  endfacet
  facet normal 0.6236124971940707 -0.3333278428473128 0.7071067829727928
    outer loop
      vertex 233.46293922513723 0.8888595327734947 2
      vertex 232.71940926462412 1.619168184697628 3
      vertex 232.62744648754597 1.4471179395914078 3
    endloop
  endfacet
  facet normal 0.6766589992254395 -0.20526226430893277 0.7071067823306438
    outer loop
      vertex 233.647759065032 1.234633132815361 2
      vertex 232.77603967487812 1.8058536276221275 3
      vertex 232.71940926462412 1.619168184697628 3
    endloop
  endfacet
  facet normal 0.7037018677088748 -0.06930858799707575 0.7071067819027711
    outer loop
      vertex 233.76157055795193 1.6098193526268005 2
      vertex 232.79999999701977 2.049126848578453 3
      vertex 232.77603967487812 1.8058536276221275 3
    endloop
  endfacet
  facet normal 0.7071067811865476 0 0.7071067811865476
    outer loop
      vertex 233.79999999701977 2 2
      vertex 233.79999999701977 119.00390265882015 2
      vertex 232.79999999701977 2.049126848578453 3
    endloop
  endfacet
  facet normal 0 0 -1
    outer loop
      vertex 2.02947611361742 120.40390265733004 0
      vertex 231.77052388340235 120.40390265733004 0
      vertex 232.78789665549994 119.99179931730032 0
    endloop
  endfacet
  facet normal 0 0.7071067803084882 -0.7071067820646069
    outer loop
      vertex 2 121.00390265882015 0.6
      vertex 231.79999999701977 121.00390265882015 0.6
      vertex 231.77052388340235 120.40390265733004 0
    endloop
  endfacet
  facet normal 0 0 -1
    outer loop
      vertex 233.19999999552965 2.02947611361742 0
      vertex 232.78789665549994 119.99179931730032 0
      vertex 233.19999999552965 118.97442653775215 0
    endloop
  endfacet
  facet normal 0.7071067803084882 0 -0.7071067820646069
    outer loop
      vertex 233.19999999552965 2.02947611361742 0
      vertex 233.19999999552965 118.97442653775215 0
      vertex 233.79999999701977 119.00390265882015 0.6
    endloop
  endfacet
  facet normal 0 0 -1
    outer loop
      vertex 233.19999999552965 118.97442653775215 0
      vertex 232.78789665549994 119.99179931730032 0
      vertex 233.1702520251274 119.27646274119616 0
    endloop
  endfacet
  facet normal 0 0 -1
    outer loop
      vertex 232.78789665549994 119.99179931730032 0
      vertex 233.09074918180704 119.5385484918952 0
      vertex 233.1702520251274 119.27646274119616 0
    endloop
  endfacet
  facet normal 0 0 -1
    outer loop
      vertex 232.78789665549994 119.99179931730032 0
      vertex 232.9616435840726 119.78008808195591 0
      vertex 233.09074918180704 119.5385484918952 0
    endloop
  endfacet
  facet normal 0 0 -1
    outer loop
      vertex 232.78789665549994 119.99179931730032 0
      vertex 232.07256007939577 120.3741546869278 0
      vertex 232.33464583009481 120.29465184360743 0
    endloop
  endfacet
  facet normal 0 0 -1
    outer loop
      vertex 231.77052388340235 120.40390265733004 0
      vertex 232.07256007939577 120.3741546869278 0
      vertex 232.78789665549994 119.99179931730032 0
    endloop
  endfacet
  facet normal 0 0 -1
    outer loop
      vertex 232.78789665549994 119.99179931730032 0
      vertex 232.33464583009481 120.29465184360743 0
      vertex 232.57618542015553 120.16554624587297 0
    endloop
  endfacet
  facet normal 0.7037018661886402 0.06930858635051758 -0.7071067835770761
    outer loop
      vertex 233.19999999552965 118.97442653775215 0
      vertex 233.1702520251274 119.27646274119616 0
      vertex 233.76157055795193 119.39408330619335 0.6
    endloop
  endfacet
  facet normal 0.676658997418809 0.20526226286480218 -0.7071067844786905
    outer loop
      vertex 233.1702520251274 119.27646274119616 0
      vertex 233.09074918180704 119.5385484918952 0
      vertex 233.647759065032 119.76926952600479 0.6
    endloop
  endfacet
  facet normal 0.6236125077519636 0.3333278223572408 -0.7071067833205157
    outer loop
      vertex 233.09074918180704 119.5385484918952 0
      vertex 232.9616435840726 119.78008808195591 0
      vertex 233.647759065032 119.76926952600479 0.6
    endloop
  endfacet
  facet normal 0.4485838044462956 0.5466009222436834 -0.7071067827357072
    outer loop
      vertex 232.78789665549994 119.99179931730032 0
      vertex 232.57618542015553 120.16554624587297 0
      vertex 233.21421355754137 120.41811621934175 0.6
    endloop
  endfacet
  facet normal 0.3333278223572408 0.6236125077519636 -0.7071067833205157
    outer loop
      vertex 232.33464583009481 120.29465184360743 0
      vertex 232.5653668642044 120.85166172683239 0.6
      vertex 232.57618542015553 120.16554624587297 0
    endloop
  endfacet
  facet normal 0.06930858803557226 0.7037018659384818 -0.7071067836608658
    outer loop
      vertex 231.77052388340235 120.40390265733004 0
      vertex 232.19018064439297 120.96547321975231 0.6
      vertex 232.07256007939577 120.3741546869278 0
    endloop
  endfacet
  facet normal 0.20526226286480218 0.676658997418809 -0.7071067844786905
    outer loop
      vertex 232.33464583009481 120.29465184360743 0
      vertex 232.07256007939577 120.3741546869278 0
      vertex 232.5653668642044 120.85166172683239 0.6
    endloop
  endfacet
  facet normal 0.5466009222436834 0.4485838044462956 -0.7071067827357072
    outer loop
      vertex 232.78789665549994 119.99179931730032 0
      vertex 233.21421355754137 120.41811621934175 0.6
      vertex 232.9616435840726 119.78008808195591 0
    endloop
  endfacet
  facet normal 0.06930858367838835 0.7037018677377416 -0.7071067822973485
    outer loop
      vertex 231.77052388340235 120.40390265733004 0
      vertex 231.79999999701977 121.00390265882015 0.6
      vertex 232.19018064439297 120.96547321975231 0.6
    endloop
  endfacet
  facet normal 0.7037018673094895 0.0693085836362092 -0.7071067827276729
    outer loop
      vertex 233.19999999552965 118.97442653775215 0
      vertex 233.76157055795193 119.39408330619335 0.6
      vertex 233.79999999701977 119.00390265882015 0.6
    endloop
  endfacet
  facet normal 0.6766589999425814 0.2052622588853899 -0.7071067832187533
    outer loop
      vertex 233.1702520251274 119.27646274119616 0
      vertex 233.647759065032 119.76926952600479 0.6
      vertex 233.76157055795193 119.39408330619335 0.6
    endloop
  endfacet
  facet normal 0.6236125061859765 0.33332782935341 -0.7071067814036216
    outer loop
      vertex 232.9616435840726 119.78008808195591 0
      vertex 233.46293922513723 120.11504312604666 0.6
      vertex 233.647759065032 119.76926952600479 0.6
    endloop
  endfacet
  facet normal 0.2052622588853899 0.6766589999425814 -0.7071067832187533
    outer loop
      vertex 232.07256007939577 120.3741546869278 0
      vertex 232.19018064439297 120.96547321975231 0.6
      vertex 232.5653668642044 120.85166172683239 0.6
    endloop
  endfacet
  facet normal 0.33332782935341 0.6236125061859765 -0.7071067814036216
    outer loop
      vertex 232.57618542015553 120.16554624587297 0
      vertex 232.5653668642044 120.85166172683239 0.6
      vertex 232.91114046424627 120.66684188693762 0.6
    endloop
  endfacet
  facet normal 0.5466009264052013 0.4485838015197052 -0.7071067813754196
    outer loop
      vertex 232.9616435840726 119.78008808195591 0
      vertex 233.21421355754137 120.41811621934175 0.6
      vertex 233.46293922513723 120.11504312604666 0.6
    endloop
  endfacet
  facet normal 0.4485838015197052 0.5466009264052013 -0.7071067813754196
    outer loop
      vertex 232.57618542015553 120.16554624587297 0
      vertex 232.91114046424627 120.66684188693762 0.6
      vertex 233.21421355754137 120.41811621934175 0.6
    endloop
  endfacet
  facet normal 0.0980171391808235 0.9951847267853376 0
    outer loop
      vertex 231.79999999701977 121.00390265882015 0.6
      vertex 231.79999999701977 121.00390265882015 2
      vertex 232.19018064439297 120.96547321975231 0.6
    endloop
  endfacet
  facet normal 0.9951847267853376 0.0980171391808235 0
    outer loop
      vertex 233.79999999701977 119.00390265882015 0.6
      vertex 233.76157055795193 119.39408330619335 0.6
      vertex 233.76157055795193 119.39408330619335 2
    endloop
  endfacet
  facet normal 0.9569403375708345 0.29028467119332607 0
    outer loop
      vertex 233.76157055795193 119.39408330619335 0.6
      vertex 233.647759065032 119.76926952600479 0.6
      vertex 233.76157055795193 119.39408330619335 2
    endloop
  endfacet
  facet normal 0.8819212641844241 0.4713967371326908 0
    outer loop
      vertex 233.647759065032 119.76926952600479 0.6
      vertex 233.46293922513723 120.11504312604666 0.6
      vertex 233.647759065032 119.76926952600479 2
    endloop
  endfacet
  facet normal 0.4713967371326908 0.8819212641844241 0
    outer loop
      vertex 232.5653668642044 120.85166172683239 0.6
      vertex 232.91114046424627 120.66684188693762 2
      vertex 232.91114046424627 120.66684188693762 0.6
    endloop
  endfacet
  facet normal 0.29028467119332607 0.9569403375708345 0
    outer loop
      vertex 232.19018064439297 120.96547321975231 0.6
      vertex 232.5653668642044 120.85166172683239 2
      vertex 232.5653668642044 120.85166172683239 0.6
    endloop
  endfacet
  facet normal 0.7730104435344091 0.6343932961394977 0
    outer loop
      vertex 233.21421355754137 120.41811621934175 0.6
      vertex 233.46293922513723 120.11504312604666 2
      vertex 233.46293922513723 120.11504312604666 0.6
    endloop
  endfacet
  facet normal 0.6343932961394977 0.7730104435344091 0
    outer loop
      vertex 233.21421355754137 120.41811621934175 0.6
      vertex 232.91114046424627 120.66684188693762 0.6
      vertex 232.91114046424627 120.66684188693762 2
    endloop
  endfacet
  facet normal 0 0 1
    outer loop
      vertex 1.0805907249450684 119.38473446667194 3
      vertex 232.79999999701977 2.049126848578453 3
      vertex 232.79999999701977 118.95477580279112 3
    endloop
  endfacet
  facet normal 0 1 0
    outer loop
      vertex 2 121.00390265882015 2
      vertex 231.79999999701977 121.00390265882015 2
      vertex 231.79999999701977 121.00390265882015 0.6
    endloop
  endfacet
  facet normal 0 0.7071067811865475 0.7071067811865475
    outer loop
      vertex 2 121.00390265882015 2
      vertex 231.75087314099073 120.00390265882015 3
      vertex 231.79999999701977 121.00390265882015 2
    endloop
  endfacet
  facet normal 0 0 1
    outer loop
      vertex 1.0805907249450684 119.38473446667194 3
      vertex 232.35288204997778 119.83134914934635 3
      vertex 232.18083180487156 119.9233119264245 3
    endloop
  endfacet
  facet normal 0 0 1
    outer loop
      vertex 1.0805907249450684 119.38473446667194 3
      vertex 231.99414636194706 119.9799423366785 3
      vertex 231.75087314099073 120.00390265882015 3
    endloop
  endfacet
  facet normal 0 0 1
    outer loop
      vertex 1.0805907249450684 119.38473446667194 3
      vertex 232.18083180487156 119.9233119264245 3
      vertex 231.99414636194706 119.9799423366785 3
    endloop
  endfacet
  facet normal 0 0 1
    outer loop
      vertex 1.0805907249450684 119.38473446667194 3
      vertex 232.79999999701977 118.95477580279112 3
      vertex 232.77603967487812 119.19804902374744 3
    endloop
  endfacet
  facet normal 0 0 1
    outer loop
      vertex 1.0805907249450684 119.38473446667194 3
      vertex 232.71940926462412 119.38473446667194 3
      vertex 232.62744648754597 119.55678471177816 3
    endloop
  endfacet
  facet normal 0 0 1
    outer loop
      vertex 1.0805907249450684 119.38473446667194 3
      vertex 232.77603967487812 119.19804902374744 3
      vertex 232.71940926462412 119.38473446667194 3
    endloop
  endfacet
  facet normal 0 0 1
    outer loop
      vertex 1.0805907249450684 119.38473446667194 3
      vertex 232.62744648754597 119.55678471177816 3
      vertex 232.50368538498878 119.70758804678917 3
    endloop
  endfacet
  facet normal 0 0 1
    outer loop
      vertex 1.0805907249450684 119.38473446667194 3
      vertex 232.50368538498878 119.70758804678917 3
      vertex 232.35288204997778 119.83134914934635 3
    endloop
  endfacet
  facet normal 1 0 0
    outer loop
      vertex 233.79999999701977 2 2
      vertex 233.79999999701977 119.00390265882015 0.6
      vertex 233.79999999701977 119.00390265882015 2
    endloop
  endfacet
  facet normal 0.7071067811865475 0 0.7071067811865475
    outer loop
      vertex 232.79999999701977 2.049126848578453 3
      vertex 233.79999999701977 119.00390265882015 2
      vertex 232.79999999701977 118.95477580279112 3
    endloop
  endfacet
  facet normal 0.9951847267853376 0.0980171391808235 0
    outer loop
      vertex 233.79999999701977 119.00390265882015 0.6
      vertex 233.76157055795193 119.39408330619335 2
      vertex 233.79999999701977 119.00390265882015 2
    endloop
  endfacet
  facet normal 0.9569403375708345 0.29028467119332607 0
    outer loop
      vertex 233.647759065032 119.76926952600479 0.6
      vertex 233.647759065032 119.76926952600479 2
      vertex 233.76157055795193 119.39408330619335 2
    endloop
  endfacet
  facet normal 0.0980171391808235 0.9951847267853376 0
    outer loop
      vertex 232.19018064439297 120.96547321975231 0.6
      vertex 231.79999999701977 121.00390265882015 2
      vertex 232.19018064439297 120.96547321975231 2
    endloop
  endfacet
  facet normal 0.29028467119332607 0.9569403375708345 0
    outer loop
      vertex 232.19018064439297 120.96547321975231 0.6
      vertex 232.19018064439297 120.96547321975231 2
      vertex 232.5653668642044 120.85166172683239 2
    endloop
  endfacet
  facet normal 0.4713967371326908 0.8819212641844241 0
    outer loop
      vertex 232.5653668642044 120.85166172683239 0.6
      vertex 232.5653668642044 120.85166172683239 2
      vertex 232.91114046424627 120.66684188693762 2
    endloop
  endfacet
  facet normal 0.7730104435344091 0.6343932961394977 0
    outer loop
      vertex 233.21421355754137 120.41811621934175 0.6
      vertex 233.21421355754137 120.41811621934175 2
      vertex 233.46293922513723 120.11504312604666 2
    endloop
  endfacet
  facet normal 0.8819212641844241 0.4713967371326908 0
    outer loop
      vertex 233.46293922513723 120.11504312604666 0.6
      vertex 233.46293922513723 120.11504312604666 2
      vertex 233.647759065032 119.76926952600479 2
    endloop
  endfacet
  facet normal 0.6343932961394977 0.7730104435344091 0
    outer loop
      vertex 233.21421355754137 120.41811621934175 0.6
      vertex 232.91114046424627 120.66684188693762 2
      vertex 233.21421355754137 120.41811621934175 2
    endloop
  endfacet
  facet normal 0.06930858376403884 0.7037018686073652 0.7071067814235173
    outer loop
      vertex 231.79999999701977 121.00390265882015 2
      vertex 231.75087314099073 120.00390265882015 3
      vertex 232.19018064439297 120.96547321975231 2
    endloop
  endfacet
  facet normal 0.7037018686073652 0.06930858376403884 0.7071067814235173
    outer loop
      vertex 233.79999999701977 119.00390265882015 2
      vertex 233.76157055795193 119.39408330619335 2
      vertex 232.79999999701977 118.95477580279112 3
    endloop
  endfacet
  facet normal 0.6766590008189849 0.20526225915124405 0.707106782302914
    outer loop
      vertex 233.76157055795193 119.39408330619335 2
      vertex 233.647759065032 119.76926952600479 2
      vertex 232.77603967487812 119.19804902374744 3
    endloop
  endfacet
  facet normal 0.6236125057963021 0.33332782914512465 0.7071067818454688
    outer loop
      vertex 233.647759065032 119.76926952600479 2
      vertex 233.46293922513723 120.11504312604666 2
      vertex 232.71940926462412 119.38473446667194 3
    endloop
  endfacet
  facet normal 0.33332782914512465 0.6236125057963021 0.7071067818454688
    outer loop
      vertex 232.5653668642044 120.85166172683239 2
      vertex 232.18083180487156 119.9233119264245 3
      vertex 232.91114046424627 120.66684188693762 2
    endloop
  endfacet
  facet normal 0.4485838000289737 0.5466009245887397 0.7071067837252735
    outer loop
      vertex 233.21421355754137 120.41811621934175 2
      vertex 232.91114046424627 120.66684188693762 2
      vertex 232.35288204997778 119.83134914934635 3
    endloop
  endfacet
  facet normal 0.20526225915124405 0.6766590008189849 0.707106782302914
    outer loop
      vertex 232.19018064439297 120.96547321975231 2
      vertex 231.99414636194706 119.9799423366785 3
      vertex 232.5653668642044 120.85166172683239 2
    endloop
  endfacet
  facet normal 0.5466009245887397 0.4485838000289737 0.7071067837252735
    outer loop
      vertex 233.21421355754137 120.41811621934175 2
      vertex 232.62744648754597 119.55678471177816 3
      vertex 233.46293922513723 120.11504312604666 2
    endloop
  endfacet
  facet normal 0.5466009245519438 0.44858380006242526 0.7071067837324957
    outer loop
      vertex 233.21421355754137 120.41811621934175 2
      vertex 232.50368538498878 119.70758804678917 3
      vertex 232.62744648754597 119.55678471177816 3
    endloop
  endfacet
  facet normal 0.44858380006242526 0.5466009245519438 0.7071067837324957
    outer loop
      vertex 233.21421355754137 120.41811621934175 2
      vertex 232.35288204997778 119.83134914934635 3
      vertex 232.50368538498878 119.70758804678917 3
    endloop
  endfacet
  facet normal 0.7037018674519234 0.06930858797176824 0.7071067821609657
    outer loop
      vertex 233.76157055795193 119.39408330619335 2
      vertex 232.77603967487812 119.19804902374744 3
      vertex 232.79999999701977 118.95477580279112 3
    endloop
  endfacet
  facet normal 0.6766589984937039 0.2052622640869632 0.7071067830953054
    outer loop
      vertex 233.647759065032 119.76926952600479 2
      vertex 232.71940926462412 119.38473446667194 3
      vertex 232.77603967487812 119.19804902374744 3
    endloop
  endfacet
  facet normal 0.6236124960989512 0.3333278422619592 0.7071067842145358
    outer loop
      vertex 233.46293922513723 120.11504312604666 2
      vertex 232.62744648754597 119.55678471177816 3
      vertex 232.71940926462412 119.38473446667194 3
    endloop
  endfacet
  facet normal 0.06930858797176824 0.7037018674519234 0.7071067821609657
    outer loop
      vertex 232.19018064439297 120.96547321975231 2
      vertex 231.75087314099073 120.00390265882015 3
      vertex 231.99414636194706 119.9799423366785 3
    endloop
  endfacet
  facet normal 0.2052622640869632 0.6766589984937039 0.7071067830953054
    outer loop
      vertex 232.5653668642044 120.85166172683239 2
      vertex 231.99414636194706 119.9799423366785 3
      vertex 232.18083180487156 119.9233119264245 3
    endloop
  endfacet
  facet normal 0.3333278422619592 0.6236124960989512 0.7071067842145358
    outer loop
      vertex 232.91114046424627 120.66684188693762 2
      vertex 232.18083180487156 119.9233119264245 3
      vertex 232.35288204997778 119.83134914934635 3
    endloop
  endfacet
  facet normal -0.7037018716290322 -0.06930858139558899 -0.707106778648549
    outer loop
      vertex 102.43119487315417 -6.2921634912490845 0.1
      vertex 101.9 -6 0.6
      vertex 102.4 -5.9754366129636765 0.1
    endloop
  endfacet
  facet normal -0.7071067811865475 -4.927608621380342e-16 -0.7071067811865475
    outer loop
      vertex 102.4 -5.9754366129636765 0.1
      vertex 101.9 -6 0.6
      vertex 102.24999999929634 0.3500000001655684 0.25000000070366596
    endloop
  endfacet
  facet normal 0 0 -1
    outer loop
      vertex 103.06798872500659 -7.245192863047123 0.1
      vertex 102.8410505220294 -7.0589494779706 0.1
      vertex 102.65480713695288 -6.83201127499342 0.1
    endloop
  endfacet
  facet normal 0 0 -1
    outer loop
      vertex 103.60783650875092 -7.468805126845837 0.1
      vertex 103.32690066248179 -7.383584171533585 0.1
      vertex 102.65480713695288 -6.83201127499342 0.1
    endloop
  endfacet
  facet normal 0 0 -1
    outer loop
      vertex 103.06798872500659 -7.245192863047123 0.1
      vertex 102.65480713695288 -6.83201127499342 0.1
      vertex 103.32690066248179 -7.383584171533585 0.1
    endloop
  endfacet
  facet normal 0 0 -1
    outer loop
      vertex 103.60783650875092 -7.468805126845837 0.1
      vertex 102.65480713695288 -6.83201127499342 0.1
      vertex 103.92456338703633 -7.5 0.1
    endloop
  endfacet
  facet normal 0 0 -1
    outer loop
      vertex 102.65480713695288 -6.83201127499342 0.1
      vertex 102.51641582846642 -6.573099337518215 0.1
      vertex 102.43119487315417 -6.2921634912490845 0.1
    endloop
  endfacet
  facet normal 0 0 -1
    outer loop
      vertex 102.65480713695288 -6.83201127499342 0.1
      vertex 102.43119487315417 -6.2921634912490845 0.1
      vertex 102.4 -5.9754366129636765 0.1
    endloop
  endfacet
  facet normal 0 0 -1
    outer loop
      vertex 102.65480713695288 -6.83201127499342 0.1
      vertex 102.4 -5.9754366129636765 0.1
      vertex 102.4 0.5000000012417635 0.1
    endloop
  endfacet
  facet normal -0.7071067811865371 0 -0.7071067811865579
    outer loop
      vertex 102.4 -5.9754366129636765 0.1
      vertex 102.24999999929634 0.3500000001655684 0.25000000070366596
      vertex 102.4 0.5000000012417635 0.1
    endloop
  endfacet
  facet normal 0 0 -1
    outer loop
      vertex 103.92456338703633 -7.5 0.1
      vertex 102.65480713695288 -6.83201127499342 0.1
      vertex 129.87543661296368 -7.5 0.1
    endloop
  endfacet
  facet normal 0 0 -1
    outer loop
      vertex 102.65480713695288 -6.83201127499342 0.1
      vertex 102.4 0.5000000012417635 0.1
      vertex 131.4 -5.9754366129636765 0.1
    endloop
  endfacet
  facet normal -0.5466009159564812 -0.4485838150569099 -0.7071067808644772
    outer loop
      vertex 102.8410505220294 -7.0589494779706 0.1
      vertex 102.4857864394784 -7.414213560521603 0.6
      vertex 102.65480713695288 -6.83201127499342 0.1
    endloop
  endfacet
  facet normal -0.3333278197801306 -0.6236125127908743 -0.7071067800914347
    outer loop
      vertex 103.06798872500659 -7.245192863047123 0.1
      vertex 103.32690066248179 -7.383584171533585 0.1
      vertex 103.13463313281537 -7.8477590680122375 0.6
    endloop
  endfacet
  facet normal -0.4485838150569099 -0.5466009159564812 -0.7071067808644772
    outer loop
      vertex 103.06798872500659 -7.245192863047123 0.1
      vertex 102.4857864394784 -7.414213560521603 0.6
      vertex 102.8410505220294 -7.0589494779706 0.1
    endloop
  endfacet
  facet normal -0.20526225968931922 -0.6766590027258531 -0.7071067803219598
    outer loop
      vertex 103.60783650875092 -7.468805126845837 0.1
      vertex 103.5098193526268 -7.961570560932159 0.6
      vertex 103.32690066248179 -7.383584171533585 0.1
    endloop
  endfacet
  facet normal -0.06930858139558899 -0.7037018716290322 -0.707106778648549
    outer loop
      vertex 103.60783650875092 -7.468805126845837 0.1
      vertex 103.92456338703633 -7.5 0.1
      vertex 103.9 -8 0.6
    endloop
  endfacet
  facet normal -0.6236125127908743 -0.3333278197801306 -0.7071067800914347
    outer loop
      vertex 102.65480713695288 -6.83201127499342 0.1
      vertex 102.05224093198777 -6.765366867184639 0.6
      vertex 102.51641582846642 -6.573099337518215 0.1
    endloop
  endfacet
  facet normal -0.6766590027258531 -0.20526225968931922 -0.7071067803219598
    outer loop
      vertex 102.51641582846642 -6.573099337518215 0.1
      vertex 101.93842943906785 -6.3901806473731995 0.6
      vertex 102.43119487315417 -6.2921634912490845 0.1
    endloop
  endfacet
  facet normal 0 -0.7071067811865476 -0.7071067811865476
    outer loop
      vertex 103.92456338703633 -7.5 0.1
      vertex 129.87543661296368 -7.5 0.1
      vertex 103.9 -8 0.6
    endloop
  endfacet
  facet normal -0.6766590027273124 -0.20526225973012885 -0.707106780308717
    outer loop
      vertex 102.51641582846642 -6.573099337518215 0.1
      vertex 102.05224093198777 -6.765366867184639 0.6
      vertex 101.93842943906785 -6.3901806473731995 0.6
    endloop
  endfacet
  facet normal -0.7037018722741759 -0.06930858412518817 -0.7071067777389646
    outer loop
      vertex 102.43119487315417 -6.2921634912490845 0.1
      vertex 101.93842943906785 -6.3901806473731995 0.6
      vertex 101.9 -6 0.6
    endloop
  endfacet
  facet normal -0.8521900544259021 0.0839333933942394 -0.5164564808489732
    outer loop
      vertex 101.93842943906785 -0.6598193496465683 0.6
      vertex 102.21284634029612 0.29726430272719745 0.3027356980110664
      vertex 102.24999999929634 0.3500000001655684 0.25000000070366596
    endloop
  endfacet
  facet normal -0.7071067811865519 0 -0.707106781186543
    outer loop
      vertex 101.9 -6 0.6
      vertex 101.9 -1.0499999970197678 0.6
      vertex 102.24999999929634 0.3500000001655684 0.25000000070366596
    endloop
  endfacet
  facet normal -0.8521900544258597 0.08393339339419985 -0.5164564808490495
    outer loop
      vertex 101.9 -1.0499999970197678 0.6
      vertex 101.93842943906785 -0.6598193496465683 0.6
      vertex 102.24999999929634 0.3500000001655684 0.25000000070366596
    endloop
  endfacet
  facet normal -0.9612676620440112 0.2756165486839292 -8.344372014790508e-15
    outer loop
      vertex 101.93842943906785 -0.6598193496465683 0.6
      vertex 102.12761413661376 0 0.6
      vertex 102.21284634029612 0.29726430272719745 0.3027356980110664
    endloop
  endfacet
  facet normal -0.33332783183955034 -0.623612510837218 -0.7071067761296345
    outer loop
      vertex 103.06798872500659 -7.245192863047123 0.1
      vertex 103.13463313281537 -7.8477590680122375 0.6
      vertex 102.7888595327735 -7.662939228117466 0.6
    endloop
  endfacet
  facet normal -0.5466009313299061 -0.4485838055613061 -0.7071067750046067
    outer loop
      vertex 102.4857864394784 -7.414213560521603 0.6
      vertex 102.23706077188254 -7.111140467226505 0.6
      vertex 102.65480713695288 -6.83201127499342 0.1
    endloop
  endfacet
  facet normal -0.4485838055613061 -0.5466009313299061 -0.7071067750046067
    outer loop
      vertex 103.06798872500659 -7.245192863047123 0.1
      vertex 102.7888595327735 -7.662939228117466 0.6
      vertex 102.4857864394784 -7.414213560521603 0.6
    endloop
  endfacet
  facet normal -0.20526225973012885 -0.6766590027273124 -0.707106780308717
    outer loop
      vertex 103.32690066248179 -7.383584171533585 0.1
      vertex 103.5098193526268 -7.961570560932159 0.6
      vertex 103.13463313281537 -7.8477590680122375 0.6
    endloop
  endfacet
  facet normal -0.06930858412518817 -0.7037018722741759 -0.7071067777389646
    outer loop
      vertex 103.60783650875092 -7.468805126845837 0.1
      vertex 103.9 -8 0.6
      vertex 103.5098193526268 -7.961570560932159 0.6
    endloop
  endfacet
  facet normal -0.623612510837218 -0.33332783183955034 -0.7071067761296345
    outer loop
      vertex 102.23706077188254 -7.111140467226505 0.6
      vertex 102.05224093198777 -6.765366867184639 0.6
      vertex 102.65480713695288 -6.83201127499342 0.1
    endloop
  endfacet
  facet normal -0.961267662044011 0.2756165486839292 5.611681698586534e-18
    outer loop
      vertex 101.93842943906785 -0.6598193496465683 0.6
      vertex 102.12761413661376 0 1.2253425399581988
      vertex 102.12761413661376 0 0.6
    endloop
  endfacet
  facet normal -0.8819212641844241 -0.4713967371326908 0
    outer loop
      vertex 102.23706077188254 -7.111140467226505 0.6
      vertex 102.23706077188254 -7.111140467226505 2
      vertex 102.05224093198777 -6.765366867184639 0.6
    endloop
  endfacet
  facet normal -0.9569403375708345 -0.29028467119332607 0
    outer loop
      vertex 102.05224093198777 -6.765366867184639 0.6
      vertex 101.93842943906785 -6.3901806473731995 2
      vertex 101.93842943906785 -6.3901806473731995 0.6
    endloop
  endfacet
  facet normal -0.9951847267853376 -0.0980171391808235 0
    outer loop
      vertex 101.93842943906785 -6.3901806473731995 0.6
      vertex 101.93842943906785 -6.3901806473731995 2
      vertex 101.9 -6 0.6
    endloop
  endfacet
  facet normal -1 0 0
    outer loop
      vertex 101.9 -6 0.6
      vertex 101.9 -1.0499999970197678 2
      vertex 101.9 -1.0499999970197678 0.6
    endloop
  endfacet
  facet normal -0.9951847267853376 0.0980171391808235 0
    outer loop
      vertex 101.9 -1.0499999970197678 0.6
      vertex 101.93842943906785 -0.6598193496465683 2
      vertex 101.93842943906785 -0.6598193496465683 0.6
    endloop
  endfacet
  facet normal -0.6343932961394977 -0.7730104435344091 0
    outer loop
      vertex 102.7888595327735 -7.662939228117466 0.6
      vertex 102.4857864394784 -7.414213560521603 2
      vertex 102.4857864394784 -7.414213560521603 0.6
    endloop
  endfacet
  facet normal -0.4713967371326908 -0.8819212641844241 0
    outer loop
      vertex 102.7888595327735 -7.662939228117466 0.6
      vertex 103.13463313281537 -7.8477590680122375 0.6
      vertex 102.7888595327735 -7.662939228117466 2
    endloop
  endfacet
  facet normal -0.7730104435344091 -0.6343932961394977 0
    outer loop
      vertex 102.4857864394784 -7.414213560521603 0.6
      vertex 102.23706077188254 -7.111140467226505 2
      vertex 102.23706077188254 -7.111140467226505 0.6
    endloop
  endfacet
  facet normal -0.29028467119332607 -0.9569403375708345 0
    outer loop
      vertex 103.13463313281537 -7.8477590680122375 0.6
      vertex 103.5098193526268 -7.961570560932159 0.6
      vertex 103.5098193526268 -7.961570560932159 2
    endloop
  endfacet
  facet normal -0.0980171391808235 -0.9951847267853376 0
    outer loop
      vertex 103.5098193526268 -7.961570560932159 0.6
      vertex 103.9 -8 0.6
      vertex 103.5098193526268 -7.961570560932159 2
    endloop
  endfacet
  facet normal -0.9612676620440113 0.27561654868392926 0
    outer loop
      vertex 101.93842943906785 -0.6598193496465683 0.6
      vertex 101.93842943906785 -0.6598193496465683 2
      vertex 102.12761413661376 0 1.2253425399581988
    endloop
  endfacet
  facet normal -0.8819212641844241 -0.4713967371326908 0
    outer loop
      vertex 102.05224093198777 -6.765366867184639 0.6
      vertex 102.23706077188254 -7.111140467226505 2
      vertex 102.05224093198777 -6.765366867184639 2
    endloop
  endfacet
  facet normal -0.9569403375708345 -0.29028467119332607 0
    outer loop
      vertex 102.05224093198777 -6.765366867184639 0.6
      vertex 102.05224093198777 -6.765366867184639 2
      vertex 101.93842943906785 -6.3901806473731995 2
    endloop
  endfacet
  facet normal -0.9951847267853376 -0.0980171391808235 0
    outer loop
      vertex 101.9 -6 0.6
      vertex 101.93842943906785 -6.3901806473731995 2
      vertex 101.9 -6 2
    endloop
  endfacet
  facet normal -1 0 0
    outer loop
      vertex 101.9 -6 0.6
      vertex 101.9 -6 2
      vertex 101.9 -1.0499999970197678 2
    endloop
  endfacet
  facet normal -0.9951847267853376 0.0980171391808235 0
    outer loop
      vertex 101.9 -1.0499999970197678 0.6
      vertex 101.9 -1.0499999970197678 2
      vertex 101.93842943906785 -0.6598193496465683 2
    endloop
  endfacet
  facet normal -0.9568524952212956 0.2902580245085384 0.01354922865631915
    outer loop
      vertex 101.93842943906785 -0.6598193496465683 2
      vertex 102.13241353494648 0 1.5642781640229604
      vertex 102.12761413661376 0 1.2253425399581988
    endloop
  endfacet
  facet normal -0.9568524952213009 0.2902580245085224 0.013549228656292394
    outer loop
      vertex 101.93842943906785 -0.6598193496465683 2
      vertex 102.05224093198777 -0.2846331298351288 2
      vertex 102.13241353494648 0 1.5642781640229604
    endloop
  endfacet
  facet normal -0.8727112051452274 0.46647385800935287 0.1441433044155542
    outer loop
      vertex 102.05224093198777 -0.2846331298351288 2
      vertex 102.20438050967243 0 2
      vertex 102.13241353494648 0 1.5642781640229604
    endloop
  endfacet
  facet normal -0.6343932961394977 -0.7730104435344091 0
    outer loop
      vertex 102.7888595327735 -7.662939228117466 0.6
      vertex 102.7888595327735 -7.662939228117466 2
      vertex 102.4857864394784 -7.414213560521603 2
    endloop
  endfacet
  facet normal -0.4713967371326908 -0.8819212641844241 0
    outer loop
      vertex 103.13463313281537 -7.8477590680122375 0.6
      vertex 103.13463313281537 -7.8477590680122375 2
      vertex 102.7888595327735 -7.662939228117466 2
    endloop
  endfacet
  facet normal -0.7730104435344091 -0.6343932961394977 0
    outer loop
      vertex 102.4857864394784 -7.414213560521603 0.6
      vertex 102.4857864394784 -7.414213560521603 2
      vertex 102.23706077188254 -7.111140467226505 2
    endloop
  endfacet
  facet normal -0.29028467119332607 -0.9569403375708345 0
    outer loop
      vertex 103.13463313281537 -7.8477590680122375 0.6
      vertex 103.5098193526268 -7.961570560932159 2
      vertex 103.13463313281537 -7.8477590680122375 2
    endloop
  endfacet
  facet normal -0.0980171391808235 -0.9951847267853376 0
    outer loop
      vertex 103.9 -8 0.6
      vertex 103.9 -8 2
      vertex 103.5098193526268 -7.961570560932159 2
    endloop
  endfacet
  facet normal 0 -1 0
    outer loop
      vertex 103.9 -8 0.6
      vertex 129.9 -8 2
      vertex 103.9 -8 2
    endloop
  endfacet
  facet normal -0.8700641315374731 0.4650589676871433 0.16342754842960633
    outer loop
      vertex 102.05224093198777 -0.2846331298351288 2
      vertex 102.60175615287379 0.5501188729272715 2.5501188729272717
      vertex 102.20438050967243 0 2
    endloop
  endfacet
  facet normal -0.7407573427868511 -0.07295822937485369 0.6677991134119975
    outer loop
      vertex 101.93842943906785 -6.3901806473731995 2
      vertex 102.9 -7 3
      vertex 101.9 -6 2
    endloop
  endfacet
  facet normal -0.7071067811865475 0 0.7071067811865475
    outer loop
      vertex 101.9 -6 2
      vertex 102.9 -7 3
      vertex 101.9 -1.0499999970197678 2
    endloop
  endfacet
  facet normal -0.7774307876105973 0.07657024837874335 0.6242902910813077
    outer loop
      vertex 101.9 -1.0499999970197678 2
      vertex 102.9 0.9499999999999993 3
      vertex 101.93842943906785 -0.6598193496465683 2
    endloop
  endfacet
  facet normal -0.3975753636180115 -0.7438111884764317 0.5372883268239541
    outer loop
      vertex 102.7888595327735 -7.662939228117466 2
      vertex 103.13463313281537 -7.8477590680122375 2
      vertex 102.9 -7 3
    endloop
  endfacet
  facet normal -0.2329921862833349 -0.768072321823886 0.5964725891262539
    outer loop
      vertex 103.13463313281537 -7.8477590680122375 2
      vertex 103.5098193526268 -7.961570560932159 2
      vertex 102.9 -7 3
    endloop
  endfacet
  facet normal -0.5480632136153265 -0.6678169369376787 0.5036340463281026
    outer loop
      vertex 102.7888595327735 -7.662939228117466 2
      vertex 102.9 -7 3
      vertex 102.4857864394784 -7.414213560521603 2
    endloop
  endfacet
  facet normal -0.6678169369376787 -0.5480632136153265 0.5036340463281026
    outer loop
      vertex 102.4857864394784 -7.414213560521603 2
      vertex 102.9 -7 3
      vertex 102.23706077188254 -7.111140467226505 2
    endloop
  endfacet
  facet normal -0.07295822937485369 -0.7407573427868511 0.6677991134119975
    outer loop
      vertex 103.5098193526268 -7.961570560932159 2
      vertex 103.9 -8 2
      vertex 102.9 -7 3
    endloop
  endfacet
  facet normal -0.7438111884764317 -0.3975753636180115 0.5372883268239541
    outer loop
      vertex 102.23706077188254 -7.111140467226505 2
      vertex 102.9 -7 3
      vertex 102.05224093198777 -6.765366867184639 2
    endloop
  endfacet
  facet normal -0.768072321823886 -0.2329921862833349 0.5964725891262539
    outer loop
      vertex 102.05224093198777 -6.765366867184639 2
      vertex 102.9 -7 3
      vertex 101.93842943906785 -6.3901806473731995 2
    endloop
  endfacet
  facet normal -0.8717191083407703 0.2644330945228954 0.4125299197326395
    outer loop
      vertex 101.93842943906785 -0.6598193496465683 2
      vertex 102.9 0.9499999999999993 3
      vertex 102.05224093198777 -0.2846331298351288 2
    endloop
  endfacet
  facet normal 0 -0.7071067811865476 0.7071067811865476
    outer loop
      vertex 103.9 -8 2
      vertex 129.9 -8 2
      vertex 102.9 -7 3
    endloop
  endfacet
  facet normal -0.8700641315374781 0.4650589676871198 0.16342754842964696
    outer loop
      vertex 102.05224093198777 -0.2846331298351288 2
      vertex 102.9 0.9499999999999993 3
      vertex 102.60175615287379 0.5501188729272715 2.5501188729272717
    endloop
  endfacet
  facet normal -0.7071067811865475 0 0.7071067811865475
    outer loop
      vertex 102.9 -7 3
      vertex 102.9 0.9499999999999993 3
      vertex 101.9 -1.0499999970197678 2
    endloop
  endfacet
  facet normal 0 0 1
    outer loop
      vertex 102.9 -7 3
      vertex 130.9 -7 3
      vertex 102.9 0.9499999999999993 3
    endloop
  endfacet
  facet normal -0.8658930478086477 0.4772699940258741 0.14980848627228435
    outer loop
      vertex 102.9 0.9499999999999993 3
      vertex 102.89134948097778 0.9500000000515604 2.9500000000515603
      vertex 102.60175615287379 0.5501188729272715 2.5501188729272717
    endloop
  endfacet
  facet normal -1.6615471634917427e-9 1 1.318686682880918e-9
    outer loop
      vertex 102.9 0.9499999999999993 3
      vertex 102.94999999985099 0.950000000149011 2.9500000001490108
      vertex 102.89134948097778 0.9500000000515604 2.9500000000515603
    endloop
  endfacet
  facet normal -3.743554987864352e-28 1 2.9802338463724244e-9
    outer loop
      vertex 102.9 0.9499999999999993 3
      vertex 130.850000000149 0.950000000149011 2.9500000001490108
      vertex 102.94999999985099 0.950000000149011 2.9500000001490108
    endloop
  endfacet
  facet normal 0 0 -1
    outer loop
      vertex 102.65480713695288 -6.83201127499342 0.1
      vertex 130.1921634837985 -7.468805126845837 0.1
      vertex 129.87543661296368 -7.5 0.1
    endloop
  endfacet
  facet normal 0 0 -1
    outer loop
      vertex 102.65480713695288 -6.83201127499342 0.1
      vertex 130.47309933006764 -7.383584171533585 0.1
      vertex 130.1921634837985 -7.468805126845837 0.1
    endloop
  endfacet
  facet normal 0 0 -1
    outer loop
      vertex 102.65480713695288 -6.83201127499342 0.1
      vertex 130.73201126754284 -7.245192863047123 0.1
      vertex 130.47309933006764 -7.383584171533585 0.1
    endloop
  endfacet
  facet normal 0 0 -1
    outer loop
      vertex 102.65480713695288 -6.83201127499342 0.1
      vertex 130.95894947052003 -7.0589494779706 0.1
      vertex 130.73201126754284 -7.245192863047123 0.1
    endloop
  endfacet
  facet normal 0 0 -1
    outer loop
      vertex 102.65480713695288 -6.83201127499342 0.1
      vertex 131.14519285559655 -6.83201127499342 0.1
      vertex 130.95894947052003 -7.0589494779706 0.1
    endloop
  endfacet
  facet normal 0 0 -1
    outer loop
      vertex 102.65480713695288 -6.83201127499342 0.1
      vertex 131.283584164083 -6.573099337518215 0.1
      vertex 131.14519285559655 -6.83201127499342 0.1
    endloop
  endfacet
  facet normal 0 0 -1
    outer loop
      vertex 102.65480713695288 -6.83201127499342 0.1
      vertex 131.36880511939526 -6.2921634912490845 0.1
      vertex 131.283584164083 -6.573099337518215 0.1
    endloop
  endfacet
  facet normal 0 0 -1
    outer loop
      vertex 102.65480713695288 -6.83201127499342 0.1
      vertex 131.4 -5.9754366129636765 0.1
      vertex 131.36880511939526 -6.2921634912490845 0.1
    endloop
  endfacet
  facet normal 0 0 -1
    outer loop
      vertex 131.4 -5.9754366129636765 0.1
      vertex 102.4 0.5000000012417635 0.1
      vertex 131.4 0.5000000012417635 0.1
    endloop
  endfacet
  facet normal 0.0693085830142244 -0.7037018715096587 -0.7071067786086938
    outer loop
      vertex 129.87543661296368 -7.5 0.1
      vertex 130.1921634837985 -7.468805126845837 0.1
      vertex 129.9 -8 0.6
    endloop
  endfacet
  facet normal 0.20526225924538016 -0.6766590012623822 -0.7071067818512828
    outer loop
      vertex 130.1921634837985 -7.468805126845837 0.1
      vertex 130.47309933006764 -7.383584171533585 0.1
      vertex 130.2901806473732 -7.961570560932159 0.6
    endloop
  endfacet
  facet normal 0.3333278186094235 -0.6236125106006353 -0.7071067825749204
    outer loop
      vertex 130.47309933006764 -7.383584171533585 0.1
      vertex 130.73201126754284 -7.245192863047123 0.1
      vertex 130.66536686718464 -7.8477590680122375 0.6
    endloop
  endfacet
  facet normal 0.44858381293663435 -0.5466009133729182 -0.707106784206687
    outer loop
      vertex 130.73201126754284 -7.245192863047123 0.1
      vertex 130.95894947052003 -7.0589494779706 0.1
      vertex 131.3142135605216 -7.414213560521603 0.6
    endloop
  endfacet
  facet normal 0.5466009128084007 -0.4485838124733469 -0.7071067849369714
    outer loop
      vertex 130.95894947052003 -7.0589494779706 0.1
      vertex 131.14519285559655 -6.83201127499342 0.1
      vertex 131.3142135605216 -7.414213560521603 0.6
    endloop
  endfacet
  facet normal 0.6236125086932253 -0.3333278175898916 -0.7071067847377098
    outer loop
      vertex 131.14519285559655 -6.83201127499342 0.1
      vertex 131.283584164083 -6.573099337518215 0.1
      vertex 131.74775906801224 -6.765366867184639 0.6
    endloop
  endfacet
  facet normal 0.676658997901436 -0.20526225822584832 -0.7071067853634622
    outer loop
      vertex 131.283584164083 -6.573099337518215 0.1
      vertex 131.36880511939526 -6.2921634912490845 0.1
      vertex 131.86157056093217 -6.3901806473731995 0.6
    endloop
  endfacet
  facet normal 0.7037018650244327 -0.0693085972987477 -0.7071067836625634
    outer loop
      vertex 131.36880511939526 -6.2921634912490845 0.1
      vertex 131.4 -5.9754366129636765 0.1
      vertex 131.86157056093217 -6.3901806473731995 0.6
    endloop
  endfacet
  facet normal 0.7071067811865476 0 -0.7071067811865476
    outer loop
      vertex 131.4 -5.9754366129636765 0.1
      vertex 131.4 0.5000000012417635 0.1
      vertex 131.9 -1.0499999970197678 0.6
    endloop
  endfacet
  facet normal 0.7071067811865323 -9.844230476682577e-15 -0.7071067811865627
    outer loop
      vertex 131.9 -1.0499999970197678 0.6
      vertex 131.4 0.5000000012417635 0.1
      vertex 131.55000000070368 0.3500000001655684 0.25000000070366596
    endloop
  endfacet
  facet normal 0 -0.7071067811865476 -0.7071067811865476
    outer loop
      vertex 103.9 -8 0.6
      vertex 129.87543661296368 -7.5 0.1
      vertex 129.9 -8 0.6
    endloop
  endfacet
  facet normal 0.06930858407457317 -0.7037018717602732 -0.7071067782553537
    outer loop
      vertex 130.1921634837985 -7.468805126845837 0.1
      vertex 130.2901806473732 -7.961570560932159 0.6
      vertex 129.9 -8 0.6
    endloop
  endfacet
  facet normal 0.2052622592861898 -0.6766590012638415 -0.70710678183804
    outer loop
      vertex 130.47309933006764 -7.383584171533585 0.1
      vertex 130.66536686718464 -7.8477590680122375 0.6
      vertex 130.2901806473732 -7.961570560932159 0.6
    endloop
  endfacet
  facet normal 0.3333278306688432 -0.623612508646979 -0.7071067786131203
    outer loop
      vertex 130.73201126754284 -7.245192863047123 0.1
      vertex 131.0111404672265 -7.662939228117466 0.6
      vertex 130.66536686718464 -7.8477590680122375 0.6
    endloop
  endfacet
  facet normal 0.44858380344103066 -0.546600928746343 -0.7071067783468166
    outer loop
      vertex 130.73201126754284 -7.245192863047123 0.1
      vertex 131.3142135605216 -7.414213560521603 0.6
      vertex 131.0111404672265 -7.662939228117466 0.6
    endloop
  endfacet
  facet normal 0.5466009281818255 -0.4485838029777431 -0.7071067790771011
    outer loop
      vertex 131.3142135605216 -7.414213560521603 0.6
      vertex 131.14519285559655 -6.83201127499342 0.1
      vertex 131.56293922811747 -7.111140467226505 0.6
    endloop
  endfacet
  facet normal 0.6236125067395691 -0.33332782964931135 -0.7071067807759097
    outer loop
      vertex 131.56293922811747 -7.111140467226505 0.6
      vertex 131.14519285559655 -6.83201127499342 0.1
      vertex 131.74775906801224 -6.765366867184639 0.6
    endloop
  endfacet
  facet normal 0.6766589979028954 -0.20526225826665798 -0.7071067853502194
    outer loop
      vertex 131.283584164083 -6.573099337518215 0.1
      vertex 131.86157056093217 -6.3901806473731995 0.6
      vertex 131.74775906801224 -6.765366867184639 0.6
    endloop
  endfacet
  facet normal 0.7037018714338297 -0.0693085840424213 -0.7071067785833768
    outer loop
      vertex 131.4 -5.9754366129636765 0.1
      vertex 131.9 -6 0.6
      vertex 131.86157056093217 -6.3901806473731995 0.6
    endloop
  endfacet
  facet normal 0.7071067811865475 0 -0.7071067811865475
    outer loop
      vertex 131.4 -5.9754366129636765 0.1
      vertex 131.9 -1.0499999970197678 0.6
      vertex 131.9 -6 0.6
    endloop
  endfacet
  facet normal 0.8521900544259012 0.08393339339423882 -0.5164564808489747
    outer loop
      vertex 131.86157056093217 -0.6598193496465683 0.6
      vertex 131.55000000070368 0.3500000001655684 0.25000000070366596
      vertex 131.5871536597039 0.29726430272719756 0.3027356980110663
    endloop
  endfacet
  facet normal 0.8521900544258597 0.08393339339419985 -0.5164564808490496
    outer loop
      vertex 131.9 -1.0499999970197678 0.6
      vertex 131.55000000070368 0.3500000001655684 0.25000000070366596
      vertex 131.86157056093217 -0.6598193496465683 0.6
    endloop
  endfacet
  facet normal 0.9612676620440056 0.27561654868394836 5.831932301990738e-14
    outer loop
      vertex 131.86157056093217 -0.6598193496465683 0.6
      vertex 131.5871536597039 0.29726430272719756 0.3027356980110663
      vertex 131.67238586338624 0 0.6
    endloop
  endfacet
  facet normal 0 -1 0
    outer loop
      vertex 103.9 -8 0.6
      vertex 129.9 -8 0.6
      vertex 129.9 -8 2
    endloop
  endfacet
  facet normal 0.0980171391808235 -0.9951847267853376 0
    outer loop
      vertex 129.9 -8 0.6
      vertex 130.2901806473732 -7.961570560932159 0.6
      vertex 129.9 -8 2
    endloop
  endfacet
  facet normal 0.29028467119332607 -0.9569403375708345 0
    outer loop
      vertex 130.2901806473732 -7.961570560932159 0.6
      vertex 130.66536686718464 -7.8477590680122375 0.6
      vertex 130.66536686718464 -7.8477590680122375 2
    endloop
  endfacet
  facet normal 0.4713967371326908 -0.8819212641844241 0
    outer loop
      vertex 130.66536686718464 -7.8477590680122375 0.6
      vertex 131.0111404672265 -7.662939228117466 0.6
      vertex 130.66536686718464 -7.8477590680122375 2
    endloop
  endfacet
  facet normal 0.6343932961394977 -0.7730104435344091 0
    outer loop
      vertex 131.0111404672265 -7.662939228117466 0.6
      vertex 131.3142135605216 -7.414213560521603 0.6
      vertex 131.3142135605216 -7.414213560521603 2
    endloop
  endfacet
  facet normal 0.7730104435344091 -0.6343932961394977 0
    outer loop
      vertex 131.3142135605216 -7.414213560521603 0.6
      vertex 131.56293922811747 -7.111140467226505 0.6
      vertex 131.56293922811747 -7.111140467226505 2
    endloop
  endfacet
  facet normal 0.9612676620440056 0.27561654868394836 5.54212151225677e-18
    outer loop
      vertex 131.86157056093217 -0.6598193496465683 0.6
      vertex 131.67238586338624 0 0.6
      vertex 131.67238586338624 0 1.2253425399581988
    endloop
  endfacet
  facet normal 0.8819212641844241 -0.4713967371326908 0
    outer loop
      vertex 131.56293922811747 -7.111140467226505 0.6
      vertex 131.74775906801224 -6.765366867184639 0.6
      vertex 131.56293922811747 -7.111140467226505 2
    endloop
  endfacet
  facet normal 0.9569403375708345 -0.29028467119332607 0
    outer loop
      vertex 131.74775906801224 -6.765366867184639 0.6
      vertex 131.86157056093217 -6.3901806473731995 0.6
      vertex 131.86157056093217 -6.3901806473731995 2
    endloop
  endfacet
  facet normal 0.9951847267853376 -0.0980171391808235 0
    outer loop
      vertex 131.86157056093217 -6.3901806473731995 0.6
      vertex 131.9 -6 0.6
      vertex 131.86157056093217 -6.3901806473731995 2
    endloop
  endfacet
  facet normal 1 0 0
    outer loop
      vertex 131.9 -6 0.6
      vertex 131.9 -1.0499999970197678 0.6
      vertex 131.9 -6 2
    endloop
  endfacet
  facet normal 0.9951847267853376 0.0980171391808235 0
    outer loop
      vertex 131.9 -1.0499999970197678 0.6
      vertex 131.86157056093217 -0.6598193496465683 0.6
      vertex 131.9 -1.0499999970197678 2
    endloop
  endfacet
  facet normal 0.9612676620440057 0.27561654868394836 0
    outer loop
      vertex 131.86157056093217 -0.6598193496465683 0.6
      vertex 131.67238586338624 0 1.2253425399581988
      vertex 131.86157056093217 -0.6598193496465683 2
    endloop
  endfacet
  facet normal 0.0980171391808235 -0.9951847267853376 0
    outer loop
      vertex 130.2901806473732 -7.961570560932159 0.6
      vertex 130.2901806473732 -7.961570560932159 2
      vertex 129.9 -8 2
    endloop
  endfacet
  facet normal 0.29028467119332607 -0.9569403375708345 0
    outer loop
      vertex 130.2901806473732 -7.961570560932159 0.6
      vertex 130.66536686718464 -7.8477590680122375 2
      vertex 130.2901806473732 -7.961570560932159 2
    endloop
  endfacet
  facet normal 0.4713967371326908 -0.8819212641844241 0
    outer loop
      vertex 131.0111404672265 -7.662939228117466 0.6
      vertex 131.0111404672265 -7.662939228117466 2
      vertex 130.66536686718464 -7.8477590680122375 2
    endloop
  endfacet
  facet normal 0.6343932961394977 -0.7730104435344091 0
    outer loop
      vertex 131.0111404672265 -7.662939228117466 0.6
      vertex 131.3142135605216 -7.414213560521603 2
      vertex 131.0111404672265 -7.662939228117466 2
    endloop
  endfacet
  facet normal 0.7730104435344091 -0.6343932961394977 0
    outer loop
      vertex 131.3142135605216 -7.414213560521603 0.6
      vertex 131.56293922811747 -7.111140467226505 2
      vertex 131.3142135605216 -7.414213560521603 2
    endloop
  endfacet
  facet normal 0.8819212641844241 -0.4713967371326908 0
    outer loop
      vertex 131.74775906801224 -6.765366867184639 0.6
      vertex 131.74775906801224 -6.765366867184639 2
      vertex 131.56293922811747 -7.111140467226505 2
    endloop
  endfacet
  facet normal 0.9569403375708345 -0.29028467119332607 0
    outer loop
      vertex 131.74775906801224 -6.765366867184639 0.6
      vertex 131.86157056093217 -6.3901806473731995 2
      vertex 131.74775906801224 -6.765366867184639 2
    endloop
  endfacet
  facet normal 0.9951847267853376 -0.0980171391808235 0
    outer loop
      vertex 131.9 -6 0.6
      vertex 131.9 -6 2
      vertex 131.86157056093217 -6.3901806473731995 2
    endloop
  endfacet
  facet normal 1 0 0
    outer loop
      vertex 131.9 -6 2
      vertex 131.9 -1.0499999970197678 0.6
      vertex 131.9 -1.0499999970197678 2
    endloop
  endfacet
  facet normal 0.9951847267853376 0.0980171391808235 0
    outer loop
      vertex 131.86157056093217 -0.6598193496465683 0.6
      vertex 131.86157056093217 -0.6598193496465683 2
      vertex 131.9 -1.0499999970197678 2
    endloop
  endfacet
  facet normal 0.956852495221317 0.2902580245084714 0.013549228656239157
    outer loop
      vertex 131.86157056093217 -0.6598193496465683 2
      vertex 131.67238586338624 0 1.2253425399581988
      vertex 131.66758646505355 0 1.5642781640229604
    endloop
  endfacet
  facet normal 0.9568524952213004 0.2902580245085222 0.013549228656323624
    outer loop
      vertex 131.86157056093217 -0.6598193496465683 2
      vertex 131.66758646505355 0 1.5642781640229604
      vertex 131.74775906801224 -0.2846331298351288 2
    endloop
  endfacet
  facet normal 0.8727112051452237 0.4664738580093509 0.14414330441558207
    outer loop
      vertex 131.74775906801224 -0.2846331298351288 2
      vertex 131.66758646505355 0 1.5642781640229604
      vertex 131.59561949032758 0 2
    endloop
  endfacet
  facet normal 0.8700641315374693 0.46505896768714117 0.16342754842963214
    outer loop
      vertex 131.74775906801224 -0.2846331298351288 2
      vertex 131.59561949032758 0 2
      vertex 131.1982438471262 0.5501188729272679 2.550118872927268
    endloop
  endfacet
  facet normal 0.07295822937485369 -0.7407573427868511 0.6677991134119975
    outer loop
      vertex 129.9 -8 2
      vertex 130.2901806473732 -7.961570560932159 2
      vertex 130.9 -7 3
    endloop
  endfacet
  facet normal 0.2329921862833349 -0.768072321823886 0.5964725891262539
    outer loop
      vertex 130.2901806473732 -7.961570560932159 2
      vertex 130.66536686718464 -7.8477590680122375 2
      vertex 130.9 -7 3
    endloop
  endfacet
  facet normal 0.3975753636180115 -0.7438111884764317 0.5372883268239541
    outer loop
      vertex 130.66536686718464 -7.8477590680122375 2
      vertex 131.0111404672265 -7.662939228117466 2
      vertex 130.9 -7 3
    endloop
  endfacet
  facet normal 0.5480632136153265 -0.6678169369376787 0.5036340463281026
    outer loop
      vertex 131.0111404672265 -7.662939228117466 2
      vertex 131.3142135605216 -7.414213560521603 2
      vertex 130.9 -7 3
    endloop
  endfacet
  facet normal 0.6678169369376787 -0.5480632136153265 0.5036340463281026
    outer loop
      vertex 131.3142135605216 -7.414213560521603 2
      vertex 131.56293922811747 -7.111140467226505 2
      vertex 130.9 -7 3
    endloop
  endfacet
  facet normal 0.7438111884764317 -0.3975753636180115 0.5372883268239541
    outer loop
      vertex 131.56293922811747 -7.111140467226505 2
      vertex 131.74775906801224 -6.765366867184639 2
      vertex 130.9 -7 3
    endloop
  endfacet
  facet normal 0.768072321823886 -0.2329921862833349 0.5964725891262539
    outer loop
      vertex 131.74775906801224 -6.765366867184639 2
      vertex 131.86157056093217 -6.3901806473731995 2
      vertex 130.9 -7 3
    endloop
  endfacet
  facet normal 0.8717191083407703 0.2644330945228954 0.4125299197326395
    outer loop
      vertex 131.86157056093217 -0.6598193496465683 2
      vertex 131.74775906801224 -0.2846331298351288 2
      vertex 130.9 0.9499999999999993 3
    endloop
  endfacet
  facet normal 0.8700641315374565 0.4650589676872022 0.1634275484295272
    outer loop
      vertex 131.74775906801224 -0.2846331298351288 2
      vertex 131.1982438471262 0.5501188729272679 2.550118872927268
      vertex 130.9 0.9499999999999993 3
    endloop
  endfacet
  facet normal 0.7407573427868511 -0.07295822937485369 0.6677991134119975
    outer loop
      vertex 131.86157056093217 -6.3901806473731995 2
      vertex 131.9 -6 2
      vertex 130.9 -7 3
    endloop
  endfacet
  facet normal 0.7071067811865475 0 0.7071067811865475
    outer loop
      vertex 131.9 -6 2
      vertex 131.9 -1.0499999970197678 2
      vertex 130.9 -7 3
    endloop
  endfacet
  facet normal 0.7774307876105973 0.07657024837874335 0.6242902910813077
    outer loop
      vertex 131.9 -1.0499999970197678 2
      vertex 131.86157056093217 -0.6598193496465683 2
      vertex 130.9 0.9499999999999993 3
    endloop
  endfacet
  facet normal 0 -0.7071067811865476 0.7071067811865476
    outer loop
      vertex 102.9 -7 3
      vertex 129.9 -8 2
      vertex 130.9 -7 3
    endloop
  endfacet
  facet normal 0.7071067811865475 0 0.7071067811865475
    outer loop
      vertex 130.9 -7 3
      vertex 131.9 -1.0499999970197678 2
      vertex 130.9 0.9499999999999993 3
    endloop
  endfacet
  facet normal 0 0 1
    outer loop
      vertex 102.9 0.9499999999999993 3
      vertex 130.9 -7 3
      vertex 130.9 0.9499999999999993 3
    endloop
  endfacet
  facet normal 0 1 2.980233846372425e-9
    outer loop
      vertex 102.9 0.9499999999999993 3
      vertex 130.9 0.9499999999999993 3
      vertex 130.850000000149 0.950000000149011 2.9500000001490108
    endloop
  endfacet
  facet normal 0.8658930478085802 0.47726999402607745 0.1498084862720266
    outer loop
      vertex 130.9 0.9499999999999993 3
      vertex 131.1982438471262 0.5501188729272679 2.550118872927268
      vertex 130.90865051902222 0.9500000000515604 2.9500000000515603
    endloop
  endfacet
  facet normal 1.6615471634917429e-9 1 1.3186866828804458e-9
    outer loop
      vertex 130.9 0.9499999999999993 3
      vertex 130.90865051902222 0.9500000000515604 2.9500000000515603
      vertex 130.850000000149 0.950000000149011 2.9500000001490108
    endloop
  endfacet
endsolid OpenSCAD_Model
