solid OpenSCAD_Model
  facet normal 0 -0.7222586421846268 -0.6916230575896231
    outer loop
      vertex 2.8 8.210961520534395 76.75540900632771
      vertex 3.8 8.902584578124019 76.03315036414308
      vertex 7.371428571428571 8.210961520534395 76.75540900632771
    endloop
  endfacet
  facet normal 0 -0.7222586421846269 -0.6916230575896232
    outer loop
      vertex 3.8 8.902584578124019 76.03315036414308
      vertex 5.8 8.902584578124019 76.03315036414308
      vertex 7.371428571428571 8.210961520534395 76.75540900632771
    endloop
  endfacet
  facet normal 0 -0.7222586421846782 -0.6916230575895695
    outer loop
      vertex 2.8 4.126260415892547 81.02104278067071
      vertex 2.8 4.1654996140873655 80.98006547417752
      vertex 11.193624524663004 4.126260415892547 81.02104278067071
    endloop
  endfacet
  facet normal 0 -0.7222586421846259 -0.6916230575896241
    outer loop
      vertex 2.8 4.343693480810323 80.79397847373325
      vertex 2.8 4.421061660813824 80.7131832543946
      vertex 10.651889782376148 4.343693480810323 80.79397847373325
    endloop
  endfacet
  facet normal 0 -0.7222586421846111 -0.6916230575896396
    outer loop
      vertex 2.8 4.421061660813824 80.7131832543946
      vertex 2.8 4.506069775459273 80.62440968794863
      vertex 10.54076977891918 4.421061660813824 80.7131832543946
    endloop
  endfacet
  facet normal 0 -0.7222586421846199 -0.6916230575896305
    outer loop
      vertex 2.8 4.215202577818676 80.92816090751626
      vertex 2.8 4.274820114566179 80.86590259980207
      vertex 10.906165004488411 4.215202577818676 80.92816090751626
    endloop
  endfacet
  facet normal -2.5431489436429154e-19 -0.7222586421846239 -0.6916230575896264
    outer loop
      vertex 2.8 4.215202577818676 80.92816090751626
      vertex 11.046510611007964 4.1654996140873655 80.98006547417752
      vertex 2.8 4.1654996140873655 80.98006547417752
    endloop
  endfacet
  facet normal 7.897695937918014e-20 -0.7222586421846277 -0.6916230575896223
    outer loop
      vertex 2.8 4.343693480810323 80.79397847373325
      vertex 10.774138452817784 4.274820114566179 80.86590259980207
      vertex 2.8 4.274820114566179 80.86590259980207
    endloop
  endfacet
  facet normal 1.8414128670622465e-19 -0.7222586421846242 -0.6916230575896257
    outer loop
      vertex 2.8 4.597778528229454 80.52863867724363
      vertex 10.442006262081229 4.506069775459273 80.62440968794863
      vertex 2.8 4.506069775459273 80.62440968794863
    endloop
  endfacet
  facet normal -1.2940220304242286e-19 -0.7222586421846371 -0.6916230575896125
    outer loop
      vertex 2.8 4.126260415892547 81.02104278067071
      vertex 11.345881211381798 4.09791855645669 81.0506400485589
      vertex 2.8 4.09791855645669 81.0506400485589
    endloop
  endfacet
  facet normal 0 -0.722258642184757 -0.6916230575894873
    outer loop
      vertex 2.8 4.061223174122278 81.08896086034859
      vertex 2.8 4.075055636148454 81.07451568659178
      vertex 11.659055231778261 4.061223174122278 81.08896086034859
    endloop
  endfacet
  facet normal -5.150261031180659e-20 -0.7222586421846081 -0.6916230575896427
    outer loop
      vertex 2.8 4.09791855645669 81.0506400485589
      vertex 11.50159831206069 4.080787198940399 81.06853024305533
      vertex 2.8 4.080787198940399 81.06853024305533
    endloop
  endfacet
  facet normal 2.5387526216343224e-20 -0.7222586421846431 -0.6916230575896064
    outer loop
      vertex 2.8 4.080787198940399 81.06853024305533
      vertex 11.659055231778261 4.075055636148454 81.07451568659178
      vertex 2.8 4.075055636148454 81.07451568659178
    endloop
  endfacet
  facet normal 1.3192098635241239e-17 -0.7222586421846275 -0.6916230575896224
    outer loop
      vertex 2.8 8.210961520534395 76.75540900632771
      vertex 10.35669051859157 4.597778528229454 80.52863867724363
      vertex 2.8 4.597778528229454 80.52863867724363
    endloop
  endfacet
  facet normal 0 -0.7222586421846275 -0.6916230575896225
    outer loop
      vertex 2.8 8.210961520534395 76.75540900632771
      vertex 7.371428571428571 8.210961520534395 76.75540900632771
      vertex 10.35669051859157 4.597778528229454 80.52863867724363
    endloop
  endfacet
  facet normal -1 0 0
    outer loop
      vertex 2.8 4.597778528229454 80.52863867724363
      vertex 2.8 4.506069775459273 80.62440968794863
      vertex 2.8 11.500180845966106 87.1382661941497
    endloop
  endfacet
  facet normal -1 0 0
    outer loop
      vertex 2.8 4.421061660813824 80.7131832543946
      vertex 2.8 11.470092126245737 87.29304354022753
      vertex 2.8 4.506069775459273 80.62440968794863
    endloop
  endfacet
  facet normal -1 0 0
    outer loop
      vertex 2.8 4.343693480810323 80.79397847373325
      vertex 2.8 11.456416815169046 87.45012423216727
      vertex 2.8 4.421061660813824 80.7131832543946
    endloop
  endfacet
  facet normal -1 0 0
    outer loop
      vertex 2.8 4.343693480810323 80.79397847373325
      vertex 2.8 4.274820114566179 80.86590259980207
      vertex 2.8 11.459306017981925 87.60777260805621
    endloop
  endfacet
  facet normal -1 0 0
    outer loop
      vertex 2.8 4.215202577818676 80.92816090751626
      vertex 2.8 11.478727810459834 87.76424673336214
      vertex 2.8 4.274820114566179 80.86590259980207
    endloop
  endfacet
  facet normal -1 0 0
    outer loop
      vertex 2.8 4.126260415892547 81.02104278067071
      vertex 2.8 11.566130455124357 88.06678847258736
      vertex 2.8 4.1654996140873655 80.98006547417752
    endloop
  endfacet
  facet normal -1 0 0
    outer loop
      vertex 2.8 4.126260415892547 81.02104278067071
      vertex 2.8 4.09791855645669 81.0506400485589
      vertex 2.8 11.633145552452495 88.20951315385663
    endloop
  endfacet
  facet normal -1 0 0
    outer loop
      vertex 2.8 4.215202577818676 80.92816090751626
      vertex 2.8 4.1654996140873655 80.98006547417752
      vertex 2.8 11.514467591654276 87.91781764842578
    endloop
  endfacet
  facet normal -1 0 0
    outer loop
      vertex 2.8 4.09791855645669 81.0506400485589
      vertex 2.8 4.080787198940399 81.06853024305533
      vertex 2.8 11.714772400829682 88.34441465695173
    endloop
  endfacet
  facet normal -1 0 0
    outer loop
      vertex 2.8 4.080787198940399 81.06853024305533
      vertex 2.8 4.075055636148454 81.07451568659178
      vertex 2.8 11.810109065014654 88.47000238873869
    endloop
  endfacet
  facet normal -1 0 0
    outer loop
      vertex 2.8 4.061223174122278 81.08896086034859
      vertex 2.8 11.918102123260498 88.58488866852885
      vertex 2.8 4.075055636148454 81.07451568659178
    endloop
  endfacet
  facet normal 0 -0.7222586421846782 -0.6916230575895697
    outer loop
      vertex 2.8 4.1654996140873655 80.98006547417752
      vertex 11.046510611007964 4.1654996140873655 80.98006547417752
      vertex 11.193624524663004 4.126260415892547 81.02104278067071
    endloop
  endfacet
  facet normal 0 -0.7222586421846371 -0.6916230575896124
    outer loop
      vertex 2.8 4.126260415892547 81.02104278067071
      vertex 11.193624524663004 4.126260415892547 81.02104278067071
      vertex 11.345881211381798 4.09791855645669 81.0506400485589
    endloop
  endfacet
  facet normal 0 -0.722258642184608 -0.6916230575896427
    outer loop
      vertex 2.8 4.09791855645669 81.0506400485589
      vertex 11.345881211381798 4.09791855645669 81.0506400485589
      vertex 11.50159831206069 4.080787198940399 81.06853024305533
    endloop
  endfacet
  facet normal 0 -0.722258642184757 -0.6916230575894873
    outer loop
      vertex 2.8 4.075055636148454 81.07451568659178
      vertex 11.659055231778261 4.075055636148454 81.07451568659178
      vertex 11.659055231778261 4.061223174122278 81.08896086034859
    endloop
  endfacet
  facet normal 0 -0.722258642184643 -0.6916230575896063
    outer loop
      vertex 2.8 4.080787198940399 81.06853024305533
      vertex 11.50159831206069 4.080787198940399 81.06853024305533
      vertex 11.659055231778261 4.075055636148454 81.07451568659178
    endloop
  endfacet
  facet normal 0 -0.7222586421846111 -0.6916230575896396
    outer loop
      vertex 2.8 4.506069775459273 80.62440968794863
      vertex 10.442006262081229 4.506069775459273 80.62440968794863
      vertex 10.54076977891918 4.421061660813824 80.7131832543946
    endloop
  endfacet
  facet normal 0 -0.7222586421846277 -0.6916230575896223
    outer loop
      vertex 2.8 4.343693480810323 80.79397847373325
      vertex 10.651889782376148 4.343693480810323 80.79397847373325
      vertex 10.774138452817784 4.274820114566179 80.86590259980207
    endloop
  endfacet
  facet normal 0 -0.7222586421846259 -0.6916230575896242
    outer loop
      vertex 2.8 4.421061660813824 80.7131832543946
      vertex 10.54076977891918 4.421061660813824 80.7131832543946
      vertex 10.651889782376148 4.343693480810323 80.79397847373325
    endloop
  endfacet
  facet normal 0 -0.7222586421846198 -0.6916230575896304
    outer loop
      vertex 2.8 4.274820114566179 80.86590259980207
      vertex 10.774138452817784 4.274820114566179 80.86590259980207
      vertex 10.906165004488411 4.215202577818676 80.92816090751626
    endloop
  endfacet
  facet normal 0 -0.7222586421846239 -0.6916230575896264
    outer loop
      vertex 2.8 4.215202577818676 80.92816090751626
      vertex 10.906165004488411 4.215202577818676 80.92816090751626
      vertex 11.046510611007964 4.1654996140873655 80.98006547417752
    endloop
  endfacet
  facet normal 0 -0.7222586421846243 -0.6916230575896258
    outer loop
      vertex 2.8 4.597778528229454 80.52863867724363
      vertex 10.35669051859157 4.597778528229454 80.52863867724363
      vertex 10.442006262081229 4.506069775459273 80.62440968794863
    endloop
  endfacet
  facet normal 0.7795222176885387 0.43321510092400917 -0.4524044523005304
    outer loop
      vertex 10.54076977891918 4.421061660813824 80.7131832543946
      vertex 10.442006262081229 4.506069775459273 80.62440968794863
      vertex 10.54076977891918 11.212240429981353 87.21630492111841
    endloop
  endfacet
  facet normal 0.7094642141682125 0.4874154450298676 -0.5090056117185909
    outer loop
      vertex 10.651889782376148 4.343693480810323 80.79397847373325
      vertex 10.54076977891918 4.421061660813824 80.7131832543946
      vertex 10.651889782376148 11.181040946742797 87.3413105290305
    endloop
  endfacet
  facet normal 0.8409668963842712 0.3742279498503645 -0.3908044533223739
    outer loop
      vertex 10.35669051859157 4.597778528229454 80.52863867724363
      vertex 10.442006262081229 11.246520792371962 87.07895528916076
      vertex 10.442006262081229 4.506069775459273 80.62440968794863
    endloop
  endfacet
  facet normal 0.5466912735610145 0.5791196763525954 -0.6047719006976936
    outer loop
      vertex 10.906165004488411 4.215202577818676 80.92816090751626
      vertex 10.774138452817784 4.274820114566179 80.86590259980207
      vertex 10.906165004488411 11.129225720198585 87.54891633595159
    endloop
  endfacet
  facet normal 0.45577489484527833 0.615610278361872 -0.6428788613759158
    outer loop
      vertex 10.906165004488411 4.215202577818676 80.92816090751626
      vertex 11.046510611007964 11.10918250884514 87.6292225961736
      vertex 11.046510611007964 4.1654996140873655 80.98006547417752
    endloop
  endfacet
  facet normal 0.3598224348901569 0.645298699275382 -0.6738823369574385
    outer loop
      vertex 11.193624524663004 4.126260415892547 81.02104278067071
      vertex 11.046510611007964 4.1654996140873655 80.98006547417752
      vertex 11.193624524663004 11.093358914360712 87.69262230163525
    endloop
  endfacet
  facet normal 0.6315669912011735 0.5362300958773375 -0.5599825174953932
    outer loop
      vertex 10.651889782376148 4.343693480810323 80.79397847373325
      vertex 10.774138452817784 11.15326708110941 87.45259086438169
      vertex 10.774138452817784 4.274820114566179 80.86590259980207
    endloop
  endfacet
  facet normal 0.259894119673193 0.6678568971117141 -0.697439754774281
    outer loop
      vertex 11.193624524663004 4.126260415892547 81.02104278067071
      vertex 11.345881211381798 11.081929779432393 87.73841491777252
      vertex 11.345881211381798 4.09791855645669 81.0506400485589
    endloop
  endfacet
  facet normal 0.15709410635456963 0.6830356152351663 -0.7132908173171565
    outer loop
      vertex 11.345881211381798 4.09791855645669 81.0506400485589
      vertex 11.50159831206069 11.075021390199778 87.76609445942111
      vertex 11.50159831206069 4.080787198940399 81.06853024305533
    endloop
  endfacet
  facet normal 0.0525582829007926 0.6906671365151044 -0.7212603783908739
    outer loop
      vertex 11.50159831206069 4.080787198940399 81.06853024305533
      vertex 11.659055231778261 11.072710080857233 87.7753550816958
      vertex 11.659055231778261 4.075055636148454 81.07451568659178
    endloop
  endfacet
  facet normal 1 0 0
    outer loop
      vertex 11.659055231778261 4.061223174122278 81.08896086034859
      vertex 11.659055231778261 4.075055636148454 81.07451568659178
      vertex 11.659055231778261 11.067132003777813 87.79770451969648
    endloop
  endfacet
  facet normal -1 0 0
    outer loop
      vertex 2.8 8.210961520534395 76.75540900632771
      vertex 2.8 4.597778528229454 80.52863867724363
      vertex 2.8 12.957232597747662 81.30036052763094
    endloop
  endfacet
  facet normal -0.7071067811865477 0.4890513540465955 -0.5107139836593384
    outer loop
      vertex 2.8 8.210961520534395 76.75540900632771
      vertex 3.8 13.236136431231783 80.18288870968081
      vertex 3.8 8.902584578124019 76.03315036414308
    endloop
  endfacet
  facet normal 0 0.6916230575896224 -0.7222586421846275
    outer loop
      vertex 3.8 8.902584578124019 76.03315036414308
      vertex 5.8 13.019458838576394 79.97540179240393
      vertex 5.8 8.902584578124019 76.03315036414308
    endloop
  endfacet
  facet normal 0.5368754921931597 0.5834957377158901 -0.6093418005928543
    outer loop
      vertex 7.371428571428571 8.210961520534395 76.75540900632771
      vertex 5.8 8.902584578124019 76.03315036414308
      vertex 7.371428571428571 12.740555005092274 81.09287361035406
    endloop
  endfacet
  facet normal -1 0 0
    outer loop
      vertex 2.8 4.597778528229454 80.52863867724363
      vertex 2.8 11.500180845966106 87.1382661941497
      vertex 2.8 12.957232597747662 81.30036052763094
    endloop
  endfacet
  facet normal -0.7071067811865491 0.48905135404659494 -0.5107139836593372
    outer loop
      vertex 2.8 8.210961520534395 76.75540900632771
      vertex 2.8 12.957232597747662 81.30036052763094
      vertex 3.8 13.236136431231783 80.18288870968081
    endloop
  endfacet
  facet normal 0.5368754921931611 0.5834957377158891 -0.609341800592854
    outer loop
      vertex 5.8 8.902584578124019 76.03315036414308
      vertex 5.8 13.019458838576394 79.97540179240393
      vertex 7.371428571428571 12.740555005092274 81.09287361035406
    endloop
  endfacet
  facet normal 1.9955264085158183e-15 0.691623057589622 -0.7222586421846281
    outer loop
      vertex 3.8 8.902584578124019 76.03315036414308
      vertex 3.8 13.236136431231783 80.18288870968081
      vertex 5.8 13.019458838576394 79.97540179240393
    endloop
  endfacet
  facet normal 0.5178625138065736 0.6390186183265892 -0.5687474151377863
    outer loop
      vertex 5.8 13.019458838576394 79.97540179240393
      vertex 5.7897777478867205 13.075539126202576 80.0291033582048
      vertex 7.361206319315292 12.796635292718456 81.14657517615493
    endloop
  endfacet
  facet normal 0.47453207223276456 0.7353862510566339 -0.4837627250826046
    outer loop
      vertex 7.331236192563903 12.848893801419969 81.1966170689925
      vertex 5.7897777478867205 13.075539126202576 80.0291033582048
      vertex 5.759807621135332 13.12779763490409 80.07914525104238
    endloop
  endfacet
  facet normal 0.5178625138065736 0.6390186183265891 -0.5687474151377863
    outer loop
      vertex 5.8 13.019458838576394 79.97540179240393
      vertex 7.361206319315292 12.796635292718456 81.14657517615493
      vertex 7.371428571428571 12.740555005092274 81.09287361035406
    endloop
  endfacet
  facet normal 0.4745320722327983 0.7353862510565752 -0.48376272508266066
    outer loop
      vertex 7.361206319315292 12.796635292718456 81.14657517615493
      vertex 5.7897777478867205 13.075539126202576 80.0291033582048
      vertex 7.331236192563903 12.848893801419969 81.1966170689925
    endloop
  endfacet
  facet normal 0.3521727421685873 0.8956294686126193 -0.2717024376521766
    outer loop
      vertex 7.283560605784535 12.893769200190075 81.23958901656803
      vertex 5.712132034355964 13.172673033674196 80.1221171986179
      vertex 7.2214285714285715 12.928203304762697 81.27256255166876
    endloop
  endfacet
  facet normal 0.4215061580908993 0.8195354843491925 -0.388193442221767
    outer loop
      vertex 7.331236192563903 12.848893801419969 81.1966170689925
      vertex 5.759807621135332 13.12779763490409 80.07914525104238
      vertex 7.283560605784535 12.893769200190075 81.23958901656803
    endloop
  endfacet
  facet normal 0 0.970237242452549 0.24215634073481004
    outer loop
      vertex 2.8 12.957232597747662 81.30036052763094
      vertex 2.8 11.500180845966106 87.1382661941497
      vertex 7.071428571428571 12.957232597747662 81.30036052763094
    endloop
  endfacet
  facet normal 0.8682431421244592 0.3431411295356224 -0.3583406359525296
    outer loop
      vertex 7.371428571428571 8.210961520534395 76.75540900632771
      vertex 10.35669051859157 11.283503253310718 86.9307792768728
      vertex 10.35669051859157 4.597778528229454 80.52863867724363
    endloop
  endfacet
  facet normal 0.8682431421244587 0.34314112953562326 -0.3583406359525297
    outer loop
      vertex 7.371428571428571 8.210961520534395 76.75540900632771
      vertex 7.371428571428571 12.740555005092274 81.09287361035406
      vertex 10.35669051859157 11.283503253310718 86.9307792768728
    endloop
  endfacet
  facet normal 0.8346385675787726 0.4526504788170722 -0.31382480070372065
    outer loop
      vertex 7.371428571428571 12.740555005092274 81.09287361035406
      vertex 7.361206319315292 12.796635292718456 81.14657517615493
      vertex 10.346468266478292 11.339583540936898 86.98448084267368
    endloop
  endfacet
  facet normal 0.7403074272540888 0.6352468159283038 -0.22001453589566258
    outer loop
      vertex 7.361206319315292 12.796635292718456 81.14657517615493
      vertex 7.331236192563903 12.848893801419969 81.1966170689925
      vertex 10.316498139726903 11.391842049638413 87.03452273551125
    endloop
  endfacet
  facet normal 0.6191397381338879 0.7755836328205615 -0.1230285054951138
    outer loop
      vertex 7.331236192563903 12.848893801419969 81.1966170689925
      vertex 7.283560605784535 12.893769200190075 81.23958901656803
      vertex 10.268822552947535 11.436717448408519 87.07749468308678
    endloop
  endfacet
  facet normal 0.4750826304003784 0.8796301238492092 -0.023395288176946666
    outer loop
      vertex 7.283560605784535 12.893769200190075 81.23958901656803
      vertex 7.2214285714285715 12.928203304762697 81.27256255166876
      vertex 10.206690518591572 11.47115155298114 87.1104682181875
    endloop
  endfacet
  facet normal 0.30664537669418024 0.9484629797327115 0.0799161374731688
    outer loop
      vertex 7.2214285714285715 12.928203304762697 81.27256255166876
      vertex 7.149074284959327 12.949849487816257 81.2932905823689
      vertex 10.134336232122326 11.4927977360347 87.13119624888765
    endloop
  endfacet
  facet normal 0.10988225200451682 0.9761119912184945 0.1874333782811419
    outer loop
      vertex 7.071428571428571 12.957232597747662 81.30036052763094
      vertex 10.056690518591571 11.500180845966106 87.1382661941497
      vertex 7.149074284959327 12.949849487816257 81.2932905823689
    endloop
  endfacet
  facet normal -1 0 0
    outer loop
      vertex 2.8 4.506069775459273 80.62440968794863
      vertex 2.8 11.470092126245737 87.29304354022753
      vertex 2.8 11.500180845966106 87.1382661941497
    endloop
  endfacet
  facet normal -1 0 0
    outer loop
      vertex 2.8 4.421061660813824 80.7131832543946
      vertex 2.8 11.456416815169046 87.45012423216727
      vertex 2.8 11.470092126245737 87.29304354022753
    endloop
  endfacet
  facet normal -1 0 0
    outer loop
      vertex 2.8 4.343693480810323 80.79397847373325
      vertex 2.8 11.459306017981925 87.60777260805621
      vertex 2.8 11.456416815169046 87.45012423216727
    endloop
  endfacet
  facet normal -1 0 0
    outer loop
      vertex 2.8 4.274820114566179 80.86590259980207
      vertex 2.8 11.478727810459834 87.76424673336214
      vertex 2.8 11.459306017981925 87.60777260805621
    endloop
  endfacet
  facet normal -1 0 0
    outer loop
      vertex 2.8 4.215202577818676 80.92816090751626
      vertex 2.8 11.514467591654276 87.91781764842578
      vertex 2.8 11.478727810459834 87.76424673336214
    endloop
  endfacet
  facet normal -1 0 0
    outer loop
      vertex 2.8 4.1654996140873655 80.98006547417752
      vertex 2.8 11.566130455124357 88.06678847258736
      vertex 2.8 11.514467591654276 87.91781764842578
    endloop
  endfacet
  facet normal -1 0 0
    outer loop
      vertex 2.8 4.126260415892547 81.02104278067071
      vertex 2.8 11.633145552452495 88.20951315385663
      vertex 2.8 11.566130455124357 88.06678847258736
    endloop
  endfacet
  facet normal -1 0 0
    outer loop
      vertex 2.8 4.09791855645669 81.0506400485589
      vertex 2.8 11.714772400829682 88.34441465695173
      vertex 2.8 11.633145552452495 88.20951315385663
    endloop
  endfacet
  facet normal -1 0 0
    outer loop
      vertex 2.8 4.080787198940399 81.06853024305533
      vertex 2.8 11.810109065014654 88.47000238873869
      vertex 2.8 11.714772400829682 88.34441465695173
    endloop
  endfacet
  facet normal -1 0 0
    outer loop
      vertex 2.8 4.075055636148454 81.07451568659178
      vertex 2.8 11.918102123260498 88.58488866852885
      vertex 2.8 11.810109065014654 88.47000238873869
    endloop
  endfacet
  facet normal -1 0 0
    outer loop
      vertex 2.8 4.061223174122278 81.08896086034859
      vertex 2.8 11.904269661075714 88.59933384245129
      vertex 2.8 11.918102123260498 88.58488866852885
    endloop
  endfacet
  facet normal -1.6724616035563673e-19 0.9816235585550843 0.19082764288659235
    outer loop
      vertex 2.8 11.470092126245737 87.29304354022753
      vertex 10.056690518591571 11.500180845966106 87.1382661941497
      vertex 2.8 11.500180845966106 87.1382661941497
    endloop
  endfacet
  facet normal 0 0.9962317594244822 0.08673108735626876
    outer loop
      vertex 2.8 11.470092126245737 87.29304354022753
      vertex 2.8 11.456416815169046 87.45012423216727
      vertex 10.132461563249333 11.470092126245737 87.29304354022753
    endloop
  endfacet
  facet normal 3.7750865087126875e-19 0.9702372424525492 0.24215634073481004
    outer loop
      vertex 7.071428571428571 12.957232597747662 81.30036052763094
      vertex 2.8 11.500180845966106 87.1382661941497
      vertex 10.056690518591571 11.500180845966106 87.1382661941497
    endloop
  endfacet
  facet normal 0 0.9998321050335846 -0.01832380266514697
    outer loop
      vertex 2.8 11.456416815169046 87.45012423216727
      vertex 2.8 11.459306017981925 87.60777260805621
      vertex 10.202696447668856 11.456416815169046 87.45012423216727
    endloop
  endfacet
  facet normal 0 0.9923848133909265 -0.12317622396816591
    outer loop
      vertex 2.8 11.459306017981925 87.60777260805621
      vertex 2.8 11.478727810459834 87.76424673336214
      vertex 10.26661911202812 11.459306017981925 87.60777260805621
    endloop
  endfacet
  facet normal 0 0.97397217328896 -0.22666761051985396
    outer loop
      vertex 2.8 11.478727810459834 87.76424673336214
      vertex 2.8 11.514467591654276 87.91781764842578
      vertex 10.323523243332719 11.478727810459834 87.76424673336214
    endloop
  endfacet
  facet normal 0 0.9447976350546554 -0.32765443503046027
    outer loop
      vertex 2.8 11.514467591654276 87.91781764842578
      vertex 2.8 11.566130455124357 88.06678847258736
      vertex 10.37278007981594 11.514467591654276 87.91781764842578
    endloop
  endfacet
  facet normal 0 0.9051835625267172 -0.4250208443493573
    outer loop
      vertex 2.8 11.566130455124357 88.06678847258736
      vertex 2.8 11.633145552452495 88.20951315385663
      vertex 10.413845358437117 11.566130455124357 88.06678847258736
    endloop
  endfacet
  facet normal -7.633841748977353e-16 0.8555676710986188 -0.5176909890763848
    outer loop
      vertex 2.8 11.633145552452495 88.20951315385663
      vertex 2.8 11.714772400829682 88.34441465695173
      vertex 10.446265328711982 11.633145552452493 88.20951315385662
    endloop
  endfacet
  facet normal 0 0.7964981911860474 -0.6046409111508704
    outer loop
      vertex 2.8 11.714772400829682 88.34441465695173
      vertex 2.8 11.810109065014654 88.47000238873869
      vertex 10.469681766425184 11.714772400829682 88.34441465695173
    endloop
  endfacet
  facet normal 0 0.7286278105585772 -0.684909858069377
    outer loop
      vertex 2.8 11.810109065014654 88.47000238873869
      vertex 2.8 11.918102123260498 88.58488866852885
      vertex 10.483835931826036 11.810109065014654 88.47000238873869
    endloop
  endfacet
  facet normal 0 0.722258642184606 0.6916230575896448
    outer loop
      vertex 2.8 11.918102123260498 88.58488866852885
      vertex 2.8 11.904269661075714 88.59933384245129
      vertex 10.48857142857143 11.918102123260498 88.58488866852885
    endloop
  endfacet
  facet normal 0.6315669912011843 0.5362300958773312 -0.559982517495387
    outer loop
      vertex 10.651889782376148 4.343693480810323 80.79397847373325
      vertex 10.651889782376148 11.181040946742797 87.3413105290305
      vertex 10.774138452817784 11.15326708110941 87.45259086438169
    endloop
  endfacet
  facet normal 0.45577489484528777 0.6156102783618685 -0.6428788613759124
    outer loop
      vertex 10.906165004488411 4.215202577818676 80.92816090751626
      vertex 10.906165004488411 11.129225720198585 87.54891633595159
      vertex 11.046510611007964 11.10918250884514 87.6292225961736
    endloop
  endfacet
  facet normal 0.5466912735610019 0.5791196763526013 -0.6047719006976994
    outer loop
      vertex 10.774138452817784 4.274820114566179 80.86590259980207
      vertex 10.774138452817784 11.15326708110941 87.45259086438169
      vertex 10.906165004488411 11.129225720198585 87.54891633595159
    endloop
  endfacet
  facet normal 0.3598224348901288 0.64529869927539 -0.673882336957446
    outer loop
      vertex 11.046510611007964 4.1654996140873655 80.98006547417752
      vertex 11.046510611007964 11.10918250884514 87.6292225961736
      vertex 11.193624524663004 11.093358914360712 87.69262230163525
    endloop
  endfacet
  facet normal 0.7795222176885337 0.4332151009240137 -0.452404452300535
    outer loop
      vertex 10.442006262081229 4.506069775459273 80.62440968794863
      vertex 10.442006262081229 11.246520792371962 87.07895528916076
      vertex 10.54076977891918 11.212240429981353 87.21630492111841
    endloop
  endfacet
  facet normal 0.8409668963842827 0.37422794985035196 -0.39080445332236124
    outer loop
      vertex 10.35669051859157 4.597778528229454 80.52863867724363
      vertex 10.35669051859157 11.283503253310718 86.9307792768728
      vertex 10.442006262081229 11.246520792371962 87.07895528916076
    endloop
  endfacet
  facet normal 0.7094642141682221 0.48741544502986067 -0.5090056117185839
    outer loop
      vertex 10.54076977891918 4.421061660813824 80.7131832543946
      vertex 10.54076977891918 11.212240429981353 87.21630492111841
      vertex 10.651889782376148 11.181040946742797 87.3413105290305
    endloop
  endfacet
  facet normal 0.15709410635456178 0.6830356152351672 -0.7132908173171573
    outer loop
      vertex 11.345881211381798 4.09791855645669 81.0506400485589
      vertex 11.345881211381798 11.081929779432393 87.73841491777252
      vertex 11.50159831206069 11.075021390199778 87.76609445942111
    endloop
  endfacet
  facet normal 0.05255828290075868 0.6906671365151058 -0.7212603783908748
    outer loop
      vertex 11.50159831206069 4.080787198940399 81.06853024305533
      vertex 11.50159831206069 11.075021390199778 87.76609445942111
      vertex 11.659055231778261 11.072710080857233 87.7753550816958
    endloop
  endfacet
  facet normal 1 0 0
    outer loop
      vertex 11.659055231778261 4.075055636148454 81.07451568659178
      vertex 11.659055231778261 11.072710080857233 87.7753550816958
      vertex 11.659055231778261 11.067132003777813 87.79770451969648
    endloop
  endfacet
  facet normal 0.25989411967322634 0.6678568971117076 -0.6974397547742749
    outer loop
      vertex 11.193624524663004 4.126260415892547 81.02104278067071
      vertex 11.193624524663004 11.093358914360712 87.69262230163525
      vertex 11.345881211381798 11.081929779432393 87.73841491777252
    endloop
  endfacet
  facet normal 0 0.9816235585550844 0.1908276428865924
    outer loop
      vertex 2.8 11.470092126245737 87.29304354022753
      vertex 10.132461563249333 11.470092126245737 87.29304354022753
      vertex 10.056690518591571 11.500180845966106 87.1382661941497
    endloop
  endfacet
  facet normal 0.45869066903925126 0.8864703764519873 -0.0614259050352189
    outer loop
      vertex 10.268822552947535 11.436717448408519 87.07749468308678
      vertex 10.206690518591572 11.47115155298114 87.1104682181875
      vertex 10.28723391266528 11.440139247064623 87.26436115323636
    endloop
  endfacet
  facet normal 0.2962109337752304 0.9543939610698864 0.03729946092557155
    outer loop
      vertex 10.206690518591572 11.47115155298114 87.1104682181875
      vertex 10.212577626617552 11.462474117778537 87.28574865997122
      vertex 10.28723391266528 11.440139247064623 87.26436115323636
    endloop
  endfacet
  facet normal 0.2962109337752039 0.9543939610698946 0.03729946092557285
    outer loop
      vertex 10.206690518591572 11.47115155298114 87.1104682181875
      vertex 10.134336232122326 11.4927977360347 87.13119624888765
      vertex 10.212577626617552 11.462474117778537 87.28574865997122
    endloop
  endfacet
  facet normal 0.10630364180274796 0.9845207461067016 0.13935004924640979
    outer loop
      vertex 10.132461563249333 11.470092126245737 87.29304354022753
      vertex 10.134336232122326 11.4927977360347 87.13119624888765
      vertex 10.056690518591571 11.500180845966106 87.1382661941497
    endloop
  endfacet
  facet normal 0.10630364180270199 0.9845207461067064 0.13935004924640992
    outer loop
      vertex 10.212577626617552 11.462474117778537 87.28574865997122
      vertex 10.134336232122326 11.4927977360347 87.13119624888765
      vertex 10.132461563249333 11.470092126245737 87.29304354022753
    endloop
  endfacet
  facet normal 0.273764600633039 0.9606203540157399 -0.04755500910427126
    outer loop
      vertex 10.212577626617552 11.462474117778537 87.28574865997122
      vertex 10.290196264437695 11.448096706604053 87.44215703234562
      vertex 10.28723391266528 11.440139247064623 87.26436115323636
    endloop
  endfacet
  facet normal 0.0984137107533463 0.9942353363065579 0.04255393724606853
    outer loop
      vertex 10.212577626617552 11.462474117778537 87.28574865997122
      vertex 10.132461563249333 11.470092126245737 87.29304354022753
      vertex 10.202696447668856 11.456416815169046 87.45012423216727
    endloop
  endfacet
  facet normal 0.8074563244206783 0.4781071615949701 -0.3455833129429857
    outer loop
      vertex 10.35669051859157 11.283503253310718 86.9307792768728
      vertex 10.346468266478292 11.339583540936898 86.98448084267368
      vertex 10.431458782241933 11.30438531151747 87.13436540586953
    endloop
  endfacet
  facet normal 0.8074563244206985 0.47810716159493327 -0.34558331294298933
    outer loop
      vertex 10.35669051859157 11.283503253310718 86.9307792768728
      vertex 10.431458782241933 11.30438531151747 87.13436540586953
      vertex 10.442006262081229 11.246520792371962 87.07895528916076
    endloop
  endfacet
  facet normal 0.7475263482033394 0.525408124157048 -0.406387329787177
    outer loop
      vertex 10.442006262081229 11.246520792371962 87.07895528916076
      vertex 10.431458782241933 11.30438531151747 87.13436540586953
      vertex 10.529250209503125 11.275437928832217 87.2768218119306
    endloop
  endfacet
  facet normal 0.6609262117459029 0.6809895344673578 -0.3153249063634858
    outer loop
      vertex 10.431458782241933 11.30438531151747 87.13436540586953
      vertex 10.49547654087367 11.3343286225752 87.33321457664285
      vertex 10.529250209503125 11.275437928832217 87.2768218119306
    endloop
  endfacet
  facet normal 0.6805428350916827 0.5676659768010932 -0.46326751276971223
    outer loop
      vertex 10.54076977891918 11.212240429981353 87.21630492111841
      vertex 10.638762002628983 11.253061246766293 87.41027598987996
      vertex 10.651889782376148 11.181040946742797 87.3413105290305
    endloop
  endfacet
  facet normal 0.747526348203342 0.5254081241570439 -0.40638732978717756
    outer loop
      vertex 10.442006262081229 11.246520792371962 87.07895528916076
      vertex 10.529250209503125 11.275437928832217 87.2768218119306
      vertex 10.54076977891918 11.212240429981353 87.21630492111841
    endloop
  endfacet
  facet normal 0.6805428350916966 0.5676659768010741 -0.4632675127697151
    outer loop
      vertex 10.54076977891918 11.212240429981353 87.21630492111841
      vertex 10.529250209503125 11.275437928832217 87.2768218119306
      vertex 10.638762002628983 11.253061246766293 87.41027598987996
    endloop
  endfacet
  facet normal 0.6017742566627563 0.7048169387081418 -0.37563390013159187
    outer loop
      vertex 10.529250209503125 11.275437928832217 87.2768218119306
      vertex 10.49547654087367 11.3343286225752 87.33321457664285
      vertex 10.600273299882572 11.32017348236236 87.47454156854334
    endloop
  endfacet
  facet normal 0.7151164536433267 0.6518358290863104 -0.2524252555667802
    outer loop
      vertex 10.431458782241933 11.30438531151747 87.13436540586953
      vertex 10.346468266478292 11.339583540936898 86.98448084267368
      vertex 10.400535136044558 11.35830645930885 87.18599941469415
    endloop
  endfacet
  facet normal 0.7151164536433592 0.6518358290862725 -0.25242525556678547
    outer loop
      vertex 10.346468266478292 11.339583540936898 86.98448084267368
      vertex 10.316498139726903 11.391842049638413 87.03452273551125
      vertex 10.400535136044558 11.35830645930885 87.18599941469415
    endloop
  endfacet
  facet normal 0.5977773181774492 0.7860138420994232 -0.15762143858206518
    outer loop
      vertex 10.316498139726903 11.391842049638413 87.03452273551125
      vertex 10.351342718873713 11.40460959863303 87.23033854326245
      vertex 10.400535136044558 11.35830645930885 87.18599941469415
    endloop
  endfacet
  facet normal 0.5977773181774324 0.7860138420994364 -0.15762143858206307
    outer loop
      vertex 10.268822552947535 11.436717448408519 87.07749468308678
      vertex 10.351342718873713 11.40460959863303 87.23033854326245
      vertex 10.316498139726903 11.391842049638413 87.03452273551125
    endloop
  endfacet
  facet normal 0.6609262117459154 0.6809895344673448 -0.31532490636348787
    outer loop
      vertex 10.431458782241933 11.30438531151747 87.13436540586953
      vertex 10.400535136044558 11.35830645930885 87.18599941469415
      vertex 10.49547654087367 11.3343286225752 87.33321457664285
    endloop
  endfacet
  facet normal 0.5522673552744659 0.8026065790363798 -0.22544056331030174
    outer loop
      vertex 10.400535136044558 11.35830645930885 87.18599941469415
      vertex 10.351342718873713 11.40460959863303 87.23033854326245
      vertex 10.441750392734289 11.38489920775319 87.38164014153342
    endloop
  endfacet
  facet normal 0.5522673552744948 0.802606579036359 -0.225440563310305
    outer loop
      vertex 10.400535136044558 11.35830645930885 87.18599941469415
      vertex 10.441750392734289 11.38489920775319 87.38164014153342
      vertex 10.49547654087367 11.3343286225752 87.33321457664285
    endloop
  endfacet
  facet normal 0.42376964628186414 0.8954151598572124 -0.13656858492357016
    outer loop
      vertex 10.351342718873713 11.40460959863303 87.23033854326245
      vertex 10.37173311329402 11.42370338255815 87.4187983843821
      vertex 10.441750392734289 11.38489920775319 87.38164014153342
    endloop
  endfacet
  facet normal 0.4586906690392454 0.8864703764519907 -0.06142590503521838
    outer loop
      vertex 10.268822552947535 11.436717448408519 87.07749468308678
      vertex 10.28723391266528 11.440139247064623 87.26436115323636
      vertex 10.351342718873713 11.40460959863303 87.23033854326245
    endloop
  endfacet
  facet normal 0.4237696462818787 0.8954151598572054 -0.13656858492357102
    outer loop
      vertex 10.351342718873713 11.40460959863303 87.23033854326245
      vertex 10.28723391266528 11.440139247064623 87.26436115323636
      vertex 10.37173311329402 11.42370338255815 87.4187983843821
    endloop
  endfacet
  facet normal 0.6191397381338883 0.7755836328205612 -0.12302850549511313
    outer loop
      vertex 7.331236192563903 12.848893801419969 81.1966170689925
      vertex 10.268822552947535 11.436717448408519 87.07749468308678
      vertex 10.316498139726903 11.391842049638413 87.03452273551125
    endloop
  endfacet
  facet normal 0.4750826304003762 0.8796301238492101 -0.023395288176946256
    outer loop
      vertex 7.283560605784535 12.893769200190075 81.23958901656803
      vertex 10.206690518591572 11.47115155298114 87.1104682181875
      vertex 10.268822552947535 11.436717448408519 87.07749468308678
    endloop
  endfacet
  facet normal 0.10988225200453765 0.9761119912184943 0.18743337828113063
    outer loop
      vertex 7.149074284959327 12.949849487816257 81.2932905823689
      vertex 10.056690518591571 11.500180845966106 87.1382661941497
      vertex 10.134336232122326 11.4927977360347 87.13119624888765
    endloop
  endfacet
  facet normal 0.3066453766941601 0.9484629797327171 0.07991613747318091
    outer loop
      vertex 7.2214285714285715 12.928203304762697 81.27256255166876
      vertex 10.134336232122326 11.4927977360347 87.13119624888765
      vertex 10.206690518591572 11.47115155298114 87.1104682181875
    endloop
  endfacet
  facet normal 0.8346385675787532 0.4526504788171243 -0.313824800703697
    outer loop
      vertex 7.371428571428571 12.740555005092274 81.09287361035406
      vertex 10.346468266478292 11.339583540936898 86.98448084267368
      vertex 10.35669051859157 11.283503253310718 86.9307792768728
    endloop
  endfacet
  facet normal 0.7403074272540968 0.635246815928292 -0.2200145358956698
    outer loop
      vertex 7.361206319315292 12.796635292718456 81.14657517615493
      vertex 10.316498139726903 11.391842049638413 87.03452273551125
      vertex 10.346468266478292 11.339583540936898 86.98448084267368
    endloop
  endfacet
  facet normal 0 0.9962317594244822 0.08673108735626876
    outer loop
      vertex 2.8 11.456416815169046 87.45012423216727
      vertex 10.202696447668856 11.456416815169046 87.45012423216727
      vertex 10.132461563249333 11.470092126245737 87.29304354022753
    endloop
  endfacet
  facet normal 0 0.9998321050335844 -0.018323802665146965
    outer loop
      vertex 2.8 11.459306017981925 87.60777260805621
      vertex 10.26661911202812 11.459306017981925 87.60777260805621
      vertex 10.202696447668856 11.456416815169046 87.45012423216727
    endloop
  endfacet
  facet normal 0 0.9923848133909267 -0.12317622396816592
    outer loop
      vertex 2.8 11.478727810459834 87.76424673336214
      vertex 10.323523243332719 11.478727810459834 87.76424673336214
      vertex 10.26661911202812 11.459306017981925 87.60777260805621
    endloop
  endfacet
  facet normal 0 0.9739721732889598 -0.22666761051985396
    outer loop
      vertex 2.8 11.514467591654276 87.91781764842578
      vertex 10.37278007981594 11.514467591654276 87.91781764842578
      vertex 10.323523243332719 11.478727810459834 87.76424673336214
    endloop
  endfacet
  facet normal 0 0.9447976350546554 -0.3276544350304603
    outer loop
      vertex 2.8 11.566130455124357 88.06678847258736
      vertex 10.413845358437117 11.566130455124357 88.06678847258736
      vertex 10.37278007981594 11.514467591654276 87.91781764842578
    endloop
  endfacet
  facet normal -5.796268200545341e-16 0.9051835625267053 -0.4250208443493826
    outer loop
      vertex 2.8 11.633145552452495 88.20951315385663
      vertex 10.446265328711982 11.633145552452493 88.20951315385662
      vertex 10.413845358437117 11.566130455124357 88.06678847258736
    endloop
  endfacet
  facet normal 0.09841371075335609 0.9942353363065569 0.042553937246069075
    outer loop
      vertex 10.212577626617552 11.462474117778537 87.28574865997122
      vertex 10.202696447668856 11.456416815169046 87.45012423216727
      vertex 10.290196264437695 11.448096706604053 87.44215703234562
    endloop
  endfacet
  facet normal 0.08959516395502634 0.9944830393584139 -0.05455447758271936
    outer loop
      vertex 10.202696447668856 11.456416815169046 87.45012423216727
      vertex 10.26661911202812 11.459306017981925 87.60777260805621
      vertex 10.290196264437695 11.448096706604053 87.44215703234562
    endloop
  endfacet
  facet normal 0.6069263814821447 0.6045988272602817 -0.5158494213784505
    outer loop
      vertex 10.651889782376148 11.181040946742797 87.3413105290305
      vertex 10.758784111893 11.237502516298257 87.53325333879181
      vertex 10.774138452817784 11.15326708110941 87.45259086438169
    endloop
  endfacet
  facet normal 0.6069263814821518 0.6045988272602734 -0.5158494213784519
    outer loop
      vertex 10.651889782376148 11.181040946742797 87.3413105290305
      vertex 10.638762002628983 11.253061246766293 87.41027598987996
      vertex 10.758784111893 11.237502516298257 87.53325333879181
    endloop
  endfacet
  facet normal 0.6017742566627977 0.7048169387081032 -0.37563390013159803
    outer loop
      vertex 10.529250209503125 11.275437928832217 87.2768218119306
      vertex 10.600273299882572 11.32017348236236 87.47454156854334
      vertex 10.638762002628983 11.253061246766293 87.41027598987996
    endloop
  endfacet
  facet normal 0.5377109188268816 0.7232797447468469 -0.43328210049953225
    outer loop
      vertex 10.638762002628983 11.253061246766293 87.41027598987996
      vertex 10.713767462078431 11.315997445784621 87.60841879887191
      vertex 10.758784111893 11.237502516298257 87.53325333879181
    endloop
  endfacet
  facet normal 0.537710918826865 0.7232797447468604 -0.4332821004995303
    outer loop
      vertex 10.638762002628983 11.253061246766293 87.41027598987996
      vertex 10.600273299882572 11.32017348236236 87.47454156854334
      vertex 10.713767462078431 11.315997445784621 87.60841879887191
    endloop
  endfacet
  facet normal 0.35056869210413216 0.6802781626240283 -0.6436794338591801
    outer loop
      vertex 11.046510611007964 11.10918250884514 87.6292225961736
      vertex 11.168158877595708 11.233065976590728 87.82640349842941
      vertex 11.193624524663004 11.093358914360712 87.69262230163525
    endloop
  endfacet
  facet normal 0.5270928566300505 0.6359035523706694 -0.5637373436024408
    outer loop
      vertex 10.906165004488411 11.129225720198585 87.54891633595159
      vertex 10.774138452817784 11.15326708110941 87.45259086438169
      vertex 10.887990353910329 11.228933653502256 87.64439502138323
    endloop
  endfacet
  facet normal 0.5270928566300558 0.6359035523706641 -0.5637373436024419
    outer loop
      vertex 10.774138452817784 11.15326708110941 87.45259086438169
      vertex 10.758784111893 11.237502516298257 87.53325333879181
      vertex 10.887990353910329 11.228933653502256 87.64439502138323
    endloop
  endfacet
  facet normal 0.4414783860062914 0.6612495343853015 -0.6065029991389175
    outer loop
      vertex 10.906165004488411 11.129225720198585 87.54891633595159
      vertex 10.887990353910329 11.228933653502256 87.64439502138323
      vertex 11.024953065290994 11.227449339962686 87.74247297847646
    endloop
  endfacet
  facet normal 0.46871140645200327 0.7362317074732708 -0.48813163221899186
    outer loop
      vertex 10.758784111893 11.237502516298257 87.53325333879181
      vertex 10.83470497457795 11.32184665592643 87.73336699218869
      vertex 10.887990353910329 11.228933653502256 87.64439502138323
    endloop
  endfacet
  facet normal 0.46871140645205356 0.736231707473236 -0.48813163221899625
    outer loop
      vertex 10.713767462078431 11.315997445784621 87.60841879887191
      vertex 10.83470497457795 11.32184665592643 87.73336699218869
      vertex 10.758784111893 11.237502516298257 87.53325333879181
    endloop
  endfacet
  facet normal 0.3947096721248159 0.743410938984977 -0.5399485628544586
    outer loop
      vertex 10.887990353910329 11.228933653502256 87.64439502138323
      vertex 10.96174953925517 11.33765648198475 87.84800553438049
      vertex 11.024953065290994 11.227449339962686 87.74247297847646
    endloop
  endfacet
  facet normal 0.39470967212483143 0.7434109389849681 -0.5399485628544595
    outer loop
      vertex 10.887990353910329 11.228933653502256 87.64439502138323
      vertex 10.83470497457795 11.32184665592643 87.73336699218869
      vertex 10.96174953925517 11.33765648198475 87.84800553438049
    endloop
  endfacet
  facet normal 0.44147838600635103 0.6612495343852515 -0.6065029991389287
    outer loop
      vertex 10.906165004488411 11.129225720198585 87.54891633595159
      vertex 11.024953065290994 11.227449339962686 87.74247297847646
      vertex 11.046510611007964 11.10918250884514 87.6292225961736
    endloop
  endfacet
  facet normal 0.3505686921041426 0.680278162624021 -0.643679433859182
    outer loop
      vertex 11.046510611007964 11.10918250884514 87.6292225961736
      vertex 11.024953065290994 11.227449339962686 87.74247297847646
      vertex 11.168158877595708 11.233065976590728 87.82640349842941
    endloop
  endfacet
  facet normal 0.31563946150837435 0.7444369307412493 -0.5883752089332555
    outer loop
      vertex 11.024953065290994 11.227449339962686 87.74247297847646
      vertex 11.09349737815748 11.363252233406604 87.95106772774594
      vertex 11.168158877595708 11.233065976590728 87.82640349842941
    endloop
  endfacet
  facet normal 0.3156394615083387 0.7444369307412653 -0.5883752089332541
    outer loop
      vertex 11.024953065290994 11.227449339962686 87.74247297847646
      vertex 10.96174953925517 11.33765648198475 87.84800553438049
      vertex 11.09349737815748 11.363252233406604 87.95106772774594
    endloop
  endfacet
  facet normal 0.5030488267453574 0.8136040314062547 -0.29153105836189996
    outer loop
      vertex 10.49547654087367 11.3343286225752 87.33321457664285
      vertex 10.441750392734289 11.38489920775319 87.38164014153342
      vertex 10.539046615623498 11.377804065583343 87.52972767203863
    endloop
  endfacet
  facet normal 0.38600294103282135 0.8981414338942879 -0.2105794250071091
    outer loop
      vertex 10.441750392734289 11.38489920775319 87.38164014153342
      vertex 10.459254447202134 11.422025567421768 87.57207345861198
      vertex 10.539046615623498 11.377804065583343 87.52972767203863
    endloop
  endfacet
  facet normal 0.27376460063302605 0.9606203540157435 -0.047555009104271205
    outer loop
      vertex 10.28723391266528 11.440139247064623 87.26436115323636
      vertex 10.290196264437695 11.448096706604053 87.44215703234562
      vertex 10.37173311329402 11.42370338255815 87.4187983843821
    endloop
  endfacet
  facet normal 0.3860029410328525 0.8981414338942746 -0.21057942500710933
    outer loop
      vertex 10.441750392734289 11.38489920775319 87.38164014153342
      vertex 10.37173311329402 11.42370338255815 87.4187983843821
      vertex 10.459254447202134 11.422025567421768 87.57207345861198
    endloop
  endfacet
  facet normal 0.2492630585967103 0.959421197978191 -0.13182902749055536
    outer loop
      vertex 10.37173311329402 11.42370338255815 87.4187983843821
      vertex 10.290196264437695 11.448096706604053 87.44215703234562
      vertex 10.366334499033606 11.449824365606837 87.5986931328881
    endloop
  endfacet
  facet normal 0.2492630585967238 0.9594211979781879 -0.13182902749055447
    outer loop
      vertex 10.37173311329402 11.42370338255815 87.4187983843821
      vertex 10.366334499033606 11.449824365606837 87.5986931328881
      vertex 10.459254447202134 11.422025567421768 87.57207345861198
    endloop
  endfacet
  facet normal 0.08959516395503603 0.994483039358413 -0.05455447758271792
    outer loop
      vertex 10.26661911202812 11.459306017981925 87.60777260805621
      vertex 10.366334499033606 11.449824365606837 87.5986931328881
      vertex 10.290196264437695 11.448096706604053 87.44215703234562
    endloop
  endfacet
  facet normal 0.5030488267453443 0.8136040314062631 -0.2915310583618989
    outer loop
      vertex 10.49547654087367 11.3343286225752 87.33321457664285
      vertex 10.539046615623498 11.377804065583343 87.52972767203863
      vertex 10.600273299882572 11.32017348236236 87.47454156854334
    endloop
  endfacet
  facet normal 0.45003807403285195 0.8189930691725537 -0.35597202778887244
    outer loop
      vertex 10.600273299882572 11.32017348236236 87.47454156854334
      vertex 10.642156313665405 11.383402569843014 87.67296484273434
      vertex 10.713767462078431 11.315997445784621 87.60841879887191
    endloop
  endfacet
  facet normal 0.4500380740328645 0.8189930691725469 -0.35597202778887294
    outer loop
      vertex 10.600273299882572 11.32017348236236 87.47454156854334
      vertex 10.539046615623498 11.377804065583343 87.52972767203863
      vertex 10.642156313665405 11.383402569843014 87.67296484273434
    endloop
  endfacet
  facet normal 0.07990337397380327 0.9852457490632978 -0.15134815750547984
    outer loop
      vertex 10.26661911202812 11.459306017981925 87.60777260805621
      vertex 10.323523243332719 11.478727810459834 87.76424673336214
      vertex 10.366334499033606 11.449824365606837 87.5986931328881
    endloop
  endfacet
  facet normal 0.2227271552141942 0.9507794901639576 -0.2154320668186537
    outer loop
      vertex 10.459254447202134 11.422025567421768 87.57207345861198
      vertex 10.366334499033606 11.449824365606837 87.5986931328881
      vertex 10.440151041560316 11.46763800503186 87.75362731714446
    endloop
  endfacet
  facet normal 0.22272715521416553 0.9507794901639633 -0.2154320668186582
    outer loop
      vertex 10.459254447202134 11.422025567421768 87.57207345861198
      vertex 10.440151041560316 11.46763800503186 87.75362731714446
      vertex 10.548830848075252 11.435124340661089 87.72249276415727
    endloop
  endfacet
  facet normal 0.07990337397379708 0.9852457490632982 -0.1513481575054815
    outer loop
      vertex 10.366334499033606 11.449824365606837 87.5986931328881
      vertex 10.323523243332719 11.478727810459834 87.76424673336214
      vertex 10.440151041560316 11.46763800503186 87.75362731714446
    endloop
  endfacet
  facet normal 0.1941466213913836 0.9345384963228656 -0.2982362960689193
    outer loop
      vertex 10.440151041560316 11.46763800503186 87.75362731714446
      vertex 10.510830256691747 11.50134079320557 87.90524764102234
      vertex 10.548830848075252 11.435124340661089 87.72249276415727
    endloop
  endfacet
  facet normal 0.34532635982348253 0.8946220096982407 -0.28355099184193217
    outer loop
      vertex 10.539046615623498 11.377804065583343 87.52972767203863
      vertex 10.548830848075252 11.435124340661089 87.72249276415727
      vertex 10.642156313665405 11.383402569843014 87.67296484273434
    endloop
  endfacet
  facet normal 0.3930706515759681 0.8186102595447079 -0.4187752450154975
    outer loop
      vertex 10.713767462078431 11.315997445784621 87.60841879887191
      vertex 10.642156313665405 11.383402569843014 87.67296484273434
      vertex 10.749940177034519 11.4016328599019 87.80976895559071
    endloop
  endfacet
  facet normal 0.3453263598234269 0.8946220096982613 -0.2835509918419355
    outer loop
      vertex 10.459254447202134 11.422025567421768 87.57207345861198
      vertex 10.548830848075252 11.435124340661089 87.72249276415727
      vertex 10.539046615623498 11.377804065583343 87.52972767203863
    endloop
  endfacet
  facet normal 0.30161371913670854 0.884665819386654 -0.35552152176410196
    outer loop
      vertex 10.642156313665405 11.383402569843014 87.67296484273434
      vertex 10.548830848075252 11.435124340661089 87.72249276415727
      vertex 10.639472542152173 11.462854967480672 87.86839424404366
    endloop
  endfacet
  facet normal 0.3016137191367196 0.8846658193866507 -0.3555215217641004
    outer loop
      vertex 10.642156313665405 11.383402569843014 87.67296484273434
      vertex 10.639472542152173 11.462854967480672 87.86839424404366
      vertex 10.749940177034519 11.4016328599019 87.80976895559071
    endloop
  endfacet
  facet normal 0.39307065157596077 0.8186102595447113 -0.41877524501549757
    outer loop
      vertex 10.713767462078431 11.315997445784621 87.60841879887191
      vertex 10.749940177034519 11.4016328599019 87.80976895559071
      vertex 10.83470497457795 11.32184665592643 87.73336699218869
    endloop
  endfacet
  facet normal 0.06939309103581133 0.9664811635969693 -0.2471816322640982
    outer loop
      vertex 10.440151041560316 11.46763800503186 87.75362731714446
      vertex 10.323523243332719 11.478727810459834 87.76424673336214
      vertex 10.37278007981594 11.514467591654276 87.91781764842578
    endloop
  endfacet
  facet normal 0.1941466213913972 0.9345384963228638 -0.2982362960689159
    outer loop
      vertex 10.548830848075252 11.435124340661089 87.72249276415727
      vertex 10.510830256691747 11.50134079320557 87.90524764102234
      vertex 10.639472542152173 11.462854967480672 87.86839424404366
    endloop
  endfacet
  facet normal 0.25469730761586135 0.8679178399039414 -0.4264362844197333
    outer loop
      vertex 10.639472542152173 11.462854967480672 87.86839424404366
      vertex 10.730177984722541 11.504911038530068 88.00816576097712
      vertex 10.749940177034519 11.4016328599019 87.80976895559071
    endloop
  endfacet
  facet normal 0.06939309103582204 0.9664811635969697 -0.24718163226409393
    outer loop
      vertex 10.440151041560316 11.46763800503186 87.75362731714446
      vertex 10.37278007981594 11.514467591654276 87.91781764842578
      vertex 10.510830256691747 11.50134079320557 87.90524764102234
    endloop
  endfacet
  facet normal 0.058121732148578006 0.9381321906730029 -0.34136469805051817
    outer loop
      vertex 10.37278007981594 11.514467591654276 87.91781764842578
      vertex 10.413845358437117 11.566130455124357 88.06678847258736
      vertex 10.510830256691747 11.50134079320557 87.90524764102234
    endloop
  endfacet
  facet normal 0.05812173214861478 0.938132190673008 -0.3413646980504981
    outer loop
      vertex 10.510830256691747 11.50134079320557 87.90524764102234
      vertex 10.413845358437117 11.566130455124357 88.06678847258736
      vertex 10.577591174977048 11.550560331425984 88.05187877690447
    endloop
  endfacet
  facet normal 0.16349409939395365 0.9104083845975233 -0.3800345414799661
    outer loop
      vertex 10.639472542152173 11.462854967480672 87.86839424404366
      vertex 10.510830256691747 11.50134079320557 87.90524764102234
      vertex 10.577591174977048 11.550560331425984 88.05187877690447
    endloop
  endfacet
  facet normal 0.16349409939393042 0.9104083845975239 -0.38003454147997434
    outer loop
      vertex 10.639472542152173 11.462854967480672 87.86839424404366
      vertex 10.577591174977048 11.550560331425984 88.05187877690447
      vertex 10.730177984722541 11.504911038530068 88.00816576097712
    endloop
  endfacet
  facet normal 0.046153243891489594 0.9001448509101496 -0.43313869078880163
    outer loop
      vertex 10.413845358437117 11.566130455124357 88.06678847258736
      vertex 10.446265328711982 11.633145552452493 88.20951315385662
      vertex 10.577591174977048 11.550560331425984 88.05187877690447
    endloop
  endfacet
  facet normal 0.13074214577688636 0.8779806149450439 -0.4604959620869415
    outer loop
      vertex 10.730177984722541 11.504911038530068 88.00816576097712
      vertex 10.577591174977048 11.550560331425984 88.05187877690447
      vertex 10.639696122156614 11.614752768779315 88.19190052516845
    endloop
  endfacet
  facet normal 0.13074214577689253 0.8779806149450445 -0.4604959620869388
    outer loop
      vertex 10.730177984722541 11.504911038530068 88.00816576097712
      vertex 10.639696122156614 11.614752768779315 88.19190052516845
      vertex 10.819944926687494 11.560827855571592 88.14026291064275
    endloop
  endfacet
  facet normal 0.04615324389147919 0.9001448509101468 -0.43313869078880884
    outer loop
      vertex 10.446265328711982 11.633145552452493 88.20951315385662
      vertex 10.639696122156614 11.614752768779315 88.19190052516845
      vertex 10.577591174977048 11.550560331425984 88.05187877690447
    endloop
  endfacet
  facet normal 0.09588438503089618 0.8367537048709541 -0.5391191167932919
    outer loop
      vertex 10.639696122156614 11.614752768779315 88.19190052516845
      vertex 10.696458870088215 11.69320881141651 88.32376571657016
      vertex 10.819944926687494 11.560827855571592 88.14026291064275
    endloop
  endfacet
  facet normal 0.3319279936793164 0.8121373094527542 -0.47985080765469695
    outer loop
      vertex 10.83470497457795 11.32184665592643 87.73336699218869
      vertex 10.861207248751064 11.43229350030844 87.93862839460161
      vertex 10.96174953925517 11.33765648198475 87.84800553438049
    endloop
  endfacet
  facet normal 0.3319279936793023 0.8121373094527594 -0.479850807654698
    outer loop
      vertex 10.83470497457795 11.32184665592643 87.73336699218869
      vertex 10.749940177034519 11.4016328599019 87.80976895559071
      vertex 10.861207248751064 11.43229350030844 87.93862839460161
    endloop
  endfacet
  facet normal 0.2663704901475276 0.7990992711418688 -0.5389685675798729
    outer loop
      vertex 10.96174953925517 11.33765648198475 87.84800553438049
      vertex 10.861207248751064 11.43229350030844 87.93862839460161
      vertex 10.974728084151078 11.475045706549299 88.05811932837427
    endloop
  endfacet
  facet normal 0.25469730761583986 0.8679178399039457 -0.4264362844197376
    outer loop
      vertex 10.730177984722541 11.504911038530068 88.00816576097712
      vertex 10.861207248751064 11.43229350030844 87.93862839460161
      vertex 10.749940177034519 11.4016328599019 87.80976895559071
    endloop
  endfacet
  facet normal 0.23148538276149822 0.738814712371223 -0.6329038934558624
    outer loop
      vertex 11.168158877595708 11.233065976590728 87.82640349842941
      vertex 11.09349737815748 11.363252233406604 87.95106772774594
      vertex 11.228492744539437 11.398351090131037 88.04141478736213
    endloop
  endfacet
  facet normal 0.2663704901475031 0.7990992711418753 -0.5389685675798755
    outer loop
      vertex 10.96174953925517 11.33765648198475 87.84800553438049
      vertex 10.974728084151078 11.475045706549299 88.05811932837427
      vertex 11.09349737815748 11.363252233406604 87.95106772774594
    endloop
  endfacet
  facet normal 0.2043932658913721 0.8438628569794931 -0.49610369023891215
    outer loop
      vertex 10.861207248751064 11.43229350030844 87.93862839460161
      vertex 10.819944926687494 11.560827855571592 88.14026291064275
      vertex 10.974728084151078 11.475045706549299 88.05811932837427
    endloop
  endfacet
  facet normal 0.1961815735699997 0.7788693041821823 -0.5957141908619955
    outer loop
      vertex 11.09349737815748 11.363252233406604 87.95106772774594
      vertex 11.089248335625893 11.529417088446287 88.16692144274342
      vertex 11.228492744539437 11.398351090131037 88.04141478736213
    endloop
  endfacet
  facet normal 0.196181573569955 0.7788693041821889 -0.5957141908620016
    outer loop
      vertex 11.09349737815748 11.363252233406604 87.95106772774594
      vertex 10.974728084151078 11.475045706549299 88.05811932837427
      vertex 11.089248335625893 11.529417088446287 88.16692144274342
    endloop
  endfacet
  facet normal 0.2043932658913769 0.8438628569794927 -0.4961036902389109
    outer loop
      vertex 10.730177984722541 11.504911038530068 88.00816576097712
      vertex 10.819944926687494 11.560827855571592 88.14026291064275
      vertex 10.861207248751064 11.43229350030844 87.93862839460161
    endloop
  endfacet
  facet normal 0.15053541594440414 0.8118376360097629 -0.5641442557578025
    outer loop
      vertex 10.974728084151078 11.475045706549299 88.05811932837427
      vertex 10.819944926687494 11.560827855571592 88.14026291064275
      vertex 10.907781488903492 11.629987566159983 88.26322608658846
    endloop
  endfacet
  facet normal 0.09588438503091609 0.8367537048709583 -0.5391191167932817
    outer loop
      vertex 10.819944926687494 11.560827855571592 88.14026291064275
      vertex 10.696458870088215 11.69320881141651 88.32376571657016
      vertex 10.907781488903492 11.629987566159983 88.26322608658846
    endloop
  endfacet
  facet normal 0.12122790391147659 0.7506864867526011 -0.6494409857102236
    outer loop
      vertex 11.089248335625893 11.529417088446287 88.16692144274342
      vertex 11.20350261252652 11.594806869828028 88.26383252957255
      vertex 11.228492744539437 11.398351090131037 88.04141478736213
    endloop
  endfacet
  facet normal 0.15053541594440442 0.811837636009763 -0.5641442557578025
    outer loop
      vertex 10.974728084151078 11.475045706549299 88.05811932837427
      vertex 10.907781488903492 11.629987566159983 88.26322608658846
      vertex 11.089248335625893 11.529417088446287 88.16692144274342
    endloop
  endfacet
  facet normal 0.03356235200602683 0.8524946657078997 -0.5216573717176821
    outer loop
      vertex 10.446265328711982 11.633145552452493 88.20951315385662
      vertex 10.469681766425184 11.714772400829682 88.34441465695173
      vertex 10.639696122156614 11.614752768779315 88.19190052516845
    endloop
  endfacet
  facet normal 0.0930214423673717 0.7710588473682795 -0.6299327465333059
    outer loop
      vertex 11.089248335625893 11.529417088446287 88.16692144274342
      vertex 10.992717121943361 11.711625990598295 88.37569660813544
      vertex 11.20350261252652 11.594806869828028 88.26383252957255
    endloop
  endfacet
  facet normal 0.09302144236738605 0.7710588473682815 -0.6299327465333011
    outer loop
      vertex 11.089248335625893 11.529417088446287 88.16692144274342
      vertex 10.907781488903492 11.629987566159983 88.26322608658846
      vertex 10.992717121943361 11.711625990598295 88.37569660813544
    endloop
  endfacet
  facet normal 0 0.855567671098638 -0.5176909890763532
    outer loop
      vertex 2.8 11.714772400829682 88.34441465695173
      vertex 10.469681766425184 11.714772400829682 88.34441465695173
      vertex 10.446265328711982 11.633145552452493 88.20951315385662
    endloop
  endfacet
  facet normal 0 0.7964981911860474 -0.6046409111508704
    outer loop
      vertex 2.8 11.810109065014654 88.47000238873869
      vertex 10.483835931826036 11.810109065014654 88.47000238873869
      vertex 10.469681766425184 11.714772400829682 88.34441465695173
    endloop
  endfacet
  facet normal 0 0.7286278105585771 -0.684909858069377
    outer loop
      vertex 2.8 11.918102123260498 88.58488866852885
      vertex 10.48857142857143 11.918102123260498 88.58488866852885
      vertex 10.483835931826036 11.810109065014654 88.47000238873869
    endloop
  endfacet
  facet normal 0 0.722258642184606 0.6916230575896448
    outer loop
      vertex 2.8 11.904269661075714 88.59933384245129
      vertex 10.500000000853472 11.904269661075714 88.59933384245129
      vertex 10.48857142857143 11.918102123260498 88.58488866852885
    endloop
  endfacet
  facet normal 0.03356235200601907 0.8524946657078961 -0.5216573717176883
    outer loop
      vertex 10.639696122156614 11.614752768779315 88.19190052516845
      vertex 10.469681766425184 11.714772400829682 88.34441465695173
      vertex 10.696458870088215 11.69320881141651 88.32376571657016
    endloop
  endfacet
  facet normal 0.02043892438054286 0.7952210919326512 -0.6059749708656362
    outer loop
      vertex 10.469681766425184 11.714772400829682 88.34441465695173
      vertex 10.483835931826036 11.810109065014654 88.47000238873869
      vertex 10.696458870088215 11.69320881141651 88.32376571657016
    endloop
  endfacet
  facet normal 0.020438924380526656 0.7952210919326402 -0.6059749708656509
    outer loop
      vertex 10.696458870088215 11.69320881141651 88.32376571657016
      vertex 10.483835931826036 11.810109065014654 88.47000238873869
      vertex 10.747252219219638 11.785061559890249 88.44601730767863
    endloop
  endfacet
  facet normal 0.006892051496644159 0.7284687194647325 -0.6850443959245127
    outer loop
      vertex 10.483835931826036 11.810109065014654 88.47000238873869
      vertex 10.48857142857143 11.918102123260498 88.58488866852885
      vertex 10.747252219219638 11.785061559890249 88.44601730767863
    endloop
  endfacet
  facet normal 0.006892051496603891 0.7284687194646955 -0.6850443959245524
    outer loop
      vertex 10.48857142857143 11.918102123260498 88.58488866852885
      vertex 10.791514928825388 11.88929608795381 88.55730448046626
      vertex 10.747252219219638 11.785061559890249 88.44601730767863
    endloop
  endfacet
  facet normal 0.13016463295955355 0.7655388474247551 0.6300852651904201
    outer loop
      vertex 10.48857142857143 11.918102123260498 88.58488866852885
      vertex 10.500000000853472 11.904269661075714 88.59933384245129
      vertex 10.791514928825388 11.88929608795381 88.55730448046626
    endloop
  endfacet
  facet normal 0.13016463295955857 0.7655388474247135 0.6300852651904699
    outer loop
      vertex 10.500000000853472 11.904269661075714 88.59933384245129
      vertex 10.799985568942153 11.875744887121316 88.57201898565627
      vertex 10.791514928825388 11.88929608795381 88.55730448046626
    endloop
  endfacet
  facet normal 0.058961832915039994 0.7861754855475215 -0.6151842067083791
    outer loop
      vertex 10.907781488903492 11.629987566159983 88.26322608658846
      vertex 10.696458870088215 11.69320881141651 88.32376571657016
      vertex 10.747252219219638 11.785061559890249 88.44601730767863
    endloop
  endfacet
  facet normal 0.05896183291505767 0.786175485547528 -0.6151842067083693
    outer loop
      vertex 10.907781488903492 11.629987566159983 88.26322608658846
      vertex 10.747252219219638 11.785061559890249 88.44601730767863
      vertex 10.992717121943361 11.711625990598295 88.37569660813544
    endloop
  endfacet
  facet normal 0.020094707973244013 0.725707766368839 -0.6877095611836589
    outer loop
      vertex 10.747252219219638 11.785061559890249 88.44601730767863
      vertex 10.791514928825388 11.88929608795381 88.55730448046626
      vertex 10.992717121943361 11.711625990598295 88.37569660813544
    endloop
  endfacet
  facet normal 0.031874801598905045 0.7206769976098586 -0.6925378416657608
    outer loop
      vertex 11.073813330174843 11.80484106573567 88.47643173310996
      vertex 11.316228463087999 11.670492526801727 88.34778177054372
      vertex 11.20350261252652 11.594806869828028 88.26383252957255
    endloop
  endfacet
  facet normal 0.031874801598912504 0.7206769976098607 -0.6925378416657584
    outer loop
      vertex 10.992717121943361 11.711625990598295 88.37569660813544
      vertex 11.073813330174843 11.80484106573567 88.47643173310996
      vertex 11.20350261252652 11.594806869828028 88.26383252957255
    endloop
  endfacet
  facet normal 0.5926613853644065 0.7158616046821887 0.36918104669631174
    outer loop
      vertex 11.073813330174843 11.80484106573567 88.47643173310996
      vertex 11.079527616314927 11.79211448146356 88.49193587762178
      vertex 11.316228463087999 11.670492526801727 88.34778177054372
    endloop
  endfacet
  facet normal 0.020094707973298324 0.7257077663688678 -0.6877095611836269
    outer loop
      vertex 10.992717121943361 11.711625990598295 88.37569660813544
      vertex 10.791514928825388 11.88929608795381 88.55730448046626
      vertex 11.073813330174843 11.80484106573567 88.47643173310996
    endloop
  endfacet
  facet normal 0.3766262200978212 0.7792856904687104 0.50086575343652
    outer loop
      vertex 11.073813330174843 11.80484106573567 88.47643173310996
      vertex 10.799985568942153 11.875744887121316 88.57201898565627
      vertex 11.079527616314927 11.79211448146356 88.49193587762178
    endloop
  endfacet
  facet normal 0.37662622009783 0.7792856904686716 0.5008657534365738
    outer loop
      vertex 11.073813330174843 11.80484106573567 88.47643173310996
      vertex 10.791514928825388 11.88929608795381 88.55730448046626
      vertex 10.799985568942153 11.875744887121316 88.57201898565627
    endloop
  endfacet
  facet normal 0.25493137328232557 0.6926089769791327 -0.6747612910684095
    outer loop
      vertex 11.193624524663004 11.093358914360712 87.69262230163525
      vertex 11.316025439288925 11.245721502402615 87.89525919159925
      vertex 11.345881211381798 11.081929779432393 87.73841491777252
    endloop
  endfacet
  facet normal 0.25493137328231036 0.692608976979141 -0.6747612910684065
    outer loop
      vertex 11.193624524663004 11.093358914360712 87.69262230163525
      vertex 11.168158877595708 11.233065976590728 87.82640349842941
      vertex 11.316025439288925 11.245721502402615 87.89525919159925
    endloop
  endfacet
  facet normal 0.15524904392294225 0.6978533180391511 -0.6992127579376395
    outer loop
      vertex 11.345881211381798 11.081929779432393 87.73841491777252
      vertex 11.466918899920124 11.265276080261996 87.94827923752717
      vertex 11.50159831206069 11.075021390199778 87.76609445942111
    endloop
  endfacet
  facet normal 0.052350328500603296 0.6956360860397601 -0.7164843884587874
    outer loop
      vertex 11.50159831206069 11.075021390199778 87.76609445942111
      vertex 11.619171963341959 11.291513642009315 87.98487779161835
      vertex 11.659055231778261 11.072710080857233 87.7753550816958
    endloop
  endfacet
  facet normal 0.9886985461337562 0.1454553090260973 0.036303415116476716
    outer loop
      vertex 11.659055231778261 11.072710080857233 87.7753550816958
      vertex 11.619561382498812 11.28379917286095 88.00518145553993
      vertex 11.659055231778261 11.067132003777813 87.79770451969648
    endloop
  endfacet
  facet normal 0.15524904392295352 0.6978533180391462 -0.6992127579376417
    outer loop
      vertex 11.345881211381798 11.081929779432393 87.73841491777252
      vertex 11.316025439288925 11.245721502402615 87.89525919159925
      vertex 11.466918899920124 11.265276080261996 87.94827923752717
    endloop
  endfacet
  facet normal 0.23148538276146519 0.7388147123712341 -0.6329038934558617
    outer loop
      vertex 11.168158877595708 11.233065976590728 87.82640349842941
      vertex 11.228492744539437 11.398351090131037 88.04141478736213
      vertex 11.316025439288925 11.245721502402615 87.89525919159925
    endloop
  endfacet
  facet normal 0.14234645668587073 0.7259502204037188 -0.6728549351567318
    outer loop
      vertex 11.316025439288925 11.245721502402615 87.89525919159925
      vertex 11.365244008125362 11.442565227607217 88.1180484240799
      vertex 11.466918899920124 11.265276080261996 87.94827923752717
    endloop
  endfacet
  facet normal 0.0523503285006083 0.6956360860397585 -0.7164843884587885
    outer loop
      vertex 11.50159831206069 11.075021390199778 87.76609445942111
      vertex 11.466918899920124 11.265276080261996 87.94827923752717
      vertex 11.619171963341959 11.291513642009315 87.98487779161835
    endloop
  endfacet
  facet normal 0.988698546133754 0.14545530902611717 0.036303415116458085
    outer loop
      vertex 11.659055231778261 11.072710080857233 87.7753550816958
      vertex 11.619171963341959 11.291513642009315 87.98487779161835
      vertex 11.619561382498812 11.28379917286095 88.00518145553993
    endloop
  endfacet
  facet normal 0.1423464566858426 0.725950220403725 -0.6728549351567309
    outer loop
      vertex 11.316025439288925 11.245721502402615 87.89525919159925
      vertex 11.228492744539437 11.398351090131037 88.04141478736213
      vertex 11.365244008125362 11.442565227607217 88.1180484240799
    endloop
  endfacet
  facet normal 0.12122790391142214 0.750686486752603 -0.6494409857102313
    outer loop
      vertex 11.228492744539437 11.398351090131037 88.04141478736213
      vertex 11.20350261252652 11.594806869828028 88.26383252957255
      vertex 11.365244008125362 11.442565227607217 88.1180484240799
    endloop
  endfacet
  facet normal 0.04851291652097057 0.7051824696498743 -0.7073642494706199
    outer loop
      vertex 11.466918899920124 11.265276080261996 87.94827923752717
      vertex 11.50224013686677 11.495406102058865 88.18012187511232
      vertex 11.619171963341959 11.291513642009315 87.98487779161835
    endloop
  endfacet
  facet normal 0.9092561285055194 0.39458913603527823 0.13248662761987387
    outer loop
      vertex 11.619171963341959 11.291513642009315 87.98487779161835
      vertex 11.503771275222642 11.48570083242929 88.19851918107629
      vertex 11.619561382498812 11.28379917286095 88.00518145553993
    endloop
  endfacet
  facet normal 0.04851291652094918 0.7051824696498766 -0.7073642494706192
    outer loop
      vertex 11.466918899920124 11.265276080261996 87.94827923752717
      vertex 11.365244008125362 11.442565227607217 88.1180484240799
      vertex 11.50224013686677 11.495406102058865 88.18012187511232
    endloop
  endfacet
  facet normal 0.9092561285055263 0.39458913603525353 0.13248662761990004
    outer loop
      vertex 11.619171963341959 11.291513642009315 87.98487779161835
      vertex 11.50224013686677 11.495406102058865 88.18012187511232
      vertex 11.503771275222642 11.48570083242929 88.19851918107629
    endloop
  endfacet
  facet normal 0.041540050197952476 0.713696188280306 -0.6992225504542268
    outer loop
      vertex 11.365244008125362 11.442565227607217 88.1180484240799
      vertex 11.316228463087999 11.670492526801727 88.34778177054372
      vertex 11.50224013686677 11.495406102058865 88.18012187511232
    endloop
  endfacet
  facet normal 0.041540050197987385 0.7136961882803086 -0.699222550454222
    outer loop
      vertex 11.365244008125362 11.442565227607217 88.1180484240799
      vertex 11.20350261252652 11.594806869828028 88.26383252957255
      vertex 11.316228463087999 11.670492526801727 88.34778177054372
    endloop
  endfacet
  facet normal 0.7723713549101034 0.5860645260910906 0.24488948807973876
    outer loop
      vertex 11.50224013686677 11.495406102058865 88.18012187511232
      vertex 11.316228463087999 11.670492526801727 88.34778177054372
      vertex 11.31957581440893 11.65907771804187 88.3645420498164
    endloop
  endfacet
  facet normal 0.7723713549101184 0.5860645260910494 0.2448894880797899
    outer loop
      vertex 11.503771275222642 11.48570083242929 88.19851918107629
      vertex 11.50224013686677 11.495406102058865 88.18012187511232
      vertex 11.31957581440893 11.65907771804187 88.3645420498164
    endloop
  endfacet
  facet normal 0.592661385364399 0.7158616046822113 0.3691810466962797
    outer loop
      vertex 11.079527616314927 11.79211448146356 88.49193587762178
      vertex 11.31957581440893 11.65907771804187 88.3645420498164
      vertex 11.316228463087999 11.670492526801727 88.34778177054372
    endloop
  endfacet
  facet normal -6.824103297873457e-20 0.6916230575896126 -0.7222586421846369
    outer loop
      vertex 5.8 13.019458838576394 79.97540179240393
      vertex 3.8 13.236136431231783 80.18288870968081
      vertex 5.5 13.236136431231783 80.18288870968081
    endloop
  endfacet
  facet normal -5.908627191430371e-13 0.6916230575895201 -0.7222586421847255
    outer loop
      vertex 5.8 13.019458838576394 79.97540179240393
      vertex 5.759807621135332 13.12779763490409 80.07914525104238
      vertex 5.7897777478867205 13.075539126202576 80.0291033582048
    endloop
  endfacet
  facet normal 2.8254848243780993e-13 0.6916230575896892 -0.7222586421845637
    outer loop
      vertex 5.8 13.019458838576394 79.97540179240393
      vertex 5.712132034355964 13.172673033674196 80.1221171986179
      vertex 5.759807621135332 13.12779763490409 80.07914525104238
    endloop
  endfacet
  facet normal -2.1996849382234908e-13 0.6916230575895389 -0.7222586421847076
    outer loop
      vertex 5.8 13.019458838576394 79.97540179240393
      vertex 5.65 13.207107138246817 80.15509073371864
      vertex 5.712132034355964 13.172673033674196 80.1221171986179
    endloop
  endfacet
  facet normal 5.793286917191807e-14 0.6916230575896546 -0.7222586421845967
    outer loop
      vertex 5.8 13.019458838576394 79.97540179240393
      vertex 5.577645713530757 13.228753321300378 80.17581876441878
      vertex 5.65 13.207107138246817 80.15509073371864
    endloop
  endfacet
  facet normal 5.871770576401914e-14 0.6916230575896551 -0.7222586421845961
    outer loop
      vertex 5.8 13.019458838576394 79.97540179240393
      vertex 5.5 13.236136431231783 80.18288870968081
      vertex 5.577645713530757 13.228753321300378 80.17581876441878
    endloop
  endfacet
  facet normal 8.986954232479592e-18 0.9702372424525495 0.24215634073480843
    outer loop
      vertex 2.8 12.957232597747662 81.30036052763094
      vertex 5.5 13.236136431231783 80.18288870968081
      vertex 3.8 13.236136431231783 80.18288870968081
    endloop
  endfacet
  facet normal 0 0.9702372424525495 0.24215634073480843
    outer loop
      vertex 2.8 12.957232597747662 81.30036052763094
      vertex 7.071428571428571 12.957232597747662 81.30036052763094
      vertex 5.5 13.236136431231783 80.18288870968081
    endloop
  endfacet
  facet normal 0.10333713033029635 0.9894403527889957 0.1016327986817595
    outer loop
      vertex 7.071428571428571 12.957232597747662 81.30036052763094
      vertex 5.577645713530757 13.228753321300378 80.17581876441878
      vertex 5.5 13.236136431231783 80.18288870968081
    endloop
  endfacet
  facet normal 0.4215061580909317 0.8195354843491518 -0.38819344222181756
    outer loop
      vertex 7.283560605784535 12.893769200190075 81.23958901656803
      vertex 5.759807621135332 13.12779763490409 80.07914525104238
      vertex 5.712132034355964 13.172673033674196 80.1221171986179
    endloop
  endfacet
  facet normal 0.35217274216855976 0.8956294686126426 -0.27170243765213564
    outer loop
      vertex 7.2214285714285715 12.928203304762697 81.27256255166876
      vertex 5.712132034355964 13.172673033674196 80.1221171986179
      vertex 5.65 13.207107138246817 80.15509073371864
    endloop
  endfacet
  facet normal 0.25370004065860924 0.9601663286853733 -0.11711921545447518
    outer loop
      vertex 7.149074284959327 12.949849487816257 81.2932905823689
      vertex 5.65 13.207107138246817 80.15509073371864
      vertex 5.577645713530757 13.228753321300378 80.17581876441878
    endloop
  endfacet
  facet normal 0.2537000406586073 0.9601663286853741 -0.11711921545447226
    outer loop
      vertex 7.2214285714285715 12.928203304762697 81.27256255166876
      vertex 5.65 13.207107138246817 80.15509073371864
      vertex 7.149074284959327 12.949849487816257 81.2932905823689
    endloop
  endfacet
  facet normal 0.10333713033031411 0.9894403527889962 0.1016327986817362
    outer loop
      vertex 7.071428571428571 12.957232597747662 81.30036052763094
      vertex 7.149074284959327 12.949849487816257 81.2932905823689
      vertex 5.577645713530757 13.228753321300378 80.17581876441878
    endloop
  endfacet
  facet normal -1.3082940739075957e-18 -0.722258642184627 -0.6916230575896232
    outer loop
      vertex 231.6285714285714 8.210961520534395 76.75540900632771
      vertex 233.2 8.902584578124019 76.03315036414308
      vertex 235.2 8.902584578124019 76.03315036414308
    endloop
  endfacet
  facet normal 0 -0.7222586421846269 -0.6916230575896232
    outer loop
      vertex 231.6285714285714 8.210961520534395 76.75540900632771
      vertex 235.2 8.902584578124019 76.03315036414308
      vertex 236.2 8.210961520534395 76.75540900632771
    endloop
  endfacet
  facet normal -1.3174950254711948e-19 -0.722258642184637 -0.6916230575896124
    outer loop
      vertex 227.65411878861818 4.09791855645669 81.0506400485589
      vertex 227.80637547533698 4.126260415892547 81.02104278067071
      vertex 236.2 4.126260415892547 81.02104278067071
    endloop
  endfacet
  facet normal 5.792893464568613e-16 -0.7222586421845795 -0.6916230575896727
    outer loop
      vertex 227.34094476822173 4.061223174122271 81.08896086034859
      vertex 227.34094476822173 4.075055636148454 81.07451568659178
      vertex 236.2 4.061223174122278 81.08896086034859
    endloop
  endfacet
  facet normal 2.5846917874509482e-20 -0.722258642184643 -0.6916230575896063
    outer loop
      vertex 227.34094476822173 4.075055636148454 81.07451568659178
      vertex 227.4984016879393 4.080787198940399 81.06853024305533
      vertex 236.2 4.080787198940399 81.06853024305533
    endloop
  endfacet
  facet normal -5.244105503819331e-20 -0.7222586421846081 -0.6916230575896427
    outer loop
      vertex 227.4984016879393 4.080787198940399 81.06853024305533
      vertex 227.65411878861818 4.09791855645669 81.0506400485589
      vertex 236.2 4.09791855645669 81.0506400485589
    endloop
  endfacet
  facet normal -1.0154997239180083e-19 -0.7222586421846782 -0.6916230575895695
    outer loop
      vertex 227.80637547533698 4.126260415892547 81.02104278067071
      vertex 227.953489388992 4.1654996140873655 80.98006547417752
      vertex 236.2 4.1654996140873655 80.98006547417752
    endloop
  endfacet
  facet normal 0 -0.7222586421846277 -0.6916230575896224
    outer loop
      vertex 228.34811021762386 4.343693480810323 80.79397847373325
      vertex 236.2 4.343693480810323 80.79397847373325
      vertex 228.2258615471822 4.274820114566179 80.86590259980207
    endloop
  endfacet
  facet normal 1.907016119478967e-19 -0.7222586421846259 -0.6916230575896242
    outer loop
      vertex 228.34811021762386 4.343693480810323 80.79397847373325
      vertex 228.45923022108082 4.421061660813824 80.7131832543946
      vertex 236.2 4.421061660813824 80.7131832543946
    endloop
  endfacet
  facet normal -3.81384233445329e-19 -0.7222586421846111 -0.6916230575896396
    outer loop
      vertex 228.45923022108082 4.421061660813824 80.7131832543946
      vertex 228.55799373791876 4.506069775459273 80.62440968794863
      vertex 236.2 4.506069775459273 80.62440968794863
    endloop
  endfacet
  facet normal -2.587179601884818e-19 -0.7222586421846238 -0.6916230575896263
    outer loop
      vertex 227.953489388992 4.1654996140873655 80.98006547417752
      vertex 228.09383499551157 4.215202577818676 80.92816090751626
      vertex 236.2 4.215202577818676 80.92816090751626
    endloop
  endfacet
  facet normal 1.5036500090944398e-19 -0.7222586421846198 -0.6916230575896305
    outer loop
      vertex 228.09383499551157 4.215202577818676 80.92816090751626
      vertex 228.2258615471822 4.274820114566179 80.86590259980207
      vertex 236.2 4.274820114566179 80.86590259980207
    endloop
  endfacet
  facet normal 0 -0.7222586421846243 -0.6916230575896258
    outer loop
      vertex 228.6433094814084 4.597778528229454 80.52863867724363
      vertex 236.2 4.597778528229454 80.52863867724363
      vertex 228.55799373791876 4.506069775459273 80.62440968794863
    endloop
  endfacet
  facet normal -0.1570941063545766 0.6830356152351655 -0.7132908173171557
    outer loop
      vertex 227.4984016879393 4.080787198940399 81.06853024305533
      vertex 227.4984016879393 11.075021390199778 87.76609445942111
      vertex 227.65411878861818 4.09791855645669 81.0506400485589
    endloop
  endfacet
  facet normal -0.05255828290079614 0.6906671365151041 -0.7212603783908739
    outer loop
      vertex 227.34094476822173 4.075055636148454 81.07451568659178
      vertex 227.34094476822173 11.072710080857233 87.7753550816958
      vertex 227.4984016879393 4.080787198940399 81.06853024305533
    endloop
  endfacet
  facet normal -1 0 0
    outer loop
      vertex 227.34094476822173 4.061223174122271 81.08896086034859
      vertex 227.34094476822173 11.072710080857233 87.7753550816958
      vertex 227.34094476822173 4.075055636148454 81.07451568659178
    endloop
  endfacet
  facet normal -0.2598941196731817 0.6678568971117163 -0.6974397547742833
    outer loop
      vertex 227.65411878861818 4.09791855645669 81.0506400485589
      vertex 227.65411878861818 11.081929779432393 87.73841491777252
      vertex 227.80637547533698 4.126260415892547 81.02104278067071
    endloop
  endfacet
  facet normal -0.7795222176885498 0.4332151009239998 -0.4524044523005205
    outer loop
      vertex 228.45923022108082 4.421061660813824 80.7131832543946
      vertex 228.45923022108082 11.212240429981353 87.21630492111841
      vertex 228.55799373791876 4.506069775459273 80.62440968794863
    endloop
  endfacet
  facet normal -0.7094642141682349 0.4874154450298519 -0.5090056117185746
    outer loop
      vertex 228.34811021762386 4.343693480810323 80.79397847373325
      vertex 228.34811021762386 11.181040946742797 87.3413105290305
      vertex 228.45923022108082 4.421061660813824 80.7131832543946
    endloop
  endfacet
  facet normal -0.8409668963843122 0.37422794985032043 -0.3908044533223278
    outer loop
      vertex 228.6433094814084 4.597778528229454 80.52863867724363
      vertex 228.55799373791876 4.506069775459273 80.62440968794863
      vertex 228.55799373791876 11.246520792371962 87.07895528916076
    endloop
  endfacet
  facet normal -0.45577489484526007 0.6156102783618785 -0.6428788613759225
    outer loop
      vertex 227.953489388992 4.1654996140873655 80.98006547417752
      vertex 227.953489388992 11.10918250884514 87.6292225961736
      vertex 228.09383499551157 4.215202577818676 80.92816090751626
    endloop
  endfacet
  facet normal -0.546691273560994 0.5791196763526048 -0.6047719006977034
    outer loop
      vertex 228.09383499551157 4.215202577818676 80.92816090751626
      vertex 228.09383499551157 11.129225720198585 87.54891633595159
      vertex 228.2258615471822 4.274820114566179 80.86590259980207
    endloop
  endfacet
  facet normal -0.35982243489017207 0.645298699275378 -0.6738823369574343
    outer loop
      vertex 227.80637547533698 4.126260415892547 81.02104278067071
      vertex 227.80637547533698 11.093358914360712 87.69262230163525
      vertex 227.953489388992 4.1654996140873655 80.98006547417752
    endloop
  endfacet
  facet normal -0.6315669912011294 0.5362300958773624 -0.559982517495419
    outer loop
      vertex 228.34811021762386 4.343693480810323 80.79397847373325
      vertex 228.2258615471822 4.274820114566179 80.86590259980207
      vertex 228.2258615471822 11.15326708110941 87.45259086438169
    endloop
  endfacet
  facet normal 0 -0.7222586421846371 -0.6916230575896124
    outer loop
      vertex 227.65411878861818 4.09791855645669 81.0506400485589
      vertex 236.2 4.126260415892547 81.02104278067071
      vertex 236.2 4.09791855645669 81.0506400485589
    endloop
  endfacet
  facet normal 0 -0.7222586421847569 -0.6916230575894873
    outer loop
      vertex 227.34094476822173 4.075055636148454 81.07451568659178
      vertex 236.2 4.075055636148454 81.07451568659178
      vertex 236.2 4.061223174122278 81.08896086034859
    endloop
  endfacet
  facet normal 0 -0.722258642184608 -0.6916230575896428
    outer loop
      vertex 227.4984016879393 4.080787198940399 81.06853024305533
      vertex 236.2 4.09791855645669 81.0506400485589
      vertex 236.2 4.080787198940399 81.06853024305533
    endloop
  endfacet
  facet normal 0 -0.7222586421846429 -0.6916230575896062
    outer loop
      vertex 227.34094476822173 4.075055636148454 81.07451568659178
      vertex 236.2 4.080787198940399 81.06853024305533
      vertex 236.2 4.075055636148454 81.07451568659178
    endloop
  endfacet
  facet normal 0 -0.7222586421846782 -0.6916230575895695
    outer loop
      vertex 227.80637547533698 4.126260415892547 81.02104278067071
      vertex 236.2 4.1654996140873655 80.98006547417752
      vertex 236.2 4.126260415892547 81.02104278067071
    endloop
  endfacet
  facet normal 0 -0.7222586421846259 -0.6916230575896242
    outer loop
      vertex 228.34811021762386 4.343693480810323 80.79397847373325
      vertex 236.2 4.421061660813824 80.7131832543946
      vertex 236.2 4.343693480810323 80.79397847373325
    endloop
  endfacet
  facet normal 0 -0.7222586421846111 -0.6916230575896396
    outer loop
      vertex 228.45923022108082 4.421061660813824 80.7131832543946
      vertex 236.2 4.506069775459273 80.62440968794863
      vertex 236.2 4.421061660813824 80.7131832543946
    endloop
  endfacet
  facet normal 0 -0.7222586421846198 -0.6916230575896304
    outer loop
      vertex 228.09383499551157 4.215202577818676 80.92816090751626
      vertex 236.2 4.274820114566179 80.86590259980207
      vertex 236.2 4.215202577818676 80.92816090751626
    endloop
  endfacet
  facet normal 0 -0.7222586421846238 -0.6916230575896263
    outer loop
      vertex 227.953489388992 4.1654996140873655 80.98006547417752
      vertex 236.2 4.215202577818676 80.92816090751626
      vertex 236.2 4.1654996140873655 80.98006547417752
    endloop
  endfacet
  facet normal 0 -0.7222586421846275 -0.6916230575896223
    outer loop
      vertex 228.2258615471822 4.274820114566179 80.86590259980207
      vertex 236.2 4.343693480810323 80.79397847373325
      vertex 236.2 4.274820114566179 80.86590259980207
    endloop
  endfacet
  facet normal 0 -0.7222586421846243 -0.6916230575896258
    outer loop
      vertex 228.55799373791876 4.506069775459273 80.62440968794863
      vertex 236.2 4.597778528229454 80.52863867724363
      vertex 236.2 4.506069775459273 80.62440968794863
    endloop
  endfacet
  facet normal 1.3192098635241222e-17 -0.7222586421846275 -0.6916230575896224
    outer loop
      vertex 236.2 8.210961520534395 76.75540900632771
      vertex 236.2 4.597778528229454 80.52863867724363
      vertex 228.6433094814084 4.597778528229454 80.52863867724363
    endloop
  endfacet
  facet normal 0 -0.7222586421846274 -0.6916230575896224
    outer loop
      vertex 231.6285714285714 8.210961520534395 76.75540900632771
      vertex 236.2 8.210961520534395 76.75540900632771
      vertex 228.6433094814084 4.597778528229454 80.52863867724363
    endloop
  endfacet
  facet normal 1 0 0
    outer loop
      vertex 236.2 4.597778528229454 80.52863867724363
      vertex 236.2 11.500180845966106 87.1382661941497
      vertex 236.2 4.506069775459273 80.62440968794863
    endloop
  endfacet
  facet normal 1 0 0
    outer loop
      vertex 236.2 4.421061660813824 80.7131832543946
      vertex 236.2 4.506069775459273 80.62440968794863
      vertex 236.2 11.470092126245737 87.29304354022753
    endloop
  endfacet
  facet normal 1 0 0
    outer loop
      vertex 236.2 4.343693480810323 80.79397847373325
      vertex 236.2 4.421061660813824 80.7131832543946
      vertex 236.2 11.456416815169046 87.45012423216727
    endloop
  endfacet
  facet normal 1 0 0
    outer loop
      vertex 236.2 4.343693480810323 80.79397847373325
      vertex 236.2 11.459306017981925 87.60777260805621
      vertex 236.2 4.274820114566179 80.86590259980207
    endloop
  endfacet
  facet normal 1 0 0
    outer loop
      vertex 236.2 4.215202577818676 80.92816090751626
      vertex 236.2 4.274820114566179 80.86590259980207
      vertex 236.2 11.478727810459834 87.76424673336214
    endloop
  endfacet
  facet normal 1 0 0
    outer loop
      vertex 236.2 4.126260415892547 81.02104278067071
      vertex 236.2 4.1654996140873655 80.98006547417752
      vertex 236.2 11.566130455124357 88.06678847258736
    endloop
  endfacet
  facet normal 1 0 0
    outer loop
      vertex 236.2 4.126260415892547 81.02104278067071
      vertex 236.2 11.633145552452495 88.20951315385663
      vertex 236.2 4.09791855645669 81.0506400485589
    endloop
  endfacet
  facet normal 1 0 0
    outer loop
      vertex 236.2 4.215202577818676 80.92816090751626
      vertex 236.2 11.514467591654276 87.91781764842578
      vertex 236.2 4.1654996140873655 80.98006547417752
    endloop
  endfacet
  facet normal 1 0 0
    outer loop
      vertex 236.2 4.09791855645669 81.0506400485589
      vertex 236.2 11.714772400829682 88.34441465695173
      vertex 236.2 4.080787198940399 81.06853024305533
    endloop
  endfacet
  facet normal 1 0 0
    outer loop
      vertex 236.2 4.080787198940399 81.06853024305533
      vertex 236.2 11.810109065014654 88.47000238873869
      vertex 236.2 4.075055636148454 81.07451568659178
    endloop
  endfacet
  facet normal 1 0 0
    outer loop
      vertex 236.2 4.061223174122278 81.08896086034859
      vertex 236.2 4.075055636148454 81.07451568659178
      vertex 236.2 11.904269661075721 88.59933384245129
    endloop
  endfacet
  facet normal -0.8682431421244594 0.3431411295356222 -0.3583406359525293
    outer loop
      vertex 231.6285714285714 8.210961520534395 76.75540900632771
      vertex 228.6433094814084 4.597778528229454 80.52863867724363
      vertex 228.6433094814084 11.283503253310718 86.9307792768728
    endloop
  endfacet
  facet normal -0.8682431421244591 0.3431411295356231 -0.3583406359525295
    outer loop
      vertex 231.6285714285714 8.210961520534395 76.75540900632771
      vertex 228.6433094814084 11.283503253310718 86.9307792768728
      vertex 231.6285714285714 12.740555005092274 81.09287361035406
    endloop
  endfacet
  facet normal -0.8346385675787161 0.4526504788172226 -0.3138248007036537
    outer loop
      vertex 231.6285714285714 12.740555005092274 81.09287361035406
      vertex 228.6535317335217 11.339583540936898 86.98448084267368
      vertex 231.6387936806847 12.796635292718456 81.14657517615493
    endloop
  endfacet
  facet normal -0.7403074272541328 0.6352468159282395 -0.2200145358957006
    outer loop
      vertex 231.6387936806847 12.796635292718456 81.14657517615493
      vertex 228.68350186027308 11.391842049638413 87.03452273551125
      vertex 231.66876380743608 12.848893801419969 81.1966170689925
    endloop
  endfacet
  facet normal -0.6191397381338424 0.7755836328206032 -0.12302850549507974
    outer loop
      vertex 231.66876380743608 12.848893801419969 81.1966170689925
      vertex 228.73117744705246 11.436717448408519 87.07749468308678
      vertex 231.71643939421546 12.893769200190075 81.23958901656803
    endloop
  endfacet
  facet normal -0.47508263040041954 0.8796301238491864 -0.023395288176973138
    outer loop
      vertex 231.71643939421546 12.893769200190075 81.23958901656803
      vertex 228.79330948140841 11.47115155298114 87.1104682181875
      vertex 231.7785714285714 12.928203304762697 81.27256255166876
    endloop
  endfacet
  facet normal -0.3066453766941652 0.9484629797327156 0.07991613747317765
    outer loop
      vertex 231.7785714285714 12.928203304762697 81.27256255166876
      vertex 228.86566376787766 11.4927977360347 87.13119624888765
      vertex 231.85092571504066 12.949849487816257 81.2932905823689
    endloop
  endfacet
  facet normal -0.10988225200451562 0.9761119912184945 0.18743337828114257
    outer loop
      vertex 231.85092571504066 12.949849487816257 81.2932905823689
      vertex 228.94330948140842 11.500180845966106 87.1382661941497
      vertex 231.92857142857142 12.957232597747662 81.30036052763094
    endloop
  endfacet
  facet normal -0.5368754921931566 0.5834957377158915 -0.6093418005928557
    outer loop
      vertex 231.6285714285714 8.210961520534395 76.75540900632771
      vertex 231.6285714285714 12.740555005092274 81.09287361035406
      vertex 233.2 8.902584578124019 76.03315036414308
    endloop
  endfacet
  facet normal 0 0.6916230575896224 -0.7222586421846275
    outer loop
      vertex 233.2 8.902584578124019 76.03315036414308
      vertex 233.2 13.019458838576394 79.97540179240393
      vertex 235.2 8.902584578124019 76.03315036414308
    endloop
  endfacet
  facet normal 1 0 0
    outer loop
      vertex 236.2 8.210961520534395 76.75540900632771
      vertex 236.2 12.957232597747662 81.30036052763094
      vertex 236.2 4.597778528229454 80.52863867724363
    endloop
  endfacet
  facet normal 0.7071067811865477 0.4890513540465955 -0.5107139836593384
    outer loop
      vertex 235.2 8.902584578124019 76.03315036414308
      vertex 235.2 13.236136431231783 80.18288870968081
      vertex 236.2 8.210961520534395 76.75540900632771
    endloop
  endfacet
  facet normal 1 0 0
    outer loop
      vertex 236.2 4.597778528229454 80.52863867724363
      vertex 236.2 12.957232597747662 81.30036052763094
      vertex 236.2 11.500180845966106 87.1382661941497
    endloop
  endfacet
  facet normal -0.536875492193158 0.5834957377158905 -0.6093418005928554
    outer loop
      vertex 233.2 8.902584578124019 76.03315036414308
      vertex 231.6285714285714 12.740555005092274 81.09287361035406
      vertex 233.2 13.019458838576394 79.97540179240393
    endloop
  endfacet
  facet normal -0.5178625138066028 0.6390186183265203 -0.568747415137837
    outer loop
      vertex 233.2 13.019458838576394 79.97540179240393
      vertex 231.6387936806847 12.796635292718456 81.14657517615493
      vertex 233.21022225211325 13.075539126202576 80.0291033582048
    endloop
  endfacet
  facet normal -1.9959315493862767e-15 0.691623057589622 -0.7222586421846281
    outer loop
      vertex 235.2 8.902584578124019 76.03315036414308
      vertex 233.2 13.019458838576394 79.97540179240393
      vertex 235.2 13.236136431231783 80.18288870968081
    endloop
  endfacet
  facet normal 0.707106781186549 0.48905135404659494 -0.5107139836593372
    outer loop
      vertex 236.2 8.210961520534395 76.75540900632771
      vertex 235.2 13.236136431231783 80.18288870968081
      vertex 236.2 12.957232597747662 81.30036052763094
    endloop
  endfacet
  facet normal -0.5178625138065418 0.6390186183266666 -0.568747415137728
    outer loop
      vertex 233.2 13.019458838576394 79.97540179240393
      vertex 231.6285714285714 12.740555005092274 81.09287361035406
      vertex 231.6387936806847 12.796635292718456 81.14657517615493
    endloop
  endfacet
  facet normal -0.4745320722328204 0.7353862510565391 -0.48376272508269397
    outer loop
      vertex 231.6387936806847 12.796635292718456 81.14657517615493
      vertex 231.66876380743608 12.848893801419969 81.1966170689925
      vertex 233.21022225211325 13.075539126202576 80.0291033582048
    endloop
  endfacet
  facet normal -0.42150615809087694 0.8195354843492199 -0.38819344222173335
    outer loop
      vertex 231.66876380743608 12.848893801419969 81.1966170689925
      vertex 231.71643939421546 12.893769200190075 81.23958901656803
      vertex 233.24019237886466 13.12779763490409 80.07914525104238
    endloop
  endfacet
  facet normal -0.3521727421686102 0.8956294686126005 -0.27170243765220853
    outer loop
      vertex 231.71643939421546 12.893769200190075 81.23958901656803
      vertex 231.7785714285714 12.928203304762697 81.27256255166876
      vertex 233.287867965644 13.172673033674196 80.1221171986179
    endloop
  endfacet
  facet normal -0.4745320722327203 0.7353862510567128 -0.48376272508252816
    outer loop
      vertex 231.66876380743608 12.848893801419969 81.1966170689925
      vertex 233.24019237886466 13.12779763490409 80.07914525104238
      vertex 233.21022225211325 13.075539126202576 80.0291033582048
    endloop
  endfacet
  facet normal 0 0.970237242452549 0.24215634073481004
    outer loop
      vertex 231.92857142857142 12.957232597747662 81.30036052763094
      vertex 236.2 11.500180845966106 87.1382661941497
      vertex 236.2 12.957232597747662 81.30036052763094
    endloop
  endfacet
  facet normal -0.05255828290075892 0.6906671365151058 -0.7212603783908748
    outer loop
      vertex 227.4984016879393 4.080787198940399 81.06853024305533
      vertex 227.34094476822173 11.072710080857233 87.7753550816958
      vertex 227.4984016879393 11.075021390199778 87.76609445942111
    endloop
  endfacet
  facet normal -1 0 0
    outer loop
      vertex 227.34094476822173 4.061223174122271 81.08896086034859
      vertex 227.34094476822173 11.067132003777813 87.79770451969648
      vertex 227.34094476822173 11.072710080857233 87.7753550816958
    endloop
  endfacet
  facet normal -0.15709410635457172 0.6830356152351661 -0.7132908173171562
    outer loop
      vertex 227.65411878861818 4.09791855645669 81.0506400485589
      vertex 227.4984016879393 11.075021390199778 87.76609445942111
      vertex 227.65411878861818 11.081929779432393 87.73841491777252
    endloop
  endfacet
  facet normal -0.2598941196732166 0.6678568971117093 -0.6974397547742768
    outer loop
      vertex 227.80637547533698 4.126260415892547 81.02104278067071
      vertex 227.65411878861818 11.081929779432393 87.73841491777252
      vertex 227.80637547533698 11.093358914360712 87.69262230163525
    endloop
  endfacet
  facet normal -0.45577489484527034 0.6156102783618747 -0.6428788613759188
    outer loop
      vertex 228.09383499551157 4.215202577818676 80.92816090751626
      vertex 227.953489388992 11.10918250884514 87.6292225961736
      vertex 228.09383499551157 11.129225720198585 87.54891633595159
    endloop
  endfacet
  facet normal -0.5466912735609822 0.5791196763526102 -0.6047719006977087
    outer loop
      vertex 228.2258615471822 4.274820114566179 80.86590259980207
      vertex 228.09383499551157 11.129225720198585 87.54891633595159
      vertex 228.2258615471822 11.15326708110941 87.45259086438169
    endloop
  endfacet
  facet normal -0.3598224348901442 0.6452986992753859 -0.6738823369574417
    outer loop
      vertex 227.953489388992 4.1654996140873655 80.98006547417752
      vertex 227.80637547533698 11.093358914360712 87.69262230163525
      vertex 227.953489388992 11.10918250884514 87.6292225961736
    endloop
  endfacet
  facet normal -0.6315669912011416 0.5362300958773553 -0.5599825174954121
    outer loop
      vertex 228.34811021762386 4.343693480810323 80.79397847373325
      vertex 228.2258615471822 11.15326708110941 87.45259086438169
      vertex 228.34811021762386 11.181040946742797 87.3413105290305
    endloop
  endfacet
  facet normal -0.779522217688544 0.43321510092400484 -0.4524044523005256
    outer loop
      vertex 228.55799373791876 4.506069775459273 80.62440968794863
      vertex 228.45923022108082 11.212240429981353 87.21630492111841
      vertex 228.55799373791876 11.246520792371962 87.07895528916076
    endloop
  endfacet
  facet normal -0.8409668963843234 0.37422794985030816 -0.39080445332231556
    outer loop
      vertex 228.6433094814084 4.597778528229454 80.52863867724363
      vertex 228.55799373791876 11.246520792371962 87.07895528916076
      vertex 228.6433094814084 11.283503253310718 86.9307792768728
    endloop
  endfacet
  facet normal -0.7094642141682441 0.4874154450298454 -0.5090056117185681
    outer loop
      vertex 228.45923022108082 4.421061660813824 80.7131832543946
      vertex 228.34811021762386 11.181040946742797 87.3413105290305
      vertex 228.45923022108082 11.212240429981353 87.21630492111841
    endloop
  endfacet
  facet normal -0.8074563244205928 0.4781071615951446 -0.345583312942944
    outer loop
      vertex 228.6433094814084 11.283503253310718 86.9307792768728
      vertex 228.56854121775805 11.30438531151747 87.13436540586953
      vertex 228.6535317335217 11.339583540936898 86.98448084267368
    endloop
  endfacet
  facet normal -0.8074563244207643 0.4781071615948324 -0.345583312942975
    outer loop
      vertex 228.6433094814084 11.283503253310718 86.9307792768728
      vertex 228.55799373791876 11.246520792371962 87.07895528916076
      vertex 228.56854121775805 11.30438531151747 87.13436540586953
    endloop
  endfacet
  facet normal -0.6805428350917374 0.5676659768010005 -0.4632675127697453
    outer loop
      vertex 228.45923022108082 11.212240429981353 87.21630492111841
      vertex 228.34811021762386 11.181040946742797 87.3413105290305
      vertex 228.361237997371 11.253061246766293 87.41027598987996
    endloop
  endfacet
  facet normal -0.7475263482034064 0.5254081241569047 -0.4063873297872393
    outer loop
      vertex 228.55799373791876 11.246520792371962 87.07895528916076
      vertex 228.45923022108082 11.212240429981353 87.21630492111841
      vertex 228.47074979049685 11.275437928832217 87.2768218119306
    endloop
  endfacet
  facet normal -0.6805428350917836 0.5676659768009371 -0.46326751276975525
    outer loop
      vertex 228.45923022108082 11.212240429981353 87.21630492111841
      vertex 228.361237997371 11.253061246766293 87.41027598987996
      vertex 228.47074979049685 11.275437928832217 87.2768218119306
    endloop
  endfacet
  facet normal -0.6017742566627143 0.7048169387081886 -0.3756339001315712
    outer loop
      vertex 228.47074979049685 11.275437928832217 87.2768218119306
      vertex 228.3997267001174 11.32017348236236 87.47454156854334
      vertex 228.50452345912632 11.3343286225752 87.33321457664285
    endloop
  endfacet
  facet normal -0.7475263482033436 0.525408124157004 -0.4063873297872262
    outer loop
      vertex 228.55799373791876 11.246520792371962 87.07895528916076
      vertex 228.47074979049685 11.275437928832217 87.2768218119306
      vertex 228.56854121775805 11.30438531151747 87.13436540586953
    endloop
  endfacet
  facet normal -0.6609262117458514 0.6809895344674145 -0.3153249063634719
    outer loop
      vertex 228.56854121775805 11.30438531151747 87.13436540586953
      vertex 228.47074979049685 11.275437928832217 87.2768218119306
      vertex 228.50452345912632 11.3343286225752 87.33321457664285
    endloop
  endfacet
  facet normal -0.7151164536432805 0.6518358290863591 -0.2524252555667849
    outer loop
      vertex 228.56854121775805 11.30438531151747 87.13436540586953
      vertex 228.59946486395543 11.35830645930885 87.18599941469415
      vertex 228.6535317335217 11.339583540936898 86.98448084267368
    endloop
  endfacet
  facet normal -0.715116453643415 0.6518358290862032 -0.25242525556680656
    outer loop
      vertex 228.6535317335217 11.339583540936898 86.98448084267368
      vertex 228.59946486395543 11.35830645930885 87.18599941469415
      vertex 228.68350186027308 11.391842049638413 87.03452273551125
    endloop
  endfacet
  facet normal -0.597777318177467 0.7860138420994113 -0.15762143858205677
    outer loop
      vertex 228.68350186027308 11.391842049638413 87.03452273551125
      vertex 228.59946486395543 11.35830645930885 87.18599941469415
      vertex 228.64865728112628 11.40460959863303 87.23033854326245
    endloop
  endfacet
  facet normal -0.5977773181773786 0.7860138420994809 -0.15762143858204555
    outer loop
      vertex 228.68350186027308 11.391842049638413 87.03452273551125
      vertex 228.64865728112628 11.40460959863303 87.23033854326245
      vertex 228.73117744705246 11.436717448408519 87.07749468308678
    endloop
  endfacet
  facet normal -0.660926211745883 0.6809895344673812 -0.315324906363477
    outer loop
      vertex 228.56854121775805 11.30438531151747 87.13436540586953
      vertex 228.50452345912632 11.3343286225752 87.33321457664285
      vertex 228.59946486395543 11.35830645930885 87.18599941469415
    endloop
  endfacet
  facet normal -0.5522673552744868 0.8026065790363689 -0.22544056331028955
    outer loop
      vertex 228.59946486395543 11.35830645930885 87.18599941469415
      vertex 228.5582496072657 11.38489920775319 87.38164014153342
      vertex 228.64865728112628 11.40460959863303 87.23033854326245
    endloop
  endfacet
  facet normal -0.552267355274453 0.8026065790363932 -0.22544056331028578
    outer loop
      vertex 228.59946486395543 11.35830645930885 87.18599941469415
      vertex 228.50452345912632 11.3343286225752 87.33321457664285
      vertex 228.5582496072657 11.38489920775319 87.38164014153342
    endloop
  endfacet
  facet normal -0.4237696462818844 0.8954151598572038 -0.1365685849235635
    outer loop
      vertex 228.64865728112628 11.40460959863303 87.23033854326245
      vertex 228.5582496072657 11.38489920775319 87.38164014153342
      vertex 228.62826688670597 11.42370338255815 87.4187983843821
    endloop
  endfacet
  facet normal -0.45869066903927797 0.886470376451971 -0.061425905035256106
    outer loop
      vertex 228.64865728112628 11.40460959863303 87.23033854326245
      vertex 228.7127660873347 11.440139247064623 87.26436115323636
      vertex 228.73117744705246 11.436717448408519 87.07749468308678
    endloop
  endfacet
  facet normal -0.42376964628192765 0.895415159857183 -0.13656858492356608
    outer loop
      vertex 228.64865728112628 11.40460959863303 87.23033854326245
      vertex 228.62826688670597 11.42370338255815 87.4187983843821
      vertex 228.7127660873347 11.440139247064623 87.26436115323636
    endloop
  endfacet
  facet normal -0.45869066903928546 0.886470376451967 -0.06142590503525678
    outer loop
      vertex 228.7127660873347 11.440139247064623 87.26436115323636
      vertex 228.79330948140841 11.47115155298114 87.1104682181875
      vertex 228.73117744705246 11.436717448408519 87.07749468308678
    endloop
  endfacet
  facet normal -0.2962109337751888 0.9543939610698988 0.037299460925585566
    outer loop
      vertex 228.7127660873347 11.440139247064623 87.26436115323636
      vertex 228.78742237338244 11.462474117778537 87.28574865997122
      vertex 228.79330948140841 11.47115155298114 87.1104682181875
    endloop
  endfacet
  facet normal -0.29621093377519364 0.9543939610698973 0.03729946092558532
    outer loop
      vertex 228.79330948140841 11.47115155298114 87.1104682181875
      vertex 228.78742237338244 11.462474117778537 87.28574865997122
      vertex 228.86566376787766 11.4927977360347 87.13119624888765
    endloop
  endfacet
  facet normal -0.10630364180274593 0.9845207461067012 0.13935004924641436
    outer loop
      vertex 228.86753843675066 11.470092126245737 87.29304354022753
      vertex 228.94330948140842 11.500180845966106 87.1382661941497
      vertex 228.86566376787766 11.4927977360347 87.13119624888765
    endloop
  endfacet
  facet normal -0.10630364180269768 0.9845207461067064 0.13935004924641453
    outer loop
      vertex 228.78742237338244 11.462474117778537 87.28574865997122
      vertex 228.86753843675066 11.470092126245737 87.29304354022753
      vertex 228.86566376787766 11.4927977360347 87.13119624888765
    endloop
  endfacet
  facet normal -0.2737646006330045 0.960620354015751 -0.04755500910424383
    outer loop
      vertex 228.7127660873347 11.440139247064623 87.26436115323636
      vertex 228.7098037355623 11.448096706604053 87.44215703234562
      vertex 228.78742237338244 11.462474117778537 87.28574865997122
    endloop
  endfacet
  facet normal -0.09841371075334159 0.9942353363065586 0.04255393724606401
    outer loop
      vertex 228.78742237338244 11.462474117778537 87.28574865997122
      vertex 228.79730355233113 11.456416815169046 87.45012423216727
      vertex 228.86753843675066 11.470092126245737 87.29304354022753
    endloop
  endfacet
  facet normal 0 0.9816235585550843 0.19082764288659237
    outer loop
      vertex 228.86753843675066 11.470092126245737 87.29304354022753
      vertex 236.2 11.470092126245737 87.29304354022753
      vertex 228.94330948140842 11.500180845966106 87.1382661941497
    endloop
  endfacet
  facet normal -0.8346385675786925 0.45265047881728504 -0.3138248007036266
    outer loop
      vertex 231.6285714285714 12.740555005092274 81.09287361035406
      vertex 228.6433094814084 11.283503253310718 86.9307792768728
      vertex 228.6535317335217 11.339583540936898 86.98448084267368
    endloop
  endfacet
  facet normal -0.7403074272541385 0.6352468159282305 -0.22001453589570663
    outer loop
      vertex 231.6387936806847 12.796635292718456 81.14657517615493
      vertex 228.6535317335217 11.339583540936898 86.98448084267368
      vertex 228.68350186027308 11.391842049638413 87.03452273551125
    endloop
  endfacet
  facet normal -0.6191397381338427 0.7755836328206029 -0.12302850549508021
    outer loop
      vertex 231.66876380743608 12.848893801419969 81.1966170689925
      vertex 228.68350186027308 11.391842049638413 87.03452273551125
      vertex 228.73117744705246 11.436717448408519 87.07749468308678
    endloop
  endfacet
  facet normal -0.4750826304004196 0.8796301238491862 -0.023395288176972444
    outer loop
      vertex 231.71643939421546 12.893769200190075 81.23958901656803
      vertex 228.73117744705246 11.436717448408519 87.07749468308678
      vertex 228.79330948140841 11.47115155298114 87.1104682181875
    endloop
  endfacet
  facet normal -0.30664537669414493 0.9484629797327212 0.07991613747318849
    outer loop
      vertex 231.7785714285714 12.928203304762697 81.27256255166876
      vertex 228.79330948140841 11.47115155298114 87.1104682181875
      vertex 228.86566376787766 11.4927977360347 87.13119624888765
    endloop
  endfacet
  facet normal -0.10988225200453842 0.976111991218494 0.18743337828113193
    outer loop
      vertex 231.85092571504066 12.949849487816257 81.2932905823689
      vertex 228.86566376787766 11.4927977360347 87.13119624888765
      vertex 228.94330948140842 11.500180845966106 87.1382661941497
    endloop
  endfacet
  facet normal -0.25493137328230986 0.6926089769791564 -0.6747612910683911
    outer loop
      vertex 227.65411878861818 11.081929779432393 87.73841491777252
      vertex 227.68397456071108 11.245721502402615 87.89525919159925
      vertex 227.80637547533698 11.093358914360712 87.69262230163525
    endloop
  endfacet
  facet normal -0.2549313732823218 0.6926089769791498 -0.6747612910683932
    outer loop
      vertex 227.68397456071108 11.245721502402615 87.89525919159925
      vertex 227.83184112240428 11.233065976590728 87.82640349842941
      vertex 227.80637547533698 11.093358914360712 87.69262230163525
    endloop
  endfacet
  facet normal -0.052350328500606766 0.6956360860397616 -0.7164843884587857
    outer loop
      vertex 227.34094476822173 11.072710080857233 87.7753550816958
      vertex 227.38082803665804 11.291513642009315 87.98487779161835
      vertex 227.4984016879393 11.075021390199778 87.76609445942111
    endloop
  endfacet
  facet normal -0.1552490439229485 0.6978533180391554 -0.6992127579376337
    outer loop
      vertex 227.4984016879393 11.075021390199778 87.76609445942111
      vertex 227.53308110007987 11.265276080261996 87.94827923752717
      vertex 227.65411878861818 11.081929779432393 87.73841491777252
    endloop
  endfacet
  facet normal -0.9886985461337501 0.14545530902613724 0.03630341511648669
    outer loop
      vertex 227.34094476822173 11.072710080857233 87.7753550816958
      vertex 227.34094476822173 11.067132003777813 87.79770451969648
      vertex 227.38082803665804 11.291513642009315 87.98487779161835
    endloop
  endfacet
  facet normal -0.052350328500611165 0.6956360860397601 -0.7164843884587866
    outer loop
      vertex 227.4984016879393 11.075021390199778 87.76609445942111
      vertex 227.38082803665804 11.291513642009315 87.98487779161835
      vertex 227.53308110007987 11.265276080261996 87.94827923752717
    endloop
  endfacet
  facet normal -0.9886985461337708 0.14545530902593434 0.03630341511673436
    outer loop
      vertex 227.34094476822173 11.067132003777813 87.79770451969648
      vertex 227.3804386175012 11.28379917286095 88.00518145553993
      vertex 227.38082803665804 11.291513642009315 87.98487779161835
    endloop
  endfacet
  facet normal -0.15524904392293717 0.6978533180391602 -0.6992127579376313
    outer loop
      vertex 227.65411878861818 11.081929779432393 87.73841491777252
      vertex 227.53308110007987 11.265276080261996 87.94827923752717
      vertex 227.68397456071108 11.245721502402615 87.89525919159925
    endloop
  endfacet
  facet normal -0.23148538276147995 0.7388147123712331 -0.6329038934558573
    outer loop
      vertex 227.68397456071108 11.245721502402615 87.89525919159925
      vertex 227.77150725546056 11.398351090131037 88.04141478736213
      vertex 227.83184112240428 11.233065976590728 87.82640349842941
    endloop
  endfacet
  facet normal -0.14234645668586515 0.7259502204037107 -0.6728549351567414
    outer loop
      vertex 227.53308110007987 11.265276080261996 87.94827923752717
      vertex 227.6347559918746 11.442565227607217 88.1180484240799
      vertex 227.68397456071108 11.245721502402615 87.89525919159925
    endloop
  endfacet
  facet normal -0.14234645668582363 0.72595022040372 -0.6728549351567404
    outer loop
      vertex 227.68397456071108 11.245721502402615 87.89525919159925
      vertex 227.6347559918746 11.442565227607217 88.1180484240799
      vertex 227.77150725546056 11.398351090131037 88.04141478736213
    endloop
  endfacet
  facet normal -0.04851291652097455 0.7051824696498726 -0.7073642494706213
    outer loop
      vertex 227.53308110007987 11.265276080261996 87.94827923752717
      vertex 227.38082803665804 11.291513642009315 87.98487779161835
      vertex 227.4977598631332 11.495406102058865 88.18012187511232
    endloop
  endfacet
  facet normal -0.9092561285056007 0.3945891360350178 0.13248662762009156
    outer loop
      vertex 227.38082803665804 11.291513642009315 87.98487779161835
      vertex 227.3804386175012 11.28379917286095 88.00518145553993
      vertex 227.4977598631332 11.495406102058865 88.18012187511232
    endloop
  endfacet
  facet normal -0.04851291652095287 0.7051824696498751 -0.7073642494706204
    outer loop
      vertex 227.53308110007987 11.265276080261996 87.94827923752717
      vertex 227.4977598631332 11.495406102058865 88.18012187511232
      vertex 227.6347559918746 11.442565227607217 88.1180484240799
    endloop
  endfacet
  facet normal -0.9092561285056366 0.394589136034865 0.13248662762030033
    outer loop
      vertex 227.3804386175012 11.28379917286095 88.00518145553993
      vertex 227.49622872477735 11.48570083242929 88.19851918107629
      vertex 227.4977598631332 11.495406102058865 88.18012187511232
    endloop
  endfacet
  facet normal -0.12122790391140499 0.7506864867525999 -0.6494409857102382
    outer loop
      vertex 227.77150725546056 11.398351090131037 88.04141478736213
      vertex 227.6347559918746 11.442565227607217 88.1180484240799
      vertex 227.79649738747347 11.594806869828028 88.26383252957255
    endloop
  endfacet
  facet normal -0.7723713549101888 0.5860645260907966 0.24488948808017275
    outer loop
      vertex 227.49622872477735 11.48570083242929 88.19851918107629
      vertex 227.683771536912 11.670492526801727 88.34778177054372
      vertex 227.4977598631332 11.495406102058865 88.18012187511232
    endloop
  endfacet
  facet normal -0.041540050197953475 0.7136961882803073 -0.6992225504542254
    outer loop
      vertex 227.6347559918746 11.442565227607217 88.1180484240799
      vertex 227.4977598631332 11.495406102058865 88.18012187511232
      vertex 227.683771536912 11.670492526801727 88.34778177054372
    endloop
  endfacet
  facet normal -0.04154005019798703 0.7136961882803099 -0.6992225504542208
    outer loop
      vertex 227.6347559918746 11.442565227607217 88.1180484240799
      vertex 227.683771536912 11.670492526801727 88.34778177054372
      vertex 227.79649738747347 11.594806869828028 88.26383252957255
    endloop
  endfacet
  facet normal -0.7723713549100634 0.5860645260912759 0.24488948807942212
    outer loop
      vertex 227.49622872477735 11.48570083242929 88.19851918107629
      vertex 227.68042418559105 11.659077718041877 88.36454204981638
      vertex 227.683771536912 11.670492526801727 88.34778177054372
    endloop
  endfacet
  facet normal -0.5926613853643675 0.7158616046823444 0.3691810466960725
    outer loop
      vertex 227.68042418559105 11.659077718041877 88.36454204981638
      vertex 227.92047238368505 11.79211448146356 88.49193587762178
      vertex 227.683771536912 11.670492526801727 88.34778177054372
    endloop
  endfacet
  facet normal -0.35056869210414254 0.6802781626240397 -0.6436794338591623
    outer loop
      vertex 227.953489388992 11.10918250884514 87.6292225961736
      vertex 227.80637547533698 11.093358914360712 87.69262230163525
      vertex 227.83184112240428 11.233065976590728 87.82640349842941
    endloop
  endfacet
  facet normal -0.5270928566300231 0.6359035523706968 -0.5637373436024353
    outer loop
      vertex 228.09383499551157 11.129225720198585 87.54891633595159
      vertex 228.11200964608966 11.228933653502256 87.64439502138323
      vertex 228.2258615471822 11.15326708110941 87.45259086438169
    endloop
  endfacet
  facet normal -0.5270928566301042 0.6359035523706156 -0.5637373436024514
    outer loop
      vertex 228.2258615471822 11.15326708110941 87.45259086438169
      vertex 228.11200964608966 11.228933653502256 87.64439502138323
      vertex 228.24121588810698 11.237502516298257 87.53325333879181
    endloop
  endfacet
  facet normal -0.4414783860063313 0.6612495343852629 -0.6065029991389305
    outer loop
      vertex 228.09383499551157 11.129225720198585 87.54891633595159
      vertex 227.953489388992 11.10918250884514 87.6292225961736
      vertex 227.97504693470898 11.227449339962686 87.74247297847646
    endloop
  endfacet
  facet normal -0.3505686921041686 0.6802781626240219 -0.643679433859167
    outer loop
      vertex 227.953489388992 11.10918250884514 87.6292225961736
      vertex 227.83184112240428 11.233065976590728 87.82640349842941
      vertex 227.97504693470898 11.227449339962686 87.74247297847646
    endloop
  endfacet
  facet normal -0.44147838600625655 0.6612495343853257 -0.6065029991389165
    outer loop
      vertex 228.09383499551157 11.129225720198585 87.54891633595159
      vertex 227.97504693470898 11.227449339962686 87.74247297847646
      vertex 228.11200964608966 11.228933653502256 87.64439502138323
    endloop
  endfacet
  facet normal -0.4687114064520267 0.7362317074732676 -0.4881316322189745
    outer loop
      vertex 228.24121588810698 11.237502516298257 87.53325333879181
      vertex 228.11200964608966 11.228933653502256 87.64439502138323
      vertex 228.16529502542204 11.32184665592643 87.73336699218869
    endloop
  endfacet
  facet normal -0.4687114064520062 0.7362317074732816 -0.4881316322189726
    outer loop
      vertex 228.24121588810698 11.237502516298257 87.53325333879181
      vertex 228.16529502542204 11.32184665592643 87.73336699218869
      vertex 228.28623253792156 11.315997445784621 87.60841879887191
    endloop
  endfacet
  facet normal -0.39470967212478414 0.7434109389849952 -0.5399485628544568
    outer loop
      vertex 227.97504693470898 11.227449339962686 87.74247297847646
      vertex 228.03825046074482 11.33765648198475 87.84800553438049
      vertex 228.11200964608966 11.228933653502256 87.64439502138323
    endloop
  endfacet
  facet normal -0.3947096721248313 0.7434109389849681 -0.5399485628544595
    outer loop
      vertex 228.11200964608966 11.228933653502256 87.64439502138323
      vertex 228.03825046074482 11.33765648198475 87.84800553438049
      vertex 228.16529502542204 11.32184665592643 87.73336699218869
    endloop
  endfacet
  facet normal -0.606926381482121 0.6045988272602559 -0.5158494213785084
    outer loop
      vertex 228.34811021762386 11.181040946742797 87.3413105290305
      vertex 228.2258615471822 11.15326708110941 87.45259086438169
      vertex 228.24121588810698 11.237502516298257 87.53325333879181
    endloop
  endfacet
  facet normal -0.6069263814821556 0.6045988272602153 -0.5158494213785156
    outer loop
      vertex 228.34811021762386 11.181040946742797 87.3413105290305
      vertex 228.24121588810698 11.237502516298257 87.53325333879181
      vertex 228.361237997371 11.253061246766293 87.41027598987996
    endloop
  endfacet
  facet normal -0.6017742566628398 0.7048169387080717 -0.37563390013158976
    outer loop
      vertex 228.47074979049685 11.275437928832217 87.2768218119306
      vertex 228.361237997371 11.253061246766293 87.41027598987996
      vertex 228.3997267001174 11.32017348236236 87.47454156854334
    endloop
  endfacet
  facet normal -0.5377109188268213 0.7232797447469034 -0.43328210049951293
    outer loop
      vertex 228.24121588810698 11.237502516298257 87.53325333879181
      vertex 228.28623253792156 11.315997445784621 87.60841879887191
      vertex 228.361237997371 11.253061246766293 87.41027598987996
    endloop
  endfacet
  facet normal -0.5377109188269059 0.7232797447468343 -0.43328210049952304
    outer loop
      vertex 228.361237997371 11.253061246766293 87.41027598987996
      vertex 228.28623253792156 11.315997445784621 87.60841879887191
      vertex 228.3997267001174 11.32017348236236 87.47454156854334
    endloop
  endfacet
  facet normal -0.3156394615083933 0.7444369307412576 -0.5883752089332347
    outer loop
      vertex 227.97504693470898 11.227449339962686 87.74247297847646
      vertex 227.83184112240428 11.233065976590728 87.82640349842941
      vertex 227.90650262184252 11.363252233406604 87.95106772774594
    endloop
  endfacet
  facet normal -0.3156394615083451 0.7444369307412793 -0.588375208933233
    outer loop
      vertex 227.97504693470898 11.227449339962686 87.74247297847646
      vertex 227.90650262184252 11.363252233406604 87.95106772774594
      vertex 228.03825046074482 11.33765648198475 87.84800553438049
    endloop
  endfacet
  facet normal -0.39307065157593135 0.818610259544731 -0.41877524501548674
    outer loop
      vertex 228.16529502542204 11.32184665592643 87.73336699218869
      vertex 228.25005982296548 11.4016328599019 87.80976895559071
      vertex 228.28623253792156 11.315997445784621 87.60841879887191
    endloop
  endfacet
  facet normal -0.5030488267453103 0.8136040314062898 -0.29153105836188353
    outer loop
      vertex 228.50452345912632 11.3343286225752 87.33321457664285
      vertex 228.3997267001174 11.32017348236236 87.47454156854334
      vertex 228.4609533843765 11.377804065583343 87.52972767203863
    endloop
  endfacet
  facet normal -0.45003807403290336 0.8189930691725218 -0.3559720277888812
    outer loop
      vertex 228.3997267001174 11.32017348236236 87.47454156854334
      vertex 228.28623253792156 11.315997445784621 87.60841879887191
      vertex 228.35784368633458 11.383402569843014 87.67296484273434
    endloop
  endfacet
  facet normal -0.4500380740328167 0.8189930691725704 -0.35597202778887843
    outer loop
      vertex 228.3997267001174 11.32017348236236 87.47454156854334
      vertex 228.35784368633458 11.383402569843014 87.67296484273434
      vertex 228.4609533843765 11.377804065583343 87.52972767203863
    endloop
  endfacet
  facet normal -0.5030488267453173 0.8136040314062852 -0.2915310583618841
    outer loop
      vertex 228.50452345912632 11.3343286225752 87.33321457664285
      vertex 228.4609533843765 11.377804065583343 87.52972767203863
      vertex 228.5582496072657 11.38489920775319 87.38164014153342
    endloop
  endfacet
  facet normal -0.38600294103281774 0.8981414338942879 -0.21057942500711596
    outer loop
      vertex 228.4609533843765 11.377804065583343 87.52972767203863
      vertex 228.54074555279786 11.422025567421768 87.57207345861198
      vertex 228.5582496072657 11.38489920775319 87.38164014153342
    endloop
  endfacet
  facet normal -0.27376460063301705 0.9606203540157474 -0.04755500910424387
    outer loop
      vertex 228.7127660873347 11.440139247064623 87.26436115323636
      vertex 228.62826688670597 11.42370338255815 87.4187983843821
      vertex 228.7098037355623 11.448096706604053 87.44215703234562
    endloop
  endfacet
  facet normal -0.3860029410328646 0.8981414338942677 -0.21057942500711632
    outer loop
      vertex 228.5582496072657 11.38489920775319 87.38164014153342
      vertex 228.54074555279786 11.422025567421768 87.57207345861198
      vertex 228.62826688670597 11.42370338255815 87.4187983843821
    endloop
  endfacet
  facet normal -0.2492630585966889 0.9594211979781939 -0.13182902749057607
    outer loop
      vertex 228.62826688670597 11.42370338255815 87.4187983843821
      vertex 228.63366550096637 11.449824365606837 87.5986931328881
      vertex 228.7098037355623 11.448096706604053 87.44215703234562
    endloop
  endfacet
  facet normal -0.24926305859675382 0.9594211979781776 -0.13182902749057177
    outer loop
      vertex 228.62826688670597 11.42370338255815 87.4187983843821
      vertex 228.54074555279786 11.422025567421768 87.57207345861198
      vertex 228.63366550096637 11.449824365606837 87.5986931328881
    endloop
  endfacet
  facet normal -0.089595163955032 0.994483039358413 -0.05455447758272715
    outer loop
      vertex 228.7098037355623 11.448096706604053 87.44215703234562
      vertex 228.63366550096637 11.449824365606837 87.5986931328881
      vertex 228.73338088797186 11.459306017981925 87.60777260805621
    endloop
  endfacet
  facet normal -0.34532635982343557 0.8946220096982598 -0.2835509918419291
    outer loop
      vertex 228.4609533843765 11.377804065583343 87.52972767203863
      vertex 228.35784368633458 11.383402569843014 87.67296484273434
      vertex 228.45116915192474 11.435124340661089 87.72249276415727
    endloop
  endfacet
  facet normal -0.39307065157603394 0.8186102595446827 -0.41877524501548474
    outer loop
      vertex 228.28623253792156 11.315997445784621 87.60841879887191
      vertex 228.25005982296548 11.4016328599019 87.80976895559071
      vertex 228.35784368633458 11.383402569843014 87.67296484273434
    endloop
  endfacet
  facet normal -0.3453263598234304 0.8946220096982618 -0.28355099184192945
    outer loop
      vertex 228.4609533843765 11.377804065583343 87.52972767203863
      vertex 228.45116915192474 11.435124340661089 87.72249276415727
      vertex 228.54074555279786 11.422025567421768 87.57207345861198
    endloop
  endfacet
  facet normal -0.3016137191366627 0.8846658193866681 -0.3555215217641055
    outer loop
      vertex 228.35784368633458 11.383402569843014 87.67296484273434
      vertex 228.3605274578478 11.462854967480672 87.86839424404366
      vertex 228.45116915192474 11.435124340661089 87.72249276415727
    endloop
  endfacet
  facet normal -0.3016137191367702 0.8846658193866371 -0.35552152176409146
    outer loop
      vertex 228.35784368633458 11.383402569843014 87.67296484273434
      vertex 228.25005982296548 11.4016328599019 87.80976895559071
      vertex 228.3605274578478 11.462854967480672 87.86839424404366
    endloop
  endfacet
  facet normal -0.22272715521422057 0.9507794901639477 -0.21543206681867025
    outer loop
      vertex 228.54074555279786 11.422025567421768 87.57207345861198
      vertex 228.55984895843966 11.46763800503186 87.75362731714446
      vertex 228.63366550096637 11.449824365606837 87.5986931328881
    endloop
  endfacet
  facet normal -0.0799033739738002 0.9852457490632978 -0.15134815750548236
    outer loop
      vertex 228.63366550096637 11.449824365606837 87.5986931328881
      vertex 228.67647675666726 11.478727810459834 87.76424673336214
      vertex 228.73338088797186 11.459306017981925 87.60777260805621
    endloop
  endfacet
  facet normal -0.2227271552142014 0.9507794901639516 -0.21543206681867325
    outer loop
      vertex 228.54074555279786 11.422025567421768 87.57207345861198
      vertex 228.45116915192474 11.435124340661089 87.72249276415727
      vertex 228.55984895843966 11.46763800503186 87.75362731714446
    endloop
  endfacet
  facet normal -0.07990337397379693 0.985245749063298 -0.15134815750548325
    outer loop
      vertex 228.63366550096637 11.449824365606837 87.5986931328881
      vertex 228.55984895843966 11.46763800503186 87.75362731714446
      vertex 228.67647675666726 11.478727810459834 87.76424673336214
    endloop
  endfacet
  facet normal -0.19414662139142444 0.9345384963228616 -0.2982362960689056
    outer loop
      vertex 228.45116915192474 11.435124340661089 87.72249276415727
      vertex 228.48916974330825 11.50134079320557 87.90524764102234
      vertex 228.55984895843966 11.46763800503186 87.75362731714446
    endloop
  endfacet
  facet normal -0.2314853827614937 0.7388147123712286 -0.6329038934558578
    outer loop
      vertex 227.77150725546056 11.398351090131037 88.04141478736213
      vertex 227.90650262184252 11.363252233406604 87.95106772774594
      vertex 227.83184112240428 11.233065976590728 87.82640349842941
    endloop
  endfacet
  facet normal -0.2663704901475184 0.7990992711418754 -0.5389685675798676
    outer loop
      vertex 227.90650262184252 11.363252233406604 87.95106772774594
      vertex 228.02527191584892 11.475045706549299 88.05811932837427
      vertex 228.03825046074482 11.33765648198475 87.84800553438049
    endloop
  endfacet
  facet normal -0.33192799367931225 0.8121373094527585 -0.47985080765469296
    outer loop
      vertex 228.16529502542204 11.32184665592643 87.73336699218869
      vertex 228.03825046074482 11.33765648198475 87.84800553438049
      vertex 228.13879275124893 11.43229350030844 87.93862839460161
    endloop
  endfacet
  facet normal -0.3319279936792693 0.8121373094527742 -0.4798508076546959
    outer loop
      vertex 228.16529502542204 11.32184665592643 87.73336699218869
      vertex 228.13879275124893 11.43229350030844 87.93862839460161
      vertex 228.25005982296548 11.4016328599019 87.80976895559071
    endloop
  endfacet
  facet normal -0.2663704901475278 0.799099271141873 -0.5389685675798666
    outer loop
      vertex 228.03825046074482 11.33765648198475 87.84800553438049
      vertex 228.02527191584892 11.475045706549299 88.05811932837427
      vertex 228.13879275124893 11.43229350030844 87.93862839460161
    endloop
  endfacet
  facet normal -0.25469730761584447 0.8679178399039349 -0.4264362844197566
    outer loop
      vertex 228.25005982296548 11.4016328599019 87.80976895559071
      vertex 228.13879275124893 11.43229350030844 87.93862839460161
      vertex 228.26982201527744 11.504911038530068 88.00816576097712
    endloop
  endfacet
  facet normal -0.19618157357000815 0.7788693041821731 -0.5957141908620047
    outer loop
      vertex 227.77150725546056 11.398351090131037 88.04141478736213
      vertex 227.9107516643741 11.529417088446287 88.16692144274342
      vertex 227.90650262184252 11.363252233406604 87.95106772774594
    endloop
  endfacet
  facet normal -0.1961815735699446 0.7788693041821826 -0.5957141908620132
    outer loop
      vertex 227.90650262184252 11.363252233406604 87.95106772774594
      vertex 227.9107516643741 11.529417088446287 88.16692144274342
      vertex 228.02527191584892 11.475045706549299 88.05811932837427
    endloop
  endfacet
  facet normal -0.2043932658913746 0.8438628569794944 -0.4961036902389088
    outer loop
      vertex 228.13879275124893 11.43229350030844 87.93862839460161
      vertex 228.02527191584892 11.475045706549299 88.05811932837427
      vertex 228.1800550733125 11.560827855571592 88.14026291064275
    endloop
  endfacet
  facet normal -0.12122790391148534 0.750686486752597 -0.6494409857102267
    outer loop
      vertex 227.77150725546056 11.398351090131037 88.04141478736213
      vertex 227.79649738747347 11.594806869828028 88.26383252957255
      vertex 227.9107516643741 11.529417088446287 88.16692144274342
    endloop
  endfacet
  facet normal -0.15053541594439687 0.811837636009758 -0.5641442557578116
    outer loop
      vertex 228.02527191584892 11.475045706549299 88.05811932837427
      vertex 227.9107516643741 11.529417088446287 88.16692144274342
      vertex 228.0922185110965 11.629987566159983 88.26322608658846
    endloop
  endfacet
  facet normal -0.20439326589139764 0.8438628569794924 -0.4961036902389028
    outer loop
      vertex 228.13879275124893 11.43229350030844 87.93862839460161
      vertex 228.1800550733125 11.560827855571592 88.14026291064275
      vertex 228.26982201527744 11.504911038530068 88.00816576097712
    endloop
  endfacet
  facet normal -0.15053541594439662 0.811837636009758 -0.5641442557578117
    outer loop
      vertex 228.02527191584892 11.475045706549299 88.05811932837427
      vertex 228.0922185110965 11.629987566159983 88.26322608658846
      vertex 228.1800550733125 11.560827855571592 88.14026291064275
    endloop
  endfacet
  facet normal -0.09588438503091427 0.836753704870954 -0.539119116793289
    outer loop
      vertex 228.1800550733125 11.560827855571592 88.14026291064275
      vertex 228.0922185110965 11.629987566159983 88.26322608658846
      vertex 228.30354112991176 11.69320881141651 88.32376571657016
    endloop
  endfacet
  facet normal -0.1941466213913708 0.9345384963228682 -0.29823629606891927
    outer loop
      vertex 228.45116915192474 11.435124340661089 87.72249276415727
      vertex 228.3605274578478 11.462854967480672 87.86839424404366
      vertex 228.48916974330825 11.50134079320557 87.90524764102234
    endloop
  endfacet
  facet normal -0.25469730761589027 0.867917839903926 -0.4264362844197474
    outer loop
      vertex 228.25005982296548 11.4016328599019 87.80976895559071
      vertex 228.26982201527744 11.504911038530068 88.00816576097712
      vertex 228.3605274578478 11.462854967480672 87.86839424404366
    endloop
  endfacet
  facet normal -0.06939309103581182 0.9664811635969703 -0.24718163226409381
    outer loop
      vertex 228.55984895843966 11.46763800503186 87.75362731714446
      vertex 228.62721992018405 11.514467591654276 87.91781764842578
      vertex 228.67647675666726 11.478727810459834 87.76424673336214
    endloop
  endfacet
  facet normal -0.16349409939392642 0.9104083845975218 -0.380034541479981
    outer loop
      vertex 228.3605274578478 11.462854967480672 87.86839424404366
      vertex 228.42240882502293 11.550560331425984 88.05187877690447
      vertex 228.48916974330825 11.50134079320557 87.90524764102234
    endloop
  endfacet
  facet normal -0.16349409939393644 0.9104083845975216 -0.3800345414799775
    outer loop
      vertex 228.3605274578478 11.462854967480672 87.86839424404366
      vertex 228.26982201527744 11.504911038530068 88.00816576097712
      vertex 228.42240882502293 11.550560331425984 88.05187877690447
    endloop
  endfacet
  facet normal -0.06939309103583 0.966481163596971 -0.2471816322640865
    outer loop
      vertex 228.55984895843966 11.46763800503186 87.75362731714446
      vertex 228.48916974330825 11.50134079320557 87.90524764102234
      vertex 228.62721992018405 11.514467591654276 87.91781764842578
    endloop
  endfacet
  facet normal -0.058121732148583856 0.9381321906730021 -0.3413646980505189
    outer loop
      vertex 228.48916974330825 11.50134079320557 87.90524764102234
      vertex 228.58615464156287 11.566130455124357 88.06678847258736
      vertex 228.62721992018405 11.514467591654276 87.91781764842578
    endloop
  endfacet
  facet normal -0.05812173214860953 0.9381321906730057 -0.3413646980505049
    outer loop
      vertex 228.48916974330825 11.50134079320557 87.90524764102234
      vertex 228.42240882502293 11.550560331425984 88.05187877690447
      vertex 228.58615464156287 11.566130455124357 88.06678847258736
    endloop
  endfacet
  facet normal -0.13074214577689258 0.8779806149450434 -0.46049596208694077
    outer loop
      vertex 228.26982201527744 11.504911038530068 88.00816576097712
      vertex 228.36030387784336 11.614752768779315 88.19190052516845
      vertex 228.42240882502293 11.550560331425984 88.05187877690447
    endloop
  endfacet
  facet normal -0.13074214577690674 0.8779806149450446 -0.46049596208693455
    outer loop
      vertex 228.1800550733125 11.560827855571592 88.14026291064275
      vertex 228.36030387784336 11.614752768779315 88.19190052516845
      vertex 228.26982201527744 11.504911038530068 88.00816576097712
    endloop
  endfacet
  facet normal -0.046153243891478936 0.9001448509101473 -0.4331386907888078
    outer loop
      vertex 228.42240882502293 11.550560331425984 88.05187877690447
      vertex 228.36030387784336 11.614752768779315 88.19190052516845
      vertex 228.553734671288 11.633145552452493 88.20951315385662
    endloop
  endfacet
  facet normal -0.09588438503090434 0.8367537048709518 -0.5391191167932942
    outer loop
      vertex 228.1800550733125 11.560827855571592 88.14026291064275
      vertex 228.30354112991176 11.69320881141651 88.32376571657016
      vertex 228.36030387784336 11.614752768779315 88.19190052516845
    endloop
  endfacet
  facet normal -0.04615324389148593 0.9001448509101492 -0.4331386907888029
    outer loop
      vertex 228.42240882502293 11.550560331425984 88.05187877690447
      vertex 228.553734671288 11.633145552452493 88.20951315385662
      vertex 228.58615464156287 11.566130455124357 88.06678847258736
    endloop
  endfacet
  facet normal -0.09841371075336965 0.9942353363065559 0.04255393724606559
    outer loop
      vertex 228.78742237338244 11.462474117778537 87.28574865997122
      vertex 228.7098037355623 11.448096706604053 87.44215703234562
      vertex 228.79730355233113 11.456416815169046 87.45012423216727
    endloop
  endfacet
  facet normal -0.0895951639550383 0.9944830393584123 -0.054554477582726184
    outer loop
      vertex 228.7098037355623 11.448096706604053 87.44215703234562
      vertex 228.73338088797186 11.459306017981925 87.60777260805621
      vertex 228.79730355233113 11.456416815169046 87.45012423216727
    endloop
  endfacet
  facet normal -0.09302144236737203 0.771058847368281 -0.6299327465333039
    outer loop
      vertex 227.79649738747347 11.594806869828028 88.26383252957255
      vertex 228.00728287805663 11.711625990598295 88.37569660813544
      vertex 227.9107516643741 11.529417088446287 88.16692144274342
    endloop
  endfacet
  facet normal -0.09302144236738846 0.7710588473682835 -0.6299327465332984
    outer loop
      vertex 227.9107516643741 11.529417088446287 88.16692144274342
      vertex 228.00728287805663 11.711625990598295 88.37569660813544
      vertex 228.0922185110965 11.629987566159983 88.26322608658846
    endloop
  endfacet
  facet normal -0.033562352006026724 0.8524946657079006 -0.5216573717176808
    outer loop
      vertex 228.36030387784336 11.614752768779315 88.19190052516845
      vertex 228.5303182335748 11.714772400829682 88.34441465695173
      vertex 228.553734671288 11.633145552452493 88.20951315385662
    endloop
  endfacet
  facet normal -6.372979355574383e-20 0.9962317594244822 0.08673108735626876
    outer loop
      vertex 228.86753843675066 11.470092126245737 87.29304354022753
      vertex 228.79730355233113 11.456416815169046 87.45012423216727
      vertex 236.2 11.456416815169046 87.45012423216727
    endloop
  endfacet
  facet normal 7.652391862416926e-21 0.9998321050335844 -0.018323802665146965
    outer loop
      vertex 228.79730355233113 11.456416815169046 87.45012423216727
      vertex 228.73338088797186 11.459306017981925 87.60777260805621
      vertex 236.2 11.459306017981925 87.60777260805621
    endloop
  endfacet
  facet normal 0 0.9923848133909267 -0.12317622396816594
    outer loop
      vertex 228.67647675666726 11.478727810459834 87.76424673336214
      vertex 236.2 11.478727810459834 87.76424673336214
      vertex 228.73338088797186 11.459306017981925 87.60777260805621
    endloop
  endfacet
  facet normal 2.6648048232657013e-19 0.9739721732889599 -0.22666761051985396
    outer loop
      vertex 228.67647675666726 11.478727810459834 87.76424673336214
      vertex 228.62721992018405 11.514467591654276 87.91781764842578
      vertex 236.2 11.514467591654276 87.91781764842578
    endloop
  endfacet
  facet normal 1.3452431511555657e-19 0.9447976350546554 -0.3276544350304602
    outer loop
      vertex 228.62721992018405 11.514467591654276 87.91781764842578
      vertex 228.58615464156287 11.566130455124357 88.06678847258736
      vertex 236.2 11.566130455124357 88.06678847258736
    endloop
  endfacet
  facet normal 5.790278292442855e-16 0.9051835625267053 -0.4250208443493826
    outer loop
      vertex 228.58615464156287 11.566130455124357 88.06678847258736
      vertex 228.553734671288 11.633145552452493 88.20951315385662
      vertex 236.2 11.633145552452495 88.20951315385663
    endloop
  endfacet
  facet normal -0.03187480159890568 0.7206769976098587 -0.6925378416657605
    outer loop
      vertex 227.79649738747347 11.594806869828028 88.26383252957255
      vertex 227.683771536912 11.670492526801727 88.34778177054372
      vertex 227.92618666982514 11.80484106573567 88.47643173310996
    endloop
  endfacet
  facet normal -0.03187480159891174 0.7206769976098604 -0.6925378416657586
    outer loop
      vertex 227.79649738747347 11.594806869828028 88.26383252957255
      vertex 227.92618666982514 11.80484106573567 88.47643173310996
      vertex 228.00728287805663 11.711625990598295 88.37569660813544
    endloop
  endfacet
  facet normal -0.5926613853643836 0.7158616046822974 0.36918104669613777
    outer loop
      vertex 227.683771536912 11.670492526801727 88.34778177054372
      vertex 227.92047238368505 11.79211448146356 88.49193587762178
      vertex 227.92618666982514 11.80484106573567 88.47643173310996
    endloop
  endfacet
  facet normal -0.05896183291504063 0.7861754855475208 -0.6151842067083799
    outer loop
      vertex 228.0922185110965 11.629987566159983 88.26322608658846
      vertex 228.25274778078034 11.785061559890249 88.44601730767863
      vertex 228.30354112991176 11.69320881141651 88.32376571657016
    endloop
  endfacet
  facet normal -0.05896183291506102 0.7861754855475284 -0.6151842067083684
    outer loop
      vertex 228.0922185110965 11.629987566159983 88.26322608658846
      vertex 228.00728287805663 11.711625990598295 88.37569660813544
      vertex 228.25274778078034 11.785061559890249 88.44601730767863
    endloop
  endfacet
  facet normal -0.020094707973245793 0.7257077663688403 -0.6877095611836576
    outer loop
      vertex 228.00728287805663 11.711625990598295 88.37569660813544
      vertex 228.2084850711746 11.88929608795381 88.55730448046626
      vertex 228.25274778078034 11.785061559890249 88.44601730767863
    endloop
  endfacet
  facet normal -0.3766262200977982 0.7792856904687867 0.5008657534364184
    outer loop
      vertex 227.92618666982514 11.80484106573567 88.47643173310996
      vertex 227.92047238368505 11.79211448146356 88.49193587762178
      vertex 228.20001443105784 11.875744887121316 88.57201898565627
    endloop
  endfacet
  facet normal -0.020094707973297685 0.7257077663688677 -0.6877095611836268
    outer loop
      vertex 228.00728287805663 11.711625990598295 88.37569660813544
      vertex 227.92618666982514 11.80484106573567 88.47643173310996
      vertex 228.2084850711746 11.88929608795381 88.55730448046626
    endloop
  endfacet
  facet normal -0.37662622009781577 0.779285690468709 0.5008657534365262
    outer loop
      vertex 227.92618666982514 11.80484106573567 88.47643173310996
      vertex 228.20001443105784 11.875744887121316 88.57201898565627
      vertex 228.2084850711746 11.88929608795381 88.55730448046626
    endloop
  endfacet
  facet normal -0.033562352006017836 0.8524946657078964 -0.521657371717688
    outer loop
      vertex 228.36030387784336 11.614752768779315 88.19190052516845
      vertex 228.30354112991176 11.69320881141651 88.32376571657016
      vertex 228.5303182335748 11.714772400829682 88.34441465695173
    endloop
  endfacet
  facet normal -0.02043892438054226 0.7952210919326521 -0.6059749708656348
    outer loop
      vertex 228.30354112991176 11.69320881141651 88.32376571657016
      vertex 228.51616406817396 11.810109065014654 88.47000238873869
      vertex 228.5303182335748 11.714772400829682 88.34441465695173
    endloop
  endfacet
  facet normal -0.020438924380524918 0.7952210919326405 -0.6059749708656507
    outer loop
      vertex 228.25274778078034 11.785061559890249 88.44601730767863
      vertex 228.51616406817396 11.810109065014654 88.47000238873869
      vertex 228.30354112991176 11.69320881141651 88.32376571657016
    endloop
  endfacet
  facet normal -0.00689205149664346 0.728468719464732 -0.6850443959245133
    outer loop
      vertex 228.25274778078034 11.785061559890249 88.44601730767863
      vertex 228.51142857142855 11.918102123260498 88.58488866852885
      vertex 228.51616406817396 11.810109065014654 88.47000238873869
    endloop
  endfacet
  facet normal -0.006892051496604271 0.728468719464696 -0.6850443959245518
    outer loop
      vertex 228.25274778078034 11.785061559890249 88.44601730767863
      vertex 228.2084850711746 11.88929608795381 88.55730448046626
      vertex 228.51142857142855 11.918102123260498 88.58488866852885
    endloop
  endfacet
  facet normal -0.1301646329595561 0.7655388474247277 0.6300852651904532
    outer loop
      vertex 228.2084850711746 11.88929608795381 88.55730448046626
      vertex 228.20001443105784 11.875744887121316 88.57201898565627
      vertex 228.49999999914652 11.904269661075714 88.59933384245129
    endloop
  endfacet
  facet normal -0.1301646329595597 0.7655388474246979 0.6300852651904885
    outer loop
      vertex 228.2084850711746 11.88929608795381 88.55730448046626
      vertex 228.49999999914652 11.904269661075714 88.59933384245129
      vertex 228.51142857142855 11.918102123260498 88.58488866852885
    endloop
  endfacet
  facet normal -6.505476406761883e-19 0.8555676710986378 -0.5176909890763531
    outer loop
      vertex 228.553734671288 11.633145552452493 88.20951315385662
      vertex 228.5303182335748 11.714772400829682 88.34441465695173
      vertex 236.2 11.714772400829682 88.34441465695173
    endloop
  endfacet
  facet normal -1.8132738713754314e-19 0.7964981911860474 -0.6046409111508704
    outer loop
      vertex 228.5303182335748 11.714772400829682 88.34441465695173
      vertex 228.51616406817396 11.810109065014654 88.47000238873869
      vertex 236.2 11.810109065014654 88.47000238873869
    endloop
  endfacet
  facet normal 4.347772200287095e-19 0.7286278105585771 -0.6849098580693771
    outer loop
      vertex 228.51616406817396 11.810109065014654 88.47000238873869
      vertex 228.51142857142855 11.918102123260498 88.58488866852885
      vertex 236.2 11.918102123260498 88.58488866852885
    endloop
  endfacet
  facet normal 0 0.7222586421846061 0.6916230575896448
    outer loop
      vertex 228.51142857142855 11.918102123260498 88.58488866852885
      vertex 228.49999999914652 11.904269661075714 88.59933384245129
      vertex 236.2 11.918102123260498 88.58488866852885
    endloop
  endfacet
  facet normal 1 0 0
    outer loop
      vertex 236.2 4.506069775459273 80.62440968794863
      vertex 236.2 11.500180845966106 87.1382661941497
      vertex 236.2 11.470092126245737 87.29304354022753
    endloop
  endfacet
  facet normal 1 0 0
    outer loop
      vertex 236.2 4.421061660813824 80.7131832543946
      vertex 236.2 11.470092126245737 87.29304354022753
      vertex 236.2 11.456416815169046 87.45012423216727
    endloop
  endfacet
  facet normal 1 0 0
    outer loop
      vertex 236.2 4.343693480810323 80.79397847373325
      vertex 236.2 11.456416815169046 87.45012423216727
      vertex 236.2 11.459306017981925 87.60777260805621
    endloop
  endfacet
  facet normal 1 0 0
    outer loop
      vertex 236.2 4.274820114566179 80.86590259980207
      vertex 236.2 11.459306017981925 87.60777260805621
      vertex 236.2 11.478727810459834 87.76424673336214
    endloop
  endfacet
  facet normal 1 0 0
    outer loop
      vertex 236.2 4.215202577818676 80.92816090751626
      vertex 236.2 11.478727810459834 87.76424673336214
      vertex 236.2 11.514467591654276 87.91781764842578
    endloop
  endfacet
  facet normal 1 0 0
    outer loop
      vertex 236.2 4.1654996140873655 80.98006547417752
      vertex 236.2 11.514467591654276 87.91781764842578
      vertex 236.2 11.566130455124357 88.06678847258736
    endloop
  endfacet
  facet normal 1 0 0
    outer loop
      vertex 236.2 4.126260415892547 81.02104278067071
      vertex 236.2 11.566130455124357 88.06678847258736
      vertex 236.2 11.633145552452495 88.20951315385663
    endloop
  endfacet
  facet normal 1 0 0
    outer loop
      vertex 236.2 4.09791855645669 81.0506400485589
      vertex 236.2 11.633145552452495 88.20951315385663
      vertex 236.2 11.714772400829682 88.34441465695173
    endloop
  endfacet
  facet normal 1 0 0
    outer loop
      vertex 236.2 4.080787198940399 81.06853024305533
      vertex 236.2 11.714772400829682 88.34441465695173
      vertex 236.2 11.810109065014654 88.47000238873869
    endloop
  endfacet
  facet normal 1 0 0
    outer loop
      vertex 236.2 4.075055636148454 81.07451568659178
      vertex 236.2 11.810109065014654 88.47000238873869
      vertex 236.2 11.918102123260498 88.58488866852885
    endloop
  endfacet
  facet normal 1 0 0
    outer loop
      vertex 236.2 4.075055636148454 81.07451568659178
      vertex 236.2 11.918102123260498 88.58488866852885
      vertex 236.2 11.904269661075721 88.59933384245129
    endloop
  endfacet
  facet normal 0 0.9816235585550844 0.1908276428865924
    outer loop
      vertex 228.94330948140842 11.500180845966106 87.1382661941497
      vertex 236.2 11.470092126245737 87.29304354022753
      vertex 236.2 11.500180845966106 87.1382661941497
    endloop
  endfacet
  facet normal 0 0.9962317594244822 0.08673108735626876
    outer loop
      vertex 228.86753843675066 11.470092126245737 87.29304354022753
      vertex 236.2 11.456416815169046 87.45012423216727
      vertex 236.2 11.470092126245737 87.29304354022753
    endloop
  endfacet
  facet normal 3.7750865087126885e-19 0.9702372424525492 0.24215634073481004
    outer loop
      vertex 231.92857142857142 12.957232597747662 81.30036052763094
      vertex 228.94330948140842 11.500180845966106 87.1382661941497
      vertex 236.2 11.500180845966106 87.1382661941497
    endloop
  endfacet
  facet normal 0 0.9998321050335846 -0.018323802665146965
    outer loop
      vertex 228.79730355233113 11.456416815169046 87.45012423216727
      vertex 236.2 11.459306017981925 87.60777260805621
      vertex 236.2 11.456416815169046 87.45012423216727
    endloop
  endfacet
  facet normal 0 0.9923848133909267 -0.12317622396816591
    outer loop
      vertex 228.73338088797186 11.459306017981925 87.60777260805621
      vertex 236.2 11.478727810459834 87.76424673336214
      vertex 236.2 11.459306017981925 87.60777260805621
    endloop
  endfacet
  facet normal 0 0.97397217328896 -0.22666761051985398
    outer loop
      vertex 228.67647675666726 11.478727810459834 87.76424673336214
      vertex 236.2 11.514467591654276 87.91781764842578
      vertex 236.2 11.478727810459834 87.76424673336214
    endloop
  endfacet
  facet normal 0 0.9447976350546554 -0.32765443503046027
    outer loop
      vertex 228.62721992018405 11.514467591654276 87.91781764842578
      vertex 236.2 11.566130455124357 88.06678847258736
      vertex 236.2 11.514467591654276 87.91781764842578
    endloop
  endfacet
  facet normal 0 0.9051835625267172 -0.42502084434935733
    outer loop
      vertex 228.58615464156287 11.566130455124357 88.06678847258736
      vertex 236.2 11.633145552452495 88.20951315385663
      vertex 236.2 11.566130455124357 88.06678847258736
    endloop
  endfacet
  facet normal 7.633841748977346e-16 0.8555676710986188 -0.517690989076385
    outer loop
      vertex 228.553734671288 11.633145552452493 88.20951315385662
      vertex 236.2 11.714772400829682 88.34441465695173
      vertex 236.2 11.633145552452495 88.20951315385663
    endloop
  endfacet
  facet normal 0 0.7964981911860473 -0.6046409111508704
    outer loop
      vertex 228.5303182335748 11.714772400829682 88.34441465695173
      vertex 236.2 11.810109065014654 88.47000238873869
      vertex 236.2 11.714772400829682 88.34441465695173
    endloop
  endfacet
  facet normal 0 0.7286278105585772 -0.684909858069377
    outer loop
      vertex 228.51616406817396 11.810109065014654 88.47000238873869
      vertex 236.2 11.918102123260498 88.58488866852885
      vertex 236.2 11.810109065014654 88.47000238873869
    endloop
  endfacet
  facet normal -6.664878331006091e-16 0.7222586421847835 0.6916230575894595
    outer loop
      vertex 228.49999999914652 11.904269661075714 88.59933384245129
      vertex 236.2 11.904269661075721 88.59933384245129
      vertex 236.2 11.918102123260498 88.58488866852885
    endloop
  endfacet
  facet normal 5.907201619048131e-13 0.6916230575895201 -0.7222586421847255
    outer loop
      vertex 233.2 13.019458838576394 79.97540179240393
      vertex 233.21022225211325 13.075539126202576 80.0291033582048
      vertex 233.24019237886466 13.12779763490409 80.07914525104238
    endloop
  endfacet
  facet normal -2.828566388301446e-13 0.691623057589689 -0.7222586421845636
    outer loop
      vertex 233.2 13.019458838576394 79.97540179240393
      vertex 233.24019237886466 13.12779763490409 80.07914525104238
      vertex 233.287867965644 13.172673033674196 80.1221171986179
    endloop
  endfacet
  facet normal 2.2009868426048611e-13 0.6916230575895387 -0.7222586421847077
    outer loop
      vertex 233.2 13.019458838576394 79.97540179240393
      vertex 233.287867965644 13.172673033674196 80.1221171986179
      vertex 233.35 13.207107138246817 80.15509073371864
    endloop
  endfacet
  facet normal -5.76169829568037e-14 0.6916230575896547 -0.7222586421845967
    outer loop
      vertex 233.2 13.019458838576394 79.97540179240393
      vertex 233.35 13.207107138246817 80.15509073371864
      vertex 233.42235428646924 13.228753321300378 80.17581876441878
    endloop
  endfacet
  facet normal -5.868845718143481e-14 0.6916230575896551 -0.7222586421845962
    outer loop
      vertex 233.2 13.019458838576394 79.97540179240393
      vertex 233.42235428646924 13.228753321300378 80.17581876441878
      vertex 233.5 13.236136431231783 80.18288870968081
    endloop
  endfacet
  facet normal -6.824103297873502e-20 0.6916230575896126 -0.7222586421846369
    outer loop
      vertex 233.2 13.019458838576394 79.97540179240393
      vertex 233.5 13.236136431231783 80.18288870968081
      vertex 235.2 13.236136431231783 80.18288870968081
    endloop
  endfacet
  facet normal -0.2537000406585967 0.9601663286853784 -0.11711921545445916
    outer loop
      vertex 231.7785714285714 12.928203304762697 81.27256255166876
      vertex 231.85092571504066 12.949849487816257 81.2932905823689
      vertex 233.35 13.207107138246817 80.15509073371864
    endloop
  endfacet
  facet normal -0.10333713033031298 0.9894403527889963 0.10163279868173661
    outer loop
      vertex 231.85092571504066 12.949849487816257 81.2932905823689
      vertex 231.92857142857142 12.957232597747662 81.30036052763094
      vertex 233.42235428646924 13.228753321300378 80.17581876441878
    endloop
  endfacet
  facet normal -0.4215061580909791 0.8195354843490914 -0.38819344222189334
    outer loop
      vertex 231.71643939421546 12.893769200190075 81.23958901656803
      vertex 233.287867965644 13.172673033674196 80.1221171986179
      vertex 233.24019237886466 13.12779763490409 80.07914525104238
    endloop
  endfacet
  facet normal -0.3521727421685112 0.8956294686126842 -0.27170243765206115
    outer loop
      vertex 231.7785714285714 12.928203304762697 81.27256255166876
      vertex 233.35 13.207107138246817 80.15509073371864
      vertex 233.287867965644 13.172673033674196 80.1221171986179
    endloop
  endfacet
  facet normal -0.253700040658597 0.9601663286853784 -0.11711921545445925
    outer loop
      vertex 231.85092571504066 12.949849487816257 81.2932905823689
      vertex 233.42235428646924 13.228753321300378 80.17581876441878
      vertex 233.35 13.207107138246817 80.15509073371864
    endloop
  endfacet
  facet normal -0.103337130330296 0.9894403527889959 0.10163279868175859
    outer loop
      vertex 231.92857142857142 12.957232597747662 81.30036052763094
      vertex 233.5 13.236136431231783 80.18288870968081
      vertex 233.42235428646924 13.228753321300378 80.17581876441878
    endloop
  endfacet
  facet normal 0 0.9702372424525495 0.24215634073480843
    outer loop
      vertex 231.92857142857142 12.957232597747662 81.30036052763094
      vertex 236.2 12.957232597747662 81.30036052763094
      vertex 233.5 13.236136431231783 80.18288870968081
    endloop
  endfacet
  facet normal 8.986954232479652e-18 0.9702372424525495 0.24215634073480846
    outer loop
      vertex 236.2 12.957232597747662 81.30036052763094
      vertex 235.2 13.236136431231783 80.18288870968081
      vertex 233.5 13.236136431231783 80.18288870968081
    endloop
  endfacet
  facet normal -1 0 0
    outer loop
      vertex 0 -0.9357864409685135 49
      vertex 0 -2.35 49
      vertex 0 -2.35 75.50505456358248
    endloop
  endfacet
  facet normal -1 0 0
    outer loop
      vertex 0 -0.9357864409685135 49
      vertex 0 -2.35 75.50505456358248
      vertex 0 -0.3500000014901161 49.5857864394784
    endloop
  endfacet
  facet normal -1 0 0
    outer loop
      vertex 0 -0.3500000014901161 49.5857864394784
      vertex 0 -2.35 75.50505456358248
      vertex 0 -0.3500000014901161 75.58395994454622
    endloop
  endfacet
  facet normal -1 0 0
    outer loop
      vertex 0 -0.33474692702293396 75.88609527796507
      vertex 0 -2.35 75.50505456358248
      vertex 0 -2.3490578850343655 77.51764367597926
    endloop
  endfacet
  facet normal -1 0 0
    outer loop
      vertex 0 -0.3500000014901161 75.58395994454622
      vertex 0 -2.35 75.50505456358248
      vertex 0 -0.34618430584669113 75.73522000014782
    endloop
  endfacet
  facet normal -1 0 0
    outer loop
      vertex 0 -0.34618430584669113 75.73522000014782
      vertex 0 -2.35 75.50505456358248
      vertex 0 -0.33474692702293396 75.88609527796507
    endloop
  endfacet
  facet normal -1 0 0
    outer loop
      vertex 0 -0.3157169669866562 76.03620198369026
      vertex 0 -2.3490578850343655 77.51764367597926
      vertex 0 -0.28914282470941544 76.18515828251839
    endloop
  endfacet
  facet normal -1 0 0
    outer loop
      vertex 0 -0.33474692702293396 75.88609527796507
      vertex 0 -2.3490578850343655 77.51764367597926
      vertex 0 -0.3157169669866562 76.03620198369026
    endloop
  endfacet
  facet normal -1 0 0
    outer loop
      vertex 0 -0.28914282470941544 76.18515828251839
      vertex 0 -2.3490578850343655 77.51764367597926
      vertex 0 -0.2550921067595482 76.33258525282145
    endloop
  endfacet
  facet normal -1 0 0
    outer loop
      vertex 0 -0.2550921067595482 76.33258525282145
      vertex 0 -2.3490578850343655 77.51764367597926
      vertex 0 -0.21365142613649368 76.47810787707567
    endloop
  endfacet
  facet normal -1 0 0
    outer loop
      vertex 0 -0.21365142613649368 76.47810787707567
      vertex 0 -2.3490578850343655 77.51764367597926
      vertex 0 -0.1649261936545372 76.62135597318411
    endloop
  endfacet
  facet normal -1 0 0
    outer loop
      vertex 0 -0.10904037207365036 76.76196514070034
      vertex 0 -2.3477766051175646 77.5430234815148
      vertex 0 -2.345240891605263 77.56807339211915
    endloop
  endfacet
  facet normal -1 0 0
    outer loop
      vertex 0 -0.10904037207365036 76.76196514070034
      vertex 0 -2.3490578850343655 77.51764367597926
      vertex 0 -2.3477766051175646 77.5430234815148
    endloop
  endfacet
  facet normal -1 0 0
    outer loop
      vertex 0 -0.10904037207365036 76.76196514070034
      vertex 0 -2.341445386312706 77.59296359107127
      vertex 0 -2.3363997442309326 77.61763076278359
    endloop
  endfacet
  facet normal -1 0 0
    outer loop
      vertex 0 -0.10904037207365036 76.76196514070034
      vertex 0 -2.345240891605263 77.56807339211915
      vertex 0 -2.341445386312706 77.59296359107127
    endloop
  endfacet
  facet normal -1 0 0
    outer loop
      vertex 0 -0.10904037207365036 76.76196514070034
      vertex 0 -2.3363997442309326 77.61763076278359
      vertex 0 -2.3301168004438955 77.6420121590043
    endloop
  endfacet
  facet normal -1 0 0
    outer loop
      vertex 0 -0.10904037207365036 76.76196514070034
      vertex 0 -2.3139060446489697 77.68967042450593
      vertex 0 -2.304019469496211 77.71282606088353
    endloop
  endfacet
  facet normal -1 0 0
    outer loop
      vertex 0 -0.10904037207365036 76.76196514070034
      vertex 0 -2.3226125374786304 77.66604575843614
      vertex 0 -2.3139060446489697 77.68967042450593
    endloop
  endfacet
  facet normal -1 0 0
    outer loop
      vertex 0 -0.10904037207365036 76.76196514070034
      vertex 0 -2.3301168004438955 77.6420121590043
      vertex 0 -2.3226125374786304 77.66604575843614
    endloop
  endfacet
  facet normal -1 0 0
    outer loop
      vertex 0 -0.10904037207365036 76.76196514070034
      vertex 0 -2.304019469496211 77.71282606088353
      vertex 0 -2.292977961450305 77.7354537643546
    endloop
  endfacet
  facet normal -1 0 0
    outer loop
      vertex 0 -0.10904037207365036 76.76196514070034
      vertex 0 -2.292977961450305 77.7354537643546
      vertex 0 -2.2808096078548457 77.75749597465843
    endloop
  endfacet
  facet normal -1 0 0
    outer loop
      vertex 0 -0.10904037207365036 76.76196514070034
      vertex 0 -2.2808096078548457 77.75749597465843
      vertex 0 -2.267545362514641 77.77889662091577
    endloop
  endfacet
  facet normal -1 0 0
    outer loop
      vertex 0 -0.10904037207365036 76.76196514070034
      vertex 0 -2.267545362514641 77.77889662091577
      vertex 0 -2.253218966979738 77.79960126422422
    endloop
  endfacet
  facet normal -1 0 0
    outer loop
      vertex 0 -0.10904037207365036 76.76196514070034
      vertex 0 -2.253218966979738 77.79960126422422
      vertex 0 -2.237866864651851 77.81955723623244
    endloop
  endfacet
  facet normal -1 0 0
    outer loop
      vertex 0 -0.10904037207365036 76.76196514070034
      vertex 0 -2.237866864651851 77.81955723623244
      vertex 0 -2.2215281081644633 77.83871377299532
    endloop
  endfacet
  facet normal -1 0 0
    outer loop
      vertex 0 -0.10904037207365036 76.76196514070034
      vertex 0 -2.2215281081644633 77.83871377299532
      vertex 0 -2.2040834870137713 77.85719244719233
    endloop
  endfacet
  facet normal -1 0 0
    outer loop
      vertex 0 -0.1649261936545372 76.62135597318411
      vertex 0 -2.3490578850343655 77.51764367597926
      vertex 0 -0.10904037207365036 76.76196514070034
    endloop
  endfacet
  facet normal -1 0 0
    outer loop
      vertex 0 -0.10904037207365036 76.76196514070034
      vertex 0 -2.2040834870137713 77.85719244719233
      vertex 0 -0.7511251958516634 79.2498259334556
    endloop
  endfacet
  facet normal -1 0 0
    outer loop
      vertex 0 -0.10904037207365036 76.76196514070034
      vertex 0 -0.7511251958516634 79.2498259334556
      vertex 0 -0.04613611102104187 76.89957769960165
    endloop
  endfacet
  facet normal -1 0 0
    outer loop
      vertex 0 -0.04613611102104187 76.89957769960165
      vertex 0 -0.7511251958516634 79.2498259334556
      vertex 0 0.023626573383808136 77.03384359925985
    endloop
  endfacet
  facet normal -1 0 0
    outer loop
      vertex 0 0.023626573383808136 77.03384359925985
      vertex 0 -0.7511251958516634 79.2498259334556
      vertex 0 0.10007021576166153 77.16442129015923
    endloop
  endfacet
  facet normal -1 0 0
    outer loop
      vertex 0 0.10007021576166153 77.16442129015923
      vertex 0 -0.7511251958516634 79.2498259334556
      vertex 0 0.1830003559589386 77.29097861796618
    endloop
  endfacet
  facet normal -1 0 0
    outer loop
      vertex 0 0.1830003559589386 77.29097861796618
      vertex 0 -0.7511251958516634 79.2498259334556
      vertex 0 0.27220603823661804 77.41319362819195
    endloop
  endfacet
  facet normal -1 0 0
    outer loop
      vertex 0 0.27220603823661804 77.41319362819195
      vertex 0 -0.7511251958516634 79.2498259334556
      vertex 0 0.36746034771203995 77.53075544536114
    endloop
  endfacet
  facet normal -1 0 0
    outer loop
      vertex 0 0.36746034771203995 77.53075544536114
      vertex 0 -0.7511251958516634 79.2498259334556
      vertex 0 0.46852096915245056 77.64336501061916
    endloop
  endfacet
  facet normal -1 0 0
    outer loop
      vertex 0 0.5751308277249336 77.75073587149382
      vertex 0 -0.7511251958516634 79.2498259334556
      vertex 0 0.2765982834363954 78.56296168357018
    endloop
  endfacet
  facet normal -1 0 0
    outer loop
      vertex 0 0.46852096915245056 77.64336501061916
      vertex 0 -0.7511251958516634 79.2498259334556
      vertex 0 0.5751308277249336 77.75073587149382
    endloop
  endfacet
  facet normal -1 0 0
    outer loop
      vertex 0 0.5751308277249336 77.75073587149382
      vertex 0 0.2765982834363954 78.56296168357018
      vertex 0 0.8251308264221864 77.99013177955898
    endloop
  endfacet
  facet normal 1.3467465375897689e-15 0.6916230576048646 -0.7222586421700317
    outer loop
      vertex 0 0.5751308277249336 77.75073587149382
      vertex 0 0.8251308264221864 77.99013177955898
      vertex 0.7931091055601386 0.8251308264221848 77.99013177955898
    endloop
  endfacet
  facet normal 0 -0.7071067811865476 -0.7071067811865476
    outer loop
      vertex 0.41421356201171877 -2.7642135620117188 49
      vertex 237.99999999850988 -3.350000001490116 49.5857864394784
      vertex 1.0000000014901163 -3.350000001490116 49.5857864394784
    endloop
  endfacet
  facet normal 0 0 -1
    outer loop
      vertex 0 -2.35 49
      vertex 238.58578643798828 -2.7642135620117188 49
      vertex 0.41421356201171877 -2.7642135620117188 49
    endloop
  endfacet
  facet normal 0 0 -1
    outer loop
      vertex 0 -0.9357864409685135 49
      vertex 238.58578643798828 -2.7642135620117188 49
      vertex 0 -2.35 49
    endloop
  endfacet
  facet normal 0 0.7071067811865475 -0.7071067811865475
    outer loop
      vertex 0 -0.9357864409685135 49
      vertex 0 -0.3500000014901161 49.5857864394784
      vertex 239 -0.9357864409685135 49
    endloop
  endfacet
  facet normal 0 1 0
    outer loop
      vertex 0 -0.3500000014901161 49.5857864394784
      vertex 0 -0.3500000014901161 75.58395994454622
      vertex 239 -0.3500000014901161 49.5857864394784
    endloop
  endfacet
  facet normal 0 -1 0
    outer loop
      vertex 237.99906377674947 -3.350000001490116 77.50528861582279
      vertex 1.0000000014901163 -3.350000001490116 75.50528861903612
      vertex 1.0000000014901163 -3.350000001490116 49.5857864394784
    endloop
  endfacet
  facet normal 0 -1 0
    outer loop
      vertex 1.0009362232505195 -3.350000001490116 77.50528861582279
      vertex 1.0000000014901163 -3.350000001490116 75.50528861903612
      vertex 237.99906377674947 -3.350000001490116 77.50528861582279
    endloop
  endfacet
  facet normal 0 0.9996819746553948 -0.025218040151657923
    outer loop
      vertex 0 -0.3500000014901161 75.58395994454622
      vertex 0 -0.34618430584669113 75.73522000014782
      vertex 239 -0.3500000014901161 75.58395994454622
    endloop
  endfacet
  facet normal 0 0.9971389862184974 -0.07558996072989674
    outer loop
      vertex 0 -0.34618430584669113 75.73522000014782
      vertex 0 -0.33474692702293396 75.88609527796507
      vertex 239 -0.34618430584669113 75.73522000014782
    endloop
  endfacet
  facet normal 0 0.9920594846602852 -0.12576954677333269
    outer loop
      vertex 0 -0.33474692702293396 75.88609527796507
      vertex 0 -0.3157169669866562 76.03620198369026
      vertex 239 -0.33474692702293396 75.88609527796507
    endloop
  endfacet
  facet normal 0 0.9844563801916071 -0.17562925582042999
    outer loop
      vertex 0 -0.3157169669866562 76.03620198369026
      vertex 0 -0.28914282470941544 76.18515828251839
      vertex 239 -0.3157169669866562 76.03620198369026
    endloop
  endfacet
  facet normal 0 0.9743490268108608 -0.22504216038940023
    outer loop
      vertex 0 -0.28914282470941544 76.18515828251839
      vertex 0 -0.2550921067595482 76.33258525282145
      vertex 239 -0.28914282470941544 76.18515828251839
    endloop
  endfacet
  facet normal 0 0.9617631242649662 -0.27388262596245705
    outer loop
      vertex 0 -0.2550921067595482 76.33258525282145
      vertex 0 -0.21365142613649368 76.47810787707567
      vertex 239 -0.2550921067595482 76.33258525282145
    endloop
  endfacet
  facet normal 0 0.9467306801117166 -0.3220264264547343
    outer loop
      vertex 0 -0.21365142613649368 76.47810787707567
      vertex 0 -0.1649261936545372 76.62135597318411
      vertex 239 -0.21365142613649368 76.47810787707567
    endloop
  endfacet
  facet normal 0 0.9292899733060892 -0.3693509787624343
    outer loop
      vertex 0 -0.1649261936545372 76.62135597318411
      vertex 0 -0.10904037207365036 76.76196514070034
      vertex 239 -0.1649261936545372 76.62135597318411
    endloop
  endfacet
  facet normal 0 0.9094853143032482 -0.41573604975599804
    outer loop
      vertex 0 -0.10904037207365036 76.76196514070034
      vertex 0 -0.04613611102104187 76.89957769960165
      vertex 239 -0.10904037207365036 76.76196514070034
    endloop
  endfacet
  facet normal 1.7480724434582474e-18 -0.9996819746867097 0.02521803891028345
    outer loop
      vertex 1.0009362232505195 -3.350000001490116 77.50528861582279
      vertex 237.9990460758248 -3.3480921536684036 77.58091864734888
      vertex 1.0000000010362116 -3.3490460775504154 77.54310363272928
    endloop
  endfacet
  facet normal 0 -0.9996819746867094 0.0252180389102944
    outer loop
      vertex 1.0009539241752088 -3.3480921536684036 77.58091864734888
      vertex 1.0000000010362116 -3.3490460775504154 77.54310363272928
      vertex 237.9990460758248 -3.3480921536684036 77.58091864734888
    endloop
  endfacet
  facet normal -1.4516703270603257e-18 -0.997138990211335 0.07558990805867753
    outer loop
      vertex 1.0009539241752088 -3.3480921536684036 77.58091864734888
      vertex 237.9990460734664 -3.3423734679818153 77.6563562899828
      vertex 1.000000001837188 -3.3452328109891876 77.61863746650141
    endloop
  endfacet
  facet normal 0 -0.9971389902113357 0.07558990805866847
    outer loop
      vertex 1.0009539265336294 -3.3423734679818153 77.6563562899828
      vertex 1.000000001837188 -3.3452328109891876 77.61863746650141
      vertex 237.9990460734664 -3.3423734679818153 77.6563562899828
    endloop
  endfacet
  facet normal 8.015390010321547e-18 -0.992059471593678 0.1257696498415742
    outer loop
      vertex 1.0009539265336294 -3.3423734679818153 77.6563562899828
      vertex 237.99904608019585 -3.332858480513096 77.7314096391201
      vertex 0.9999999997423984 -3.33761597436244 77.69388296364447
    endloop
  endfacet
  facet normal 0 -0.9920594715936719 0.12576964984162406
    outer loop
      vertex 1.00095391980415 -3.332858480513096 77.7314096391201
      vertex 0.9999999997423984 -3.33761597436244 77.69388296364447
      vertex 237.99904608019585 -3.332858480513096 77.7314096391201
    endloop
  endfacet
  facet normal 6.046854475659558e-18 -0.9844563887053626 0.17562920809818633
    outer loop
      vertex 1.00095391980415 -3.332858480513096 77.7314096391201
      vertex 237.9990460768795 -3.3195714130997658 77.80588778853416
      vertex 0.999999997977729 -3.3262149465787054 77.76864871510361
    endloop
  endfacet
  facet normal 5.443787023555054e-18 -0.9743490293046292 0.22504214959230767
    outer loop
      vertex 1.000953923120511 -3.3195714130997658 77.80588778853416
      vertex 237.99904607465618 -3.302546054124832 77.87960127741098
      vertex 1.0000000007150658 -3.311058733593942 77.84274453305206
    endloop
  endfacet
  facet normal 0 -0.9743490293046216 0.22504214959234092
    outer loop
      vertex 1.0009539253438327 -3.302546054124832 77.87960127741098
      vertex 1.0000000007150658 -3.311058733593942 77.84274453305206
      vertex 237.99904607465618 -3.302546054124832 77.87960127741098
    endloop
  endfacet
  facet normal 0 -0.9844563887053559 0.1756292080982237
    outer loop
      vertex 1.000953923120511 -3.3195714130997658 77.80588778853416
      vertex 0.999999997977729 -3.3262149465787054 77.76864871510361
      vertex 237.9990460768795 -3.3195714130997658 77.80588778853416
    endloop
  endfacet
  facet normal 1.2203084541855755e-17 -0.9617631242649767 0.2738826259624203
    outer loop
      vertex 1.0009539253438327 -3.302546054124832 77.87960127741098
      vertex 237.9990460732349 -3.281825713813305 77.9523625895381
      vertex 1.0000000025578315 -3.292185884379578 77.915981932033
    endloop
  endfacet
  facet normal 0 -0.9617631242649557 0.2738826259624938
    outer loop
      vertex 1.0009539267651169 -3.281825713813305 77.9523625895381
      vertex 1.0000000025578315 -3.292185884379578 77.915981932033
      vertex 237.9990460732349 -3.281825713813305 77.9523625895381
    endloop
  endfacet
  facet normal 1.567102694622311e-17 -0.9467306698990273 0.32202645647918265
    outer loop
      vertex 1.0009539267651169 -3.281825713813305 77.9523625895381
      vertex 237.99904607726313 -3.2574630975723267 78.02398663014174
      vertex 1.000000001319568 -3.2696444055672704 77.98817461020901
    endloop
  endfacet
  facet normal 0 -0.9467306698989957 0.3220264564792755
    outer loop
      vertex 1.0009539227368742 -3.2574630975723267 78.02398663014174
      vertex 1.000000001319568 -3.2696444055672704 77.98817461020901
      vertex 237.99904607726313 -3.2574630975723267 78.02398663014174
    endloop
  endfacet
  facet normal 1.1395533086441389e-17 -0.9292899800235797 0.3693509618611747
    outer loop
      vertex 1.0009539227368742 -3.2574630975723267 78.02398663014174
      vertex 237.99904607421965 -3.2295201867818832 78.09429121762514
      vertex 1.0000000007420127 -3.2434916417029647 78.05913892507638
    endloop
  endfacet
  facet normal 0 -0.9292899800235532 0.3693509618612411
    outer loop
      vertex 1.0009539257803612 -3.2295201867818832 78.09429121762514
      vertex 1.0000000007420127 -3.2434916417029647 78.05913892507638
      vertex 237.99904607421965 -3.2295201867818832 78.09429121762514
    endloop
  endfacet
  facet normal 3.395611227224845e-17 -0.9094853041956037 0.4157360718679947
    outer loop
      vertex 1.0009539257803612 -3.2295201867818832 78.09429121762514
      vertex 237.99904607678684 -3.1980680525302887 78.16309750080109
      vertex 1.0000000009744134 -3.2137941201857436 78.12869435805442
    endloop
  endfacet
  facet normal 0 -0.9094853041955152 0.41573607186818806
    outer loop
      vertex 1.0009539232131528 -3.1980680525302887 78.16309750080109
      vertex 1.0000000009744134 -3.2137941201857436 78.12869435805442
      vertex 237.99904607678684 -3.1980680525302887 78.16309750080109
    endloop
  endfacet
  facet normal -1.622713724572436e-17 -0.8873671388952113 0.4610635106023101
    outer loop
      vertex 1.0009539232131528 -3.1980680525302887 78.16309750080109
      vertex 237.9990460747938 -3.163186714053154 78.23023045063019
      vertex 1.0000000007395615 -3.180627384268022 78.19666397383664
    endloop
  endfacet
  facet normal 0 -0.8873671388952583 0.4610635106022199
    outer loop
      vertex 1.0009539252061954 -3.163186714053154 78.23023045063019
      vertex 1.0000000007395615 -3.180627384268022 78.19666397383664
      vertex 237.9990460747938 -3.163186714053154 78.23023045063019
    endloop
  endfacet
  facet normal -7.293971483159618e-18 -0.8629916328125599 0.5052182119594579
    outer loop
      vertex 1.0009539252061954 -3.163186714053154 78.23023045063019
      vertex 237.99904607815074 -3.1249648928642273 78.29551929235458
      vertex 1.0000000000791125 -3.1440758034267597 78.26287487154693
    endloop
  endfacet
  facet normal 0 -0.8629916328125831 0.5052182119594186
    outer loop
      vertex 1.000953921849255 -3.1249648928642273 78.29551929235458
      vertex 1.0000000000791125 -3.1440758034267597 78.26287487154693
      vertex 237.99904607815074 -3.1249648928642273 78.29551929235458
    endloop
  endfacet
  facet normal -2.9125737349521746e-17 -0.836420931599275 0.5480876072149424
    outer loop
      vertex 1.000953921849255 -3.1249648928642273 78.29551929235458
      vertex 237.99904607507438 -3.083499826490879 78.35879795253277
      vertex 0.999999999931027 -3.1042323582445177 78.32715862463058
    endloop
  endfacet
  facet normal 0 -0.8364209315993749 0.5480876072147897
    outer loop
      vertex 1.0009539249256052 -3.083499826490879 78.35879795253277
      vertex 0.999999999931027 -3.1042323582445177 78.32715862463058
      vertex 237.99904607507438 -3.083499826490879 78.35879795253277
    endloop
  endfacet
  facet normal -1.352237187584216e-17 -0.8077224466824853 0.5895629305894832
    outer loop
      vertex 1.0009539249256052 -3.083499826490879 78.35879795253277
      vertex 237.99904607906512 -3.0388969779014587 78.41990546137094
      vertex 0.9999999993757942 -3.06119840153539 78.38935170785714
    endloop
  endfacet
  facet normal 0 -0.8077224466825351 0.5895629305894148
    outer loop
      vertex 1.0009539209348746 -3.0388969779014587 78.41990546137094
      vertex 0.9999999993757942 -3.06119840153539 78.38935170785714
      vertex 237.99904607906512 -3.0388969779014587 78.41990546137094
    endloop
  endfacet
  facet normal 3.5517052908397435e-17 -0.7769693839040918 0.6295383836397079
    outer loop
      vertex 1.0009539209348746 -3.0388969779014587 78.41990546137094
      vertex 237.99904607675944 -2.991269826889038 78.47868636995554
      vertex 0.9999999986178175 -3.0150834031009093 78.44929591479233
    endloop
  endfacet
  facet normal 6.996423537824753e-18 -0.7442398271935601 0.6679124790112099
    outer loop
      vertex 1.0009539232405664 -2.991269826889038 78.47868636995554
      vertex 237.99904607389504 -2.940739519894123 78.53499115258455
      vertex 1.0000000012239019 -2.9660046727514873 78.50683876198329
    endloop
  endfacet
  facet normal 0 -0.7442398271935307 0.6679124790112425
    outer loop
      vertex 1.0009539261049747 -2.940739519894123 78.53499115258455
      vertex 1.0000000012239019 -2.9660046727514873 78.50683876198329
      vertex 237.99904607389504 -2.940739519894123 78.53499115258455
    endloop
  endfacet
  facet normal 0 -0.7769693839039516 0.6295383836398808
    outer loop
      vertex 1.0009539232405664 -2.991269826889038 78.47868636995554
      vertex 0.9999999986178175 -3.0150834031009093 78.44929591479233
      vertex 237.99904607675944 -2.991269826889038 78.47868636995554
    endloop
  endfacet
  facet normal 0 -0.7096170032672894 0.7045876160378862
    outer loop
      vertex 1.0009362199291474 -2.8874345868825912 78.58867657929659
      vertex 1.0000000003914935 -2.9140870516098616 78.56183386773176
      vertex 237.99906378007086 -2.8874345868825912 78.58867657929659
    endloop
  endfacet
  facet normal 1.4246198624007645e-17 -0.7096170032673522 0.7045876160378228
    outer loop
      vertex 237.99906378007086 -2.8874345868825912 78.58867657929659
      vertex 1.0000000003914935 -2.9140870516098616 78.56183386773176
      vertex 1.0009539261049747 -2.940739519894123 78.53499115258455
    endloop
  endfacet
  facet normal 0 0.8873671187490955 -0.4610635493757111
    outer loop
      vertex 0 -0.04613611102104187 76.89957769960165
      vertex 0 0.023626573383808136 77.03384359925985
      vertex 239 -0.04613611102104187 76.89957769960165
    endloop
  endfacet
  facet normal 0 0.8629916453811368 -0.5052181904903644
    outer loop
      vertex 0 0.023626573383808136 77.03384359925985
      vertex 0 0.10007021576166153 77.16442129015923
      vertex 239 0.023626573383808136 77.03384359925985
    endloop
  endfacet
  facet normal 0 0.83642092381766 -0.548087619090244
    outer loop
      vertex 0 0.10007021576166153 77.16442129015923
      vertex 0 0.1830003559589386 77.29097861796618
      vertex 239 0.10007021576166153 77.16442129015923
    endloop
  endfacet
  facet normal 0 0.8077224764646079 -0.5895628897869003
    outer loop
      vertex 0 0.1830003559589386 77.29097861796618
      vertex 0 0.27220603823661804 77.41319362819195
      vertex 239 0.1830003559589386 77.29097861796618
    endloop
  endfacet
  facet normal 0 0.7769693598186224 -0.6295384133657294
    outer loop
      vertex 0 0.27220603823661804 77.41319362819195
      vertex 0 0.36746034771203995 77.53075544536114
      vertex 239 0.27220603823661804 77.41319362819195
    endloop
  endfacet
  facet normal 0 0.744239802716432 -0.6679125062855215
    outer loop
      vertex 0 0.36746034771203995 77.53075544536114
      vertex 0 0.46852096915245056 77.64336501061916
      vertex 239 0.36746034771203995 77.53075544536114
    endloop
  endfacet
  facet normal 0 0.7096170523326782 -0.7045875666222624
    outer loop
      vertex 0 0.46852096915245056 77.64336501061916
      vertex 0 0.5751308277249336 77.75073587149382
      vertex 239 0.46852096915245056 77.64336501061916
    endloop
  endfacet
  facet normal 0 0.6916230576048669 -0.7222586421700297
    outer loop
      vertex 0 0.5751308277249336 77.75073587149382
      vertex 0.7931091055601386 0.8251308264221848 77.99013177955898
      vertex 239 0.5751308277249336 77.75073587149382
    endloop
  endfacet
  facet normal 1.7919771951269684e-17 0.691623057604876 -0.7222586421700209
    outer loop
      vertex 2.8 4.061223174122278 81.08896086034859
      vertex 239 0.5751308277249336 77.75073587149382
      vertex 0.7931091055601386 0.8251308264221848 77.99013177955898
    endloop
  endfacet
  facet normal 0 0.6916230576048753 -0.7222586421700216
    outer loop
      vertex 2.8 4.061223174122278 81.08896086034859
      vertex 11.659055231778261 4.061223174122278 81.08896086034859
      vertex 239 0.5751308277249336 77.75073587149382
    endloop
  endfacet
  facet normal -1.4895992520069845e-17 0.691623057604875 -0.7222586421700221
    outer loop
      vertex 11.659055231778261 4.061223174122278 81.08896086034859
      vertex 11.659055231778261 11.067132003777813 87.79770451969648
      vertex 239 0.5751308277249336 77.75073587149382
    endloop
  endfacet
  facet normal -4.717613698905111e-15 0.691623057604806 -0.722258642170088
    outer loop
      vertex 11.079527616314927 11.79211448146356 88.49193587762178
      vertex 10.799985568942153 11.875744887121316 88.57201898565627
      vertex 227.34094476822173 4.061223174122271 81.08896086034859
    endloop
  endfacet
  facet normal 1.616382854472142e-14 0.6916230576051079 -0.7222586421697988
    outer loop
      vertex 10.500000000853472 11.904269661075714 88.59933384245129
      vertex 227.34094476822173 4.061223174122271 81.08896086034859
      vertex 10.799985568942153 11.875744887121316 88.57201898565627
    endloop
  endfacet
  facet normal -2.8300660795194013e-15 0.6916230576048312 -0.7222586421700639
    outer loop
      vertex 11.619561382498812 11.28379917286095 88.00518145553993
      vertex 11.503771275222642 11.48570083242929 88.19851918107629
      vertex 227.34094476822173 4.061223174122271 81.08896086034859
    endloop
  endfacet
  facet normal 2.8094979797154527e-15 0.6916230576049168 -0.722258642169982
    outer loop
      vertex 11.503771275222642 11.48570083242929 88.19851918107629
      vertex 11.31957581440893 11.65907771804187 88.3645420498164
      vertex 227.34094476822173 4.061223174122271 81.08896086034859
    endloop
  endfacet
  facet normal -6.652905350990522e-16 0.6916230576048652 -0.7222586421700312
    outer loop
      vertex 11.079527616314927 11.79211448146356 88.49193587762178
      vertex 227.34094476822173 4.061223174122271 81.08896086034859
      vertex 11.31957581440893 11.65907771804187 88.3645420498164
    endloop
  endfacet
  facet normal 2.4055848938435605e-15 0.6916230576049022 -0.7222586421699958
    outer loop
      vertex 11.659055231778261 11.067132003777813 87.79770451969648
      vertex 11.619561382498812 11.28379917286095 88.00518145553993
      vertex 239 0.5751308277249336 77.75073587149382
    endloop
  endfacet
  facet normal -1 0 0
    outer loop
      vertex 0 83.7853367986967 160.2005586870731
      vertex 0 0.2765982834363954 78.56296168357018
      vertex 0 -0.7511251958516634 79.2498259334556
    endloop
  endfacet
  facet normal 2.5459382031193166e-15 0.6916230576048751 -0.7222586421700217
    outer loop
      vertex 2.8 4.061223174122278 81.08896086034859
      vertex 0.7931091055601386 0.8251308264221848 77.99013177955898
      vertex 0.7931091079454041 83.83936024457216 157.4831995293498
    endloop
  endfacet
  facet normal -1.395059284813183e-15 0.6916230576048752 -0.7222586421700219
    outer loop
      vertex 2.8 4.061223174122278 81.08896086034859
      vertex 0.7931091079454041 83.83936024457216 157.4831995293498
      vertex 2.8 11.904269661075714 88.59933384245129
    endloop
  endfacet
  facet normal 0 0.6916230576048751 -0.7222586421700218
    outer loop
      vertex 2.8 11.904269661075714 88.59933384245129
      vertex 0.7931091079454041 83.83936024457216 157.4831995293498
      vertex 10.500000000853472 11.904269661075714 88.59933384245129
    endloop
  endfacet
  facet normal 2.0272506358185787e-15 -0.691623057587988 0.7222586421861924
    outer loop
      vertex 1.0009362199291474 -2.8874345868825912 78.58867657929659
      vertex 238.00000000210278 82.7853367999196 160.62752061337233
      vertex 0.9999999981615793 -1.4429173007433738 79.97192269616446
    endloop
  endfacet
  facet normal 2.742204270923402e-17 0.6916230576048751 -0.7222586421700217
    outer loop
      vertex 10.500000000853472 11.904269661075714 88.59933384245129
      vertex 0.7931091079454041 83.83936024457216 157.4831995293498
      vertex 227.34094476822173 4.061223174122271 81.08896086034859
    endloop
  endfacet
  facet normal -1 0 0
    outer loop
      vertex 0 83.7853367986967 160.2005586870731
      vertex 0 84 158.73512121892395
      vertex 0 0.2765982834363954 78.56296168357018
    endloop
  endfacet
  facet normal -1 0 0
    outer loop
      vertex 0 84 160.10890567302704
      vertex 0 84 158.73512121892395
      vertex 0 83.7853367986967 160.2005586870731
    endloop
  endfacet
  facet normal 0 -0.6916230575879853 0.7222586421861954
    outer loop
      vertex 238.00000000210278 82.7853367999196 160.62752061337233
      vertex 0.9999999978972297 82.7853367999196 160.62752061337233
      vertex 0.9999999981615793 -1.4429173007433738 79.97192269616446
    endloop
  endfacet
  facet normal 0 0.9196801199332876 -0.39266840590948204
    outer loop
      vertex 0.7931091079454041 83.83936024457216 157.4831995293498
      vertex 0.7999695384513372 83.84634146963633 157.4995504600783
      vertex 238.2068908991239 83.83936024457216 157.4831995293498
    endloop
  endfacet
  facet normal -2.970756208932466e-17 0.9196801199331316 -0.3926684059098473
    outer loop
      vertex 0.6436054878363805 84 157.8594385832548
      vertex 238.2068908991239 83.83936024457216 157.4831995293498
      vertex 0.7999695384513372 83.84634146963633 157.4995504600783
    endloop
  endfacet
  facet normal 0 1 0
    outer loop
      vertex 0.6436054878363805 84 157.8594385832548
      vertex 0 84 158.73512121892395
      vertex 238.36475114119781 84 157.8594385832548
    endloop
  endfacet
  facet normal 0 1 0
    outer loop
      vertex 0 84 160.10890567302704
      vertex 238.36475114119781 84 157.8594385832548
      vertex 0 84 158.73512121892395
    endloop
  endfacet
  facet normal -7.658677444504761e-17 0.3926683975837538 0.9196801234880566
    outer loop
      vertex 239 84 160.10890567302704
      vertex 0 83.7853367986967 160.2005586870731
      vertex 0.9999999978972297 82.7853367999196 160.62752061337233
    endloop
  endfacet
  facet normal 0 0.3926683975836817 0.9196801234880874
    outer loop
      vertex 0 84 160.10890567302704
      vertex 0 83.7853367986967 160.2005586870731
      vertex 239 84 160.10890567302704
    endloop
  endfacet
  facet normal 0 -0.7071067811865476 -0.7071067811865476
    outer loop
      vertex 237.99999999850988 -3.350000001490116 49.5857864394784
      vertex 0.41421356201171877 -2.7642135620117188 49
      vertex 238.58578643798828 -2.7642135620117188 49
    endloop
  endfacet
  facet normal 0 0 -1
    outer loop
      vertex 0 -0.9357864409685135 49
      vertex 239 -0.9357864409685135 49
      vertex 238.58578643798828 -2.7642135620117188 49
    endloop
  endfacet
  facet normal 0 0.7071067811865475 -0.7071067811865475
    outer loop
      vertex 0 -0.3500000014901161 49.5857864394784
      vertex 239 -0.3500000014901161 49.5857864394784
      vertex 239 -0.9357864409685135 49
    endloop
  endfacet
  facet normal 0 -1 0
    outer loop
      vertex 1.0000000014901163 -3.350000001490116 49.5857864394784
      vertex 237.99999999850988 -3.350000001490116 49.5857864394784
      vertex 237.99999999850988 -3.350000001490116 75.50528861903612
    endloop
  endfacet
  facet normal 0 -1 0
    outer loop
      vertex 1.0000000014901163 -3.350000001490116 49.5857864394784
      vertex 237.99999999850988 -3.350000001490116 75.50528861903612
      vertex 237.99906377674947 -3.350000001490116 77.50528861582279
    endloop
  endfacet
  facet normal 0 1 0
    outer loop
      vertex 0 -0.3500000014901161 75.58395994454622
      vertex 239 -0.3500000014901161 75.58395994454622
      vertex 239 -0.3500000014901161 49.5857864394784
    endloop
  endfacet
  facet normal 0 0.9996819746553948 -0.025218040151657923
    outer loop
      vertex 0 -0.34618430584669113 75.73522000014782
      vertex 239 -0.34618430584669113 75.73522000014782
      vertex 239 -0.3500000014901161 75.58395994454622
    endloop
  endfacet
  facet normal 0 0.9971389862184974 -0.07558996072989674
    outer loop
      vertex 0 -0.33474692702293396 75.88609527796507
      vertex 239 -0.33474692702293396 75.88609527796507
      vertex 239 -0.34618430584669113 75.73522000014782
    endloop
  endfacet
  facet normal 0 0.9920594846602852 -0.12576954677333269
    outer loop
      vertex 0 -0.3157169669866562 76.03620198369026
      vertex 239 -0.3157169669866562 76.03620198369026
      vertex 239 -0.33474692702293396 75.88609527796507
    endloop
  endfacet
  facet normal 0 0.9844563801916071 -0.17562925582042999
    outer loop
      vertex 0 -0.28914282470941544 76.18515828251839
      vertex 239 -0.28914282470941544 76.18515828251839
      vertex 239 -0.3157169669866562 76.03620198369026
    endloop
  endfacet
  facet normal 0 0.9743490268108608 -0.22504216038940023
    outer loop
      vertex 0 -0.2550921067595482 76.33258525282145
      vertex 239 -0.2550921067595482 76.33258525282145
      vertex 239 -0.28914282470941544 76.18515828251839
    endloop
  endfacet
  facet normal 0 0.9617631242649662 -0.27388262596245705
    outer loop
      vertex 0 -0.21365142613649368 76.47810787707567
      vertex 239 -0.21365142613649368 76.47810787707567
      vertex 239 -0.2550921067595482 76.33258525282145
    endloop
  endfacet
  facet normal 0 0.9467306801117166 -0.3220264264547343
    outer loop
      vertex 0 -0.1649261936545372 76.62135597318411
      vertex 239 -0.1649261936545372 76.62135597318411
      vertex 239 -0.21365142613649368 76.47810787707567
    endloop
  endfacet
  facet normal 0 0.9292899733060892 -0.3693509787624343
    outer loop
      vertex 0 -0.10904037207365036 76.76196514070034
      vertex 239 -0.10904037207365036 76.76196514070034
      vertex 239 -0.1649261936545372 76.62135597318411
    endloop
  endfacet
  facet normal 0 0.9094853143032482 -0.41573604975599804
    outer loop
      vertex 0 -0.04613611102104187 76.89957769960165
      vertex 239 -0.04613611102104187 76.89957769960165
      vertex 239 -0.10904037207365036 76.76196514070034
    endloop
  endfacet
  facet normal 0 -0.9996819746867098 0.025218038910283458
    outer loop
      vertex 1.0009362232505195 -3.350000001490116 77.50528861582279
      vertex 237.99906377674947 -3.350000001490116 77.50528861582279
      vertex 237.99999999896377 -3.3490460775504154 77.54310363272928
    endloop
  endfacet
  facet normal -1.747549683968365e-18 -0.9996819746867096 0.025218038910294404
    outer loop
      vertex 1.0009362232505195 -3.350000001490116 77.50528861582279
      vertex 237.99999999896377 -3.3490460775504154 77.54310363272928
      vertex 237.9990460758248 -3.3480921536684036 77.58091864734888
    endloop
  endfacet
  facet normal -2.2852856913922097e-18 -0.9971389902113348 0.07558990805868014
    outer loop
      vertex 237.9990460734664 -3.3423734679818153 77.6563562899828
      vertex 1.0009539241752088 -3.3480921536684036 77.58091864734888
      vertex 237.99999999816282 -3.345232810989188 77.61863746650141
    endloop
  endfacet
  facet normal 0 -0.9971389902113358 0.07558990805866585
    outer loop
      vertex 1.0009539241752088 -3.3480921536684036 77.58091864734888
      vertex 237.9990460758248 -3.3480921536684036 77.58091864734888
      vertex 237.99999999816282 -3.345232810989188 77.61863746650141
    endloop
  endfacet
  facet normal 0 -0.9920594715936781 0.1257696498415742
    outer loop
      vertex 1.0009539265336294 -3.3423734679818153 77.6563562899828
      vertex 237.9990460734664 -3.3423734679818153 77.6563562899828
      vertex 238.00000000025761 -3.33761597436244 77.69388296364447
    endloop
  endfacet
  facet normal -1.3436111565654242e-17 -0.9844563887053519 0.17562920809824642
    outer loop
      vertex 237.9990460768795 -3.3195714130997658 77.80588778853416
      vertex 1.00095391980415 -3.332858480513096 77.7314096391201
      vertex 238.00000000202226 -3.3262149465787063 77.76864871510361
    endloop
  endfacet
  facet normal 0 -0.9844563887053666 0.17562920809816357
    outer loop
      vertex 1.00095391980415 -3.332858480513096 77.7314096391201
      vertex 237.99904608019585 -3.332858480513096 77.7314096391201
      vertex 238.00000000202226 -3.3262149465787063 77.76864871510361
    endloop
  endfacet
  facet normal -8.01538962333309e-18 -0.9920594715936718 0.12576964984162403
    outer loop
      vertex 237.99904608019585 -3.332858480513096 77.7314096391201
      vertex 1.0009539265336294 -3.3423734679818153 77.6563562899828
      vertex 238.00000000025761 -3.33761597436244 77.69388296364447
    endloop
  endfacet
  facet normal 1.0587002908763766e-17 -0.9743490293046331 0.22504214959229193
    outer loop
      vertex 237.99904607465618 -3.302546054124832 77.87960127741098
      vertex 1.000953923120511 -3.3195714130997658 77.80588778853416
      vertex 237.99999999928494 -3.3110587335939434 77.84274453305204
    endloop
  endfacet
  facet normal 0 -0.9743490293046181 0.22504214959235658
    outer loop
      vertex 1.000953923120511 -3.3195714130997658 77.80588778853416
      vertex 237.9990460768795 -3.3195714130997658 77.80588778853416
      vertex 237.99999999928494 -3.3110587335939434 77.84274453305204
    endloop
  endfacet
  facet normal 2.650284617502526e-17 -0.9467306698990383 0.3220264564791504
    outer loop
      vertex 237.99904607726313 -3.2574630975723267 78.02398663014174
      vertex 1.0009539267651169 -3.281825713813305 77.9523625895381
      vertex 237.99999999868044 -3.26964440556727 77.988174610209
    endloop
  endfacet
  facet normal 0 -0.9467306698989848 0.3220264564793076
    outer loop
      vertex 1.0009539267651169 -3.281825713813305 77.9523625895381
      vertex 237.9990460732349 -3.281825713813305 77.9523625895381
      vertex 237.99999999868044 -3.26964440556727 77.988174610209
    endloop
  endfacet
  facet normal -8.599158371852399e-18 -0.9617631242649588 0.2738826259624829
    outer loop
      vertex 237.9990460732349 -3.281825713813305 77.9523625895381
      vertex 1.0009539253438327 -3.302546054124832 77.87960127741098
      vertex 237.99999999744216 -3.2921858843795775 77.915981932033
    endloop
  endfacet
  facet normal 0 -0.9617631242649735 0.2738826259624311
    outer loop
      vertex 1.0009539253438327 -3.302546054124832 77.87960127741098
      vertex 237.99904607465618 -3.302546054124832 77.87960127741098
      vertex 237.99999999744216 -3.2921858843795775 77.915981932033
    endloop
  endfacet
  facet normal 1.296119681254479e-17 -0.9292899800235817 0.3693509618611701
    outer loop
      vertex 237.99904607421965 -3.2295201867818832 78.09429121762514
      vertex 1.0009539227368742 -3.2574630975723267 78.02398663014174
      vertex 237.999999999258 -3.2434916417029616 78.05913892507638
    endloop
  endfacet
  facet normal 0 -0.9292899800235515 0.3693509618612456
    outer loop
      vertex 1.0009539227368742 -3.2574630975723267 78.02398663014174
      vertex 237.99904607726313 -3.2574630975723267 78.02398663014174
      vertex 237.999999999258 -3.2434916417029616 78.05913892507638
    endloop
  endfacet
  facet normal 0 -0.9094853041955724 0.4157360718680626
    outer loop
      vertex 1.0009539257803612 -3.2295201867818832 78.09429121762514
      vertex 237.99904607421965 -3.2295201867818832 78.09429121762514
      vertex 237.9999999990256 -3.2137941201857405 78.12869435805442
    endloop
  endfacet
  facet normal -1.0379024090972175e-17 -0.8873671388952199 0.46106351060229384
    outer loop
      vertex 237.9990460747938 -3.163186714053154 78.23023045063019
      vertex 1.0009539232131528 -3.1980680525302887 78.16309750080109
      vertex 237.99999999926044 -3.1806273842680257 78.19666397383664
    endloop
  endfacet
  facet normal 0 -0.88736713889525 0.46106351060223616
    outer loop
      vertex 1.0009539232131528 -3.1980680525302887 78.16309750080109
      vertex 237.99904607678684 -3.1980680525302887 78.16309750080109
      vertex 237.99999999926044 -3.1806273842680257 78.19666397383664
    endloop
  endfacet
  facet normal -1.0083129445496879e-17 -0.9094853041955463 0.4157360718681201
    outer loop
      vertex 237.99904607678684 -3.1980680525302887 78.16309750080109
      vertex 1.0009539257803612 -3.2295201867818832 78.09429121762514
      vertex 237.9999999990256 -3.2137941201857405 78.12869435805442
    endloop
  endfacet
  facet normal 0 -0.8364209315993565 0.5480876072148179
    outer loop
      vertex 1.000953921849255 -3.1249648928642273 78.29551929235458
      vertex 237.99904607815074 -3.1249648928642273 78.29551929235458
      vertex 238.00000000006906 -3.104232358242476 78.32715862463371
    endloop
  endfacet
  facet normal -1.8586567555336034e-17 -0.8629916328125419 0.5052182119594885
    outer loop
      vertex 237.99904607815074 -3.1249648928642273 78.29551929235458
      vertex 1.0009539252061954 -3.163186714053154 78.23023045063019
      vertex 237.99999999992087 -3.1440758034267633 78.26287487154693
    endloop
  endfacet
  facet normal 0 -0.8629916328126007 0.505218211959388
    outer loop
      vertex 1.0009539252061954 -3.163186714053154 78.23023045063019
      vertex 237.9990460747938 -3.163186714053154 78.23023045063019
      vertex 237.99999999992087 -3.1440758034267633 78.26287487154693
    endloop
  endfacet
  facet normal -1.8378589903834556e-17 -0.8364209315992934 0.5480876072149141
    outer loop
      vertex 237.99904607507438 -3.083499826490879 78.35879795253277
      vertex 1.000953921849255 -3.1249648928642273 78.29551929235458
      vertex 238.00000000006906 -3.104232358242476 78.32715862463371
    endloop
  endfacet
  facet normal -2.0850179982209508e-17 -0.8077224466824717 0.5895629305895017
    outer loop
      vertex 237.99904607906512 -3.0388969779014587 78.41990546137094
      vertex 1.0009539249256052 -3.083499826490879 78.35879795253277
      vertex 238.0000000006242 -3.0611984015353846 78.38935170785716
    endloop
  endfacet
  facet normal 0 -0.8077224466825487 0.5895629305893962
    outer loop
      vertex 1.0009539249256052 -3.083499826490879 78.35879795253277
      vertex 237.99904607507438 -3.083499826490879 78.35879795253277
      vertex 238.0000000006242 -3.0611984015353846 78.38935170785716
    endloop
  endfacet
  facet normal 0 -0.7769693839040058 0.6295383836398138
    outer loop
      vertex 1.0009539209348746 -3.0388969779014587 78.41990546137094
      vertex 237.99904607906512 -3.0388969779014587 78.41990546137094
      vertex 238.00000000138246 -3.015083403093879 78.449295914801
    endloop
  endfacet
  facet normal 8.003106540978407e-18 -0.7769693839040375 0.6295383836397749
    outer loop
      vertex 237.99904607675944 -2.991269826889038 78.47868636995554
      vertex 1.0009539209348746 -3.0388969779014587 78.41990546137094
      vertex 238.00000000138246 -3.015083403093879 78.449295914801
    endloop
  endfacet
  facet normal 1.5304377578662154e-17 -0.7442398271935774 0.6679124790111907
    outer loop
      vertex 237.99904607389504 -2.940739519894123 78.53499115258455
      vertex 1.0009539232405664 -2.991269826889038 78.47868636995554
      vertex 237.9999999987761 -2.9660046727514837 78.50683876198329
    endloop
  endfacet
  facet normal 0 -0.7442398271935133 0.6679124790112619
    outer loop
      vertex 1.0009539232405664 -2.991269826889038 78.47868636995554
      vertex 237.99904607675944 -2.991269826889038 78.47868636995554
      vertex 237.9999999987761 -2.9660046727514837 78.50683876198329
    endloop
  endfacet
  facet normal 0 -0.7096170032674167 0.7045876160377579
    outer loop
      vertex 1.0009539261049747 -2.940739519894123 78.53499115258455
      vertex 237.99904607389504 -2.940739519894123 78.53499115258455
      vertex 237.9999999996085 -2.9140870516098665 78.56183386773176
    endloop
  endfacet
  facet normal -4.3478639147759666e-17 -0.7096170032672247 0.7045876160379513
    outer loop
      vertex 237.99906378007086 -2.8874345868825912 78.58867657929659
      vertex 1.0009539261049747 -2.940739519894123 78.53499115258455
      vertex 237.9999999996085 -2.9140870516098665 78.56183386773176
    endloop
  endfacet
  facet normal 0 -0.6916230575879835 0.722258642186197
    outer loop
      vertex 1.0009362199291474 -2.8874345868825912 78.58867657929659
      vertex 237.99906378007086 -2.8874345868825912 78.58867657929659
      vertex 238.00000000183843 -1.4429173007433702 79.97192269616444
    endloop
  endfacet
  facet normal 0 0.8873671187490955 -0.4610635493757111
    outer loop
      vertex 0 0.023626573383808136 77.03384359925985
      vertex 239 0.023626573383808136 77.03384359925985
      vertex 239 -0.04613611102104187 76.89957769960165
    endloop
  endfacet
  facet normal 0 0.8629916453811368 -0.5052181904903644
    outer loop
      vertex 0 0.10007021576166153 77.16442129015923
      vertex 239 0.10007021576166153 77.16442129015923
      vertex 239 0.023626573383808136 77.03384359925985
    endloop
  endfacet
  facet normal 0 0.83642092381766 -0.548087619090244
    outer loop
      vertex 0 0.1830003559589386 77.29097861796618
      vertex 239 0.1830003559589386 77.29097861796618
      vertex 239 0.10007021576166153 77.16442129015923
    endloop
  endfacet
  facet normal 0 0.8077224764646079 -0.5895628897869003
    outer loop
      vertex 0 0.27220603823661804 77.41319362819195
      vertex 239 0.27220603823661804 77.41319362819195
      vertex 239 0.1830003559589386 77.29097861796618
    endloop
  endfacet
  facet normal 0 0.7769693598186224 -0.6295384133657294
    outer loop
      vertex 0 0.36746034771203995 77.53075544536114
      vertex 239 0.36746034771203995 77.53075544536114
      vertex 239 0.27220603823661804 77.41319362819195
    endloop
  endfacet
  facet normal 0 0.744239802716432 -0.6679125062855215
    outer loop
      vertex 0 0.46852096915245056 77.64336501061916
      vertex 239 0.46852096915245056 77.64336501061916
      vertex 239 0.36746034771203995 77.53075544536114
    endloop
  endfacet
  facet normal 0 0.7096170523326782 -0.7045875666222624
    outer loop
      vertex 0 0.5751308277249336 77.75073587149382
      vertex 239 0.5751308277249336 77.75073587149382
      vertex 239 0.46852096915245056 77.64336501061916
    endloop
  endfacet
  facet normal 6.24955427636308e-17 0.6916230576048762 -0.7222586421700207
    outer loop
      vertex 11.619561382498812 11.28379917286095 88.00518145553993
      vertex 227.34094476822173 4.061223174122271 81.08896086034859
      vertex 239 0.5751308277249336 77.75073587149382
    endloop
  endfacet
  facet normal 0 0 -1
    outer loop
      vertex 239 -0.9357864409685135 49
      vertex 239 -2.35 49
      vertex 238.58578643798828 -2.7642135620117188 49
    endloop
  endfacet
  facet normal 1 0 0
    outer loop
      vertex 239 -0.9357864409685135 49
      vertex 239 -0.3500000014901161 49.5857864394784
      vertex 239 -2.35 49
    endloop
  endfacet
  facet normal 1 0 0
    outer loop
      vertex 239 -0.3500000014901161 49.5857864394784
      vertex 239 -0.3500000014901161 75.58395994454622
      vertex 239 -2.35 49
    endloop
  endfacet
  facet normal 1 0 0
    outer loop
      vertex 239 -0.34618430584669113 75.73522000014782
      vertex 239 -2.35 75.50505456358248
      vertex 239 -2.35 49
    endloop
  endfacet
  facet normal 1 0 0
    outer loop
      vertex 239 -0.3500000014901161 75.58395994454622
      vertex 239 -0.34618430584669113 75.73522000014782
      vertex 239 -2.35 49
    endloop
  endfacet
  facet normal 1 0 0
    outer loop
      vertex 239 -0.10904037207365036 76.76196514070034
      vertex 239 -2.3490578850343566 77.51764367597926
      vertex 239 -2.35 75.50505456358248
    endloop
  endfacet
  facet normal 1 0 0
    outer loop
      vertex 239 -0.34618430584669113 75.73522000014782
      vertex 239 -0.33474692702293396 75.88609527796507
      vertex 239 -2.35 75.50505456358248
    endloop
  endfacet
  facet normal 1 0 0
    outer loop
      vertex 239 -0.33474692702293396 75.88609527796507
      vertex 239 -0.3157169669866562 76.03620198369026
      vertex 239 -2.35 75.50505456358248
    endloop
  endfacet
  facet normal 1 0 0
    outer loop
      vertex 239 -0.3157169669866562 76.03620198369026
      vertex 239 -0.28914282470941544 76.18515828251839
      vertex 239 -2.35 75.50505456358248
    endloop
  endfacet
  facet normal 1 0 0
    outer loop
      vertex 239 -0.28914282470941544 76.18515828251839
      vertex 239 -0.2550921067595482 76.33258525282145
      vertex 239 -2.35 75.50505456358248
    endloop
  endfacet
  facet normal 1 0 0
    outer loop
      vertex 239 -0.2550921067595482 76.33258525282145
      vertex 239 -0.21365142613649368 76.47810787707567
      vertex 239 -2.35 75.50505456358248
    endloop
  endfacet
  facet normal 1 0 0
    outer loop
      vertex 239 -0.21365142613649368 76.47810787707567
      vertex 239 -0.1649261936545372 76.62135597318411
      vertex 239 -2.35 75.50505456358248
    endloop
  endfacet
  facet normal 1 0 0
    outer loop
      vertex 239 -0.1649261936545372 76.62135597318411
      vertex 239 -0.10904037207365036 76.76196514070034
      vertex 239 -2.35 75.50505456358248
    endloop
  endfacet
  facet normal 1 0 0
    outer loop
      vertex 239 -0.10904037207365036 76.76196514070034
      vertex 239 -2.3477766051175752 77.5430234815148
      vertex 239 -2.3490578850343566 77.51764367597926
    endloop
  endfacet
  facet normal 1 0 0
    outer loop
      vertex 239 -0.10904037207365036 76.76196514070034
      vertex 239 -2.3414453863127163 77.59296359107127
      vertex 239 -2.345240891605273 77.56807339211915
    endloop
  endfacet
  facet normal 1 0 0
    outer loop
      vertex 239 -0.10904037207365036 76.76196514070034
      vertex 239 -2.345240891605273 77.56807339211915
      vertex 239 -2.3477766051175752 77.5430234815148
    endloop
  endfacet
  facet normal 1 0 0
    outer loop
      vertex 239 -0.10904037207365036 76.76196514070034
      vertex 239 -2.3301168004439057 77.6420121590043
      vertex 239 -2.3363997442309428 77.61763076278359
    endloop
  endfacet
  facet normal 1 0 0
    outer loop
      vertex 239 -0.10904037207365036 76.76196514070034
      vertex 239 -2.3363997442309428 77.61763076278359
      vertex 239 -2.3414453863127163 77.59296359107127
    endloop
  endfacet
  facet normal 1 0 0
    outer loop
      vertex 239 -0.10904037207365036 76.76196514070034
      vertex 239 -2.3139060446489794 77.68967042450593
      vertex 239 -2.32261253747864 77.66604575843614
    endloop
  endfacet
  facet normal 1 0 0
    outer loop
      vertex 239 -0.10904037207365036 76.76196514070034
      vertex 239 -2.32261253747864 77.66604575843614
      vertex 239 -2.3301168004439057 77.6420121590043
    endloop
  endfacet
  facet normal 1 0 0
    outer loop
      vertex 239 -0.10904037207365036 76.76196514070034
      vertex 239 -2.280809607854855 77.75749597465843
      vertex 239 -2.2929779614503145 77.7354537643546
    endloop
  endfacet
  facet normal 1 0 0
    outer loop
      vertex 239 -0.10904037207365036 76.76196514070034
      vertex 239 -2.304019469496221 77.71282606088353
      vertex 239 -2.3139060446489794 77.68967042450593
    endloop
  endfacet
  facet normal 1 0 0
    outer loop
      vertex 239 -0.10904037207365036 76.76196514070034
      vertex 239 -2.2929779614503145 77.7354537643546
      vertex 239 -2.304019469496221 77.71282606088353
    endloop
  endfacet
  facet normal 1 0 0
    outer loop
      vertex 239 -0.10904037207365036 76.76196514070034
      vertex 239 -2.2675453625185775 77.77889662090945
      vertex 239 -2.280809607854855 77.75749597465843
    endloop
  endfacet
  facet normal 1 0 0
    outer loop
      vertex 239 -0.10904037207365036 76.76196514070034
      vertex 239 -2.253218966979732 77.79960126422422
      vertex 239 -2.2675453625185775 77.77889662090945
    endloop
  endfacet
  facet normal 1 0 0
    outer loop
      vertex 239 -0.10904037207365036 76.76196514070034
      vertex 239 -2.237866864665471 77.81955723621472
      vertex 239 -2.253218966979732 77.79960126422422
    endloop
  endfacet
  facet normal 1 0 0
    outer loop
      vertex 239 -0.10904037207365036 76.76196514070034
      vertex 239 -2.2215281081644713 77.83871377299532
      vertex 239 -2.237866864665471 77.81955723621472
    endloop
  endfacet
  facet normal 1 0 0
    outer loop
      vertex 239 -0.10904037207365036 76.76196514070034
      vertex 239 -2.204083487013765 77.85719244719232
      vertex 239 -2.2215281081644713 77.83871377299532
    endloop
  endfacet
  facet normal 1 0 0
    outer loop
      vertex 239 -0.10904037207365036 76.76196514070034
      vertex 239 -0.04613611102104187 76.89957769960165
      vertex 239 -2.204083487013765 77.85719244719232
    endloop
  endfacet
  facet normal 1 0 0
    outer loop
      vertex 239 -0.04613611102104187 76.89957769960165
      vertex 239 0.023626573383808136 77.03384359925985
      vertex 239 -2.204083487013765 77.85719244719232
    endloop
  endfacet
  facet normal 1 0 0
    outer loop
      vertex 239 0.023626573383808136 77.03384359925985
      vertex 239 0.10007021576166153 77.16442129015923
      vertex 239 -2.204083487013765 77.85719244719232
    endloop
  endfacet
  facet normal 1 0 0
    outer loop
      vertex 239 0.10007021576166153 77.16442129015923
      vertex 239 0.1830003559589386 77.29097861796618
      vertex 239 -2.204083487013765 77.85719244719232
    endloop
  endfacet
  facet normal 1 0 0
    outer loop
      vertex 239 -2.204083487013765 77.85719244719232
      vertex 239 0.2765982834363963 78.56296168357018
      vertex 239 -0.7511251958516634 79.2498259334556
    endloop
  endfacet
  facet normal -1.5058408010009208e-13 0.6916230576046135 -0.7222586421702724
    outer loop
      vertex 239 0.5751308277249336 77.75073587149382
      vertex 227.34094476822173 4.061223174122271 81.08896086034859
      vertex 238.20689089673863 0.8251308264221878 77.99013177955898
    endloop
  endfacet
  facet normal 1 0 0
    outer loop
      vertex 239 0.1830003559589386 77.29097861796618
      vertex 239 0.27220603823661804 77.41319362819195
      vertex 239 -2.204083487013765 77.85719244719232
    endloop
  endfacet
  facet normal 1 0 0
    outer loop
      vertex 239 0.27220603823661804 77.41319362819195
      vertex 239 0.36746034771203995 77.53075544536114
      vertex 239 -2.204083487013765 77.85719244719232
    endloop
  endfacet
  facet normal 1 0 0
    outer loop
      vertex 239 0.36746034771203995 77.53075544536114
      vertex 239 0.46852096915245056 77.64336501061916
      vertex 239 -2.204083487013765 77.85719244719232
    endloop
  endfacet
  facet normal 1 0 0
    outer loop
      vertex 239 0.46852096915245056 77.64336501061916
      vertex 239 0.5751308277249336 77.75073587149382
      vertex 239 -2.204083487013765 77.85719244719232
    endloop
  endfacet
  facet normal 1 0 0
    outer loop
      vertex 239 0.5751308277249336 77.75073587149382
      vertex 239 0.2765982834363963 78.56296168357018
      vertex 239 -2.204083487013765 77.85719244719232
    endloop
  endfacet
  facet normal 1 0 0
    outer loop
      vertex 239 0.5751308277249336 77.75073587149382
      vertex 239 0.8251308264221864 77.99013177955898
      vertex 239 0.2765982834363963 78.56296168357018
    endloop
  endfacet
  facet normal 1.2657201853546783e-15 0.6916230576048648 -0.7222586421700318
    outer loop
      vertex 239 0.5751308277249336 77.75073587149382
      vertex 238.20689089673863 0.8251308264221878 77.99013177955898
      vertex 239 0.8251308264221864 77.99013177955898
    endloop
  endfacet
  facet normal -5.547179993895251e-16 0.6916230576048761 -0.7222586421700208
    outer loop
      vertex 227.34094476822173 4.061223174122271 81.08896086034859
      vertex 236.2 4.061223174122278 81.08896086034859
      vertex 238.20689089673863 0.8251308264221878 77.99013177955898
    endloop
  endfacet
  facet normal -4.849894022193337e-15 0.6916230576048747 -0.7222586421700221
    outer loop
      vertex 236.2 4.061223174122278 81.08896086034859
      vertex 236.2 11.904269661075721 88.59933384245129
      vertex 238.20689089673863 0.8251308264221878 77.99013177955898
    endloop
  endfacet
  facet normal 1.9760160531045524e-17 -0.6916230575879853 0.7222586421861953
    outer loop
      vertex 1.0009362199291474 -2.8874345868825912 78.58867657929659
      vertex 238.00000000183843 -1.4429173007433702 79.97192269616444
      vertex 238.00000000210278 82.7853367999196 160.62752061337233
    endloop
  endfacet
  facet normal -4.256337870389548e-16 0.6916230576048745 -0.7222586421700223
    outer loop
      vertex 227.34094476822173 4.061223174122271 81.08896086034859
      vertex 0.7931091079454041 83.83936024457216 157.4831995293498
      vertex 227.34094476822173 11.067132003777813 87.79770451969648
    endloop
  endfacet
  facet normal 1.5587060787530913e-14 0.6916230576049005 -0.7222586421699975
    outer loop
      vertex 227.34094476822173 11.067132003777813 87.79770451969648
      vertex 0.7931091079454041 83.83936024457216 157.4831995293498
      vertex 227.3804386175012 11.28379917286095 88.00518145553993
    endloop
  endfacet
  facet normal 1 0 0
    outer loop
      vertex 239 -0.7511251958516634 79.2498259334556
      vertex 239 0.2765982834363963 78.56296168357018
      vertex 239 84 158.73512121892395
    endloop
  endfacet
  facet normal -6.371459963477361e-16 0.6916230576048752 -0.7222586421700218
    outer loop
      vertex 236.2 11.904269661075721 88.59933384245129
      vertex 238.2068908991239 83.83936024457216 157.4831995293498
      vertex 238.20689089673863 0.8251308264221878 77.99013177955898
    endloop
  endfacet
  facet normal -1.9436767019296215e-13 0.6916230576048903 -0.7222586421700073
    outer loop
      vertex 227.3804386175012 11.28379917286095 88.00518145553993
      vertex 238.2068908991239 83.83936024457216 157.4831995293498
      vertex 227.49622872477735 11.48570083242929 88.19851918107629
    endloop
  endfacet
  facet normal -1.184148317770202e-14 0.6916230576048762 -0.7222586421700209
    outer loop
      vertex 227.49622872477735 11.48570083242929 88.19851918107629
      vertex 238.2068908991239 83.83936024457216 157.4831995293498
      vertex 227.68042418559105 11.659077718041877 88.36454204981638
    endloop
  endfacet
  facet normal 5.794381328436058e-14 0.6916230576048709 -0.722258642170026
    outer loop
      vertex 227.68042418559105 11.659077718041877 88.36454204981638
      vertex 238.2068908991239 83.83936024457216 157.4831995293498
      vertex 227.92047238368505 11.79211448146356 88.49193587762178
    endloop
  endfacet
  facet normal -3.646668770175261e-14 0.6916230576048777 -0.7222586421700192
    outer loop
      vertex 227.92047238368505 11.79211448146356 88.49193587762178
      vertex 238.2068908991239 83.83936024457216 157.4831995293498
      vertex 228.20001443105784 11.875744887121316 88.57201898565627
    endloop
  endfacet
  facet normal 2.6606670044117052e-14 0.6916230576048733 -0.7222586421700234
    outer loop
      vertex 228.20001443105784 11.875744887121316 88.57201898565627
      vertex 238.2068908991239 83.83936024457216 157.4831995293498
      vertex 228.49999999914652 11.904269661075714 88.59933384245129
    endloop
  endfacet
  facet normal -6.382178433907322e-16 0.6916230576048752 -0.7222586421700216
    outer loop
      vertex 228.49999999914652 11.904269661075714 88.59933384245129
      vertex 238.2068908991239 83.83936024457216 157.4831995293498
      vertex 236.2 11.904269661075721 88.59933384245129
    endloop
  endfacet
  facet normal -2.598899614406108e-18 0.6916230576048752 -0.7222586421700219
    outer loop
      vertex 227.3804386175012 11.28379917286095 88.00518145553993
      vertex 0.7931091079454041 83.83936024457216 157.4831995293498
      vertex 238.2068908991239 83.83936024457216 157.4831995293498
    endloop
  endfacet
  facet normal 0 0.9196801199331385 -0.39266840590983154
    outer loop
      vertex 238.2068908991239 83.83936024457216 157.4831995293498
      vertex 0.6436054878363805 84 157.8594385832548
      vertex 238.36475114119781 84 157.8594385832548
    endloop
  endfacet
  facet normal 0 0.39266839758375394 0.9196801234880566
    outer loop
      vertex 0.9999999978972297 82.7853367999196 160.62752061337233
      vertex 238.00000000210278 82.7853367999196 160.62752061337233
      vertex 239 83.7853367986967 160.2005586870731
    endloop
  endfacet
  facet normal 0 1 0
    outer loop
      vertex 0 84 160.10890567302704
      vertex 238.9930187716013 84 158.74461980245053
      vertex 238.36475114119781 84 157.8594385832548
    endloop
  endfacet
  facet normal 0 1 0
    outer loop
      vertex 0 84 160.10890567302704
      vertex 239 84 160.10890567302704
      vertex 238.9930187716013 84 158.74461980245053
    endloop
  endfacet
  facet normal 3.584145392935917e-16 0.39266839758368177 0.9196801234880875
    outer loop
      vertex 239 84 160.10890567302704
      vertex 0.9999999978972297 82.7853367999196 160.62752061337233
      vertex 239 83.7853367986967 160.2005586870731
    endloop
  endfacet
  facet normal 1 0 0
    outer loop
      vertex 239 83.7853367986967 160.2005586870731
      vertex 239 -0.7511251958516634 79.2498259334556
      vertex 239 84 158.73512121892395
    endloop
  endfacet
  facet normal 0 1 0
    outer loop
      vertex 239 84 160.10890567302704
      vertex 239 84 158.73512121892395
      vertex 238.9930187716013 84 158.74461980245053
    endloop
  endfacet
  facet normal 1 0 0
    outer loop
      vertex 239 84 160.10890567302704
      vertex 239 83.7853367986967 160.2005586870731
      vertex 239 84 158.73512121892395
    endloop
  endfacet
  facet normal -0.7071067811865475 -0.7071067811865476 5.660901185920745e-20
    outer loop
      vertex 0 -2.35 75.50505456358248
      vertex 0.41421356201171877 -2.7642135620117188 49
      vertex 1.0000000014901163 -3.350000001490116 49.5857864394784
    endloop
  endfacet
  facet normal -0.7071067811865475 -0.7071067811865476 0
    outer loop
      vertex 0 -2.35 75.50505456358248
      vertex 0 -2.35 49
      vertex 0.41421356201171877 -2.7642135620117188 49
    endloop
  endfacet
  facet normal -0.7071067811865475 -0.7071067811865477 -6.057571986760046e-20
    outer loop
      vertex 0 -2.35 75.50505456358248
      vertex 1.0000000014901163 -3.350000001490116 49.5857864394784
      vertex 1.0000000014901163 -3.350000001490116 75.50528861903612
    endloop
  endfacet
  facet normal 0.7071067811865426 -0.7071067811865523 -9.696131155692753e-15
    outer loop
      vertex 237.99999999850988 -3.350000001490116 49.5857864394784
      vertex 238.58578643798828 -2.7642135620117188 49
      vertex 239 -2.35 49
    endloop
  endfacet
  facet normal 0.7071067811865455 -0.7071067811865496 0
    outer loop
      vertex 237.99999999850988 -3.350000001490116 49.5857864394784
      vertex 239 -2.35 49
      vertex 237.99999999850988 -3.350000001490116 75.50528861903612
    endloop
  endfacet
  facet normal 0.7071067811865455 -0.7071067811865496 0
    outer loop
      vertex 239 -2.35 75.50505456358248
      vertex 237.99999999850988 -3.350000001490116 75.50528861903612
      vertex 239 -2.35 49
    endloop
  endfacet
  facet normal -0.7071067811865511 -0.707106703713164 0.00033100437826956967
    outer loop
      vertex 1.0009362232505195 -3.350000001490116 77.50528861582279
      vertex 0 -2.3490578850343655 77.51764367597926
      vertex 1.0000000014901163 -3.350000001490116 75.50528861903612
    endloop
  endfacet
  facet normal -0.7071067811865475 -0.7071067037131678 0.0003310043782733959
    outer loop
      vertex 0 -2.35 75.50505456358248
      vertex 1.0000000014901163 -3.350000001490116 75.50528861903612
      vertex 0 -2.3490578850343655 77.51764367597926
    endloop
  endfacet
  facet normal -0.7071067811865513 -0.707106703713164 0.0003310043782661905
    outer loop
      vertex 1.0009362232505195 -3.350000001490116 77.50528861582279
      vertex 1.0000000010362116 -3.3490460775504154 77.54310363272928
      vertex 0 -2.3490578850343655 77.51764367597926
    endloop
  endfacet
  facet normal 0.7071067811865456 -0.7071067037131699 0.00033100437827270724
    outer loop
      vertex 237.99999999850988 -3.350000001490116 75.50528861903612
      vertex 239 -2.35 75.50505456358248
      vertex 237.99906377674947 -3.350000001490116 77.50528861582279
    endloop
  endfacet
  facet normal 0.7071067811865493 -0.707106703713166 0.00033100437827650683
    outer loop
      vertex 237.99906377674947 -3.350000001490116 77.50528861582279
      vertex 239 -2.35 75.50505456358248
      vertex 239 -2.3490578850343566 77.51764367597926
    endloop
  endfacet
  facet normal 0.7071067811865493 -0.7071067037131661 0.00033100437828705536
    outer loop
      vertex 237.99906377674947 -3.350000001490116 77.50528861582279
      vertex 239 -2.3490578850343566 77.51764367597926
      vertex 237.99999999896377 -3.3490460775504154 77.54310363272928
    endloop
  endfacet
  facet normal -0.7071067811867716 -0.7062074134980784 0.03565233681033216
    outer loop
      vertex 1.0009539241752088 -3.3480921536684036 77.58091864734888
      vertex 0 -2.3477766051175646 77.5430234815148
      vertex 1.0000000010362116 -3.3490460775504154 77.54310363272928
    endloop
  endfacet
  facet normal -0.7071067811868815 -0.7062074134988493 0.03565233679288308
    outer loop
      vertex 1.0009539241752088 -3.3480921536684036 77.58091864734888
      vertex 1.000000001837188 -3.3452328109891876 77.61863746650141
      vertex 0 -2.3477766051175646 77.5430234815148
    endloop
  endfacet
  facet normal -0.7071067811859014 -0.7062074134972065 0.03565233684485726
    outer loop
      vertex 0 -2.3477766051175646 77.5430234815148
      vertex 0 -2.3490578850343655 77.51764367597926
      vertex 1.0000000010362116 -3.3490460775504154 77.54310363272928
    endloop
  endfacet
  facet normal 0.707106781186335 -0.7062074134985322 0.03565233681000044
    outer loop
      vertex 237.99999999896377 -3.3490460775504154 77.54310363272928
      vertex 239 -2.3490578850343566 77.51764367597926
      vertex 237.9990460758248 -3.3480921536684036 77.58091864734888
    endloop
  endfacet
  facet normal 0.7071067811868791 -0.7062074134988578 0.03565233679275475
    outer loop
      vertex 237.9990460758248 -3.3480921536684036 77.58091864734888
      vertex 239 -2.3477766051175752 77.5430234815148
      vertex 237.99999999816282 -3.345232810989188 77.61863746650141
    endloop
  endfacet
  facet normal 0.7071067811865548 -0.7062074134965814 0.035652336844280576
    outer loop
      vertex 237.9990460758248 -3.3480921536684036 77.58091864734888
      vertex 239 -2.3490578850343566 77.51764367597926
      vertex 239 -2.3477766051175752 77.5430234815148
    endloop
  endfacet
  facet normal -0.7071067811868005 -0.7035115982447299 0.07121398131538483
    outer loop
      vertex 1.0009539265336294 -3.3423734679818153 77.6563562899828
      vertex 0 -2.3477766051175646 77.5430234815148
      vertex 1.000000001837188 -3.3452328109891876 77.61863746650141
    endloop
  endfacet
  facet normal -0.7071067811868005 -0.7035115982447313 0.07121398131537297
    outer loop
      vertex 0 -2.345240891605263 77.56807339211915
      vertex 0 -2.3477766051175646 77.5430234815148
      vertex 1.0009539265336294 -3.3423734679818153 77.6563562899828
    endloop
  endfacet
  facet normal -0.7071067811868005 -0.7035115982447309 0.07121398131537558
    outer loop
      vertex 1.0009539265336294 -3.3423734679818153 77.6563562899828
      vertex 0.9999999997423984 -3.33761597436244 77.69388296364447
      vertex 0 -2.345240891605263 77.56807339211915
    endloop
  endfacet
  facet normal 0.7071067811868019 -0.7035115982447446 0.07121398131522359
    outer loop
      vertex 237.9990460734664 -3.3423734679818153 77.6563562899828
      vertex 237.99999999816282 -3.345232810989188 77.61863746650141
      vertex 239 -2.3477766051175752 77.5430234815148
    endloop
  endfacet
  facet normal 0.7071067811868025 -0.7035115982447194 0.0712139813154682
    outer loop
      vertex 237.9990460734664 -3.3423734679818153 77.6563562899828
      vertex 239 -2.345240891605273 77.56807339211915
      vertex 238.00000000025761 -3.33761597436244 77.69388296364447
    endloop
  endfacet
  facet normal 0.7071067811868028 -0.7035115982447275 0.07121398131538502
    outer loop
      vertex 237.9990460734664 -3.3423734679818153 77.6563562899828
      vertex 239 -2.3477766051175752 77.5430234815148
      vertex 239 -2.345240891605273 77.56807339211915
    endloop
  endfacet
  facet normal -0.7071067811867304 -0.699026193027711 0.10659447199984974
    outer loop
      vertex 1.00095391980415 -3.332858480513096 77.7314096391201
      vertex 0 -2.341445386312706 77.59296359107127
      vertex 0 -2.345240891605263 77.56807339211915
    endloop
  endfacet
  facet normal -0.7071067811867303 -0.6990261930277123 0.10659447199984083
    outer loop
      vertex 1.00095391980415 -3.332858480513096 77.7314096391201
      vertex 0 -2.345240891605263 77.56807339211915
      vertex 0.9999999997423984 -3.33761597436244 77.69388296364447
    endloop
  endfacet
  facet normal -0.7071067811867306 -0.6990261930277154 0.10659447199981953
    outer loop
      vertex 1.00095391980415 -3.332858480513096 77.7314096391201
      vertex 0.999999997977729 -3.3262149465787054 77.76864871510361
      vertex 0 -2.341445386312706 77.59296359107127
    endloop
  endfacet
  facet normal 0.7071067811867292 -0.699026193027687 0.10659447200001539
    outer loop
      vertex 237.99904608019585 -3.332858480513096 77.7314096391201
      vertex 238.00000000025761 -3.33761597436244 77.69388296364447
      vertex 239 -2.345240891605273 77.56807339211915
    endloop
  endfacet
  facet normal 0.7071067811867269 -0.6990261930276852 0.1065944720000421
    outer loop
      vertex 237.99904608019585 -3.332858480513096 77.7314096391201
      vertex 239 -2.3414453863127163 77.59296359107127
      vertex 238.00000000202226 -3.3262149465787063 77.76864871510361
    endloop
  endfacet
  facet normal 0.7071067811867282 -0.6990261930277133 0.10659447199984916
    outer loop
      vertex 237.99904608019585 -3.332858480513096 77.7314096391201
      vertex 239 -2.345240891605273 77.56807339211915
      vertex 239 -2.3414453863127163 77.59296359107127
    endloop
  endfacet
  facet normal -0.7071067811866713 -0.6927626078035016 0.1417038080967367
    outer loop
      vertex 1.000953923120511 -3.3195714130997658 77.80588778853416
      vertex 1.0000000007150658 -3.311058733593942 77.84274453305206
      vertex 0 -2.3363997442309326 77.61763076278359
    endloop
  endfacet
  facet normal -0.7071067811866715 -0.6927626078034911 0.141703808096787
    outer loop
      vertex 1.000953923120511 -3.3195714130997658 77.80588778853416
      vertex 0 -2.341445386312706 77.59296359107127
      vertex 0.999999997977729 -3.3262149465787054 77.76864871510361
    endloop
  endfacet
  facet normal -0.7071067811866713 -0.6927626078035004 0.14170380809674285
    outer loop
      vertex 0 -2.3363997442309326 77.61763076278359
      vertex 0 -2.341445386312706 77.59296359107127
      vertex 1.000953923120511 -3.3195714130997658 77.80588778853416
    endloop
  endfacet
  facet normal 0.7071067811866694 -0.6927626078034919 0.1417038080967939
    outer loop
      vertex 237.9990460768795 -3.3195714130997658 77.80588778853416
      vertex 239 -2.3363997442309428 77.61763076278359
      vertex 237.99999999928494 -3.3110587335939434 77.84274453305204
    endloop
  endfacet
  facet normal 0.7071067811866683 -0.6927626078035476 0.1417038080965268
    outer loop
      vertex 237.9990460768795 -3.3195714130997658 77.80588778853416
      vertex 238.00000000202226 -3.3262149465787063 77.76864871510361
      vertex 239 -2.3414453863127163 77.59296359107127
    endloop
  endfacet
  facet normal 0.7071067811866696 -0.6927626078035019 0.14170380809674324
    outer loop
      vertex 237.9990460768795 -3.3195714130997658 77.80588778853416
      vertex 239 -2.3414453863127163 77.59296359107127
      vertex 239 -2.3363997442309428 77.61763076278359
    endloop
  endfacet
  facet normal -0.7071067811866243 -0.6847367758548599 0.17645267861889408
    outer loop
      vertex 1.0009539253438327 -3.302546054124832 77.87960127741098
      vertex 1.0000000025578315 -3.292185884379578 77.915981932033
      vertex 0 -2.3301168004438955 77.6420121590043
    endloop
  endfacet
  facet normal -0.7071067811866238 -0.6847367758548509 0.176452678618931
    outer loop
      vertex 1.0009539253438327 -3.302546054124832 77.87960127741098
      vertex 0 -2.3363997442309326 77.61763076278359
      vertex 1.0000000007150658 -3.311058733593942 77.84274453305206
    endloop
  endfacet
  facet normal -0.707106781186624 -0.684736775854848 0.17645267861894234
    outer loop
      vertex 1.0009539253438327 -3.302546054124832 77.87960127741098
      vertex 0 -2.3301168004438955 77.6420121590043
      vertex 0 -2.3363997442309326 77.61763076278359
    endloop
  endfacet
  facet normal 0.7071067811866231 -0.6847367758548932 0.17645267861876973
    outer loop
      vertex 237.99904607465618 -3.302546054124832 77.87960127741098
      vertex 237.99999999928494 -3.3110587335939434 77.84274453305204
      vertex 239 -2.3363997442309428 77.61763076278359
    endloop
  endfacet
  facet normal 0.7071067811866222 -0.6847367758547698 0.17645267861925226
    outer loop
      vertex 237.99904607465618 -3.302546054124832 77.87960127741098
      vertex 239 -2.3301168004439057 77.6420121590043
      vertex 237.99999999744216 -3.2921858843795775 77.915981932033
    endloop
  endfacet
  facet normal 0.707106781186624 -0.6847367758548479 0.1764526786189421
    outer loop
      vertex 237.99904607465618 -3.302546054124832 77.87960127741098
      vertex 239 -2.3363997442309428 77.61763076278359
      vertex 239 -2.3301168004439057 77.6420121590043
    endloop
  endfacet
  facet normal -0.7071067811865878 -0.6749691132607187 0.21075268952965245
    outer loop
      vertex 1.0009539267651169 -3.281825713813305 77.9523625895381
      vertex 1.000000001319568 -3.2696444055672704 77.98817461020901
      vertex 0 -2.3226125374786304 77.66604575843614
    endloop
  endfacet
  facet normal -0.7071067811865878 -0.6749691132607075 0.2107526895296887
    outer loop
      vertex 1.0009539267651169 -3.281825713813305 77.9523625895381
      vertex 0 -2.3301168004438955 77.6420121590043
      vertex 1.0000000025578315 -3.292185884379578 77.915981932033
    endloop
  endfacet
  facet normal -0.7071067811865875 -0.6749691132607138 0.2107526895296681
    outer loop
      vertex 0 -2.3226125374786304 77.66604575843614
      vertex 0 -2.3301168004438955 77.6420121590043
      vertex 1.0009539267651169 -3.281825713813305 77.9523625895381
    endloop
  endfacet
  facet normal 0.707106781186587 -0.6749691132606627 0.210752689529835
    outer loop
      vertex 237.9990460732349 -3.281825713813305 77.9523625895381
      vertex 239 -2.32261253747864 77.66604575843614
      vertex 237.99999999868044 -3.26964440556727 77.988174610209
    endloop
  endfacet
  facet normal 0.7071067811865858 -0.6749691132608182 0.21075268952934076
    outer loop
      vertex 237.9990460732349 -3.281825713813305 77.9523625895381
      vertex 237.99999999744216 -3.2921858843795775 77.915981932033
      vertex 239 -2.3301168004439057 77.6420121590043
    endloop
  endfacet
  facet normal 0.7071067811865877 -0.6749691132607106 0.210752689529679
    outer loop
      vertex 237.9990460732349 -3.281825713813305 77.9523625895381
      vertex 239 -2.3301168004439057 77.6420121590043
      vertex 239 -2.32261253747864 77.66604575843614
    endloop
  endfacet
  facet normal -0.7071067811865618 -0.6634844669617393 0.2445165885997849
    outer loop
      vertex 1.0009539227368742 -3.2574630975723267 78.02398663014174
      vertex 1.0000000007420127 -3.2434916417029647 78.05913892507638
      vertex 0 -2.3139060446489697 77.68967042450593
    endloop
  endfacet
  facet normal -0.7071067811865627 -0.6634844669617193 0.24451658859983647
    outer loop
      vertex 1.0009539227368742 -3.2574630975723267 78.02398663014174
      vertex 0 -2.3226125374786304 77.66604575843614
      vertex 1.000000001319568 -3.2696444055672704 77.98817461020901
    endloop
  endfacet
  facet normal -0.7071067811865615 -0.6634844669617562 0.2445165885997399
    outer loop
      vertex 1.0009539227368742 -3.2574630975723267 78.02398663014174
      vertex 0 -2.3139060446489697 77.68967042450593
      vertex 0 -2.3226125374786304 77.66604575843614
    endloop
  endfacet
  facet normal 0.7071067811865606 -0.6634844669617573 0.24451658859973968
    outer loop
      vertex 237.99904607726313 -3.2574630975723267 78.02398663014174
      vertex 237.99999999868044 -3.26964440556727 77.988174610209
      vertex 239 -2.32261253747864 77.66604575843614
    endloop
  endfacet
  facet normal 0.7071067811865602 -0.663484466961735 0.24451658859980166
    outer loop
      vertex 237.99904607726313 -3.2574630975723267 78.02398663014174
      vertex 239 -2.3139060446489794 77.68967042450593
      vertex 237.999999999258 -3.2434916417029616 78.05913892507638
    endloop
  endfacet
  facet normal 0.7071067811865611 -0.6634844669617562 0.24451658859974099
    outer loop
      vertex 237.99904607726313 -3.2574630975723267 78.02398663014174
      vertex 239 -2.32261253747864 77.66604575843614
      vertex 239 -2.3139060446489794 77.68967042450593
    endloop
  endfacet
  facet normal -0.707106781186549 -0.6503120515548179 0.2776584873591327
    outer loop
      vertex 1.0009539257803612 -3.2295201867818832 78.09429121762514
      vertex 0 -2.3139060446489697 77.68967042450593
      vertex 1.0000000007420127 -3.2434916417029647 78.05913892507638
    endloop
  endfacet
  facet normal -0.7071067811865493 -0.6503120515548302 0.2776584873591031
    outer loop
      vertex 1.0009539257803612 -3.2295201867818832 78.09429121762514
      vertex 1.0000000009744134 -3.2137941201857436 78.12869435805442
      vertex 0 -2.304019469496211 77.71282606088353
    endloop
  endfacet
  facet normal -0.7071067811865491 -0.6503120515548152 0.2776584873591387
    outer loop
      vertex 0 -2.304019469496211 77.71282606088353
      vertex 0 -2.3139060446489697 77.68967042450593
      vertex 1.0009539257803612 -3.2295201867818832 78.09429121762514
    endloop
  endfacet
  facet normal 0.7071067811865489 -0.6503120515548619 0.27765848735903015
    outer loop
      vertex 237.99904607421965 -3.2295201867818832 78.09429121762514
      vertex 237.999999999258 -3.2434916417029616 78.05913892507638
      vertex 239 -2.3139060446489794 77.68967042450593
    endloop
  endfacet
  facet normal 0.7071067811865487 -0.650312051554761 0.27765848735926707
    outer loop
      vertex 237.99904607421965 -3.2295201867818832 78.09429121762514
      vertex 239 -2.304019469496221 77.71282606088353
      vertex 237.9999999990256 -3.2137941201857405 78.12869435805442
    endloop
  endfacet
  facet normal 0.7071067811865493 -0.6503120515548148 0.2776584873591394
    outer loop
      vertex 237.99904607421965 -3.2295201867818832 78.09429121762514
      vertex 239 -2.3139060446489794 77.68967042450593
      vertex 239 -2.304019469496221 77.71282606088353
    endloop
  endfacet
  facet normal -0.7071067811865477 -0.6354853749769992 0.31009407957963736
    outer loop
      vertex 1.0009539232131528 -3.1980680525302887 78.16309750080109
      vertex 1.0000000007395615 -3.180627384268022 78.19666397383664
      vertex 0 -2.292977961450305 77.7354537643546
    endloop
  endfacet
  facet normal -0.7071067811865478 -0.6354853749769699 0.31009407957969715
    outer loop
      vertex 1.0009539232131528 -3.1980680525302887 78.16309750080109
      vertex 0 -2.304019469496211 77.71282606088353
      vertex 1.0000000009744134 -3.2137941201857436 78.12869435805442
    endloop
  endfacet
  facet normal -0.7071067811865472 -0.6354853749769896 0.31009407957965823
    outer loop
      vertex 1.0009539232131528 -3.1980680525302887 78.16309750080109
      vertex 0 -2.292977961450305 77.7354537643546
      vertex 0 -2.304019469496211 77.71282606088353
    endloop
  endfacet
  facet normal 0.707106781186543 -0.635485374976908 0.31009407957983487
    outer loop
      vertex 237.99904607678684 -3.1980680525302887 78.16309750080109
      vertex 237.9999999990256 -3.2137941201857405 78.12869435805442
      vertex 239 -2.304019469496221 77.71282606088353
    endloop
  endfacet
  facet normal 0.7071067811865434 -0.6354853749770911 0.31009407957945895
    outer loop
      vertex 237.99904607678684 -3.1980680525302887 78.16309750080109
      vertex 239 -2.2929779614503145 77.7354537643546
      vertex 237.99999999926044 -3.1806273842680257 78.19666397383664
    endloop
  endfacet
  facet normal 0.7071067811865418 -0.6354853749769895 0.31009407957967067
    outer loop
      vertex 237.99904607678684 -3.1980680525302887 78.16309750080109
      vertex 239 -2.304019469496221 77.71282606088353
      vertex 239 -2.2929779614503145 77.7354537643546
    endloop
  endfacet
  facet normal -0.707106781186558 -0.6190421532684313 0.34174085573248225
    outer loop
      vertex 1.0009539252061954 -3.163186714053154 78.23023045063019
      vertex 0 -2.292977961450305 77.7354537643546
      vertex 1.0000000007395615 -3.180627384268022 78.19666397383664
    endloop
  endfacet
  facet normal -0.7071067811865583 -0.6190421532684146 0.34174085573251173
    outer loop
      vertex 1.0009539252061954 -3.163186714053154 78.23023045063019
      vertex 1.0000000000791125 -3.1440758034267597 78.26287487154693
      vertex 0 -2.2808096078548457 77.75749597465843
    endloop
  endfacet
  facet normal -0.7071067811865583 -0.6190421532684104 0.3417408557325194
    outer loop
      vertex 0 -2.2808096078548457 77.75749597465843
      vertex 0 -2.292977961450305 77.7354537643546
      vertex 1.0009539252061954 -3.163186714053154 78.23023045063019
    endloop
  endfacet
  facet normal 0.7071067811865535 -0.6190421532683269 0.3417408557326806
    outer loop
      vertex 237.9990460747938 -3.163186714053154 78.23023045063019
      vertex 237.99999999926044 -3.1806273842680257 78.19666397383664
      vertex 239 -2.2929779614503145 77.7354537643546
    endloop
  endfacet
  facet normal 0.7071067811865522 -0.6190421532684038 0.3417408557325441
    outer loop
      vertex 237.9990460747938 -3.163186714053154 78.23023045063019
      vertex 239 -2.280809607854855 77.75749597465843
      vertex 237.99999999992087 -3.1440758034267633 78.26287487154693
    endloop
  endfacet
  facet normal 0.7071067811865523 -0.6190421532684152 0.3417408557325233
    outer loop
      vertex 237.9990460747938 -3.163186714053154 78.23023045063019
      vertex 239 -2.2929779614503145 77.7354537643546
      vertex 239 -2.280809607854855 77.75749597465843
    endloop
  endfacet
  facet normal -0.7071067811865809 -0.6010242146299846 0.3725183128765122
    outer loop
      vertex 1.000953921849255 -3.1249648928642273 78.29551929235458
      vertex 0 -2.2808096078548457 77.75749597465843
      vertex 1.0000000000791125 -3.1440758034267597 78.26287487154693
    endloop
  endfacet
  facet normal -0.7071067811865811 -0.601024214629939 0.3725183128765854
    outer loop
      vertex 1.000953921849255 -3.1249648928642273 78.29551929235458
      vertex 0.999999999931027 -3.1042323582445177 78.32715862463058
      vertex 0 -2.267545362514641 77.77889662091577
    endloop
  endfacet
  facet normal -0.7071067811865812 -0.6010242146299519 0.37251831287656395
    outer loop
      vertex 1.000953921849255 -3.1249648928642273 78.29551929235458
      vertex 0 -2.267545362514641 77.77889662091577
      vertex 0 -2.2808096078548457 77.75749597465843
    endloop
  endfacet
  facet normal 0.7071067811865758 -0.6010242146300512 0.37251831287641446
    outer loop
      vertex 237.99904607815074 -3.1249648928642273 78.29551929235458
      vertex 237.99999999992087 -3.1440758034267633 78.26287487154693
      vertex 239 -2.280809607854855 77.75749597465843
    endloop
  endfacet
  facet normal 0.7071067811865753 -0.6010242146300163 0.3725183128764713
    outer loop
      vertex 237.99904607815074 -3.1249648928642273 78.29551929235458
      vertex 239 -2.2675453625185775 77.77889662090945
      vertex 238.00000000006906 -3.104232358242476 78.32715862463371
    endloop
  endfacet
  facet normal 0.7071067811865759 -0.6010242146300508 0.3725183128764149
    outer loop
      vertex 237.99904607815074 -3.1249648928642273 78.29551929235458
      vertex 239 -2.280809607854855 77.75749597465843
      vertex 239 -2.2675453625185775 77.77889662090945
    endloop
  endfacet
  facet normal -0.7071067811865248 -0.5814773930232929 0.40234815943765295
    outer loop
      vertex 1.0009539249256052 -3.083499826490879 78.35879795253277
      vertex 0 -2.267545362514641 77.77889662091577
      vertex 0.999999999931027 -3.1042323582445177 78.32715862463058
    endloop
  endfacet
  facet normal -0.707106781186547 -0.5814773930212791 0.40234815944052427
    outer loop
      vertex 1.0009539249256052 -3.083499826490879 78.35879795253277
      vertex 0.9999999993757942 -3.06119840153539 78.38935170785714
      vertex 0 -2.253218966979738 77.79960126422422
    endloop
  endfacet
  facet normal -0.707106781186547 -0.5814773930212723 0.40234815944053437
    outer loop
      vertex 0 -2.253218966979738 77.79960126422422
      vertex 0 -2.267545362514641 77.77889662091577
      vertex 1.0009539249256052 -3.083499826490879 78.35879795253277
    endloop
  endfacet
  facet normal 0.7071067811866703 -0.5814773930209213 0.40234815944082475
    outer loop
      vertex 237.99904607507438 -3.083499826490879 78.35879795253277
      vertex 238.00000000006906 -3.104232358242476 78.32715862463371
      vertex 239 -2.2675453625185775 77.77889662090945
    endloop
  endfacet
  facet normal 0.7071067811865437 -0.5814773930214441 0.40234815944029184
    outer loop
      vertex 237.99904607507438 -3.083499826490879 78.35879795253277
      vertex 239 -2.253218966979732 77.79960126422422
      vertex 238.0000000006242 -3.0611984015353846 78.38935170785716
    endloop
  endfacet
  facet normal 0.7071067811866044 -0.5814773930269171 0.4023481594322754
    outer loop
      vertex 237.99904607507438 -3.083499826490879 78.35879795253277
      vertex 239 -2.2675453625185775 77.77889662090945
      vertex 239 -2.253218966979732 77.79960126422422
    endloop
  endfacet
  facet normal -0.7071067811866583 -0.5604514115681046 0.43115451438105384
    outer loop
      vertex 1.0009539209348746 -3.0388969779014587 78.41990546137094
      vertex 0 -2.253218966979738 77.79960126422422
      vertex 0.9999999993757942 -3.06119840153539 78.38935170785714
    endloop
  endfacet
  facet normal -0.7071067811866569 -0.5604514115681383 0.43115451438101243
    outer loop
      vertex 1.0009539209348746 -3.0388969779014587 78.41990546137094
      vertex 0.9999999986178175 -3.0150834031009093 78.44929591479233
      vertex 0 -2.237866864651851 77.81955723623244
    endloop
  endfacet
  facet normal -0.7071067811866583 -0.5604514115681857 0.43115451438094854
    outer loop
      vertex 1.0009539209348746 -3.0388969779014587 78.41990546137094
      vertex 0 -2.237866864651851 77.81955723623244
      vertex 0 -2.253218966979738 77.79960126422422
    endloop
  endfacet
  facet normal 0.7071067811866593 -0.5604514115681317 0.43115451438101704
    outer loop
      vertex 237.99904607906512 -3.0388969779014587 78.41990546137094
      vertex 238.0000000006242 -3.0611984015353846 78.38935170785716
      vertex 239 -2.253218966979732 77.79960126422422
    endloop
  endfacet
  facet normal 0.707106781186659 -0.5604514115680523 0.43115451438112057
    outer loop
      vertex 237.99904607906512 -3.0388969779014587 78.41990546137094
      vertex 239 -2.237866864665471 77.81955723621472
      vertex 238.00000000138246 -3.015083403093879 78.449295914801
    endloop
  endfacet
  facet normal 0.7071067811866603 -0.5604514115680997 0.431154514381057
    outer loop
      vertex 237.99904607906512 -3.0388969779014587 78.41990546137094
      vertex 239 -2.253218966979732 77.79960126422422
      vertex 239 -2.237866864665471 77.81955723621472
    endloop
  endfacet
  facet normal -0.7071067811866475 -0.5379997560841278 0.458864100201005
    outer loop
      vertex 1.0009539232405664 -2.991269826889038 78.47868636995554
      vertex 0 -2.237866864651851 77.81955723623244
      vertex 0.9999999986178175 -3.0150834031009093 78.44929591479233
    endloop
  endfacet
  facet normal -0.7071067811867134 -0.5379997560771409 0.4588641002090949
    outer loop
      vertex 1.0009539232405664 -2.991269826889038 78.47868636995554
      vertex 1.0000000012239019 -2.9660046727514873 78.50683876198329
      vertex 0 -2.2215281081644633 77.83871377299532
    endloop
  endfacet
  facet normal -0.7071067811867141 -0.5379997560771993 0.45886410020902546
    outer loop
      vertex 0 -2.2215281081644633 77.83871377299532
      vertex 0 -2.237866864651851 77.81955723623244
      vertex 1.0009539232405664 -2.991269826889038 78.47868636995554
    endloop
  endfacet
  facet normal 0.707106781187116 -0.5379997560771252 0.4588641002084928
    outer loop
      vertex 237.99904607675944 -2.991269826889038 78.47868636995554
      vertex 238.00000000138246 -3.015083403093879 78.449295914801
      vertex 239 -2.237866864665471 77.81955723621472
    endloop
  endfacet
  facet normal 0.7071067811867136 -0.5379997560770892 0.45886410020915547
    outer loop
      vertex 237.99904607675944 -2.991269826889038 78.47868636995554
      vertex 239 -2.2215281081644713 77.83871377299532
      vertex 237.9999999987761 -2.9660046727514837 78.50683876198329
    endloop
  endfacet
  facet normal 0.7071067811869166 -0.5379997560978729 0.4588641001844742
    outer loop
      vertex 237.99904607675944 -2.991269826889038 78.47868636995554
      vertex 239 -2.237866864665471 77.81955723621472
      vertex 239 -2.2215281081644713 77.83871377299532
    endloop
  endfacet
  facet normal -0.7071067811863948 -0.514179538988146 0.4854064293827942
    outer loop
      vertex 0 -2.2040834870137713 77.85719244719233
      vertex 1.0009539261049747 -2.940739519894123 78.53499115258455
      vertex 1.0000000003914935 -2.9140870516098616 78.56183386773176
    endloop
  endfacet
  facet normal -0.7071067811867794 -0.5141795389794224 0.48540642939147466
    outer loop
      vertex 1.0009539261049747 -2.940739519894123 78.53499115258455
      vertex 0 -2.2215281081644633 77.83871377299532
      vertex 1.0000000012239019 -2.9660046727514873 78.50683876198329
    endloop
  endfacet
  facet normal -0.7071067811865499 -0.5141795390046289 0.48540642936510864
    outer loop
      vertex 1.0009539261049747 -2.940739519894123 78.53499115258455
      vertex 0 -2.2040834870137713 77.85719244719233
      vertex 0 -2.2215281081644633 77.83871377299532
    endloop
  endfacet
  facet normal 0.7071067811867824 -0.5141795389796214 0.4854064293912595
    outer loop
      vertex 237.99904607389504 -2.940739519894123 78.53499115258455
      vertex 237.9999999987761 -2.9660046727514837 78.50683876198329
      vertex 239 -2.2215281081644713 77.83871377299532
    endloop
  endfacet
  facet normal 0.7071067811867104 -0.514179538987526 0.4854064293829914
    outer loop
      vertex 237.99904607389504 -2.940739519894123 78.53499115258455
      vertex 239 -2.2215281081644713 77.83871377299532
      vertex 237.9999999996085 -2.9140870516098665 78.56183386773176
    endloop
  endfacet
  facet normal 0.7071067811861018 -0.5141795390045696 0.48540642936582395
    outer loop
      vertex 237.9999999996085 -2.9140870516098665 78.56183386773176
      vertex 239 -2.2215281081644713 77.83871377299532
      vertex 239 -2.204083487013765 77.85719244719232
    endloop
  endfacet
  facet normal -0.7071067811865501 -0.48929037123702374 0.510484997443345
    outer loop
      vertex 1.0009362199291474 -2.8874345868825912 78.58867657929659
      vertex 0 -2.2040834870137713 77.85719244719233
      vertex 1.0000000003914935 -2.9140870516098616 78.56183386773176
    endloop
  endfacet
  facet normal -0.7071067811865501 -0.4892903712370237 0.5104849974433451
    outer loop
      vertex 0 -0.7511251958516634 79.2498259334556
      vertex 0 -2.2040834870137713 77.85719244719233
      vertex 1.0009362199291474 -2.8874345868825912 78.58867657929659
    endloop
  endfacet
  facet normal -0.7071067811865479 -0.48929037123702357 0.5104849974433479
    outer loop
      vertex 1.0009362199291474 -2.8874345868825912 78.58867657929659
      vertex 0.9999999981615793 -1.4429173007433738 79.97192269616446
      vertex 0 -0.7511251958516634 79.2498259334556
    endloop
  endfacet
  facet normal 0.7071067811865543 -0.48929037123722374 0.5104849974431472
    outer loop
      vertex 237.99906378007086 -2.8874345868825912 78.58867657929659
      vertex 237.9999999996085 -2.9140870516098665 78.56183386773176
      vertex 239 -2.204083487013765 77.85719244719232
    endloop
  endfacet
  facet normal 0.7071067811865561 -0.48929037123701613 0.5104849974433435
    outer loop
      vertex 237.99906378007086 -2.8874345868825912 78.58867657929659
      vertex 239 -2.204083487013765 77.85719244719232
      vertex 238.00000000183843 -1.4429173007433702 79.97192269616444
    endloop
  endfacet
  facet normal 0.7071067811865468 -0.4892903712370296 0.5104849974433439
    outer loop
      vertex 239 -2.204083487013765 77.85719244719232
      vertex 239 -0.7511251958516634 79.2498259334556
      vertex 238.00000000183843 -1.4429173007433702 79.97192269616444
    endloop
  endfacet
  facet normal -0.7071067811865502 -0.4890513540465942 0.5107139836593365
    outer loop
      vertex 0 83.7853367986967 160.2005586870731
      vertex 0 -0.7511251958516634 79.2498259334556
      vertex 0.9999999981615793 -1.4429173007433738 79.97192269616446
    endloop
  endfacet
  facet normal -0.7071067811865509 -0.48905135404659383 0.510713983659336
    outer loop
      vertex 0 83.7853367986967 160.2005586870731
      vertex 0.9999999981615793 -1.4429173007433738 79.97192269616446
      vertex 0.9999999978972297 82.7853367999196 160.62752061337233
    endloop
  endfacet
  facet normal 0.7071067811865468 -0.4890513540465967 0.5107139836593388
    outer loop
      vertex 239 -0.7511251958516634 79.2498259334556
      vertex 238.00000000210278 82.7853367999196 160.62752061337233
      vertex 238.00000000183843 -1.4429173007433702 79.97192269616444
    endloop
  endfacet
  facet normal 0.7071067811865549 -0.48905135404659095 0.5107139836593331
    outer loop
      vertex 239 -0.7511251958516634 79.2498259334556
      vertex 239 83.7853367986967 160.2005586870731
      vertex 238.00000000210278 82.7853367999196 160.62752061337233
    endloop
  endfacet
  facet normal 1.415461550161083e-15 0.722258642184626 0.6916230575896241
    outer loop
      vertex 0.7931091055601386 0.8251308264221848 77.99013177955898
      vertex 0 0.8251308264221864 77.99013177955898
      vertex 0 0.2765982834363954 78.56296168357018
    endloop
  endfacet
  facet normal 6.259590538847937e-14 0.7222586421845838 0.6916230575896682
    outer loop
      vertex 0.7999695384513372 0.8203024487002856 77.99517403125823
      vertex 0.7931091055601386 0.8251308264221848 77.99013177955898
      vertex 0 0.2765982834363954 78.56296168357018
    endloop
  endfacet
  facet normal -0.7132504491541324 -0.4847650084679903 0.5062377735278727
    outer loop
      vertex 0.7999695384513372 0.8203024487002856 77.99517403125823
      vertex 0.7931091079454041 83.83936024457216 157.4831995293498
      vertex 0.7931091055601386 0.8251308264221848 77.99013177955898
    endloop
  endfacet
  facet normal -0.7009092642998509 0.4933004564711865 -0.5151513009436749
    outer loop
      vertex 0.7999695384513372 0.8203024487002856 77.99517403125823
      vertex 0 0.2765982834363954 78.56296168357018
      vertex 0 84 158.73512121892395
    endloop
  endfacet
  facet normal -0.7132504491544293 -0.4847650084677814 0.5062377735276546
    outer loop
      vertex 0.7999695384513372 0.8203024487002856 77.99517403125823
      vertex 0.7999695384513372 83.84634146963633 157.4995504600783
      vertex 0.7931091079454041 83.83936024457216 157.4831995293498
    endloop
  endfacet
  facet normal -0.7009092642998432 0.4933004564711917 -0.5151513009436802
    outer loop
      vertex 0.7999695384513372 0.8203024487002856 77.99517403125823
      vertex 0.6436054878363805 84 157.8594385832548
      vertex 0.7999695384513372 83.84634146963633 157.4995504600783
    endloop
  endfacet
  facet normal -0.7009092642998477 0.4933004564711888 -0.5151513009436772
    outer loop
      vertex 0.7999695384513372 0.8203024487002856 77.99517403125823
      vertex 0 84 158.73512121892395
      vertex 0.6436054878363805 84 157.8594385832548
    endloop
  endfacet
  facet normal 1.3094077423583856e-15 0.7222586421846268 0.6916230575896233
    outer loop
      vertex 238.9930187716013 0.27185344906885256 78.56791669134513
      vertex 239 0.8251308264221864 77.99013177955898
      vertex 238.20689089673863 0.8251308264221878 77.99013177955898
    endloop
  endfacet
  facet normal 3.067945520744514e-14 0.7222586421846267 0.6916230575896234
    outer loop
      vertex 238.9930187716013 0.27185344906885256 78.56791669134513
      vertex 239 0.2765982834363963 78.56296168357018
      vertex 239 0.8251308264221864 77.99013177955898
    endloop
  endfacet
  facet normal 0.7132504491541785 0.48476500846795795 -0.506237773527839
    outer loop
      vertex 238.9930187716013 0.27185344906885256 78.56791669134513
      vertex 238.20689089673863 0.8251308264221878 77.99013177955898
      vertex 238.9930187716013 84 158.74461980245053
    endloop
  endfacet
  facet normal -0.7009092642998603 0.4933004564711801 -0.5151513009436682
    outer loop
      vertex 238.9930187716013 0.27185344906885256 78.56791669134513
      vertex 239 84 158.73512121892395
      vertex 239 0.2765982834363963 78.56296168357018
    endloop
  endfacet
  facet normal 0.7132504491542212 0.4847650084679277 -0.5062377735278074
    outer loop
      vertex 238.2068908991239 83.83936024457216 157.4831995293498
      vertex 238.36475114119781 84 157.8594385832548
      vertex 238.20689089673863 0.8251308264221878 77.99013177955898
    endloop
  endfacet
  facet normal 0.7132504491541624 0.4847650084679692 -0.5062377735278505
    outer loop
      vertex 238.9930187716013 84 158.74461980245053
      vertex 238.20689089673863 0.8251308264221878 77.99013177955898
      vertex 238.36475114119781 84 157.8594385832548
    endloop
  endfacet
  facet normal -0.7009092642996604 0.4933004564713161 -0.5151513009438102
    outer loop
      vertex 238.9930187716013 0.27185344906885256 78.56791669134513
      vertex 238.9930187716013 84 158.74461980245053
      vertex 239 84 158.73512121892395
    endloop
  endfacet
endsolid OpenSCAD_Model
